ID,MODE,CODINT,优先级,CI,flag_dur_low,flag_dur_high,flag_md,flag_long,flag_dkna,DUR,DUR_z,访问员标记率,标记率超均值倍数,MD_d2,LS_run,DKNA_count,P11A_标签,P11A_翻转,P11B_标签,P11B_翻转,P11C_标签,P11C_翻转,P11D_标签,P11D_翻转,P11E_标签,P11E_翻转,P22,P23,P25,P07Ctx,P10tx,P12Btx,P16Btx,P07Ctx_有效,P10tx_有效,P12Btx_有效,P16Btx_有效,开放题有效计数,维度A分,维度B分,维度C分,总分,决策,备注
522,CATI,Alejandro,高,2,1,0,0,0,1,7.2,-1.1359812810757408,0.3630952380952381,1.3241936132561132,,2,4,Agree,2.0,Agree,4.0,Agree,4.0,DK,,DK,,Woman,,, ,0, , ,0,0,0,0,0,2.0,0.0,2.0,4.0,剔除,开放题全空/编码值，DUR快答+DKNA叠加无自证
963,CATI,Victoria,高,2,0,0,1,1,0,17.8,1.3622337092073051,0.2201834862385321,0.8030002479543764,12.219831577898812,9,0,Agree,2.0,Strongly disagree,1.0,Agree,4.0,Strongly disagree,1.0,Disagree,2.0,Woman,45.0,"EGB, ESO, Baccalaurate, Elementary Baccalaurate","NOTICIAS TV, GENTE HABLANDO ELECCIONES",DESIGUALDAD SALARIAL, , ,1,1,0,0,2,0.0,0.0,0.0,0.0,保留,开放题自证充分（媒体+议题），态度多样，LS自证成立
1041,CATI,Eva,高,2,0,0,1,1,0,10.2,-0.1746198325286013,0.25,0.9117398648648648,12.961464483513367,6,1,Strongly disagree,5.0,Strongly disagree,1.0,Agree,4.0,Neither agree nor disagree,3.0,Neither agree nor disagree,3.0,Man,36.0,"COU, BUP, Higher Baccalaurate","COMITE DE EMPRESSA, , , 9",RESPETO,2, ,1,1,0,0,2,0.0,0.0,0.0,0.0,保留,开放题自证（媒体+议题），态度多样
1249,CATI,Luna,高,2,0,1,0,1,0,32.5,3.02392906271581,0.2325581395348837,0.8481301068510371,7.158961867586321,6,1,Strongly agree,1.0,Strongly agree,5.0,Strongly agree,5.0,Disagree,2.0,Disagree,2.0,Man,53.0,"University graduate (Diploma, Bachelor, Degree, Master, PhD)",TV,LABORAL, ,9,1,1,0,0,2,0.0,0.0,0.0,0.0,保留,32.5min 真实长访谈，开放题自证，DUR长侧复核通过
1451,CATI,Luna,高,2,0,0,1,1,0,11.9,0.2508515215738882,0.2325581395348837,0.8481301068510371,15.53977887663033,6,0,Disagree,4.0,Agree,4.0,Strongly agree,5.0,Disagree,2.0,Strongly agree,5.0,Woman,36.0,"FP2, Higher Vocational Training, Conservatoire 10 years",TELEDIARIO,"MALTRATO, IGUALDAD", , ,1,1,0,0,2,0.0,0.0,0.0,0.0,保留,开放题自证（媒体+议题），态度多样
1474,CATI,David,高,2,0,0,1,1,0,9.5,-0.3708517148909659,0.3942857142857143,1.4379440154440155,11.96375997510468,8,1,Disagree,4.0,Strongly agree,5.0,Disagree,2.0,Strongly agree,5.0,Strongly agree,5.0,Man,44.0,"FP2, Higher Vocational Training, Conservatoire 10 years",3,0, , ,0,0,0,0,0,2.0,0.0,0.0,2.0,剔除,P07=3 P10=0 纯编码，LS=8连击，A=2门槛触发
1506,CATI,María,高,2,1,0,0,0,1,7.2,-1.1359812810757408,0.2685714285714285,0.979469111969112,1.089973009786805,2,4,Neither agree nor disagree,3.0,Agree,4.0,Agree,4.0,Neither agree nor disagree,3.0,Disagree,2.0,Man,44.0,"FP2, Higher Vocational Training, Conservatoire 10 years", ,0, , ,0,0,0,0,0,2.0,0.0,2.0,4.0,剔除,开放题全空，DUR快答+DKNA
1973,CATI,Daniel,高,2,1,0,0,0,1,7.2,-1.1359812810757408,0.293859649122807,1.0716942271218588,,5,6,Agree,2.0,DK,,Agree,4.0,Disagree,2.0,Disagree,2.0,Woman,30.0,"University graduate (Diploma, Bachelor, Degree, Master, PhD)", ,0, , ,0,0,0,0,0,2.0,0.0,2.0,4.0,剔除,开放题全空，DUR快答+DKNA
2177,CATI,Daniel,高,2,1,0,0,1,0,8.1,-0.8108882764442957,0.293859649122807,1.0716942271218588,,7,2,,,Agree,4.0,Agree,4.0,Agree,4.0,Agree,4.0,Man,67.0,Primary school (or has attended school for 5 years or more),"1, 9",99, , ,0,0,0,0,0,2.0,1.0,0.0,3.0,剔除,"P07=1,9 P10=99，全4连击无自证"
3647,CATI,Juana,高,2,0,0,0,1,1,12.6,0.408614482866602,0.1666666666666666,0.6078265765765766,3.290817454810447,6,4,Agree,2.0,Agree,4.0,Agree,4.0,Agree,4.0,Disagree,2.0,Woman,52.0,"COU, BUP, Higher Baccalaurate","COLEGIO BOCA BOCA, , , 1, 9",99, , ,1,0,0,0,1,1.0,0.0,0.0,1.0,保留,P07=具体电台名自证
4111,CATI,Luna,高,2,0,0,1,1,0,16.4,1.13613422615833,0.2325581395348837,0.8481301068510371,12.94908498951331,7,0,Disagree,4.0,Disagree,2.0,Strongly disagree,1.0,Strongly disagree,1.0,Disagree,2.0,Woman,57.0,"COU, BUP, Higher Baccalaurate",UN FAMILIAR,LE DA IGUAL NINGUNA, , ,1,1,0,0,2,0.0,0.0,0.0,0.0,保留,开放题自证（家人+观点），态度多样
4123,CATI,Raúl,高,2,0,0,1,1,0,16.1,1.085177079003676,0.3050847457627119,1.1126316994961063,11.773997949336534,6,1,Strongly agree,1.0,Agree,4.0,Strongly agree,5.0,Strongly agree,5.0,Disagree,2.0,Man,62.0,"University graduate (Diploma, Bachelor, Degree, Master, PhD)","1, 5, 6","VIOLENCIA DE GENERO, IGUALDAD ENTRE HOMBRES Y MUJERES EN SALARIOS, Y EN TODO EN GENERAL", ,"7, 10",0,1,0,0,1,1.0,0.0,0.0,1.0,保留,P10=性别暴力议题自证
4652,CAWI,Autoadministrado CAWI,高,2,1,0,0,1,0,6.2,-0.7979274794095809,0.2491467576791808,0.9086281247117424,3.6928593490068753,7,0,Disagree,4.0,Agree,4.0,Agree,4.0,Disagree,2.0,Disagree,2.0,Woman,32.0,"EGB, ESO, Baccalaurate, Elementary Baccalaurate", ,0, , ,0,0,0,0,0,2.0,0.0,0.0,2.0,剔除,开放题全空，LS命中无自证，A=2门槛触发
4720,CATI,Eva,高,2,0,0,1,0,1,14.8,0.8527984537755341,0.25,0.9117398648648648,15.039364101448962,2,4,Disagree,4.0,Strongly disagree,1.0,Disagree,2.0,Strongly agree,5.0,Agree,4.0,Woman,76.0,"University graduate (Diploma, Bachelor, Degree, Master, PhD)",3,88,88, ,0,0,0,0,0,2.0,0.0,0.0,2.0,剔除,P07=3 P10/P12=88，MD+DKNA无自证
4892,CATI,Eva,高,2,0,0,1,1,0,9.8,-0.2850385728707622,0.25,0.9117398648648648,13.140735838422763,6,1,Strongly disagree,5.0,Disagree,2.0,Disagree,2.0,Strongly disagree,1.0,Disagree,2.0,Woman,50.0,"FP1, Intermediate Vocational Training",1,0, , ,0,0,0,0,0,2.0,0.0,0.0,2.0,剔除,P07=1 P10=0，MD+LS无自证
5021,CATI,Raúl,高,2,0,0,1,0,1,17.4,1.29950145416188,0.3050847457627119,1.1126316994961063,26.40185262102197,2,7,Strongly disagree,5.0,Strongly disagree,1.0,Agree,4.0,Strongly disagree,1.0,Agree,4.0,Man,74.0,Primary school (or has attended school for 5 years or more), ,0, , ,0,0,0,0,0,2.0,0.0,0.0,2.0,剔除,开放题全空，MD+DKNA无自证
5474,CATI,Daniel,高,2,1,0,1,0,0,7.7,-0.9506700640001242,0.293859649122807,1.0716942271218588,16.48681223229817,2,0,Disagree,4.0,Strongly disagree,1.0,Strongly disagree,1.0,Agree,4.0,Disagree,2.0,Woman,20.0,"FP1, Intermediate Vocational Training", ,99, , ,0,0,0,0,0,2.0,0.0,0.0,2.0,剔除,开放题全空/P10=99，DUR快答+MD
5715,CATI,Alejandro,高,2,0,0,1,1,0,10.2,-0.1746198325286013,0.3630952380952381,1.3241936132561132,14.703358477428672,7,2,Strongly disagree,5.0,Strongly agree,5.0,Strongly agree,5.0,Strongly disagree,1.0,Strongly disagree,1.0,Woman,40.0,"University graduate (Diploma, Bachelor, Degree, Master, PhD)","1, 2, 5, 6",IGUALDAD SALARIAL, ,"3, 10",0,1,0,0,1,1.0,0.0,0.0,1.0,保留,P10=同工同酬自证
7023,CAWI,Autoadministrado CAWI,高,2,0,0,1,1,0,19.3,1.1560953781651089,0.2491467576791808,0.9086281247117424,13.52955578667718,7,0,Strongly disagree,5.0,Strongly agree,5.0,Disagree,2.0,Strongly agree,5.0,Neither agree nor disagree,3.0,Woman,35.0,"University graduate (Diploma, Bachelor, Degree, Master, PhD)","WHATSAPP Y REDES SOCIALES, BOCA A BOCA, MEDICOS DE COMUNICACION",CAMBIAR LA ESTRUCTURA DEL SISTEMA QUE ENGLOBA TODAS LAS REVINDICACIONES. TODAS LAS REVINDICACIONES SON IMPORTANTES,"IR A LA HUELGA, PARTICIPAR EN LAS MOVILIZACIONES, DELEGAR EN LOS TRABAJOS DE CUIDADO Y NO CONSUMIR NADA DE NADA",99,1,1,1,0,3,0.0,0.0,0.0,0.0,保留,3题详实开放回答（媒体/议题/参与形式）
7209,CATI,María,高,2,1,0,0,1,0,7.9,-0.8798943808324479,0.2685714285714285,0.979469111969112,4.39313910516078,6,2,Strongly disagree,5.0,Strongly agree,5.0,Strongly agree,5.0,Strongly agree,5.0,Strongly agree,5.0,Woman,22.0,"COU, BUP, Higher Baccalaurate",1,88,"1, 6", ,0,0,0,0,0,2.0,1.0,0.0,3.0,剔除,全5连击+开放题全空，LS直证
7418,CATI,Victoria,高,2,0,1,0,0,1,28.8,2.690330349020788,0.2201834862385321,0.8030002479543764,4.024569664691255,4,8,Neither agree nor disagree,3.0,Disagree,2.0,Agree,4.0,Neither agree nor disagree,3.0,Neither agree nor disagree,3.0,Man,49.0,"FP2, Higher Vocational Training, Conservatoire 10 years", ,88, , ,0,0,0,0,0,2.0,0.0,0.0,2.0,剔除,开放题全空/88，28.8min DUR高+DKNA
8293,CATI,Juana,高,2,0,0,0,1,1,11.3,0.1080558656176829,0.1666666666666666,0.6078265765765766,1.3137918149468455,6,4,Disagree,4.0,Agree,4.0,Agree,4.0,Agree,4.0,Agree,4.0,Woman,53.0,"University graduate (Diploma, Bachelor, Degree, Master, PhD)","1, 3, 5","IGUALDAD ENTRE HOMBRES Y MUJERES EN SALARIOS, Y EN TODO EN GENERAL, FLEXIBILIDAD LABORAL",1, ,0,1,0,0,1,1.0,0.0,0.0,1.0,保留,P10=男女平等佐证全4态度
8952,CATI,Alejandro,高,2,1,0,0,1,0,6.6,-1.376141418102614,0.3630952380952381,1.3241936132561132,1.3137918149468455,8,0,Disagree,4.0,Agree,4.0,Agree,4.0,Agree,4.0,Agree,4.0,Man,38.0,"FP2, Higher Vocational Training, Conservatoire 10 years", ,88, , ,0,0,0,0,0,2.0,1.0,2.0,5.0,剔除,全4连击+开放题全空，DUR快答C=2
9013,CAWI,Autoadministrado CAWI,高,2,1,0,0,1,0,5.7,-0.9426146294440108,0.2491467576791808,0.9086281247117424,4.39313910516078,8,0,Strongly disagree,5.0,Strongly agree,5.0,Strongly agree,5.0,Strongly agree,5.0,Strongly agree,5.0,Woman,21.0,"COU, BUP, Higher Baccalaurate",TWITTER,99,MANIFESTARME,VIOLACIONES,1,0,1,1,3,0.0,0.0,0.0,0.0,保留,3题自证（Twitter/游行/暴力议题），全SA佐证成立
9546,CATI,Alejandro,高,2,1,0,0,0,1,7.4,-1.0603573612727293,0.3630952380952381,1.3241936132561132,3.290817454810447,3,5,Agree,2.0,Agree,4.0,Agree,4.0,Agree,4.0,Disagree,2.0,Woman,59.0,"EGB, ESO, Baccalaurate, Elementary Baccalaurate", ,88, , ,0,0,0,0,0,2.0,0.0,2.0,4.0,剔除,开放题全空，DUR快答+DKNA
10115,CAWI,Autoadministrado CAWI,高,2,1,0,1,0,0,5.5,-1.0040769984407365,0.2491467576791808,0.9086281247117424,33.02852535982387,3,1,Agree,2.0,Strongly disagree,1.0,Strongly agree,5.0,Strongly disagree,1.0,Strongly agree,5.0,Woman,53.0,"University graduate (Diploma, Bachelor, Degree, Master, PhD)","RRSS, TV",BRECHA SALARIAL, , ,1,1,0,0,2,0.0,0.0,0.0,0.0,保留,P10=工资差距自证+媒体多样；C=2因快答多信号
12117,CATI,Daniel,高,2,1,0,0,1,0,8.0,-0.8451756789460192,0.293859649122807,1.0716942271218588,1.3137918149468455,11,1,Disagree,4.0,Agree,4.0,Agree,4.0,Agree,4.0,Agree,4.0,Woman,39.0,"FP2, Higher Vocational Training, Conservatoire 10 years","1, 2",0, , ,0,0,0,0,0,2.0,1.0,0.0,3.0,剔除,全4连击+开放题全空，LS直证
12223,CATI,David,高,2,1,0,0,1,0,7.3,-1.0979103270469086,0.3942857142857143,1.4379440154440155,3.7427191972620255,6,3,Disagree,4.0,Agree,4.0,Agree,4.0,Agree,4.0,Disagree,2.0,Woman,19.0,"COU, BUP, Higher Baccalaurate","1, 8",88, , ,0,0,0,0,0,2.0,0.0,2.0,4.0,剔除,"P07=1,8 P10=88，DUR快答+LS"
12383,CATI,Eva,高,2,1,0,0,1,0,7.7,-0.9506700640001242,0.25,0.9117398648648648,3.084666447761618,6,0,Disagree,4.0,Agree,4.0,Agree,4.0,Strongly agree,5.0,Strongly agree,5.0,Woman,30.0,"University graduate (Diploma, Bachelor, Degree, Master, PhD)",2,PODER LLEGAR A LA IGUALDAD EN LA MORAL DE CADA PERSONA,88, ,0,1,0,0,1,1.0,0.0,0.0,1.0,保留,P10=实现平等自证
12413,CATI,David,高,2,1,0,0,1,0,7.1,-1.1745847132400753,0.3942857142857143,1.4379440154440155,3.290817454810447,7,0,Agree,2.0,Agree,4.0,Agree,4.0,Agree,4.0,Disagree,2.0,Woman,39.0,"University graduate (Diploma, Bachelor, Degree, Master, PhD)",2,"BRECHA SALARIAL, VIOLENCIA MACHISTA", , ,0,1,0,0,1,1.0,0.0,2.0,3.0,剔除,LS连击4+DUR快答多信号叠加（C=2），自证不足抵消
12614,CATI,María,高,2,0,0,1,0,1,12.4,0.3644519342070634,0.2685714285714285,0.979469111969112,12.72476027315869,5,4,Disagree,4.0,Agree,4.0,Disagree,2.0,Disagree,2.0,Agree,4.0,Man,62.0,"EGB, ESO, Baccalaurate, Elementary Baccalaurate","CARTELES , EN EL METRO",TODAS, ,10,1,1,0,0,2,0.0,0.0,0.0,0.0,保留,P07=地铁海报+P10=所有，态度多样
13200,CATI,David,高,2,1,0,1,0,0,5.9,-1.6855964182569108,0.3942857142857143,1.4379440154440155,13.852818111655584,2,2,Strongly agree,1.0,Agree,4.0,Strongly disagree,1.0,Agree,4.0,Disagree,2.0,Man,28.0,"FP2, Higher Vocational Training, Conservatoire 10 years", ,88,10, ,0,0,0,0,0,2.0,0.0,2.0,4.0,剔除,开放题全空，5.9min DUR快答+MD
13681,CAWI,Autoadministrado CAWI,高,2,1,0,0,1,0,6.3,-0.7703946777509816,0.2491467576791808,0.9086281247117424,4.39313910516078,6,0,Strongly disagree,5.0,Strongly agree,5.0,Strongly agree,5.0,Strongly agree,5.0,Strongly agree,5.0,Woman,44.0,"FP2, Higher Vocational Training, Conservatoire 10 years",TWITTER,88, , ,1,0,0,0,1,1.0,2.0,0.0,3.0,剔除,LS全5连击，仅媒体名无态度自证，LS自证标准从严（第6章细则）
13988,CATI,María,高,2,0,0,0,1,1,16.3,1.1192528254793137,0.2685714285714285,0.979469111969112,,6,4,DK,,Strongly agree,5.0,Agree,4.0,,,Disagree,2.0,Man,56.0,"EGB, ESO, Baccalaurate, Elementary Baccalaurate",1,"LA IGUALDAD, LA IGUALDAD SALARIAL", , ,0,1,0,0,1,1.0,0.0,0.0,1.0,保留,P10=平等议题自证
14254,CATI,María,高,2,1,0,1,0,0,8.1,-0.8108882764442957,0.2685714285714285,0.979469111969112,11.59661919199954,2,0,Agree,2.0,Strongly disagree,1.0,Disagree,2.0,Agree,4.0,Disagree,2.0,Woman,33.0,"EGB, ESO, Baccalaurate, Elementary Baccalaurate",1,0,1, ,0,0,0,0,0,2.0,0.0,0.0,2.0,剔除,全编码值，DUR快答+MD
14475,CATI,David,高,2,0,0,0,1,1,10.0,-0.2292770721848513,0.3942857142857143,1.4379440154440155,2.2305471629995823,6,4,Disagree,4.0,Agree,4.0,Agree,4.0,Neither agree nor disagree,3.0,Disagree,2.0,Man,51.0,"FP1, Intermediate Vocational Training","1, 8","DERECHOS LABORALES, DELITOS SEXUALES", , ,0,1,0,0,1,1.0,0.0,0.0,1.0,保留,P10=劳动权利议题自证
14889,CATI,Raúl,高,2,1,0,0,0,1,8.4,-0.7105099269732518,0.3050847457627119,1.1126316994961063,1.5165227820285978,5,4,Disagree,4.0,Agree,4.0,Agree,4.0,Neither agree nor disagree,3.0,Neither agree nor disagree,3.0,Man,35.0,"University graduate (Diploma, Bachelor, Degree, Master, PhD)", ,88, , ,0,0,0,0,0,2.0,0.0,0.0,2.0,剔除,开放题全空，DUR快答+DKNA
15269,CATI,Tomas,高,2,0,0,1,0,1,27.6,2.5728615399494523,0.3103448275862069,1.1318150046598323,14.131713263667622,5,4,Disagree,4.0,Strongly disagree,1.0,Strongly agree,5.0,Agree,4.0,Agree,4.0,Man,47.0,"EGB, ESO, Baccalaurate, Elementary Baccalaurate",5,IGUALDAD EN GENERAL, , ,0,1,0,0,1,1.0,0.0,0.0,1.0,保留,P10=总体平等自证
15361,CATI,Daniel,高,2,1,0,0,1,0,7.5,-1.023308477393262,0.293859649122807,1.0716942271218588,5.212155498818432,7,0,Disagree,4.0,Agree,4.0,Strongly agree,5.0,Agree,4.0,Disagree,2.0,Man,31.0,"University graduate (Diploma, Bachelor, Degree, Master, PhD)","2, 6",IGUALDAD,1, ,0,1,0,0,1,1.0,0.0,2.0,3.0,剔除,LS连击4+DUR快答（C=2），开放题仅一词自证不足
15426,CATI,Alejandro,高,2,1,0,0,1,0,8.0,-0.8451756789460192,0.3630952380952381,1.3241936132561132,1.3137918149468455,6,0,Disagree,4.0,Agree,4.0,Agree,4.0,Agree,4.0,Agree,4.0,Woman,55.0,"EGB, ESO, Baccalaurate, Elementary Baccalaurate", ,88, , ,0,0,0,0,0,2.0,1.0,0.0,3.0,剔除,全4连击+开放题全空，LS直证
15964,CATI,Eva,高,2,1,0,0,1,0,8.3,-0.7435654167534216,0.25,0.9117398648648648,4.39313910516078,7,1,Strongly disagree,5.0,Strongly agree,5.0,Strongly agree,5.0,Strongly agree,5.0,Strongly agree,5.0,Woman,23.0,"University graduate (Diploma, Bachelor, Degree, Master, PhD)","1, 2",IGUALDAD,"1, 2", ,0,1,0,0,1,1.0,2.0,0.0,3.0,剔除,LS全5连击，仅一词自证不足，LS自证标准从严（第6章细则）
17731,CATI,Rosa,高,2,1,0,0,1,0,7.9,-0.8798943808324479,0.2105263157894736,0.7677809388335703,2.2775538540346503,8,0,Agree,2.0,Agree,4.0,Agree,4.0,Disagree,2.0,Disagree,2.0,Woman,50.0,"COU, BUP, Higher Baccalaurate",1,88, , ,0,0,0,0,0,2.0,0.0,0.0,2.0,剔除,P07=1 P10=88，LS命中无自证
18352,CAWI,Autoadministrado CAWI,高,2,1,0,1,0,0,3.5,-1.781836453392811,0.2491467576791808,0.9086281247117424,14.072548081823166,3,0,Agree,2.0,Strongly disagree,1.0,Disagree,2.0,Disagree,2.0,Agree,4.0,Woman,,"EGB, ESO, Baccalaurate, Elementary Baccalaurate",88,88,99,99,0,0,0,0,0,2.0,0.0,2.0,4.0,剔除,全88/99拒答，3.5min DUR极快+MD
18511,CAWI,Autoadministrado CAWI,高,2,1,0,0,1,0,5.9,-0.8832720801088219,0.2491467576791808,0.9086281247117424,10.545105611774606,6,0,Strongly agree,1.0,Strongly disagree,1.0,Strongly disagree,1.0,Strongly disagree,1.0,Strongly disagree,1.0,Man,44.0,"University graduate (Diploma, Bachelor, Degree, Master, PhD)","ESRADIO , ABC, TWITTER","NADA, CUSTODIA COMPARTIDA", , ,1,1,0,0,2,0.0,0.0,0.0,0.0,保留,媒体多样+共同监护议题佐证保守立场（全1自证成立）
18656,CAWI,Autoadministrado CAWI,高,2,0,1,1,0,0,42.3,2.5063474216593904,0.2491467576791808,0.9086281247117424,11.96375997510468,2,0,Disagree,4.0,Strongly agree,5.0,Disagree,2.0,Strongly agree,5.0,Strongly agree,5.0,Woman,18.0,"EGB, ESO, Baccalaurate, Elementary Baccalaurate","RADIO, PERSONAS, NOTICIAS","MANIFESTACIONES, CONCIENCIAR A LA GENTE","DEBATE, COLGAR CARTELES, MANIFESTARME", ,1,1,1,0,3,0.0,0.0,0.0,0.0,保留,42.3min 真实长访谈，3题详实，DUR长侧复核通过
18691,CATI,Eva,高,2,1,0,0,0,1,7.8,-0.915055371063197,0.25,0.9117398648648648,1.5165227820285978,4,4,Disagree,4.0,Agree,4.0,Agree,4.0,Neither agree nor disagree,3.0,Neither agree nor disagree,3.0,Man,37.0,"EGB, ESO, Baccalaurate, Elementary Baccalaurate", ,88, , ,0,0,0,0,0,2.0,0.0,0.0,2.0,剔除,开放题全空，DUR快答+DKNA
18998,CATI,Rosa,高,2,1,0,0,1,0,8.0,-0.8451756789460192,0.2105263157894736,0.7677809388335703,1.3137918149468455,6,0,Disagree,4.0,Agree,4.0,Agree,4.0,Agree,4.0,Agree,4.0,Man,32.0,Primary school (or has attended school for 5 years or more),2,88, , ,0,0,0,0,0,2.0,1.0,0.0,3.0,剔除,全4连击+开放题全空，LS直证
20291,CATI,María,高,2,1,0,0,1,0,7.9,-0.8798943808324479,0.2685714285714285,0.979469111969112,7.886033641675763,6,0,Disagree,4.0,Agree,4.0,Disagree,2.0,Agree,4.0,Disagree,2.0,Man,45.0,"University graduate (Diploma, Bachelor, Degree, Master, PhD)","1, 5",0, , ,0,0,0,0,0,2.0,0.0,0.0,2.0,剔除,全编码值，LS命中无自证
20757,CATI,David,高,2,1,0,1,0,0,7.9,-0.8798943808324479,0.3942857142857143,1.4379440154440155,12.62086569298999,4,1,Strongly disagree,5.0,Strongly agree,5.0,Disagree,2.0,Agree,4.0,Disagree,2.0,Woman,24.0,"FP2, Higher Vocational Training, Conservatoire 10 years","1, 2",88,1, ,0,0,0,0,0,2.0,0.0,0.0,2.0,剔除,全编码值，DUR快答+MD
26343,CATI,María,高,2,1,0,0,1,0,8.0,-0.8451756789460192,0.2685714285714285,0.979469111969112,3.7427191972620255,6,2,Disagree,4.0,Agree,4.0,Agree,4.0,Agree,4.0,Disagree,2.0,Woman,44.0,"FP2, Higher Vocational Training, Conservatoire 10 years","1, 2",LA IGUALDAD,1, ,0,1,0,0,1,1.0,0.0,0.0,1.0,保留,P10=平等自证
27942,CAWI,Autoadministrado CAWI,高,2,1,0,1,0,0,5.6,-0.9730714137817584,0.2491467576791808,0.9086281247117424,18.38506392610672,4,0,Strongly disagree,5.0,Strongly agree,5.0,Agree,4.0,Disagree,2.0,Strongly agree,5.0,Woman,19.0,"COU, BUP, Higher Baccalaurate","PERIODICOS, NOTICIAS, INTERNET",88,"NO IR A TRABAJAR, IR A LA MANIFESTACION", ,1,0,1,0,2,0.0,0.0,0.0,0.0,保留,媒体+罢工参与自证
33086,CAWI,Autoadministrado CAWI,高,2,1,0,1,0,0,6.3,-0.7703946777509816,0.2491467576791808,0.9086281247117424,16.187574417113836,3,0,Agree,2.0,Agree,4.0,Strongly disagree,1.0,Agree,4.0,Strongly disagree,1.0,Woman,41.0,"University graduate (Diploma, Bachelor, Degree, Master, PhD)",COPE,0, , ,1,0,0,0,1,2.0,0.0,0.0,2.0,剔除,唯一开放字段为媒体来源（COPE），无实质议题自证 → 泛词门槛剔除（v2 规则追溯）
36067,CAWI,Autoadministrado CAWI,高,2,0,0,1,1,0,11.1,0.2042379212461239,0.2491467576791808,0.9086281247117424,17.06817077105882,12,0,Strongly disagree,5.0,Strongly disagree,1.0,Strongly disagree,1.0,Strongly disagree,1.0,Strongly disagree,1.0,Man,87.0,"University graduate (Diploma, Bachelor, Degree, Master, PhD)",TODOS,0, , ,1,0,0,0,1,1.0,0.0,0.0,1.0,保留,P07=所有人（弱自证）
42547,CAWI,Autoadministrado CAWI,高,2,0,1,1,0,0,33.5,2.1049937334835414,0.2491467576791808,0.9086281247117424,13.39541918762836,3,0,Strongly agree,1.0,Disagree,2.0,Disagree,2.0,Agree,4.0,Strongly disagree,1.0,Woman,41.0,"COU, BUP, Higher Baccalaurate",TELEVISION,"ERRADICAR LA VIOLENCIA, RECONOCER LAS LABORES Y EL CUIDADO A NO", , ,1,1,0,0,2,0.0,0.0,0.0,0.0,保留,33.5min 长访谈，2题详实，DUR长侧复核通过
16,CATI,María,常规,1,1,0,0,0,0,6.5,-1.4182811741418857,0.2685714285714285,0.979469111969112,11.349215270200192,3,0,Strongly agree,1.0,Strongly agree,5.0,Disagree,2.0,Strongly disagree,1.0,Strongly disagree,1.0,Woman,47.0,"University graduate (Diploma, Bachelor, Degree, Master, PhD)", ,88, , ,0,0,0,0,0,2.0,0.0,1.0,3.0,剔除,DUR低 信号命中+开放题全空无自证 → 自证门槛剔除
93,CATI,Tomas,常规,1,0,0,1,0,0,16.2,1.1022675386039675,0.3103448275862069,1.1318150046598323,13.146715944401414,4,0,Disagree,4.0,Strongly disagree,1.0,Agree,4.0,Strongly agree,5.0,Agree,4.0,Man,70.0,"EGB, ESO, Baccalaurate, Elementary Baccalaurate","1, 6",88,88,9,0,0,0,0,0,2.0,0.0,0.0,2.0,剔除,MD 信号命中+开放题全空无自证 → 自证门槛剔除
163,CATI,María,常规,1,0,0,1,0,0,15.8,1.0332614342158155,0.2685714285714285,0.979469111969112,11.796275663403588,4,0,Strongly agree,1.0,Strongly agree,5.0,Neither agree nor disagree,3.0,Disagree,2.0,Agree,4.0,Man,79.0,"EGB, ESO, Baccalaurate, Elementary Baccalaurate",A TRAVES DE SUS HIJAS,"IGUALDAD , BRECHA SALARIAL",1,10,1,1,0,0,2,0.0,0.0,0.0,0.0,保留,MD 开放题自证充分（≥2字段）→ 保留
169,CATI,Luna,常规,1,0,0,1,0,0,11.9,0.2508515215738882,0.2325581395348837,0.8481301068510371,14.131713263667622,3,0,Disagree,4.0,Strongly disagree,1.0,Strongly agree,5.0,Agree,4.0,Agree,4.0,Man,18.0,"COU, BUP, Higher Baccalaurate","2, 6",CASI TODAS EN GENERAL,"HUELGA EN LAL UNIVERSIDAD, , , 1, 6", ,0,1,1,0,2,0.0,0.0,0.0,0.0,保留,MD 开放题自证充分（≥2字段）→ 保留
191,CAWI,Autoadministrado CAWI,常规,1,0,0,0,1,0,25.4,1.6286928537867151,0.2491467576791808,0.9086281247117424,5.183585850790626,6,0,Disagree,4.0,Agree,4.0,Agree,4.0,Disagree,2.0,Strongly disagree,1.0,Man,86.0,"University graduate (Diploma, Bachelor, Degree, Master, PhD)","ABC DIGITAL, 13 TV, INTERECONOMIA TV",NINGUNA, , ,1,1,0,0,2,0.0,0.0,0.0,0.0,保留,LS 开放题自证充分（≥2字段）→ 保留
210,CATI,Eva,常规,1,1,0,0,0,0,7.8,-0.915055371063197,0.25,0.9117398648648648,4.608146178305006,2,1,Agree,2.0,Agree,4.0,Strongly agree,5.0,Disagree,2.0,Disagree,2.0,Woman,44.0,"EGB, ESO, Baccalaurate, Elementary Baccalaurate", ,TODAS EN GENERAL, , ,0,1,0,0,1,2.0,0.0,0.0,2.0,剔除,DUR低 唯一开放字段为泛词/编码（TODAS EN GENERAL）无实质自证 → 门槛剔除
241,CATI,Luna,常规,1,0,0,0,1,0,12.5,0.3866215345763152,0.2325581395348837,0.8481301068510371,7.215466984240939,6,0,Agree,2.0,Agree,4.0,Agree,4.0,Disagree,2.0,Agree,4.0,Woman,54.0,"COU, BUP, Higher Baccalaurate",INTERNET,TODO EN GENERAL,CONCENTRACION, ,1,1,1,0,3,0.0,0.0,0.0,0.0,保留,LS 开放题自证充分（≥2字段）→ 保留
263,CATI,Eva,常规,1,1,0,0,0,0,7.4,-1.0603573612727293,0.25,0.9117398648648648,7.2994572409967935,2,1,Disagree,4.0,Agree,4.0,Disagree,2.0,Disagree,2.0,Strongly disagree,1.0,Man,55.0,"EGB, ESO, Baccalaurate, Elementary Baccalaurate", ,88, , ,0,0,0,0,0,2.0,0.0,1.0,3.0,剔除,DUR低 信号命中+开放题全空无自证 → 自证门槛剔除
326,CATI,Daniel,常规,1,0,0,0,0,1,13.4,0.5785204483771985,0.293859649122807,1.0716942271218588,3.469368988138423,2,6,Agree,2.0,Agree,4.0,Agree,4.0,Disagree,2.0,Neither agree nor disagree,3.0,Woman,70.0,Primary school (or has attended school for 5 years or more), ,0, , ,0,0,0,0,0,2.0,0.0,0.0,2.0,剔除,DKNA 信号命中+开放题全空无自证 → 自证门槛剔除
340,CATI,María,常规,1,0,0,0,0,1,11.9,0.2508515215738882,0.2685714285714285,0.979469111969112,,4,4,DK,,Agree,4.0,Agree,4.0,Agree,4.0,,,Man,78.0,Primary school (or has attended school for 5 years or more), ,88, , ,0,0,0,0,0,2.0,1.0,0.0,3.0,剔除,DKNA 信号命中+开放题全空无自证 → 自证门槛剔除
370,CATI,Eva,常规,1,0,0,0,1,0,12.8,0.4520815293410788,0.25,0.9117398648648648,1.3137918149468455,6,0,Disagree,4.0,Agree,4.0,Agree,4.0,Agree,4.0,Agree,4.0,Woman,83.0,"University graduate (Diploma, Bachelor, Degree, Master, PhD)","5, 6","LOS NIÑOS DE LAS MUJERES QUE HAN SUFRIDO A VIOLENCIA DE GENERO, POCA AYUDA QUE HAN RECIBIDO", , ,0,1,0,0,1,1.0,0.0,0.0,1.0,保留,LS 单字段具体议题自证+作答模式合理 → 保留
386,CATI,Eva,常规,1,0,0,0,1,0,13.5,0.5990417355252803,0.25,0.9117398648648648,9.218143539819454,6,1,Disagree,4.0,Strongly agree,5.0,Strongly agree,5.0,Strongly agree,5.0,Disagree,2.0,Man,61.0,"University graduate (Diploma, Bachelor, Degree, Master, PhD)","1, 5, 6",IGUALDAD ENTRE GENEROS, , ,0,1,0,0,1,1.0,0.0,0.0,1.0,保留,LS 单字段具体议题自证+作答模式合理 → 保留
455,CATI,Daniel,常规,1,1,0,0,0,0,7.9,-0.8798943808324479,0.293859649122807,1.0716942271218588,,2,3,DK,,Strongly agree,5.0,Agree,4.0,Agree,4.0,Disagree,2.0,Woman,59.0,"FP2, Higher Vocational Training, Conservatoire 10 years", ,0, , ,0,0,0,0,0,2.0,0.0,0.0,2.0,剔除,DUR低 信号命中+开放题全空无自证 → 自证门槛剔除
615,CATI,Rosa,常规,1,1,0,0,0,0,7.8,-0.915055371063197,0.2105263157894736,0.7677809388335703,1.2969435442876809,5,0,Agree,2.0,Agree,4.0,Agree,4.0,Neither agree nor disagree,3.0,Disagree,2.0,Woman,40.0,"University graduate (Diploma, Bachelor, Degree, Master, PhD)", ,88, , ,0,0,0,0,0,2.0,0.0,0.0,2.0,剔除,DUR低 信号命中+开放题全空无自证 → 自证门槛剔除
647,CATI,Alejandro,常规,1,0,0,0,0,1,14.3,0.7579403069581939,0.3630952380952381,1.3241936132561132,4.307890100226063,4,4,Neither agree nor disagree,3.0,Neither agree nor disagree,3.0,Neither agree nor disagree,3.0,Neither agree nor disagree,3.0,Strongly disagree,1.0,Man,61.0,"EGB, ESO, Baccalaurate, Elementary Baccalaurate",5,88, , ,0,0,0,0,0,2.0,0.0,0.0,2.0,剔除,DKNA 信号命中+开放题全空无自证 → 自证门槛剔除
699,CATI,David,常规,1,0,0,0,0,1,11.2,0.0835214782351577,0.3942857142857143,1.4379440154440155,1.1184076202728268,4,5,Agree,2.0,Agree,4.0,Agree,4.0,Agree,4.0,Agree,4.0,Woman,59.0,No schooling (or less than 5 years of schooling),1,IGUALDAD, , ,0,1,0,0,1,2.0,0.0,0.0,2.0,剔除,DKNA 唯一开放字段为泛词/编码（IGUALDAD）无实质自证 → 门槛剔除
765,CATI,Tomas,常规,1,0,0,1,0,0,18.7,1.498375845492791,0.3103448275862069,1.1318150046598323,18.1543862657592,4,0,Disagree,4.0,Strongly agree,5.0,Agree,4.0,Strongly disagree,1.0,Agree,4.0,Woman,25.0,"EGB, ESO, Baccalaurate, Elementary Baccalaurate",1,0, , ,0,0,0,0,0,2.0,0.0,0.0,2.0,剔除,MD 信号命中+开放题全空无自证 → 自证门槛剔除
779,CATI,Tomas,常规,1,0,0,0,1,0,13.0,0.494874640906379,0.3103448275862069,1.1318150046598323,9.50674077962295,6,1,Strongly disagree,5.0,Strongly agree,5.0,Agree,4.0,Disagree,2.0,Strongly disagree,1.0,Woman,31.0,"EGB, ESO, Baccalaurate, Elementary Baccalaurate","REDES SOCIALES, , , 2",0, ,8,1,0,0,0,1,2.0,0.0,0.0,2.0,剔除,LS 唯一开放字段为泛词/编码（0）无实质自证 → 门槛剔除
783,CATI,Daniel,常规,1,0,0,0,1,0,14.5,0.7962756510831925,0.293859649122807,1.0716942271218588,3.7427191972620255,6,1,Disagree,4.0,Agree,4.0,Agree,4.0,Agree,4.0,Disagree,2.0,Man,59.0,"University graduate (Diploma, Bachelor, Degree, Master, PhD)","1, 5, 6","IGUALDAD, RECONOCIMIENTO DEL TRABAJO", ,4,0,1,0,0,1,1.0,0.0,0.0,1.0,保留,LS 单字段具体议题自证+作答模式合理 → 保留
797,CATI,Alejandro,常规,1,0,0,0,1,0,9.7,-0.3133475431547509,0.3630952380952381,1.3241936132561132,1.3137918149468455,6,0,Disagree,4.0,Agree,4.0,Agree,4.0,Agree,4.0,Agree,4.0,Woman,45.0,"University graduate (Diploma, Bachelor, Degree, Master, PhD)", ,CONSERVAR LO DERECHOS Y LIBERTADES, , ,0,1,0,0,1,1.0,0.0,0.0,1.0,保留,LS 单字段具体议题自证+作答模式合理 → 保留
858,CATI,Luna,常规,1,0,0,0,1,0,22.3,1.9843278301451823,0.2325581395348837,0.8481301068510371,4.820236566035527,6,0,Strongly disagree,5.0,Agree,4.0,Strongly agree,5.0,Strongly agree,5.0,Strongly agree,5.0,Woman,42.0,"University graduate (Diploma, Bachelor, Degree, Master, PhD)","1, 2","DERECHO IGUALDAD EN GENERAL EN DECISIONES Y EN EL TRABAJO, EDUCACION DE LO HIJOS","JORNADAS POR 4 AÑO CONSECUTIVO DE MESA REDONDA Y DEBATES PARA TODOS LOS ESTUDIANTE DE LA UNIVERSIDAD DE GRANADA PARA PRESENTAR TEMAS DE INVESTIGACION SOBRE EL TEMA, SON UNAS JORNADAS", ,0,1,1,0,2,0.0,0.0,0.0,0.0,保留,LS 开放题自证充分（≥2字段）→ 保留
922,CATI,David,常规,1,0,0,0,0,1,16.4,1.13613422615833,0.3942857142857143,1.4379440154440155,,2,4,DK,,Agree,4.0,Disagree,2.0,DK,,Agree,4.0,Man,69.0,"FP1, Intermediate Vocational Training","1, 5",99, ,10,0,0,0,0,0,2.0,0.0,0.0,2.0,剔除,DKNA 信号命中+开放题全空无自证 → 自证门槛剔除
979,CATI,Daniel,常规,1,0,0,0,1,0,9.5,-0.3708517148909659,0.293859649122807,1.0716942271218588,4.047315241019144,9,0,Strongly disagree,5.0,Strongly agree,5.0,Strongly agree,5.0,Strongly agree,5.0,Agree,4.0,Woman,31.0,"University graduate (Diploma, Bachelor, Degree, Master, PhD)",2,88,88, ,0,0,0,0,0,2.0,0.0,0.0,2.0,剔除,LS 信号命中+开放题全空无自证 → 自证门槛剔除
1065,CATI,Alejandro,常规,1,0,0,0,0,1,9.9,-0.2570170082627587,0.3630952380952381,1.3241936132561132,,4,5,Neither agree nor disagree,3.0,Agree,4.0,Agree,4.0,DK,,DK,,Woman,43.0,"EGB, ESO, Baccalaurate, Elementary Baccalaurate",3,88, , ,0,0,0,0,0,2.0,0.0,0.0,2.0,剔除,DKNA 信号命中+开放题全空无自证 → 自证门槛剔除
1075,CATI,María,常规,1,0,0,0,0,1,12.3,0.3421028209499204,0.2685714285714285,0.979469111969112,4.39313910516078,5,4,Strongly disagree,5.0,Strongly agree,5.0,Strongly agree,5.0,Strongly agree,5.0,Strongly agree,5.0,Woman,44.0,"University graduate (Diploma, Bachelor, Degree, Master, PhD)","ASOCIOACIONES FEMINISTAS , MI MADRE ES FEMINISTA, , 6",LA ABOLICION DE LA PROSTITUCION,"CONFECCIONA UNAS BANDAS Y VESTIMENTAS ALUSIVAS AL MOVIMIENTO, , , 1, 9",5,1,1,1,0,3,0.0,0.0,0.0,0.0,保留,DKNA 开放题自证充分（≥2字段）→ 保留
1089,CATI,Eva,常规,1,1,0,0,0,0,7.7,-0.9506700640001242,0.25,0.9117398648648648,4.3862628383551945,3,0,Agree,2.0,Strongly agree,5.0,Agree,4.0,Agree,4.0,Disagree,2.0,Woman,49.0,"University graduate (Diploma, Bachelor, Degree, Master, PhD)", ,"IGUALDAD ENTRE HOMBRES Y MUJERES EN SALARIOS, Y EN TODO EN GENERAL", , ,0,1,0,0,1,1.0,0.0,0.0,1.0,保留,DUR低 单字段具体议题自证+作答模式合理 → 保留
1138,CATI,Daniel,常规,1,0,0,0,1,0,10.7,-0.0425324090075192,0.293859649122807,1.0716942271218588,1.3137918149468455,6,0,Disagree,4.0,Agree,4.0,Agree,4.0,Agree,4.0,Agree,4.0,Man,21.0,"FP2, Higher Vocational Training, Conservatoire 10 years", ,"SOLIDARIDAD, ORGULLO",UNA CARRERA SOLIDARIA, ,0,1,1,0,2,0.0,0.0,0.0,0.0,保留,LS 开放题自证充分（≥2字段）→ 保留
1148,CATI,Tomas,常规,1,0,0,1,0,0,15.6,0.9981004439850664,0.3103448275862069,1.1318150046598323,15.313197121144656,2,0,Strongly disagree,5.0,Strongly disagree,1.0,Agree,4.0,Strongly agree,5.0,Agree,4.0,Man,33.0,"FP1, Intermediate Vocational Training", ,DESIGUALDAD LABORAL,88, ,0,1,0,0,1,1.0,0.0,0.0,1.0,保留,MD 单字段具体议题自证+作答模式合理 → 保留
1281,CATI,Luna,常规,1,0,0,0,1,0,15.4,0.9624857510481404,0.2325581395348837,0.8481301068510371,4.047315241019144,6,1,Strongly disagree,5.0,Strongly agree,5.0,Strongly agree,5.0,Strongly agree,5.0,Agree,4.0,Man,51.0,"EGB, ESO, Baccalaurate, Elementary Baccalaurate",COMPAÑEROS DEL TRABAJO,TODAS SON IMPORTANTES, , ,1,1,0,0,2,0.0,0.0,0.0,0.0,保留,LS 开放题自证充分（≥2字段）→ 保留
1366,CATI,Alejandro,常规,1,1,0,0,0,0,8.1,-0.8108882764442957,0.3630952380952381,1.3241936132561132,10.102607824131848,4,1,Neither agree nor disagree,3.0,Strongly agree,5.0,Strongly agree,5.0,Agree,4.0,Strongly disagree,1.0,Man,35.0,"University graduate (Diploma, Bachelor, Degree, Master, PhD)", ,ESTA HACIENDO COSAS POR EL PUEBLO, ,10,0,1,0,0,1,2.0,0.0,0.0,2.0,剔除,DUR低 唯一开放字段为泛词/编码（ESTA HACIENDO COSAS ）无实质自证 → 门槛剔除
1417,CATI,Eva,常规,1,0,0,0,0,1,15.3,0.9445045773112538,0.25,0.9117398648648648,6.089136452044997,4,4,Strongly agree,1.0,Agree,4.0,Strongly agree,5.0,Strongly agree,5.0,Strongly agree,5.0,Man,43.0,"EGB, ESO, Baccalaurate, Elementary Baccalaurate",1,88, , ,0,0,0,0,0,2.0,0.0,0.0,2.0,剔除,DKNA 信号命中+开放题全空无自证 → 自证门槛剔除
1513,CATI,Victoria,常规,1,0,0,0,0,1,16.7,1.1861676277467923,0.2201834862385321,0.8030002479543764,9.660032485135126,3,6,Agree,2.0,Strongly agree,5.0,Strongly agree,5.0,Strongly agree,5.0,Disagree,2.0,Man,20.0,"FP1, Intermediate Vocational Training", ,88, , ,0,0,0,0,0,2.0,0.0,0.0,2.0,剔除,DKNA 信号命中+开放题全空无自证 → 自证门槛剔除
1521,CATI,Raúl,常规,1,0,0,1,0,0,9.2,-0.4594186849386675,0.3050847457627119,1.1126316994961063,18.42799343688717,4,0,Agree,2.0,Strongly disagree,1.0,Strongly disagree,1.0,Agree,4.0,Strongly disagree,1.0,Woman,47.0,"FP2, Higher Vocational Training, Conservatoire 10 years",3,0, , ,0,0,0,0,0,2.0,0.0,0.0,2.0,剔除,MD 信号命中+开放题全空无自证 → 自证门槛剔除
1529,CATI,Tomas,常规,1,0,0,0,0,1,9.9,-0.2570170082627587,0.3103448275862069,1.1318150046598323,,0,8,DK,,DK,,Neither agree nor disagree,3.0,Agree,4.0,DK,,Woman,60.0,Primary school (or has attended school for 5 years or more), ,88, , ,0,0,0,0,0,2.0,0.0,0.0,2.0,剔除,DKNA 信号命中+开放题全空无自证 → 自证门槛剔除
1626,CATI,Eva,常规,1,0,0,0,1,0,11.8,0.2275593967913538,0.25,0.9117398648648648,3.9307524167873713,6,2,Disagree,4.0,Agree,4.0,Agree,4.0,Agree,4.0,Strongly agree,5.0,Woman,41.0,"University graduate (Diploma, Bachelor, Degree, Master, PhD)","3, 4",TODAS EN GENERAL,1, ,0,1,0,0,1,2.0,0.0,0.0,2.0,剔除,LS 唯一开放字段为泛词/编码（TODAS EN GENERAL）无实质自证 → 门槛剔除
1648,CATI,Daniel,常规,1,0,0,0,1,0,11.9,0.2508515215738882,0.293859649122807,1.0716942271218588,2.103046639216248,6,1,Disagree,4.0,Strongly agree,5.0,Agree,4.0,Agree,4.0,Agree,4.0,Woman,23.0,"University graduate (Diploma, Bachelor, Degree, Master, PhD)",2,99,1, ,0,0,0,0,0,2.0,0.0,0.0,2.0,剔除,LS 信号命中+开放题全空无自证 → 自证门槛剔除
1650,CATI,Tomas,常规,1,0,0,0,1,0,15.1,0.9081869427159198,0.3103448275862069,1.1318150046598323,4.698556253020487,6,2,Agree,2.0,Agree,4.0,Disagree,2.0,Disagree,2.0,Disagree,2.0,Woman,44.0,"FP2, Higher Vocational Training, Conservatoire 10 years","1, 6",0, , ,0,0,0,0,0,2.0,0.0,0.0,2.0,剔除,LS 信号命中+开放题全空无自证 → 自证门槛剔除
1727,CATI,Luna,常规,1,0,0,1,0,0,16.3,1.1192528254793137,0.2325581395348837,0.8481301068510371,12.62086569298999,4,1,Strongly disagree,5.0,Strongly agree,5.0,Disagree,2.0,Agree,4.0,Disagree,2.0,Man,58.0,"University graduate (Diploma, Bachelor, Degree, Master, PhD)","PERIODICOS DIGITALES, , , 6",LA IGUALDAD ENTRE H Y M, , ,1,1,0,0,2,0.0,0.0,0.0,0.0,保留,MD 开放题自证充分（≥2字段）→ 保留
1732,CATI,Daniel,常规,1,0,0,1,0,0,13.2,0.5370143969456508,0.293859649122807,1.0716942271218588,12.516348036625525,4,0,Strongly agree,1.0,Strongly agree,5.0,Disagree,2.0,Strongly disagree,1.0,Disagree,2.0,Woman,54.0,Primary school (or has attended school for 5 years or more),2,0, , ,0,0,0,0,0,2.0,0.0,0.0,2.0,剔除,MD 信号命中+开放题全空无自证 → 自证门槛剔除
1733,CATI,David,常规,1,1,0,0,0,0,7.2,-1.1359812810757408,0.3942857142857143,1.4379440154440155,4.889909196086875,2,0,Agree,2.0,Disagree,2.0,Agree,4.0,Disagree,2.0,Disagree,2.0,Woman,47.0,"COU, BUP, Higher Baccalaurate", ,0, , ,0,0,0,0,0,2.0,0.0,1.0,3.0,剔除,DUR低 信号命中+开放题全空无自证 → 自证门槛剔除
1835,CATI,María,常规,1,0,0,0,0,1,17.1,1.2514984980275763,0.2685714285714285,0.979469111969112,8.472440256913089,4,4,Strongly agree,1.0,Disagree,2.0,Strongly disagree,1.0,Disagree,2.0,Disagree,2.0,Woman,70.0,"University graduate (Diploma, Bachelor, Degree, Master, PhD)",1,LA IGUALDAD DEL SUIELDO DE NEUSTRA ALCALDESA AQUI EN MADRID, , ,0,1,0,0,1,1.0,0.0,0.0,1.0,保留,DKNA 单字段具体议题自证+作答模式合理 → 保留
1845,CATI,Raúl,常规,1,1,0,0,0,0,8.0,-0.8451756789460192,0.3050847457627119,1.1126316994961063,6.360270230557529,3,1,Strongly agree,1.0,Disagree,2.0,Disagree,2.0,Strongly disagree,1.0,Strongly disagree,1.0,Man,47.0,"University graduate (Diploma, Bachelor, Degree, Master, PhD)", ,88, , ,0,0,0,0,0,2.0,0.0,0.0,2.0,剔除,DUR低 信号命中+开放题全空无自证 → 自证门槛剔除
2057,CATI,David,常规,1,0,0,0,0,1,9.3,-0.429579471001346,0.3942857142857143,1.4379440154440155,3.591218138119019,2,5,Strongly agree,1.0,Agree,4.0,Agree,4.0,Disagree,2.0,Disagree,2.0,Woman,43.0,"University graduate (Diploma, Bachelor, Degree, Master, PhD)", ,88,10, ,0,0,0,0,0,2.0,0.0,0.0,2.0,剔除,DKNA 信号命中+开放题全空无自证 → 自证门槛剔除
2080,CATI,Tomas,常规,1,0,0,0,1,0,12.8,0.4520815293410788,0.3103448275862069,1.1318150046598323,3.7427191972620255,8,3,Disagree,4.0,Agree,4.0,Agree,4.0,Agree,4.0,Disagree,2.0,Woman,50.0,"University graduate (Diploma, Bachelor, Degree, Master, PhD)","DIGITAL, , , 2",88, , ,1,0,0,0,1,2.0,0.0,0.0,2.0,剔除,LS 唯一开放字段为泛词/编码（88）无实质自证 → 门槛剔除
2125,CATI,María,常规,1,0,0,0,1,0,12.6,0.408614482866602,0.2685714285714285,0.979469111969112,8.528623087392473,6,0,Strongly disagree,5.0,Strongly agree,5.0,Neither agree nor disagree,3.0,Agree,4.0,Disagree,2.0,Woman,41.0,"FP2, Higher Vocational Training, Conservatoire 10 years",LA CIRCULAR DEL COLEGIO PORQUE VA A HABER HUELGA,LA IGUALDAD EN TODOS LOS AMBITOS,88, ,1,1,0,0,2,0.0,0.0,0.0,0.0,保留,LS 开放题自证充分（≥2字段）→ 保留
2221,CATI,María,常规,1,1,0,0,0,0,8.3,-0.7435654167534216,0.2685714285714285,0.979469111969112,2.2775538540346503,3,2,Agree,2.0,Agree,4.0,Agree,4.0,Disagree,2.0,Disagree,2.0,Man,36.0,"FP1, Intermediate Vocational Training", ,0, , ,0,0,0,0,0,2.0,0.0,0.0,2.0,剔除,DUR低 信号命中+开放题全空无自证 → 自证门槛剔除
2240,CATI,Tomas,常规,1,0,0,1,0,0,23.9,2.1755801016134164,0.3103448275862069,1.1318150046598323,12.354116684704609,4,0,Strongly agree,1.0,Strongly disagree,1.0,Agree,4.0,Strongly disagree,1.0,Strongly disagree,1.0,Woman,66.0,"EGB, ESO, Baccalaurate, Elementary Baccalaurate","1, 5, 6","MALTRATO, DESIGUALDAD LABORAL", , ,0,1,0,0,1,1.0,0.0,0.0,1.0,保留,MD 单字段具体议题自证+作答模式合理 → 保留
2281,CATI,David,常规,1,1,0,0,0,0,8.0,-0.8451756789460192,0.3942857142857143,1.4379440154440155,9.37817048575846,4,0,Disagree,4.0,Agree,4.0,Strongly agree,5.0,Strongly agree,5.0,Disagree,2.0,Woman,24.0,"University graduate (Diploma, Bachelor, Degree, Master, PhD)","2, 8",VIOLENCIA DE GENERO,"1, 2", ,0,1,0,0,1,1.0,0.0,0.0,1.0,保留,DUR低 单字段具体议题自证+作答模式合理 → 保留
2319,CATI,Victoria,常规,1,0,0,0,1,0,10.7,-0.0425324090075192,0.2201834862385321,0.8030002479543764,2.6492036372323526,7,0,Disagree,4.0,Agree,4.0,Strongly agree,5.0,Strongly agree,5.0,Agree,4.0,Woman,22.0,"University graduate (Diploma, Bachelor, Degree, Master, PhD)","INTERNET, , ,  2",88, , ,1,0,0,0,1,2.0,0.0,0.0,2.0,剔除,LS 唯一开放字段为泛词/编码（88）无实质自证 → 门槛剔除
2368,CATI,Daniel,常规,1,1,0,0,0,0,7.2,-1.1359812810757408,0.293859649122807,1.0716942271218588,9.293574600070531,2,1,Disagree,4.0,Disagree,2.0,Disagree,2.0,Agree,4.0,Disagree,2.0,Man,47.0,"University graduate (Diploma, Bachelor, Degree, Master, PhD)", ,88, , ,0,0,0,0,0,2.0,0.0,1.0,3.0,剔除,DUR低 信号命中+开放题全空无自证 → 自证门槛剔除
2370,CATI,David,常规,1,1,0,0,0,0,7.9,-0.8798943808324479,0.3942857142857143,1.4379440154440155,1.427689860011049,3,1,Neither agree nor disagree,3.0,Strongly agree,5.0,Agree,4.0,Agree,4.0,Agree,4.0,Man,32.0,"EGB, ESO, Baccalaurate, Elementary Baccalaurate", ,"IGUALDAD REAL, BRECHA SALARIAL", , ,0,1,0,0,1,1.0,0.0,0.0,1.0,保留,DUR低 单字段具体议题自证+作答模式合理 → 保留
2398,CATI,Alejandro,常规,1,1,0,0,0,0,7.7,-0.9506700640001242,0.3630952380952381,1.3241936132561132,1.1184076202728268,4,2,Agree,2.0,Agree,4.0,Agree,4.0,Agree,4.0,Agree,4.0,Man,19.0,"EGB, ESO, Baccalaurate, Elementary Baccalaurate", ,0, , ,0,0,0,0,0,2.0,0.0,0.0,2.0,剔除,DUR低 信号命中+开放题全空无自证 → 自证门槛剔除
2409,CATI,David,常规,1,0,0,0,0,1,11.3,0.1080558656176829,0.3942857142857143,1.4379440154440155,2.097320825228942,2,4,Disagree,4.0,Strongly agree,5.0,Strongly agree,5.0,Agree,4.0,Agree,4.0,Woman,22.0,"FP2, Higher Vocational Training, Conservatoire 10 years","1, 2",VIOLENCIA MACHISTA,88, ,0,1,0,0,1,1.0,0.0,0.0,1.0,保留,DKNA 单字段具体议题自证+作答模式合理 → 保留
2491,CATI,David,常规,1,0,0,0,0,1,11.2,0.0835214782351577,0.3942857142857143,1.4379440154440155,1.3137918149468455,5,5,Disagree,4.0,Agree,4.0,Agree,4.0,Agree,4.0,Agree,4.0,Woman,50.0,"FP2, Higher Vocational Training, Conservatoire 10 years",5,IGUALDAD, , ,0,1,0,0,1,2.0,1.0,0.0,3.0,剔除,DKNA 唯一开放字段为泛词/编码（IGUALDAD）无实质自证 → 门槛剔除
2530,CATI,Daniel,常规,1,1,0,0,0,0,8.0,-0.8451756789460192,0.293859649122807,1.0716942271218588,10.87675162001282,3,0,Strongly disagree,5.0,Agree,4.0,Agree,4.0,Strongly disagree,1.0,Strongly disagree,1.0,Man,50.0,"University graduate (Diploma, Bachelor, Degree, Master, PhD)", ,IGUALDAD DE GENERO,88,10,0,1,0,0,1,1.0,0.0,0.0,1.0,保留,DUR低 单字段具体议题自证+作答模式合理 → 保留
2534,CATI,Rosa,常规,1,0,0,0,1,0,11.1,0.0587670485671246,0.2105263157894736,0.7677809388335703,4.39313910516078,7,0,Strongly disagree,5.0,Strongly agree,5.0,Strongly agree,5.0,Strongly agree,5.0,Strongly agree,5.0,Woman,23.0,"University graduate (Diploma, Bachelor, Degree, Master, PhD)","1, 2, 3",TODO EN GENERAL,"1, 9, 10",2,0,1,0,0,1,2.0,2.0,0.0,4.0,剔除,LS 唯一开放字段为泛词/编码（TODO EN GENERAL）无实质自证 → 门槛剔除
2549,CATI,María,常规,1,1,0,0,0,0,8.4,-0.7105099269732518,0.2685714285714285,0.979469111969112,4.119610364741613,3,2,Strongly agree,1.0,Strongly agree,5.0,Agree,4.0,Agree,4.0,Agree,4.0,Woman,65.0,"EGB, ESO, Baccalaurate, Elementary Baccalaurate", ,MALTRATO DE LA MUJER, , ,0,1,0,0,1,1.0,0.0,0.0,1.0,保留,DUR低 单字段具体议题自证+作答模式合理 → 保留
2557,CATI,María,常规,1,0,0,1,0,0,12.3,0.3421028209499204,0.2685714285714285,0.979469111969112,19.69192441299357,3,0,Agree,2.0,Strongly agree,5.0,Strongly disagree,1.0,Strongly agree,5.0,Strongly agree,5.0,Man,47.0,"FP1, Intermediate Vocational Training", ,LA BRECHA SALARIA,VOY ACOMPAÑAR A MI MUJER Y A MIS HIJAS A DONDE SEA PARA REIVINDICAR, ,0,1,1,0,2,0.0,0.0,0.0,0.0,保留,MD 开放题自证充分（≥2字段）→ 保留
2586,CATI,Rosa,常规,1,0,0,0,1,0,11.4,0.1323740881877214,0.2105263157894736,0.7677809388335703,4.39313910516078,8,0,Strongly disagree,5.0,Strongly agree,5.0,Strongly agree,5.0,Strongly agree,5.0,Strongly agree,5.0,Woman,39.0,"University graduate (Diploma, Bachelor, Degree, Master, PhD)","2, 5, 6",IGUALDAD LABORAL,1,"1, 2",0,1,0,0,1,1.0,0.0,0.0,1.0,保留,LS 单字段具体议题自证+作答模式合理 → 保留
2625,CATI,Alejandro,常规,1,1,0,0,0,0,7.9,-0.8798943808324479,0.3630952380952381,1.3241936132561132,2.561208591002651,3,0,Agree,2.0,Neither agree nor disagree,3.0,Agree,4.0,Disagree,2.0,Disagree,2.0,Woman,42.0,"EGB, ESO, Baccalaurate, Elementary Baccalaurate", ,0, , ,0,0,0,0,0,2.0,0.0,0.0,2.0,剔除,DUR低 信号命中+开放题全空无自证 → 自证门槛剔除
2688,CATI,Daniel,常规,1,1,0,0,0,0,7.9,-0.8798943808324479,0.293859649122807,1.0716942271218588,5.81753537076035,2,0,Agree,2.0,Agree,4.0,Agree,4.0,Strongly disagree,1.0,Strongly disagree,1.0,Man,30.0,Primary school (or has attended school for 5 years or more), ,0, , ,0,0,0,0,0,2.0,0.0,0.0,2.0,剔除,DUR低 信号命中+开放题全空无自证 → 自证门槛剔除
2766,CATI,Daniel,常规,1,0,0,0,0,1,10.8,-0.0168568712358862,0.293859649122807,1.0716942271218588,0.9274711065422652,3,5,Agree,2.0,Agree,4.0,Agree,4.0,Agree,4.0,Neither agree nor disagree,3.0,Woman,49.0,"University graduate (Diploma, Bachelor, Degree, Master, PhD)", ,88, , ,0,0,0,0,0,2.0,0.0,0.0,2.0,剔除,DKNA 信号命中+开放题全空无自证 → 自证门槛剔除
2797,CAWI,Autoadministrado CAWI,常规,1,1,0,0,0,0,5.5,-1.0040769984407365,0.2491467576791808,0.9086281247117424,10.545105611774606,5,1,Strongly agree,1.0,Strongly disagree,1.0,Strongly disagree,1.0,Strongly disagree,1.0,Strongly disagree,1.0,Man,40.0,"COU, BUP, Higher Baccalaurate", ,A LA MUJER Y A LA BURRA CADA DIA UNA ZURRA, , ,0,1,0,0,1,1.0,1.0,0.0,2.0,保留,DUR低 总分2 → 保留
2829,CAWI,Autoadministrado CAWI,常规,1,0,0,0,1,0,22.2,1.3969802152609532,0.2491467576791808,0.9086281247117424,9.801937814503397,6,0,Disagree,4.0,Strongly agree,5.0,Agree,4.0,Strongly disagree,1.0,Strongly disagree,1.0,Man,45.0,"University graduate (Diploma, Bachelor, Degree, Master, PhD)",LA VANGUARDIA,88, , ,1,0,0,0,1,2.0,0.0,0.0,2.0,剔除,LS 唯一开放字段为泛词/编码（88）无实质自证 → 门槛剔除
2834,CATI,Rosa,常规,1,0,0,0,1,0,10.2,-0.1746198325286013,0.2105263157894736,0.7677809388335703,0.7111779372054763,7,0,Agree,2.0,Agree,4.0,Agree,4.0,Neither agree nor disagree,3.0,Neither agree nor disagree,3.0,Woman,68.0,Primary school (or has attended school for 5 years or more),1,88, , ,0,0,0,0,0,2.0,0.0,0.0,2.0,剔除,LS 信号命中+开放题全空无自证 → 自证门槛剔除
2836,CATI,Daniel,常规,1,1,0,0,0,0,8.0,-0.8451756789460192,0.293859649122807,1.0716942271218588,6.138401688683777,3,1,Agree,2.0,Disagree,2.0,Agree,4.0,Disagree,2.0,Strongly disagree,1.0,Man,42.0,"EGB, ESO, Baccalaurate, Elementary Baccalaurate", ,88, , ,0,0,0,0,0,2.0,0.0,0.0,2.0,剔除,DUR低 信号命中+开放题全空无自证 → 自证门槛剔除
2841,CATI,María,常规,1,0,0,0,1,0,11.3,0.1080558656176829,0.2685714285714285,0.979469111969112,2.2305471629995823,7,0,Disagree,4.0,Agree,4.0,Agree,4.0,Neither agree nor disagree,3.0,Disagree,2.0,Man,66.0,"COU, BUP, Higher Baccalaurate", ,"LA IGUALDAD DE SALARIO, EL MALTRATO", , ,0,1,0,0,1,1.0,0.0,0.0,1.0,保留,LS 单字段具体议题自证+作答模式合理 → 保留
2846,CATI,Eva,常规,1,0,0,0,0,1,13.7,0.6396321789183044,0.25,0.9117398648648648,,3,8,Agree,2.0,Agree,4.0,Agree,4.0,DK,,DK,,Woman,61.0,Primary school (or has attended school for 5 years or more),1,88,88, ,0,0,0,0,0,2.0,0.0,0.0,2.0,剔除,DKNA 信号命中+开放题全空无自证 → 自证门槛剔除
2849,CATI,Alejandro,常规,1,0,0,0,1,0,9.5,-0.3708517148909659,0.3630952380952381,1.3241936132561132,3.4328009438543354,6,1,Strongly disagree,5.0,Agree,4.0,Agree,4.0,Agree,4.0,Agree,4.0,Woman,42.0,"University graduate (Diploma, Bachelor, Degree, Master, PhD)",2,0, , ,0,0,0,0,0,2.0,0.0,0.0,2.0,剔除,LS 信号命中+开放题全空无自证 → 自证门槛剔除
2892,CATI,Alejandro,常规,1,0,0,0,0,1,14.3,0.7579403069581939,0.3630952380952381,1.3241936132561132,1.9676533367541045,2,7,Neither agree nor disagree,3.0,Agree,4.0,Strongly agree,5.0,Neither agree nor disagree,3.0,Neither agree nor disagree,3.0,Woman,66.0,"FP2, Higher Vocational Training, Conservatoire 10 years","1, 6",0,88, ,0,0,0,0,0,2.0,0.0,0.0,2.0,剔除,DKNA 信号命中+开放题全空无自证 → 自证门槛剔除
2916,CATI,Victoria,常规,1,0,0,0,0,1,21.9,1.9343698978412096,0.2201834862385321,0.8030002479543764,,4,5,DK,,Agree,4.0,Agree,4.0,Agree,4.0,DK,,Woman,78.0,Primary school (or has attended school for 5 years or more), ,88,88, ,0,0,0,0,0,2.0,1.0,0.0,3.0,剔除,DKNA 信号命中+开放题全空无自证 → 自证门槛剔除
2920,CATI,María,常规,1,0,0,0,0,1,14.6,0.815245488001356,0.2685714285714285,0.979469111969112,,4,4,Neither agree nor disagree,3.0,Disagree,2.0,Agree,4.0,DK,,DK,,Woman,50.0,"FP1, Intermediate Vocational Training",7,88, , ,0,0,0,0,0,2.0,0.0,0.0,2.0,剔除,DKNA 信号命中+开放题全空无自证 → 自证门槛剔除
3037,CATI,Eva,常规,1,0,0,0,0,1,19.3,1.5855441553567728,0.25,0.9117398648648648,,5,4,DK,,DK,,Agree,4.0,Agree,4.0,Agree,4.0,Woman,63.0,Primary school (or has attended school for 5 years or more), ,88, , ,0,0,0,0,0,2.0,1.0,0.0,3.0,剔除,DKNA 信号命中+开放题全空无自证 → 自证门槛剔除
3056,CATI,Rosa,常规,1,0,0,0,1,0,12.1,0.2968542599187783,0.2105263157894736,0.7677809388335703,4.39313910516078,7,0,Strongly disagree,5.0,Strongly agree,5.0,Strongly agree,5.0,Strongly agree,5.0,Strongly agree,5.0,Man,41.0,"University graduate (Diploma, Bachelor, Degree, Master, PhD)","2, 6","IGUALDAD SALARIAL, BRECHA DE CRISTAL",1,10,0,1,0,0,1,1.0,0.0,0.0,1.0,保留,LS 单字段具体议题自证+作答模式合理 → 保留
3101,CATI,María,常规,1,0,0,0,0,1,12.8,0.4520815293410788,0.2685714285714285,0.979469111969112,8.07139668247575,2,4,Disagree,4.0,Disagree,2.0,Agree,4.0,Agree,4.0,Disagree,2.0,Man,23.0,"COU, BUP, Higher Baccalaurate",1,88, , ,0,0,0,0,0,2.0,0.0,0.0,2.0,剔除,DKNA 信号命中+开放题全空无自证 → 自证门槛剔除
3105,CAWI,Autoadministrado CAWI,常规,1,1,0,0,0,0,5.3,-1.0678162627648813,0.2491467576791808,0.9086281247117424,7.886033641675763,4,0,Disagree,4.0,Agree,4.0,Disagree,2.0,Agree,4.0,Disagree,2.0,Woman,22.0,"University graduate (Diploma, Bachelor, Degree, Master, PhD)","INTERNET, RRSS",0, , ,1,0,0,0,1,2.0,0.0,0.0,2.0,剔除,DUR低 唯一开放字段为泛词/编码（0）无实质自证 → 门槛剔除
3129,CAWI,Autoadministrado CAWI,常规,1,0,0,0,1,0,16.8,0.917380395255874,0.2491467576791808,0.9086281247117424,10.154554870025176,6,0,Agree,2.0,Strongly disagree,1.0,Strongly disagree,1.0,Strongly disagree,1.0,Strongly disagree,1.0,Man,58.0,"University graduate (Diploma, Bachelor, Degree, Master, PhD)","OK DIARIO, COPE, JIMENEZ LOSANTOS",0, ,DEFENSA DERECHOS MEDICOS,1,0,0,1,2,0.0,0.0,0.0,0.0,保留,LS 开放题自证充分（≥2字段）→ 保留
3131,CATI,Daniel,常规,1,1,0,0,0,0,8.1,-0.8108882764442957,0.293859649122807,1.0716942271218588,1.1184076202728268,4,0,Agree,2.0,Agree,4.0,Agree,4.0,Agree,4.0,Agree,4.0,Man,64.0,"EGB, ESO, Baccalaurate, Elementary Baccalaurate", ,88, , ,0,0,0,0,0,2.0,0.0,0.0,2.0,剔除,DUR低 信号命中+开放题全空无自证 → 自证门槛剔除
3202,CATI,David,常规,1,0,0,0,1,0,11.8,0.2275593967913538,0.3942857142857143,1.4379440154440155,,6,1,Agree,2.0,Strongly agree,5.0,Strongly agree,5.0,DK,,Agree,4.0,Woman,31.0,"FP2, Higher Vocational Training, Conservatoire 10 years",8,0,88,10,0,0,0,0,0,2.0,0.0,0.0,2.0,剔除,LS 信号命中+开放题全空无自证 → 自证门槛剔除
3234,CATI,Tomas,常规,1,0,0,0,1,0,18.7,1.498375845492791,0.3103448275862069,1.1318150046598323,4.483619066363424,6,2,Strongly disagree,5.0,Strongly agree,5.0,Agree,4.0,Strongly agree,5.0,Agree,4.0,Woman,56.0,"University graduate (Diploma, Bachelor, Degree, Master, PhD)","1, 5, 6",IGUALDAD EN GENERAL,1,9,0,1,0,0,1,2.0,0.0,0.0,2.0,剔除,LS 唯一开放字段为泛词/编码（IGUALDAD EN GENERAL）无实质自证 → 门槛剔除
3272,CATI,María,常规,1,0,0,0,1,0,13.9,0.6796343342701356,0.2685714285714285,0.979469111969112,2.785154707081306,6,3,Disagree,4.0,Strongly agree,5.0,Strongly agree,5.0,Strongly agree,5.0,Strongly agree,5.0,Man,35.0,"University graduate (Diploma, Bachelor, Degree, Master, PhD)",1,"LA IGUALDAD, EL RESPETO",CONCENTRACION, ,0,1,1,0,2,0.0,0.0,0.0,0.0,保留,LS 开放题自证充分（≥2字段）→ 保留
3371,CATI,María,常规,1,0,0,0,1,0,10.7,-0.0425324090075192,0.2685714285714285,0.979469111969112,1.3137918149468455,7,2,Disagree,4.0,Agree,4.0,Agree,4.0,Agree,4.0,Agree,4.0,Man,51.0,"FP2, Higher Vocational Training, Conservatoire 10 years",1,TODAS,DAR COBERTURA TELEVISIVA A LAS MANIFESTACION, ,0,1,1,0,2,0.0,0.0,0.0,0.0,保留,LS 开放题自证充分（≥2字段）→ 保留
3394,CATI,Alejandro,常规,1,0,0,0,0,1,10.1,-0.2018131599490489,0.3630952380952381,1.3241936132561132,6.089136452044997,4,4,Strongly agree,1.0,Agree,4.0,Strongly agree,5.0,Strongly agree,5.0,Strongly agree,5.0,Man,64.0,Primary school (or has attended school for 5 years or more),6,0, , ,0,0,0,0,0,2.0,0.0,0.0,2.0,剔除,DKNA 信号命中+开放题全空无自证 → 自证门槛剔除
3412,CATI,María,常规,1,1,0,0,0,0,7.4,-1.0603573612727293,0.2685714285714285,0.979469111969112,4.389775068253756,5,0,Agree,2.0,Disagree,2.0,Disagree,2.0,Disagree,2.0,Disagree,2.0,Woman,37.0,"EGB, ESO, Baccalaurate, Elementary Baccalaurate", ,0, , ,0,0,0,0,0,2.0,2.0,1.0,5.0,剔除,DUR低 信号命中+开放题全空无自证 → 自证门槛剔除
3413,CATI,María,常规,1,0,0,0,1,0,11.1,0.0587670485671246,0.2685714285714285,0.979469111969112,1.3137918149468455,7,2,Disagree,4.0,Agree,4.0,Agree,4.0,Agree,4.0,Agree,4.0,Man,74.0,"EGB, ESO, Baccalaurate, Elementary Baccalaurate", ,88,EN LO QUE SE HAGA EN MI LOCALIDAD,7,0,0,1,0,1,2.0,2.0,0.0,4.0,剔除,LS 唯一开放字段为泛词/编码（88）无实质自证 → 门槛剔除
3429,CATI,Alejandro,常规,1,0,0,0,0,1,9.6,-0.3419498758673306,0.3630952380952381,1.3241936132561132,,3,5,Agree,2.0,Agree,4.0,DK,,Agree,4.0,Agree,4.0,Man,55.0,"EGB, ESO, Baccalaurate, Elementary Baccalaurate", ,88, , ,0,0,0,0,0,2.0,0.0,0.0,2.0,剔除,DKNA 信号命中+开放题全空无自证 → 自证门槛剔除
3463,CATI,Daniel,常规,1,0,0,0,1,0,15.1,0.9081869427159198,0.293859649122807,1.0716942271218588,,6,2,Disagree,4.0,Disagree,2.0,Disagree,2.0,DK,,Agree,4.0,Woman,61.0,"EGB, ESO, Baccalaurate, Elementary Baccalaurate","1, 5, 6",99, , ,0,0,0,0,0,2.0,0.0,0.0,2.0,剔除,LS 信号命中+开放题全空无自证 → 自证门槛剔除
3473,CATI,María,常规,1,0,0,1,0,0,12.6,0.408614482866602,0.2685714285714285,0.979469111969112,18.46453438930397,5,3,Strongly disagree,5.0,Strongly disagree,1.0,Strongly agree,5.0,Disagree,2.0,Disagree,2.0,Man,29.0,"EGB, ESO, Baccalaurate, Elementary Baccalaurate",1,TODAS, , ,0,1,0,0,1,2.0,0.0,0.0,2.0,剔除,MD 唯一开放字段为泛词/编码（TODAS）无实质自证 → 门槛剔除
3488,CATI,María,常规,1,1,0,0,0,0,7.9,-0.8798943808324479,0.2685714285714285,0.979469111969112,2.348690001964196,2,1,Agree,2.0,Agree,4.0,Strongly agree,5.0,Neither agree nor disagree,3.0,Neither agree nor disagree,3.0,Woman,45.0,"University graduate (Diploma, Bachelor, Degree, Master, PhD)","1, 6",88,8, ,0,0,0,0,0,2.0,0.0,0.0,2.0,剔除,DUR低 信号命中+开放题全空无自证 → 自证门槛剔除
3496,CATI,Eva,常规,1,0,0,0,1,0,12.4,0.3644519342070634,0.25,0.9117398648648648,1.3137918149468455,6,2,Disagree,4.0,Agree,4.0,Agree,4.0,Agree,4.0,Agree,4.0,Woman,26.0,"University graduate (Diploma, Bachelor, Degree, Master, PhD)","2, 3",88,2, ,0,0,0,0,0,2.0,2.0,0.0,4.0,剔除,LS 信号命中+开放题全空无自证 → 自证门槛剔除
3524,CATI,David,常规,1,0,0,0,1,0,8.8,-0.582110012894203,0.3942857142857143,1.4379440154440155,4.39313910516078,6,0,Strongly disagree,5.0,Strongly agree,5.0,Strongly agree,5.0,Strongly agree,5.0,Strongly agree,5.0,Man,45.0,"EGB, ESO, Baccalaurate, Elementary Baccalaurate",3,IGUALDAD,1, ,0,1,0,0,1,2.0,2.0,0.0,4.0,剔除,LS 唯一开放字段为泛词/编码（IGUALDAD）无实质自证 → 门槛剔除
3526,CATI,María,常规,1,0,0,0,1,0,8.9,-0.5509221058409594,0.2685714285714285,0.979469111969112,8.582353656029436,7,2,Disagree,4.0,Disagree,2.0,Disagree,2.0,Agree,4.0,Agree,4.0,Man,38.0,"COU, BUP, Higher Baccalaurate",1,TODAS, , ,0,1,0,0,1,2.0,0.0,0.0,2.0,剔除,LS 唯一开放字段为泛词/编码（TODAS）无实质自证 → 门槛剔除
3542,CAWI,Autoadministrado CAWI,常规,1,0,0,1,0,0,7.6,-0.4475818504519853,0.2491467576791808,0.9086281247117424,14.23420951016435,3,0,Agree,2.0,Strongly agree,5.0,Disagree,2.0,Disagree,2.0,Agree,4.0,Woman,18.0,"EGB, ESO, Baccalaurate, Elementary Baccalaurate",INSTITUTO,IGUALDAD EN GENERAL,MANIFESTARME,LA EDUCACION,1,1,1,1,4,0.0,0.0,0.0,0.0,保留,MD 开放题自证充分（≥2字段）→ 保留
3624,CATI,Juana,常规,1,0,0,0,0,1,20.4,1.7385359825196631,0.1666666666666666,0.6078265765765766,5.403488179092287,3,7,Neither agree nor disagree,3.0,Disagree,2.0,Disagree,2.0,Disagree,2.0,Strongly disagree,1.0,Man,68.0,"EGB, ESO, Baccalaurate, Elementary Baccalaurate",1,0, , ,0,0,0,0,0,2.0,0.0,0.0,2.0,剔除,DKNA 信号命中+开放题全空无自证 → 自证门槛剔除
3651,CATI,David,常规,1,1,0,0,0,0,8.3,-0.7435654167534216,0.3942857142857143,1.4379440154440155,7.9205156475781875,3,2,Agree,2.0,Strongly agree,5.0,Disagree,2.0,Disagree,2.0,Disagree,2.0,Man,46.0,"University graduate (Diploma, Bachelor, Degree, Master, PhD)", ,88, , ,0,0,0,0,0,2.0,0.0,0.0,2.0,剔除,DUR低 信号命中+开放题全空无自证 → 自证门槛剔除
3686,CATI,Luna,常规,1,0,0,0,0,1,16.7,1.1861676277467923,0.2325581395348837,0.8481301068510371,,2,4,Agree,2.0,Agree,4.0,Agree,4.0,DK,,DK,,Woman,46.0,"COU, BUP, Higher Baccalaurate",2,88, , ,0,0,0,0,0,2.0,0.0,0.0,2.0,剔除,DKNA 信号命中+开放题全空无自证 → 自证门槛剔除
3697,CATI,María,常规,1,0,0,0,1,0,12.7,0.4304335720401559,0.2685714285714285,0.979469111969112,3.75059444897215,8,2,Agree,2.0,Agree,4.0,Strongly agree,5.0,Strongly agree,5.0,Strongly agree,5.0,Woman,55.0,"University graduate (Diploma, Bachelor, Degree, Master, PhD)",6,"LA VIOLENCIA, LA BRECHA SALARIAL","1, 2",9,0,1,0,0,1,1.0,0.0,0.0,1.0,保留,LS 单字段具体议题自证+作答模式合理 → 保留
3743,CATI,María,常规,1,0,0,0,1,0,12.7,0.4304335720401559,0.2685714285714285,0.979469111969112,3.0420325545062985,6,2,Strongly agree,1.0,Agree,4.0,Agree,4.0,Agree,4.0,Agree,4.0,Man,69.0,"EGB, ESO, Baccalaurate, Elementary Baccalaurate","A TRAVES DE LA SEXTA, , , 1",0,88,7,1,0,0,0,1,2.0,0.0,0.0,2.0,剔除,LS 唯一开放字段为泛词/编码（0）无实质自证 → 门槛剔除
3779,CATI,María,常规,1,0,0,0,1,0,13.6,0.6194115726798094,0.2685714285714285,0.979469111969112,7.894897273245776,7,2,Strongly disagree,5.0,Strongly agree,5.0,Agree,4.0,Disagree,2.0,Disagree,2.0,Woman,64.0,"COU, BUP, Higher Baccalaurate","ESPEJO PUBLICO, RADIO NACIONAL , , 1",LAS VIOLACIONES ACOSO ABUSO VIOLACIONES, ,7,1,1,0,0,2,0.0,0.0,0.0,0.0,保留,LS 开放题自证充分（≥2字段）→ 保留
3804,CATI,Daniel,常规,1,1,0,0,0,0,7.9,-0.8798943808324479,0.293859649122807,1.0716942271218588,4.8933895770116855,4,0,Agree,2.0,Disagree,2.0,Disagree,2.0,Disagree,2.0,Strongly disagree,1.0,Man,39.0,"University graduate (Diploma, Bachelor, Degree, Master, PhD)", ,0, , ,0,0,0,0,0,2.0,0.0,0.0,2.0,剔除,DUR低 信号命中+开放题全空无自证 → 自证门槛剔除
3865,CATI,Eva,常规,1,0,0,1,0,0,9.6,-0.3419498758673306,0.25,0.9117398648648648,14.15705865800307,2,0,Disagree,4.0,Strongly disagree,1.0,Agree,4.0,Strongly agree,5.0,Strongly agree,5.0,Woman,29.0,"EGB, ESO, Baccalaurate, Elementary Baccalaurate","2, 3",INDEPENDENCIA,1,10,0,1,0,0,1,1.0,0.0,0.0,1.0,保留,MD 单字段具体议题自证+作答模式合理 → 保留
3929,CATI,David,常规,1,0,0,0,0,1,14.0,0.6994200849963242,0.3942857142857143,1.4379440154440155,,2,7,Agree,2.0,Disagree,2.0,Agree,4.0,Agree,4.0,DK,,Woman,66.0,No schooling (or less than 5 years of schooling),5,0,1,10,0,0,0,0,0,2.0,0.0,0.0,2.0,剔除,DKNA 信号命中+开放题全空无自证 → 自证门槛剔除
3951,CATI,Luna,常规,1,0,0,1,0,0,18.9,1.5277388927064572,0.2325581395348837,0.8481301068510371,21.79248446926894,2,1,Strongly disagree,5.0,Strongly agree,5.0,Strongly disagree,1.0,Strongly agree,5.0,Strongly agree,5.0,Woman,58.0,"FP2, Higher Vocational Training, Conservatoire 10 years","SOBRE TODO WASSPP, , , 2",TODO LO QUE SE PLANTE ES POSITIVO Y FORMA PARTE AVANZAR EN ESTE TEMA,"HUELGA TOTAL TODO EL DIA, , , 1, 2","1, 2, 3, 4, 10",1,1,1,0,3,0.0,0.0,0.0,0.0,保留,MD 开放题自证充分（≥2字段）→ 保留
4064,CATI,Alejandro,常规,1,0,0,0,1,0,8.9,-0.5509221058409594,0.3630952380952381,1.3241936132561132,2.785154707081306,6,0,Disagree,4.0,Strongly agree,5.0,Strongly agree,5.0,Strongly agree,5.0,Strongly agree,5.0,Woman,52.0,"FP1, Intermediate Vocational Training","1, 2, 3, 6","TODAS , VIOLENCIADE GENERO","1, 2, 8, 9",9,0,1,0,0,1,1.0,0.0,0.0,1.0,保留,LS 单字段具体议题自证+作答模式合理 → 保留
4097,CATI,Daniel,常规,1,0,0,1,0,0,22.3,1.9843278301451823,0.293859649122807,1.0716942271218588,12.08745863107072,4,1,Strongly agree,1.0,Agree,4.0,Disagree,2.0,Strongly agree,5.0,Strongly agree,5.0,Woman,,"University graduate (Diploma, Bachelor, Degree, Master, PhD)","2, 5, 7",IGUALDAD, , ,0,1,0,0,1,2.0,0.0,0.0,2.0,剔除,MD 唯一开放字段为泛词/编码（IGUALDAD）无实质自证 → 门槛剔除
4142,CATI,David,常规,1,0,0,0,0,1,13.4,0.5785204483771985,0.3942857142857143,1.4379440154440155,,5,8,DK,,Agree,4.0,Agree,4.0,Neither agree nor disagree,3.0,Disagree,2.0,Man,52.0,"University graduate (Diploma, Bachelor, Degree, Master, PhD)",3,88, , ,0,0,0,0,0,2.0,0.0,0.0,2.0,剔除,DKNA 信号命中+开放题全空无自证 → 自证门槛剔除
4157,CATI,Daniel,常规,1,0,0,0,1,0,13.5,0.5990417355252803,0.293859649122807,1.0716942271218588,7.666743679450815,6,2,Disagree,4.0,Agree,4.0,Strongly agree,5.0,Disagree,2.0,Strongly disagree,1.0,Man,43.0,"EGB, ESO, Baccalaurate, Elementary Baccalaurate",SU EMPRESA POR EL DERECHO A HUELGA,"LOS HOMBRES TAMBIEN SOMOS MALTRATADOS, EL FEMINISMO ESTA POLITIZADO", ,8,1,1,0,0,2,0.0,0.0,0.0,0.0,保留,LS 开放题自证充分（≥2字段）→ 保留
4158,CATI,María,常规,1,1,0,0,0,0,7.3,-1.0979103270469086,0.2685714285714285,0.979469111969112,4.71639304129456,3,0,Agree,2.0,Disagree,2.0,Disagree,2.0,Neither agree nor disagree,3.0,Disagree,2.0,Woman,33.0,"University graduate (Diploma, Bachelor, Degree, Master, PhD)", ,88, , ,0,0,0,0,0,2.0,0.0,1.0,3.0,剔除,DUR低 信号命中+开放题全空无自证 → 自证门槛剔除
4166,CATI,Daniel,常规,1,1,0,0,0,0,7.9,-0.8798943808324479,0.293859649122807,1.0716942271218588,7.613096956507011,4,1,Agree,2.0,Neither agree nor disagree,3.0,Agree,4.0,Disagree,2.0,Agree,4.0,Woman,34.0,, ,99, , ,0,0,0,0,0,2.0,0.0,0.0,2.0,剔除,DUR低 信号命中+开放题全空无自证 → 自证门槛剔除
4308,CATI,Victoria,常规,1,0,0,1,0,0,15.8,1.0332614342158155,0.2201834862385321,0.8030002479543764,14.42540050834973,4,2,Disagree,4.0,Disagree,2.0,Strongly agree,5.0,Disagree,2.0,Agree,4.0,Woman,30.0,Primary school (or has attended school for 5 years or more), ,0, , ,0,0,0,0,0,2.0,0.0,0.0,2.0,剔除,MD 信号命中+开放题全空无自证 → 自证门槛剔除
4310,CATI,Alejandro,常规,1,1,0,0,0,0,8.2,-0.7770215888899347,0.3630952380952381,1.3241936132561132,3.084666447761618,5,0,Disagree,4.0,Agree,4.0,Agree,4.0,Strongly agree,5.0,Strongly agree,5.0,Woman,25.0,"FP2, Higher Vocational Training, Conservatoire 10 years",2,99,1, ,0,0,0,0,0,2.0,0.0,0.0,2.0,剔除,DUR低 信号命中+开放题全空无自证 → 自证门槛剔除
4389,CATI,Luna,常规,1,0,0,0,1,0,9.0,-0.5200826743145736,0.2325581395348837,0.8481301068510371,3.290817454810447,6,0,Agree,2.0,Agree,4.0,Agree,4.0,Agree,4.0,Disagree,2.0,Man,46.0,"FP1, Intermediate Vocational Training", ,"VIOLENCIA, IGUALDAD LABORAL", , ,0,1,0,0,1,1.0,0.0,0.0,1.0,保留,LS 单字段具体议题自证+作答模式合理 → 保留
4405,CATI,Daniel,常规,1,1,0,0,0,0,8.2,-0.7770215888899347,0.293859649122807,1.0716942271218588,3.7427191972620255,5,0,Disagree,4.0,Agree,4.0,Agree,4.0,Agree,4.0,Disagree,2.0,Man,27.0,"FP2, Higher Vocational Training, Conservatoire 10 years", ,88, , ,0,0,0,0,0,2.0,0.0,0.0,2.0,剔除,DUR低 信号命中+开放题全空无自证 → 自证门槛剔除
4420,CATI,Eva,常规,1,0,0,1,0,0,9.5,-0.3708517148909659,0.25,0.9117398648648648,18.637309874444583,4,0,Strongly disagree,5.0,Strongly agree,5.0,Strongly disagree,1.0,Agree,4.0,Agree,4.0,Man,26.0,"COU, BUP, Higher Baccalaurate",2,0,88, ,0,0,0,0,0,2.0,0.0,0.0,2.0,剔除,MD 信号命中+开放题全空无自证 → 自证门槛剔除
4483,CATI,David,常规,1,1,0,0,0,0,8.2,-0.7770215888899347,0.3942857142857143,1.4379440154440155,2.0998777685195043,3,0,Agree,2.0,Strongly agree,5.0,Agree,4.0,Agree,4.0,Agree,4.0,Man,34.0,"FP2, Higher Vocational Training, Conservatoire 10 years","1, 5, 6",0,9, ,0,0,0,0,0,2.0,0.0,0.0,2.0,剔除,DUR低 信号命中+开放题全空无自证 → 自证门槛剔除
4502,CATI,David,常规,1,0,0,0,0,1,9.4,-0.4000593991591736,0.3942857142857143,1.4379440154440155,0.5423273737530098,4,5,Neither agree nor disagree,3.0,Agree,4.0,Agree,4.0,Agree,4.0,Agree,4.0,Woman,58.0,"COU, BUP, Higher Baccalaurate", ,88, , ,0,0,0,0,0,2.0,0.0,0.0,2.0,剔除,DKNA 信号命中+开放题全空无自证 → 自证门槛剔除
4528,CATI,Daniel,常规,1,0,0,0,0,1,10.6,-0.0684490351670249,0.293859649122807,1.0716942271218588,,3,5,Agree,2.0,Strongly agree,5.0,Agree,4.0,Agree,4.0,DK,,Man,79.0,, ,88, , ,0,0,0,0,0,2.0,0.0,0.0,2.0,剔除,DKNA 信号命中+开放题全空无自证 → 自证门槛剔除
4666,CATI,María,常规,1,1,0,0,0,0,7.9,-0.8798943808324479,0.2685714285714285,0.979469111969112,6.852377250722918,3,0,Agree,2.0,Agree,4.0,Disagree,2.0,Strongly disagree,1.0,Strongly disagree,1.0,Man,52.0,"University graduate (Diploma, Bachelor, Degree, Master, PhD)", ,0, , ,0,0,0,0,0,2.0,0.0,0.0,2.0,剔除,DUR低 信号命中+开放题全空无自证 → 自证门槛剔除
4691,CATI,Luna,常规,1,0,0,1,0,0,13.8,0.6597057249011876,0.2325581395348837,0.8481301068510371,19.389247068924927,3,3,Strongly disagree,5.0,Strongly disagree,1.0,Strongly agree,5.0,Agree,4.0,Disagree,2.0,Man,62.0,"FP2, Higher Vocational Training, Conservatoire 10 years","1, 5, 6",TODAS SON IMPORTANTES, , ,0,1,0,0,1,2.0,0.0,0.0,2.0,剔除,MD 唯一开放字段为泛词/编码（TODAS SON IMPORTANTE）无实质自证 → 门槛剔除
4726,CATI,David,常规,1,1,0,0,0,0,7.6,-0.9867503216521336,0.3942857142857143,1.4379440154440155,,3,1,Agree,2.0,Agree,4.0,Agree,4.0,Agree,4.0,DK,,Man,33.0,"FP2, Higher Vocational Training, Conservatoire 10 years", ,0,88, ,0,0,0,0,0,2.0,0.0,0.0,2.0,剔除,DUR低 信号命中+开放题全空无自证 → 自证门槛剔除
4732,CATI,María,常规,1,0,0,0,1,0,12.8,0.4520815293410788,0.2685714285714285,0.979469111969112,,6,2,Agree,2.0,DK,,Agree,4.0,Agree,4.0,Agree,4.0,Woman,31.0,"University graduate (Diploma, Bachelor, Degree, Master, PhD)", ,EL RESPETO HACIA LAS MUJERES, , ,0,1,0,0,1,1.0,0.0,0.0,1.0,保留,LS 单字段具体议题自证+作答模式合理 → 保留
4784,CATI,Eva,常规,1,1,0,0,0,0,7.7,-0.9506700640001242,0.25,0.9117398648648648,3.290817454810447,3,0,Agree,2.0,Agree,4.0,Agree,4.0,Agree,4.0,Disagree,2.0,Man,30.0,"University graduate (Diploma, Bachelor, Degree, Master, PhD)", ,TODAS EN GENERAL, , ,0,1,0,0,1,2.0,0.0,0.0,2.0,剔除,DUR低 唯一开放字段为泛词/编码（TODAS EN GENERAL）无实质自证 → 门槛剔除
4833,CATI,Eva,常规,1,0,0,0,0,1,11.5,0.156479921822499,0.25,0.9117398648648648,3.290817454810447,4,4,Agree,2.0,Agree,4.0,Agree,4.0,Agree,4.0,Disagree,2.0,Man,44.0,"EGB, ESO, Baccalaurate, Elementary Baccalaurate",6,88, ,9,0,0,0,0,0,2.0,0.0,0.0,2.0,剔除,DKNA 信号命中+开放题全空无自证 → 自证门槛剔除
4918,CATI,Juana,常规,1,0,0,0,0,1,11.8,0.2275593967913538,0.1666666666666666,0.6078265765765766,6.343052898119463,4,4,Agree,2.0,Agree,4.0,Strongly agree,5.0,Disagree,2.0,Strongly disagree,1.0,Woman,55.0,"COU, BUP, Higher Baccalaurate",BOCA BOCA,NO SABRIA CONTESTAR, , ,1,1,0,0,2,0.0,0.0,0.0,0.0,保留,DKNA 开放题自证充分（≥2字段）→ 保留
4937,CATI,Eva,常规,1,0,0,0,0,1,11.6,0.180377044322026,0.25,0.9117398648648648,,2,4,DK,,Strongly disagree,1.0,Strongly agree,5.0,DK,,Agree,4.0,Woman,85.0,Primary school (or has attended school for 5 years or more), ,88, , ,0,0,0,0,0,2.0,0.0,0.0,2.0,剔除,DKNA 信号命中+开放题全空无自证 → 自证门槛剔除
4982,CATI,Daniel,常规,1,1,0,0,0,0,7.2,-1.1359812810757408,0.293859649122807,1.0716942271218588,3.290817454810447,3,3,Agree,2.0,Agree,4.0,Agree,4.0,Agree,4.0,Disagree,2.0,Woman,46.0,"COU, BUP, Higher Baccalaurate", ,0, , ,0,0,0,0,0,2.0,0.0,1.0,3.0,剔除,DUR低 信号命中+开放题全空无自证 → 自证门槛剔除
5002,CATI,Alejandro,常规,1,0,0,1,0,0,11.0,0.0337885938669634,0.3630952380952381,1.3241936132561132,15.73451875300271,3,0,Neither agree nor disagree,3.0,Strongly disagree,1.0,Strongly agree,5.0,Strongly agree,5.0,Strongly agree,5.0,Man,57.0,Primary school (or has attended school for 5 years or more),2,NINGUNA, , ,0,1,0,0,1,2.0,0.0,0.0,2.0,剔除,MD 唯一开放字段为泛词/编码（NINGUNA）无实质自证 → 门槛剔除
5029,CATI,María,常规,1,0,0,0,0,1,12.3,0.3421028209499204,0.2685714285714285,0.979469111969112,1.4343948882889388,4,5,Agree,2.0,Agree,4.0,Neither agree nor disagree,3.0,Neither agree nor disagree,3.0,Neither agree nor disagree,3.0,Woman,71.0,"EGB, ESO, Baccalaurate, Elementary Baccalaurate", ,88, , ,0,0,0,0,0,2.0,0.0,0.0,2.0,剔除,DKNA 信号命中+开放题全空无自证 → 自证门槛剔除
5058,CATI,Eva,常规,1,0,0,1,0,0,10.2,-0.1746198325286013,0.25,0.9117398648648648,12.438413764578536,5,0,Strongly disagree,5.0,Strongly agree,5.0,Disagree,2.0,Strongly agree,5.0,Agree,4.0,Man,32.0,"FP1, Intermediate Vocational Training","1, 2",88,1,7,0,0,0,0,0,2.0,0.0,0.0,2.0,剔除,MD 信号命中+开放题全空无自证 → 自证门槛剔除
5089,CATI,Eva,常规,1,0,0,0,0,1,15.9,1.05067537467283,0.25,0.9117398648648648,,2,7,Agree,2.0,Strongly agree,5.0,Strongly agree,5.0,DK,,DK,,Woman,41.0,Primary school (or has attended school for 5 years or more), ,88, , ,0,0,0,0,0,2.0,0.0,0.0,2.0,剔除,DKNA 信号命中+开放题全空无自证 → 自证门槛剔除
5157,CATI,María,常规,1,0,0,0,1,0,9.3,-0.429579471001346,0.2685714285714285,0.979469111969112,1.3137918149468455,7,0,Disagree,4.0,Agree,4.0,Agree,4.0,Agree,4.0,Agree,4.0,Man,48.0,"FP1, Intermediate Vocational Training",6,LA IGUALDAD REAL,1, ,0,1,0,0,1,1.0,0.0,0.0,1.0,保留,LS 单字段具体议题自证+作答模式合理 → 保留
5250,CAWI,Autoadministrado CAWI,常规,1,1,0,0,0,0,6.3,-0.7703946777509816,0.2491467576791808,0.9086281247117424,8.56987759697992,3,0,Strongly agree,1.0,Agree,4.0,Disagree,2.0,Agree,4.0,Disagree,2.0,Man,18.0,"EGB, ESO, Baccalaurate, Elementary Baccalaurate","TELEVISION, PERIODICOS DIGITALES, CONVERSACIONES CON AMIGOS",ACTUALIZAR LA LEY DE VIOLENCIA DE GENERO A UNA QUE NO RALENTICE EL SISTEMA JUDICIAL, , ,1,1,0,0,2,0.0,0.0,0.0,0.0,保留,DUR低 开放题自证充分（≥2字段）→ 保留
5326,CATI,Raúl,常规,1,1,0,0,0,0,8.3,-0.7435654167534216,0.3050847457627119,1.1126316994961063,5.345288495736512,5,1,Agree,2.0,Strongly agree,5.0,Strongly agree,5.0,Agree,4.0,Disagree,2.0,Woman,50.0,"COU, BUP, Higher Baccalaurate",1,TODAS SON IMPORTANTES, , ,0,1,0,0,1,2.0,0.0,0.0,2.0,剔除,DUR低 唯一开放字段为泛词/编码（TODAS SON IMPORTANTE）无实质自证 → 门槛剔除
5358,CATI,Alejandro,常规,1,0,0,0,0,1,11.1,0.0587670485671246,0.3630952380952381,1.3241936132561132,3.0420325545062985,5,10,Strongly agree,1.0,Agree,4.0,Agree,4.0,Agree,4.0,Agree,4.0,Woman,73.0,Primary school (or has attended school for 5 years or more),1,TODAS EN GENERAL,88, ,0,1,0,0,1,2.0,0.0,0.0,2.0,剔除,DKNA 唯一开放字段为泛词/编码（TODAS EN GENERAL）无实质自证 → 门槛剔除
5445,CATI,David,常规,1,0,0,0,0,1,8.6,-0.6455633914987452,0.3942857142857143,1.4379440154440155,,4,5,DK,,Agree,4.0,Strongly agree,5.0,Strongly agree,5.0,Agree,4.0,Woman,30.0,"University graduate (Diploma, Bachelor, Degree, Master, PhD)",1,0,1, ,0,0,0,0,0,2.0,0.0,0.0,2.0,剔除,DKNA 信号命中+开放题全空无自证 → 自证门槛剔除
5455,CATI,Daniel,常规,1,0,0,0,1,0,9.6,-0.3419498758673306,0.293859649122807,1.0716942271218588,1.3137918149468455,6,2,Disagree,4.0,Agree,4.0,Agree,4.0,Agree,4.0,Agree,4.0,Man,59.0,"COU, BUP, Higher Baccalaurate", ,88, , ,0,0,0,0,0,2.0,2.0,0.0,4.0,剔除,LS 信号命中+开放题全空无自证 → 自证门槛剔除
5609,CATI,Alejandro,常规,1,1,0,0,0,0,7.2,-1.1359812810757408,0.3630952380952381,1.3241936132561132,1.3137918149468455,5,0,Disagree,4.0,Agree,4.0,Agree,4.0,Agree,4.0,Agree,4.0,Man,31.0,"University graduate (Diploma, Bachelor, Degree, Master, PhD)", ,88, , ,0,0,0,0,0,2.0,2.0,1.0,5.0,剔除,DUR低 信号命中+开放题全空无自证 → 自证门槛剔除
5637,CATI,Luna,常规,1,0,0,1,0,0,17.2,1.2675924235495195,0.2325581395348837,0.8481301068510371,13.579556584591426,4,1,Agree,2.0,Strongly disagree,1.0,Strongly agree,5.0,Agree,4.0,Agree,4.0,Man,58.0,"FP2, Higher Vocational Training, Conservatoire 10 years",1,"PROTECCION DE LA MUJER ANTE EL MALTRATO, MAS PROTECCION SOCIAL",ESTA EN UNA ALDEA AYUDAR EN LA MOVILIZACION EN EL PUEBLO,7,0,1,1,0,2,0.0,0.0,0.0,0.0,保留,MD 开放题自证充分（≥2字段）→ 保留
5678,CATI,Luna,常规,1,0,0,1,0,0,14.3,0.7579403069581939,0.2325581395348837,0.8481301068510371,15.753310317049603,3,2,Strongly disagree,5.0,Agree,4.0,Strongly disagree,1.0,Agree,4.0,Agree,4.0,Woman,24.0,"FP2, Higher Vocational Training, Conservatoire 10 years",2,"IGUALDAD, EQUIDAD",MI OPINION POR LAS REDES PARA APOYAR A OTRAS PERSONAS, ,0,1,1,0,2,0.0,0.0,0.0,0.0,保留,MD 开放题自证充分（≥2字段）→ 保留
5692,CATI,David,常规,1,0,0,0,1,0,11.2,0.0835214782351577,0.3942857142857143,1.4379440154440155,,7,2,DK,,Strongly agree,5.0,Strongly agree,5.0,Agree,4.0,Agree,4.0,Man,50.0,"EGB, ESO, Baccalaurate, Elementary Baccalaurate","1, 8",TODAS,1, ,0,1,0,0,1,2.0,0.0,0.0,2.0,剔除,LS 唯一开放字段为泛词/编码（TODAS）无实质自证 → 门槛剔除
5766,CATI,Eva,常规,1,0,0,1,0,0,10.6,-0.0684490351670249,0.25,0.9117398648648648,15.741485389640916,3,1,Disagree,4.0,Strongly disagree,1.0,Strongly agree,5.0,Strongly agree,5.0,Agree,4.0,Woman,27.0,"FP1, Intermediate Vocational Training",CORREO ELECTRONICO,88,88, ,1,0,0,0,1,2.0,0.0,0.0,2.0,剔除,MD 唯一开放字段为泛词/编码（88）无实质自证 → 门槛剔除
5836,CATI,Raúl,常规,1,0,0,1,0,0,21.7,1.909047698149407,0.3050847457627119,1.1126316994961063,14.98613938663379,3,1,Neither agree nor disagree,3.0,Disagree,2.0,Strongly disagree,1.0,Strongly agree,5.0,Agree,4.0,Man,60.0,"EGB, ESO, Baccalaurate, Elementary Baccalaurate","1, 2, 3, 5, 6","TRABAJO, LAS MUJERES TIENEN QUE TENER TODOS LOS DERECHOS",CONVERSAR CON GENTE SOBRE EL TEMA. NO FUE A LA MANIFESTACION. LE PARECIO BIEN LAS MANIFESTACIONES,SE HA MANIFESTADO POR LA SANIDAD Y POR EL TREN MADRID-BURGOS,0,1,1,1,3,0.0,0.0,0.0,0.0,保留,MD 开放题自证充分（≥2字段）→ 保留
5918,CATI,Victoria,常规,1,0,1,0,0,0,33.7,3.1240040877833604,0.2201834862385321,0.8030002479543764,8.719453520779048,5,3,Neither agree nor disagree,3.0,Disagree,2.0,Strongly agree,5.0,Strongly agree,5.0,Agree,4.0,Man,56.0,Primary school (or has attended school for 5 years or more),1,88, , ,0,0,0,0,0,2.0,0.0,0.0,2.0,剔除,DUR高 信号命中+开放题全空无自证 → 自证门槛剔除
5973,CATI,María,常规,1,0,0,0,1,0,10.9,0.0085820222687157,0.2685714285714285,0.979469111969112,3.7427191972620255,6,1,Disagree,4.0,Agree,4.0,Agree,4.0,Agree,4.0,Disagree,2.0,Man,37.0,"University graduate (Diploma, Bachelor, Degree, Master, PhD)",1,0, , ,0,0,0,0,0,2.0,0.0,0.0,2.0,剔除,LS 信号命中+开放题全空无自证 → 自证门槛剔除
6006,CATI,David,常规,1,1,0,0,0,0,8.0,-0.8451756789460192,0.3942857142857143,1.4379440154440155,3.073607949088509,3,2,Agree,2.0,Strongly agree,5.0,Strongly agree,5.0,Strongly agree,5.0,Agree,4.0,Woman,21.0,"COU, BUP, Higher Baccalaurate", ,0,1,3,0,0,0,0,0,2.0,0.0,0.0,2.0,剔除,DUR低 信号命中+开放题全空无自证 → 自证门槛剔除
6023,CATI,Alejandro,常规,1,0,0,1,0,0,8.7,-0.6136543608863847,0.3630952380952381,1.3241936132561132,14.235644213264742,3,1,Strongly agree,1.0,Strongly agree,5.0,Disagree,2.0,Strongly agree,5.0,Strongly agree,5.0,Man,24.0,"FP1, Intermediate Vocational Training","2, 3",TODAS EN GENERAL,1, ,0,1,0,0,1,2.0,0.0,0.0,2.0,剔除,MD 唯一开放字段为泛词/编码（TODAS EN GENERAL）无实质自证 → 门槛剔除
6027,CATI,Rosa,常规,1,0,0,0,1,0,8.6,-0.6455633914987452,0.2105263157894736,0.7677809388335703,8.788607181417731,6,3,Disagree,4.0,Agree,4.0,Agree,4.0,Agree,4.0,Strongly disagree,1.0,Man,27.0,"University graduate (Diploma, Bachelor, Degree, Master, PhD)","1, 3",IGUALDAD DE OPORTUNIDADES, , ,0,1,0,0,1,1.0,0.0,0.0,1.0,保留,LS 单字段具体议题自证+作答模式合理 → 保留
6098,CATI,Daniel,常规,1,1,0,0,0,0,7.0,-1.2137357300519398,0.293859649122807,1.0716942271218588,5.086183615155139,3,0,Strongly agree,1.0,Agree,4.0,Agree,4.0,Agree,4.0,Disagree,2.0,Man,45.0,"University graduate (Diploma, Bachelor, Degree, Master, PhD)", ,IGUALDAD, , ,0,1,0,0,1,2.0,0.0,0.0,2.0,剔除,DUR低 唯一开放字段为泛词/编码（IGUALDAD）无实质自证 → 门槛剔除
6162,CATI,Alejandro,常规,1,1,0,0,0,0,6.8,-1.2937442423684553,0.3630952380952381,1.3241936132561132,2.989836509956907,2,3,Agree,2.0,Strongly agree,5.0,Strongly agree,5.0,Neither agree nor disagree,3.0,Neither agree nor disagree,3.0,Woman,53.0,"EGB, ESO, Baccalaurate, Elementary Baccalaurate","1, 2, 3",TODAS EN GENERAL,2, ,0,1,0,0,1,2.0,0.0,0.0,2.0,剔除,DUR低 唯一开放字段为泛词/编码（TODAS EN GENERAL）无实质自证 → 门槛剔除
6163,CATI,María,常规,1,0,0,0,0,1,13.7,0.6396321789183044,0.2685714285714285,0.979469111969112,,0,4,DK,,Disagree,2.0,Agree,4.0,,,,,Woman,76.0,"University graduate (Diploma, Bachelor, Degree, Master, PhD)", ,88, , ,0,0,0,0,0,2.0,0.0,0.0,2.0,剔除,DKNA 信号命中+开放题全空无自证 → 自证门槛剔除
6222,CATI,Raúl,常规,1,0,0,0,1,0,15.5,0.98035054096823,0.3050847457627119,1.1126316994961063,,9,2,DK,,DK,,Agree,4.0,Disagree,2.0,Disagree,2.0,Woman,75.0,"COU, BUP, Higher Baccalaurate","1, 6",0, , ,0,0,0,0,0,2.0,0.0,0.0,2.0,剔除,LS 信号命中+开放题全空无自证 → 自证门槛剔除
6231,CATI,María,常规,1,1,0,0,0,0,7.4,-1.0603573612727293,0.2685714285714285,0.979469111969112,3.290817454810447,3,0,Agree,2.0,Agree,4.0,Agree,4.0,Agree,4.0,Disagree,2.0,Woman,45.0,"University graduate (Diploma, Bachelor, Degree, Master, PhD)", ,APEPL DE LA MUEJR ENEL MUNDO LABORAL, , ,0,1,0,0,1,1.0,0.0,0.0,1.0,保留,DUR低 单字段具体议题自证+作答模式合理 → 保留
6280,CATI,Juana,常规,1,0,0,0,0,1,15.1,0.9081869427159198,0.1666666666666666,0.6078265765765766,,3,8,Strongly agree,1.0,Disagree,2.0,Disagree,2.0,Neither agree nor disagree,3.0,DK,,Woman,62.0,Primary school (or has attended school for 5 years or more), ,88, , ,0,0,0,0,0,2.0,0.0,0.0,2.0,剔除,DKNA 信号命中+开放题全空无自证 → 自证门槛剔除
6284,CATI,Eva,常规,1,0,0,0,0,1,15.9,1.05067537467283,0.25,0.9117398648648648,1.1184076202728268,4,4,Agree,2.0,Agree,4.0,Agree,4.0,Agree,4.0,Agree,4.0,Man,56.0,Primary school (or has attended school for 5 years or more), ,88, , ,0,0,0,0,0,2.0,0.0,0.0,2.0,剔除,DKNA 信号命中+开放题全空无自证 → 自证门槛剔除
6320,CATI,Rosa,常规,1,1,0,0,0,0,8.1,-0.8108882764442957,0.2105263157894736,0.7677809388335703,2.0998777685195043,3,0,Agree,2.0,Strongly agree,5.0,Agree,4.0,Agree,4.0,Agree,4.0,Woman,55.0,"EGB, ESO, Baccalaurate, Elementary Baccalaurate", ,88, , ,0,0,0,0,0,2.0,0.0,0.0,2.0,剔除,DUR低 信号命中+开放题全空无自证 → 自证门槛剔除
6419,CATI,Raúl,常规,1,0,0,1,0,0,9.9,-0.2570170082627587,0.3050847457627119,1.1126316994961063,16.204095466336778,2,1,Strongly disagree,5.0,Disagree,2.0,Disagree,2.0,Agree,4.0,Strongly disagree,1.0,Man,69.0,"University graduate (Diploma, Bachelor, Degree, Master, PhD)",2,TODAS EN GENERAL, , ,0,1,0,0,1,2.0,0.0,0.0,2.0,剔除,MD 唯一开放字段为泛词/编码（TODAS EN GENERAL）无实质自证 → 门槛剔除
6434,CATI,Daniel,常规,1,0,0,0,1,0,12.5,0.3866215345763152,0.293859649122807,1.0716942271218588,4.443694782048783,6,2,Strongly agree,1.0,Strongly agree,5.0,Strongly agree,5.0,Agree,4.0,Agree,4.0,Woman,43.0,"COU, BUP, Higher Baccalaurate","1, 6","PENSIONES, TRANSFOBIA, LGTBI",1,DESIGUALDAD LGTBI,0,1,0,1,2,0.0,0.0,0.0,0.0,保留,LS 开放题自证充分（≥2字段）→ 保留
6451,CATI,Alejandro,常规,1,0,0,0,0,1,10.5,-0.0946113202120852,0.3630952380952381,1.3241936132561132,8.765315668620463,3,4,Neither agree nor disagree,3.0,Strongly agree,5.0,Strongly agree,5.0,Strongly agree,5.0,Disagree,2.0,Man,29.0,"University graduate (Diploma, Bachelor, Degree, Master, PhD)","5, 6",88, , ,0,0,0,0,0,2.0,0.0,0.0,2.0,剔除,DKNA 信号命中+开放题全空无自证 → 自证门槛剔除
6628,CATI,David,常规,1,1,0,0,0,0,8.0,-0.8451756789460192,0.3942857142857143,1.4379440154440155,8.208446665077373,4,0,Agree,2.0,Agree,4.0,Agree,4.0,Agree,4.0,Strongly disagree,1.0,Man,31.0,"FP2, Higher Vocational Training, Conservatoire 10 years",6,88, , ,0,0,0,0,0,2.0,0.0,0.0,2.0,剔除,DUR低 信号命中+开放题全空无自证 → 自证门槛剔除
6652,CATI,Eva,常规,1,1,0,0,0,0,7.9,-0.8798943808324479,0.25,0.9117398648648648,7.2994572409967935,3,1,Disagree,4.0,Agree,4.0,Disagree,2.0,Disagree,2.0,Strongly disagree,1.0,Man,26.0,"EGB, ESO, Baccalaurate, Elementary Baccalaurate", ,0, , ,0,0,0,0,0,2.0,0.0,0.0,2.0,剔除,DUR低 信号命中+开放题全空无自证 → 自证门槛剔除
6682,CATI,Luna,常规,1,0,0,0,1,0,14.5,0.7962756510831925,0.2325581395348837,0.8481301068510371,1.3137918149468455,7,1,Disagree,4.0,Agree,4.0,Agree,4.0,Agree,4.0,Agree,4.0,Man,71.0,"EGB, ESO, Baccalaurate, Elementary Baccalaurate",1,IGUALDAD EN TODOS LOS ASPECTOS EN TRABAJO Y TODO LO DEMAS,88, ,0,1,0,0,1,1.0,0.0,0.0,1.0,保留,LS 单字段具体议题自证+作答模式合理 → 保留
6791,CATI,Rosa,常规,1,1,0,0,0,0,7.2,-1.1359812810757408,0.2105263157894736,0.7677809388335703,2.311434257663936,3,2,Neither agree nor disagree,3.0,Agree,4.0,Agree,4.0,Disagree,2.0,Disagree,2.0,Woman,43.0,"EGB, ESO, Baccalaurate, Elementary Baccalaurate", ,88, , ,0,0,0,0,0,2.0,0.0,1.0,3.0,剔除,DUR低 信号命中+开放题全空无自证 → 自证门槛剔除
6805,CATI,Luna,常规,1,0,0,0,1,0,19.2,1.571205939180934,0.2325581395348837,0.8481301068510371,1.3137918149468455,8,0,Disagree,4.0,Agree,4.0,Agree,4.0,Agree,4.0,Agree,4.0,Woman,51.0,"FP2, Higher Vocational Training, Conservatoire 10 years", ,IGUALDAD EN TODO,1, ,0,1,0,0,1,2.0,0.0,0.0,2.0,剔除,LS 唯一开放字段为泛词/编码（IGUALDAD EN TODO）无实质自证 → 门槛剔除
6832,CATI,Daniel,常规,1,1,0,0,0,0,7.1,-1.1745847132400753,0.293859649122807,1.0716942271218588,3.290817454810447,3,1,Agree,2.0,Agree,4.0,Agree,4.0,Agree,4.0,Disagree,2.0,Man,76.0,"COU, BUP, Higher Baccalaurate", ,0, , ,0,0,0,0,0,2.0,0.0,1.0,3.0,剔除,DUR低 信号命中+开放题全空无自证 → 自证门槛剔除
6913,CATI,Alejandro,常规,1,0,0,0,0,1,9.3,-0.429579471001346,0.3630952380952381,1.3241936132561132,2.181983340142372,5,4,Agree,2.0,Neither agree nor disagree,3.0,Agree,4.0,Agree,4.0,Agree,4.0,Man,19.0,"COU, BUP, Higher Baccalaurate",3,88, , ,0,0,0,0,0,2.0,0.0,0.0,2.0,剔除,DKNA 信号命中+开放题全空无自证 → 自证门槛剔除
6945,CATI,Victoria,常规,1,0,1,0,0,0,31.7,2.955137952906892,0.2201834862385321,0.8030002479543764,2.062839425519912,4,2,Agree,2.0,Agree,4.0,Strongly agree,5.0,Agree,4.0,Agree,4.0,Man,47.0,Primary school (or has attended school for 5 years or more), ,CONTRA VIOLENCIA HACIA LA MUJER,88, ,0,1,0,0,1,1.0,0.0,0.0,1.0,保留,DUR高 单字段具体议题自证+作答模式合理 → 保留
6946,CATI,Eva,常规,1,0,1,0,0,0,46.9,4.036272027367806,0.25,0.9117398648648648,4.047422517806941,3,0,Strongly disagree,5.0,Agree,4.0,Strongly agree,5.0,Agree,4.0,Agree,4.0,Man,62.0,"COU, BUP, Higher Baccalaurate",5,IGUALDAD SALARIAL Y PUESTOS DE TRABAJO,1,7,0,1,0,0,1,1.0,0.0,0.0,1.0,保留,DUR高 单字段具体议题自证+作答模式合理 → 保留
6967,CATI,Victoria,常规,1,0,0,0,1,0,12.2,0.3195712639337898,0.2201834862385321,0.8030002479543764,4.39313910516078,7,0,Strongly disagree,5.0,Strongly agree,5.0,Strongly agree,5.0,Strongly agree,5.0,Strongly agree,5.0,Woman,20.0,"COU, BUP, Higher Baccalaurate","COLEGIOS, , , 1, 2, 6",LE PARECEN TODAS IMPORTANTES,1,CONTRA DE LOS COLEGIOS PRIVADOS,1,1,0,1,3,0.0,0.0,0.0,0.0,保留,LS 开放题自证充分（≥2字段）→ 保留
7020,CAWI,Autoadministrado CAWI,常规,1,0,0,0,1,0,11.0,0.188665295574093,0.2491467576791808,0.9086281247117424,4.39313910516078,7,0,Strongly disagree,5.0,Strongly agree,5.0,Strongly agree,5.0,Strongly agree,5.0,Strongly agree,5.0,Woman,47.0,"University graduate (Diploma, Bachelor, Degree, Master, PhD)","REDES SOCIALES , CARTELERIA, RADIO","IGUALDAD, FEMINISMO","MANIFESTACION, CARRERA FEMINISTA","CONCENTRACIONES CONTRA ASESINATO MUJERES, CONCENTRACIONES CONTRA SENTENCIAS JUDICIALES",1,1,1,1,4,0.0,0.0,0.0,0.0,保留,LS 开放题自证充分（≥2字段）→ 保留
7022,CATI,Alejandro,常规,1,0,0,0,0,1,11.0,0.0337885938669634,0.3630952380952381,1.3241936132561132,7.158961867586321,4,5,Strongly agree,1.0,Strongly agree,5.0,Strongly agree,5.0,Disagree,2.0,Disagree,2.0,Woman,62.0,"COU, BUP, Higher Baccalaurate","1, 6","IGUALDAD SALARIAL, VIOLENCIA DE GENERO", ,10,0,1,0,0,1,1.0,0.0,0.0,1.0,保留,DKNA 单字段具体议题自证+作答模式合理 → 保留
7061,CATI,María,常规,1,1,0,0,0,0,7.5,-1.023308477393262,0.2685714285714285,0.979469111969112,3.7427191972620255,5,3,Disagree,4.0,Agree,4.0,Agree,4.0,Agree,4.0,Disagree,2.0,Man,21.0,"FP1, Intermediate Vocational Training", ,88, , ,0,0,0,0,0,2.0,0.0,1.0,3.0,剔除,DUR低 信号命中+开放题全空无自证 → 自证门槛剔除
7066,CATI,María,常规,1,1,0,0,0,0,8.0,-0.8451756789460192,0.2685714285714285,0.979469111969112,4.889556479069601,2,0,Strongly agree,1.0,Agree,4.0,Agree,4.0,Disagree,2.0,Strongly disagree,1.0,Man,39.0,"EGB, ESO, Baccalaurate, Elementary Baccalaurate", ,0, ,10,0,0,0,0,0,2.0,0.0,0.0,2.0,剔除,DUR低 信号命中+开放题全空无自证 → 自证门槛剔除
7134,CATI,David,常规,1,0,0,0,0,1,9.8,-0.2850385728707622,0.3942857142857143,1.4379440154440155,3.4328009438543354,4,4,Strongly disagree,5.0,Agree,4.0,Agree,4.0,Agree,4.0,Agree,4.0,Man,28.0,"University graduate (Diploma, Bachelor, Degree, Master, PhD)",6,88,"8, 9, 10", ,0,0,0,0,0,2.0,0.0,0.0,2.0,剔除,DKNA 信号命中+开放题全空无自证 → 自证门槛剔除
7165,CATI,Alejandro,常规,1,1,0,0,0,0,7.0,-1.2137357300519398,0.3630952380952381,1.3241936132561132,7.886033641675763,3,3,Disagree,4.0,Agree,4.0,Disagree,2.0,Agree,4.0,Disagree,2.0,Man,22.0,"COU, BUP, Higher Baccalaurate", ,88, , ,0,0,0,0,0,2.0,0.0,1.0,3.0,剔除,DUR低 信号命中+开放题全空无自证 → 自证门槛剔除
7226,CATI,María,常规,1,0,0,0,1,0,9.3,-0.429579471001346,0.2685714285714285,0.979469111969112,1.3137918149468455,7,0,Disagree,4.0,Agree,4.0,Agree,4.0,Agree,4.0,Agree,4.0,Woman,45.0,"University graduate (Diploma, Bachelor, Degree, Master, PhD)","EMAIL, , , 1, 5",LA IGUALDA EN LE TRABAJO,COMENTAR CON MI ENTONO, ,1,1,1,0,3,0.0,0.0,0.0,0.0,保留,LS 开放题自证充分（≥2字段）→ 保留
7233,CATI,Rosa,常规,1,1,0,0,0,0,8.1,-0.8108882764442957,0.2105263157894736,0.7677809388335703,5.212155498818432,5,0,Disagree,4.0,Agree,4.0,Strongly agree,5.0,Agree,4.0,Disagree,2.0,Man,27.0,"University graduate (Diploma, Bachelor, Degree, Master, PhD)","1, 2",88, , ,0,0,0,0,0,2.0,0.0,0.0,2.0,剔除,DUR低 信号命中+开放题全空无自证 → 自证门槛剔除
7300,CATI,Victoria,常规,1,0,0,1,0,0,10.1,-0.2018131599490489,0.2201834862385321,0.8030002479543764,17.58900095921966,5,0,Strongly agree,1.0,Agree,4.0,Strongly disagree,1.0,Agree,4.0,Strongly disagree,1.0,Man,42.0,"University graduate (Diploma, Bachelor, Degree, Master, PhD)",6,0, , ,0,0,0,0,0,2.0,0.0,0.0,2.0,剔除,MD 信号命中+开放题全空无自证 → 自证门槛剔除
7309,CATI,Daniel,常规,1,0,0,0,1,0,10.7,-0.0425324090075192,0.293859649122807,1.0716942271218588,4.39313910516078,6,1,Strongly disagree,5.0,Strongly agree,5.0,Strongly agree,5.0,Strongly agree,5.0,Strongly agree,5.0,Woman,48.0,"University graduate (Diploma, Bachelor, Degree, Master, PhD)",2,99,"1, 2, 9",2,0,0,0,0,0,2.0,2.0,0.0,4.0,剔除,LS 信号命中+开放题全空无自证 → 自证门槛剔除
7324,CATI,María,常规,1,0,0,1,0,0,9.0,-0.5200826743145736,0.2685714285714285,0.979469111969112,16.12329982134835,4,3,Agree,2.0,Strongly disagree,1.0,Strongly agree,5.0,Agree,4.0,Strongly agree,5.0,Woman,62.0,Primary school (or has attended school for 5 years or more), ,0, , ,0,0,0,0,0,2.0,0.0,0.0,2.0,剔除,MD 信号命中+开放题全空无自证 → 自证门槛剔除
7468,CATI,Tomas,常规,1,0,1,0,0,0,30.5,2.848625685743221,0.3103448275862069,1.1318150046598323,2.2775538540346503,4,0,Agree,2.0,Agree,4.0,Agree,4.0,Disagree,2.0,Disagree,2.0,Man,44.0,"EGB, ESO, Baccalaurate, Elementary Baccalaurate",9,"IGUALDAD EN EL SALARIO, IGUALDAD EN GENERAL", ,10,0,1,0,0,1,1.0,0.0,0.0,1.0,保留,DUR高 单字段具体议题自证+作答模式合理 → 保留
7527,CATI,Raúl,常规,1,0,0,1,0,0,10.5,-0.0946113202120852,0.3050847457627119,1.1126316994961063,13.90155460447863,4,0,Strongly disagree,5.0,Strongly agree,5.0,Disagree,2.0,Strongly agree,5.0,Strongly agree,5.0,Woman,34.0,"University graduate (Diploma, Bachelor, Degree, Master, PhD)","SINDICATOS, , , 3","IGUALDAD DE TRATO, SALARIO, JUSTICIA","1, 2","2, 3, 5",1,1,0,0,2,0.0,0.0,0.0,0.0,保留,MD 开放题自证充分（≥2字段）→ 保留
7579,CATI,María,常规,1,0,1,0,0,0,30.7,2.8666656219034774,0.2685714285714285,0.979469111969112,,5,1,,,Strongly agree,5.0,Strongly agree,5.0,Neither agree nor disagree,3.0,Neither agree nor disagree,3.0,Man,40.0,"FP2, Higher Vocational Training, Conservatoire 10 years",6,EL MALTRATO A LA MUJER, ,10,0,1,0,0,1,1.0,0.0,0.0,1.0,保留,DUR高 单字段具体议题自证+作答模式合理 → 保留
7622,CATI,Alejandro,常规,1,0,0,0,0,1,9.2,-0.4594186849386675,0.3630952380952381,1.3241936132561132,,5,4,DK,,Agree,4.0,Agree,4.0,Agree,4.0,Disagree,2.0,Man,19.0,"EGB, ESO, Baccalaurate, Elementary Baccalaurate",2,0,88, ,0,0,0,0,0,2.0,0.0,0.0,2.0,剔除,DKNA 信号命中+开放题全空无自证 → 自证门槛剔除
7639,CATI,María,常规,1,1,0,0,0,0,7.9,-0.8798943808324479,0.2685714285714285,0.979469111969112,5.212155498818432,2,1,Disagree,4.0,Agree,4.0,Strongly agree,5.0,Agree,4.0,Disagree,2.0,Woman,21.0,"EGB, ESO, Baccalaurate, Elementary Baccalaurate",1,0, , ,0,0,0,0,0,2.0,0.0,0.0,2.0,剔除,DUR低 信号命中+开放题全空无自证 → 自证门槛剔除
7664,CATI,Eva,常规,1,0,0,0,0,1,11.7,0.2040690387766568,0.25,0.9117398648648648,,5,9,Disagree,4.0,Agree,4.0,DK,,Agree,4.0,DK,,Woman,65.0,No schooling (or less than 5 years of schooling),3,88,1, ,0,0,0,0,0,2.0,1.0,0.0,3.0,剔除,DKNA 信号命中+开放题全空无自证 → 自证门槛剔除
7763,CATI,Raúl,常规,1,0,0,0,1,0,18.5,1.468697060536701,0.3050847457627119,1.1126316994961063,1.3137918149468455,7,0,Disagree,4.0,Agree,4.0,Agree,4.0,Agree,4.0,Agree,4.0,Woman,43.0,"COU, BUP, Higher Baccalaurate","1, 2",IGUALDAD,2, ,0,1,0,0,1,2.0,2.0,0.0,4.0,剔除,LS 唯一开放字段为泛词/编码（IGUALDAD）无实质自证 → 门槛剔除
7796,CATI,Luna,常规,1,0,0,0,1,0,12.8,0.4520815293410788,0.2325581395348837,0.8481301068510371,4.389775068253756,6,0,Agree,2.0,Disagree,2.0,Disagree,2.0,Disagree,2.0,Disagree,2.0,Man,33.0,"University graduate (Diploma, Bachelor, Degree, Master, PhD)",6,LABORAL, , ,0,1,0,0,1,1.0,2.0,0.0,3.0,剔除,LS 全同连击+自证不足（B=2）→ LS 从严细则剔除
7818,CATI,David,常规,1,1,0,0,0,0,7.2,-1.1359812810757408,0.3942857142857143,1.4379440154440155,3.290817454810447,3,1,Agree,2.0,Agree,4.0,Agree,4.0,Agree,4.0,Disagree,2.0,Man,34.0,"COU, BUP, Higher Baccalaurate", ,IGUALDAD, , ,0,1,0,0,1,2.0,0.0,0.0,2.0,剔除,DUR低 唯一开放字段为泛词/编码（IGUALDAD）无实质自证 → 门槛剔除
7822,CATI,María,常规,1,1,0,0,0,0,8.1,-0.8108882764442957,0.2685714285714285,0.979469111969112,6.994384924164882,3,0,Agree,2.0,Agree,4.0,Disagree,2.0,Agree,4.0,Disagree,2.0,Man,78.0,"University graduate (Diploma, Bachelor, Degree, Master, PhD)",1,0, , ,0,0,0,0,0,2.0,0.0,0.0,2.0,剔除,DUR低 信号命中+开放题全空无自证 → 自证门槛剔除
7897,CATI,Luna,常规,1,0,0,0,1,0,14.7,0.8340858369690917,0.2325581395348837,0.8481301068510371,1.3137918149468455,7,0,Disagree,4.0,Agree,4.0,Agree,4.0,Agree,4.0,Agree,4.0,Man,19.0,"FP1, Intermediate Vocational Training","1, 3",88, , ,0,0,0,0,0,2.0,2.0,0.0,4.0,剔除,LS 信号命中+开放题全空无自证 → 自证门槛剔除
7935,CATI,Eva,常规,1,0,0,0,1,0,11.9,0.2508515215738882,0.25,0.9117398648648648,7.562791838341565,7,0,Agree,2.0,Disagree,2.0,Disagree,2.0,Agree,4.0,Agree,4.0,Man,65.0,"University graduate (Diploma, Bachelor, Degree, Master, PhD)",3,0, , ,0,0,0,0,0,2.0,0.0,0.0,2.0,剔除,LS 信号命中+开放题全空无自证 → 自证门槛剔除
7954,CATI,Daniel,常规,1,1,0,0,0,0,8.1,-0.8108882764442957,0.293859649122807,1.0716942271218588,7.968886993359344,3,0,Agree,2.0,Strongly agree,5.0,Agree,4.0,Strongly disagree,1.0,Strongly disagree,1.0,Man,39.0,"FP2, Higher Vocational Training, Conservatoire 10 years","1, 3","IGUALDAD, DERECHOS DE LA MUJER", , ,0,1,0,0,1,1.0,0.0,0.0,1.0,保留,DUR低 单字段具体议题自证+作答模式合理 → 保留
7959,CATI,Daniel,常规,1,0,0,0,0,1,14.1,0.7190650106806803,0.293859649122807,1.0716942271218588,,3,4,,,Agree,4.0,Agree,4.0,DK,,Agree,4.0,Man,73.0,No schooling (or less than 5 years of schooling),1,"IGUALDAD, QUE DEJEN DE SER ESCLAVAS",SER FELIZ CON MI MUJER ESE DIA, ,0,1,1,0,2,0.0,1.0,0.0,1.0,保留,DKNA 开放题自证充分（≥2字段）→ 保留
8085,CATI,David,常规,1,1,0,0,0,0,8.4,-0.7105099269732518,0.3942857142857143,1.4379440154440155,4.389775068253756,5,1,Agree,2.0,Disagree,2.0,Disagree,2.0,Disagree,2.0,Disagree,2.0,Man,37.0,"University graduate (Diploma, Bachelor, Degree, Master, PhD)",3,0, ,10,0,0,0,0,0,2.0,2.0,0.0,4.0,剔除,DUR低 信号命中+开放题全空无自证 → 自证门槛剔除
8113,CATI,Alejandro,常规,1,0,0,0,0,1,10.6,-0.0684490351670249,0.3630952380952381,1.3241936132561132,3.75059444897215,4,6,Agree,2.0,Agree,4.0,Strongly agree,5.0,Strongly agree,5.0,Strongly agree,5.0,Woman,81.0,"EGB, ESO, Baccalaurate, Elementary Baccalaurate",1,TODAS EN GENERAL, , ,0,1,0,0,1,2.0,0.0,0.0,2.0,剔除,DKNA 唯一开放字段为泛词/编码（TODAS EN GENERAL）无实质自证 → 门槛剔除
8125,CATI,Juana,常规,1,0,0,0,1,0,13.1,0.5160249390888186,0.1666666666666666,0.6078265765765766,3.7427191972620255,6,0,Disagree,4.0,Agree,4.0,Agree,4.0,Agree,4.0,Disagree,2.0,Woman,68.0,"University graduate (Diploma, Bachelor, Degree, Master, PhD)",1,IGUALDAD ENTRE GENEROS, , ,0,1,0,0,1,1.0,0.0,0.0,1.0,保留,LS 单字段具体议题自证+作答模式合理 → 保留
8143,CATI,Victoria,常规,1,0,1,0,0,0,28.4,2.651726916856453,0.2201834862385321,0.8030002479543764,7.886033641675763,4,1,Disagree,4.0,Agree,4.0,Disagree,2.0,Agree,4.0,Disagree,2.0,Man,39.0,"FP2, Higher Vocational Training, Conservatoire 10 years","2, 4, 5, 6","EQUIPARACION SALARIAL. MISMO TRABAJO, MISMO SALARIO, TRABAJO EN EL HOGAR IMPORTANTE QUE DEBERIA ESTAR VALORADO, SINO REPARTIDO.",MANIFESTACION SANTANDER A LAS 19:00,10,0,1,1,0,2,0.0,0.0,0.0,0.0,保留,DUR高 开放题自证充分（≥2字段）→ 保留
8203,CATI,David,常规,1,1,0,0,0,0,8.4,-0.7105099269732518,0.3942857142857143,1.4379440154440155,4.090752560032606,4,0,Agree,2.0,Strongly agree,5.0,Agree,4.0,Strongly agree,5.0,Strongly agree,5.0,Woman,44.0,"FP2, Higher Vocational Training, Conservatoire 10 years",1,DERECHOS DE LA MUJER,1, ,0,1,0,0,1,1.0,0.0,0.0,1.0,保留,DUR低 单字段具体议题自证+作答模式合理 → 保留
8231,CATI,David,常规,1,0,0,0,1,0,8.6,-0.6455633914987452,0.3942857142857143,1.4379440154440155,3.7427191972620255,9,0,Disagree,4.0,Agree,4.0,Agree,4.0,Agree,4.0,Disagree,2.0,Man,51.0,"University graduate (Diploma, Bachelor, Degree, Master, PhD)","1, 3, 6",0, , ,0,0,0,0,0,2.0,0.0,0.0,2.0,剔除,LS 信号命中+开放题全空无自证 → 自证门槛剔除
8237,CATI,Alejandro,常规,1,0,0,0,0,1,10.4,-0.1210239658547875,0.3630952380952381,1.3241936132561132,,4,10,Agree,2.0,DK,,DK,,DK,,Strongly disagree,1.0,Woman,37.0,"EGB, ESO, Baccalaurate, Elementary Baccalaurate",9,99, , ,0,0,0,0,0,2.0,0.0,0.0,2.0,剔除,DKNA 信号命中+开放题全空无自证 → 自证门槛剔除
8331,CATI,David,常规,1,0,0,0,1,0,12.0,0.2739487308938359,0.3942857142857143,1.4379440154440155,4.39313910516078,9,0,Strongly disagree,5.0,Strongly agree,5.0,Strongly agree,5.0,Strongly agree,5.0,Strongly agree,5.0,Man,51.0,"University graduate (Diploma, Bachelor, Degree, Master, PhD)","3, 5, 6",VIOLENCIA MACHISTA,1, ,0,1,0,0,1,1.0,0.0,0.0,1.0,保留,LS 单字段具体议题自证+作答模式合理 → 保留
8493,CATI,Raúl,常规,1,1,0,0,0,0,8.3,-0.7435654167534216,0.3050847457627119,1.1126316994961063,7.346699061834667,3,0,Strongly agree,1.0,Strongly agree,5.0,Strongly agree,5.0,Agree,4.0,Disagree,2.0,Man,29.0,"EGB, ESO, Baccalaurate, Elementary Baccalaurate", ,88, , ,0,0,0,0,0,2.0,0.0,0.0,2.0,剔除,DUR低 信号命中+开放题全空无自证 → 自证门槛剔除
8522,CATI,Eva,常规,1,0,0,0,1,0,13.1,0.5160249390888186,0.25,0.9117398648648648,1.3137918149468455,8,1,Disagree,4.0,Agree,4.0,Agree,4.0,Agree,4.0,Agree,4.0,Woman,58.0,"EGB, ESO, Baccalaurate, Elementary Baccalaurate","1, 6",TODAS,1, ,0,1,0,0,1,2.0,2.0,0.0,4.0,剔除,LS 唯一开放字段为泛词/编码（TODAS）无实质自证 → 门槛剔除
8689,CATI,María,常规,1,1,0,0,0,0,7.1,-1.1745847132400753,0.2685714285714285,0.979469111969112,3.75059444897215,3,1,Agree,2.0,Agree,4.0,Strongly agree,5.0,Strongly agree,5.0,Strongly agree,5.0,Man,33.0,"EGB, ESO, Baccalaurate, Elementary Baccalaurate", ,88, , ,0,0,0,0,0,2.0,0.0,1.0,3.0,剔除,DUR低 信号命中+开放题全空无自证 → 自证门槛剔除
8705,CATI,David,常规,1,0,0,0,0,1,10.2,-0.1746198325286013,0.3942857142857143,1.4379440154440155,4.698556253020487,3,4,Agree,2.0,Agree,4.0,Disagree,2.0,Disagree,2.0,Disagree,2.0,Man,60.0,"EGB, ESO, Baccalaurate, Elementary Baccalaurate",5,0, , ,0,0,0,0,0,2.0,0.0,0.0,2.0,剔除,DKNA 信号命中+开放题全空无自证 → 自证门槛剔除
8713,CATI,David,常规,1,1,0,0,0,0,6.8,-1.2937442423684553,0.3942857142857143,1.4379440154440155,6.138401688683777,2,0,Agree,2.0,Disagree,2.0,Agree,4.0,Disagree,2.0,Strongly disagree,1.0,Man,32.0,"University graduate (Diploma, Bachelor, Degree, Master, PhD)", ,0, , ,0,0,0,0,0,2.0,0.0,1.0,3.0,剔除,DUR低 信号命中+开放题全空无自证 → 自证门槛剔除
8745,CATI,Eva,常规,1,0,0,0,1,0,10.1,-0.2018131599490489,0.25,0.9117398648648648,4.047315241019144,6,0,Strongly disagree,5.0,Strongly agree,5.0,Strongly agree,5.0,Strongly agree,5.0,Agree,4.0,Man,59.0,"FP2, Higher Vocational Training, Conservatoire 10 years", ,88, , ,0,0,0,0,0,2.0,0.0,0.0,2.0,剔除,LS 信号命中+开放题全空无自证 → 自证门槛剔除
8815,CATI,Raúl,常规,1,0,0,1,0,0,10.1,-0.2018131599490489,0.3050847457627119,1.1126316994961063,17.301364188021477,4,0,Strongly agree,1.0,Strongly agree,5.0,Strongly agree,5.0,Disagree,2.0,Strongly agree,5.0,Man,49.0,"University graduate (Diploma, Bachelor, Degree, Master, PhD)","1, 5",88, , ,0,0,0,0,0,2.0,0.0,0.0,2.0,剔除,MD 信号命中+开放题全空无自证 → 自证门槛剔除
8829,CATI,Raúl,常规,1,0,0,0,0,1,10.0,-0.2292770721848513,0.3050847457627119,1.1126316994961063,1.1184076202728268,4,7,Agree,2.0,Agree,4.0,Agree,4.0,Agree,4.0,Agree,4.0,Woman,53.0,,"1, 5",IGUALDAD ENTRE GENEROS, ,"1, 2, 3",0,1,0,0,1,1.0,0.0,0.0,1.0,保留,DKNA 单字段具体议题自证+作答模式合理 → 保留
8835,CATI,Eva,常规,1,1,0,0,0,0,8.1,-0.8108882764442957,0.25,0.9117398648648648,7.886033641675763,4,0,Disagree,4.0,Agree,4.0,Disagree,2.0,Agree,4.0,Disagree,2.0,Man,55.0,"COU, BUP, Higher Baccalaurate",1,0, , ,0,0,0,0,0,2.0,0.0,0.0,2.0,剔除,DUR低 信号命中+开放题全空无自证 → 自证门槛剔除
9003,CATI,Alejandro,常规,1,0,0,0,1,0,8.7,-0.6136543608863847,0.3630952380952381,1.3241936132561132,4.39313910516078,10,1,Strongly disagree,5.0,Strongly agree,5.0,Strongly agree,5.0,Strongly agree,5.0,Strongly agree,5.0,Woman,56.0,"University graduate (Diploma, Bachelor, Degree, Master, PhD)","1, 2, 3, 4, 6",TODAS EN GENERAL, , ,0,1,0,0,1,2.0,2.0,0.0,4.0,剔除,LS 唯一开放字段为泛词/编码（TODAS EN GENERAL）无实质自证 → 门槛剔除
9048,CATI,María,常规,1,0,0,1,0,0,10.8,-0.0168568712358862,0.2685714285714285,0.979469111969112,19.23031932008041,3,0,Disagree,4.0,Strongly disagree,1.0,Strongly agree,5.0,Strongly disagree,1.0,Strongly disagree,1.0,Man,28.0,"EGB, ESO, Baccalaurate, Elementary Baccalaurate", ,0, , ,0,0,0,0,0,2.0,0.0,0.0,2.0,剔除,MD 信号命中+开放题全空无自证 → 自证门槛剔除
9134,CATI,Daniel,常规,1,0,0,0,1,0,9.9,-0.2570170082627587,0.293859649122807,1.0716942271218588,2.2775538540346503,7,1,Agree,2.0,Agree,4.0,Agree,4.0,Disagree,2.0,Disagree,2.0,Woman,66.0,"University graduate (Diploma, Bachelor, Degree, Master, PhD)","1, 6",IGUALDAD EFECTIVA DE OPORTUNIDADES, , ,0,1,0,0,1,1.0,0.0,0.0,1.0,保留,LS 单字段具体议题自证+作答模式合理 → 保留
9188,CATI,Raúl,常规,1,1,0,0,0,0,7.2,-1.1359812810757408,0.3050847457627119,1.1126316994961063,5.858819452002162,4,0,Strongly agree,1.0,Disagree,2.0,Disagree,2.0,Neither agree nor disagree,3.0,Disagree,2.0,Man,59.0,"University graduate (Diploma, Bachelor, Degree, Master, PhD)",1,88, ,10,0,0,0,0,0,2.0,0.0,1.0,3.0,剔除,DUR低 信号命中+开放题全空无自证 → 自证门槛剔除
9227,CATI,Daniel,常规,1,0,0,0,1,0,9.1,-0.4895840169607086,0.293859649122807,1.0716942271218588,6.852377250722918,6,0,Agree,2.0,Agree,4.0,Disagree,2.0,Strongly disagree,1.0,Strongly disagree,1.0,Man,40.0,"COU, BUP, Higher Baccalaurate","1, 2, 5",IGUALDAD SALARIAL, , ,0,1,0,0,1,1.0,0.0,0.0,1.0,保留,LS 单字段具体议题自证+作答模式合理 → 保留
9282,CATI,David,常规,1,0,0,0,1,0,9.1,-0.4895840169607086,0.3942857142857143,1.4379440154440155,2.785154707081306,6,0,Disagree,4.0,Strongly agree,5.0,Strongly agree,5.0,Strongly agree,5.0,Strongly agree,5.0,Man,30.0,"University graduate (Diploma, Bachelor, Degree, Master, PhD)","1, 6, 8","BRECHA SALARIAL, TODAS","1, 8",10,0,1,0,0,1,1.0,0.0,0.0,1.0,保留,LS 单字段具体议题自证+作答模式合理 → 保留
9320,CAWI,Autoadministrado CAWI,常规,1,1,0,0,0,0,5.8,-0.9126875552513224,0.2491467576791808,0.9086281247117424,4.443694782048783,5,0,Strongly agree,1.0,Strongly agree,5.0,Strongly agree,5.0,Agree,4.0,Agree,4.0,Woman,33.0,"EGB, ESO, Baccalaurate, Elementary Baccalaurate",TELEVISION,EL SALARIO,MANIFESTACION DE LA MUJER,VICTIMA DE VIOLENCIA DE GENERO,1,1,1,1,4,0.0,0.0,0.0,0.0,保留,DUR低 开放题自证充分（≥2字段）→ 保留
9324,CATI,Rosa,常规,1,0,0,0,1,0,11.4,0.1323740881877214,0.2105263157894736,0.7677809388335703,1.3137918149468455,6,2,Disagree,4.0,Agree,4.0,Agree,4.0,Agree,4.0,Agree,4.0,Man,49.0,"FP1, Intermediate Vocational Training",1,TODO EN GENERAL,"1, 2", ,0,1,0,0,1,2.0,1.0,0.0,3.0,剔除,LS 唯一开放字段为泛词/编码（TODO EN GENERAL）无实质自证 → 门槛剔除
9367,CATI,María,常规,1,0,0,0,0,1,12.5,0.3866215345763152,0.2685714285714285,0.979469111969112,,3,9,DK,,Disagree,2.0,DK,,DK,,DK,,Woman,40.0,"EGB, ESO, Baccalaurate, Elementary Baccalaurate",POR SU HIJA,88, , ,1,0,0,0,1,2.0,1.0,0.0,3.0,剔除,DKNA 唯一开放字段为泛词/编码（88）无实质自证 → 门槛剔除
9394,CATI,Raúl,常规,1,1,0,0,0,0,8.3,-0.7435654167534216,0.3050847457627119,1.1126316994961063,5.763675083054641,3,0,Agree,2.0,Disagree,2.0,Disagree,2.0,Strongly disagree,1.0,Strongly disagree,1.0,Man,54.0,"University graduate (Diploma, Bachelor, Degree, Master, PhD)","1, 5, 6",0, , ,0,0,0,0,0,2.0,0.0,0.0,2.0,剔除,DUR低 信号命中+开放题全空无自证 → 自证门槛剔除
9402,CATI,Rosa,常规,1,0,0,0,0,1,12.4,0.3644519342070634,0.2105263157894736,0.7677809388335703,11.216302550835971,4,4,Disagree,4.0,Strongly disagree,1.0,Agree,4.0,Agree,4.0,Agree,4.0,Man,27.0,"EGB, ESO, Baccalaurate, Elementary Baccalaurate",1,88, , ,0,0,0,0,0,2.0,0.0,0.0,2.0,剔除,DKNA 信号命中+开放题全空无自证 → 自证门槛剔除
9506,CATI,Eva,常规,1,0,0,0,1,0,9.3,-0.429579471001346,0.25,0.9117398648648648,1.3137918149468455,7,3,Disagree,4.0,Agree,4.0,Agree,4.0,Agree,4.0,Agree,4.0,Woman,28.0,"University graduate (Diploma, Bachelor, Degree, Master, PhD)", ,88,88, ,0,0,0,0,0,2.0,1.0,0.0,3.0,剔除,LS 信号命中+开放题全空无自证 → 自证门槛剔除
9618,CATI,María,常规,1,0,0,0,1,0,9.1,-0.4895840169607086,0.2685714285714285,0.979469111969112,1.3137918149468455,6,1,Disagree,4.0,Agree,4.0,Agree,4.0,Agree,4.0,Agree,4.0,Woman,38.0,"COU, BUP, Higher Baccalaurate",1,LA IGUALDAD,1, ,0,1,0,0,1,2.0,2.0,0.0,4.0,剔除,LS 唯一开放字段为泛词/编码（LA IGUALDAD）无实质自证 → 门槛剔除
9677,CATI,María,常规,1,0,0,0,1,0,8.6,-0.6455633914987452,0.2685714285714285,0.979469111969112,3.591218138119019,7,0,Strongly agree,1.0,Agree,4.0,Agree,4.0,Disagree,2.0,Disagree,2.0,Man,50.0,"FP1, Intermediate Vocational Training","1, 5",0, , ,0,0,0,0,0,2.0,0.0,0.0,2.0,剔除,LS 信号命中+开放题全空无自证 → 自证门槛剔除
9703,CATI,María,常规,1,0,0,0,1,0,9.6,-0.3419498758673306,0.2685714285714285,0.979469111969112,5.730835662644737,7,0,Strongly agree,1.0,Disagree,2.0,Disagree,2.0,Disagree,2.0,Strongly disagree,1.0,Man,58.0,"COU, BUP, Higher Baccalaurate",1,0, , ,0,0,0,0,0,2.0,0.0,0.0,2.0,剔除,LS 信号命中+开放题全空无自证 → 自证门槛剔除
9719,CAWI,Autoadministrado CAWI,常规,1,0,0,0,1,0,18.0,1.0361008028633023,0.2491467576791808,0.9086281247117424,1.3137918149468455,8,0,Disagree,4.0,Agree,4.0,Agree,4.0,Agree,4.0,Agree,4.0,Woman,58.0,"FP1, Intermediate Vocational Training","REDES SOCIALES, NOTICIAS DIGITALES","VIOLENCIA MACHISTA, IGUALDAD DE CONDICIONES",99, ,1,1,0,0,2,0.0,0.0,0.0,0.0,保留,LS 开放题自证充分（≥2字段）→ 保留
9736,CATI,David,常规,1,1,0,0,0,0,8.2,-0.7770215888899347,0.3942857142857143,1.4379440154440155,3.4328009438543354,4,1,Strongly disagree,5.0,Agree,4.0,Agree,4.0,Agree,4.0,Agree,4.0,Woman,18.0,"COU, BUP, Higher Baccalaurate","1, 2, 6",TODAS EN GENERAL,1, ,0,1,0,0,1,2.0,0.0,0.0,2.0,剔除,DUR低 唯一开放字段为泛词/编码（TODAS EN GENERAL）无实质自证 → 门槛剔除
9783,CATI,Luna,常规,1,0,0,1,0,0,13.7,0.6396321789183044,0.2325581395348837,0.8481301068510371,11.96375997510468,5,0,Disagree,4.0,Strongly agree,5.0,Disagree,2.0,Strongly agree,5.0,Strongly agree,5.0,Woman,38.0,"University graduate (Diploma, Bachelor, Degree, Master, PhD)","1, 2, 5, 6","PODER CONSEGUIR LO QUE REALMENTE SE MANIFIESTA, SE NOS ESCUCHE Y SE VALORE","AYUDAR EN ELABORACION DE PROPUESTAS, , , 1","4, 10",0,1,1,0,2,0.0,0.0,0.0,0.0,保留,MD 开放题自证充分（≥2字段）→ 保留
9889,CATI,David,常规,1,1,0,0,0,0,7.2,-1.1359812810757408,0.3942857142857143,1.4379440154440155,7.698365849929967,3,0,Strongly agree,1.0,Disagree,2.0,Disagree,2.0,Strongly disagree,1.0,Disagree,2.0,Woman,65.0,"University graduate (Diploma, Bachelor, Degree, Master, PhD)", ,0, , ,0,0,0,0,0,2.0,0.0,1.0,3.0,剔除,DUR低 信号命中+开放题全空无自证 → 自证门槛剔除
9915,CATI,María,常规,1,0,0,0,1,0,11.4,0.1323740881877214,0.2685714285714285,0.979469111969112,,6,1,Strongly agree,1.0,,,Strongly disagree,1.0,Disagree,2.0,Disagree,2.0,Man,50.0,"EGB, ESO, Baccalaurate, Elementary Baccalaurate",POR MI MUJER,0, , ,1,0,0,0,1,2.0,0.0,0.0,2.0,剔除,LS 唯一开放字段为泛词/编码（0）无实质自证 → 门槛剔除
9983,CATI,Raúl,常规,1,0,0,0,0,1,18.7,1.498375845492791,0.3050847457627119,1.1126316994961063,,3,4,Agree,2.0,DK,,Agree,4.0,DK,,Agree,4.0,Man,52.0,"EGB, ESO, Baccalaurate, Elementary Baccalaurate","1, 5",IGUALDAD,88, ,0,1,0,0,1,2.0,0.0,0.0,2.0,剔除,DKNA 唯一开放字段为泛词/编码（IGUALDAD）无实质自证 → 门槛剔除
9994,CATI,Daniel,常规,1,1,0,0,0,0,6.8,-1.2937442423684553,0.293859649122807,1.0716942271218588,9.720862080882185,2,0,Strongly agree,1.0,Strongly agree,5.0,Disagree,2.0,Disagree,2.0,Strongly disagree,1.0,Man,44.0,"EGB, ESO, Baccalaurate, Elementary Baccalaurate", ,0, , ,0,0,0,0,0,2.0,0.0,1.0,3.0,剔除,DUR低 信号命中+开放题全空无自证 → 自证门槛剔除
10070,CATI,Daniel,常规,1,0,0,1,0,0,10.3,-0.1476918100929124,0.293859649122807,1.0716942271218588,11.902293989363445,4,1,Strongly agree,1.0,Strongly agree,5.0,Strongly agree,5.0,Strongly agree,5.0,Disagree,2.0,Man,29.0,"University graduate (Diploma, Bachelor, Degree, Master, PhD)","2, 3",DERECHOS DE LAS MUJERES,9, ,0,1,0,0,1,1.0,0.0,0.0,1.0,保留,MD 单字段具体议题自证+作答模式合理 → 保留
10100,CATI,Tomas,常规,1,0,0,0,0,1,23.8,2.1640073366221526,0.3103448275862069,1.1318150046598323,2.181983340142372,3,5,Agree,2.0,Neither agree nor disagree,3.0,Agree,4.0,Agree,4.0,Agree,4.0,Woman,79.0,Primary school (or has attended school for 5 years or more),1,"DESIGUALDAD LABORAL, IGUALDAD EN GENERAL", , ,0,1,0,0,1,1.0,0.0,0.0,1.0,保留,DKNA 单字段具体议题自证+作答模式合理 → 保留
10174,CATI,Alejandro,常规,1,0,0,0,0,1,10.6,-0.0684490351670249,0.3630952380952381,1.3241936132561132,9.91245548763863,2,5,Strongly agree,1.0,Disagree,2.0,Strongly agree,5.0,Disagree,2.0,Disagree,2.0,Man,65.0,Primary school (or has attended school for 5 years or more),1,TODAS EN GENERAL,88, ,0,1,0,0,1,2.0,0.0,0.0,2.0,剔除,DKNA 唯一开放字段为泛词/编码（TODAS EN GENERAL）无实质自证 → 门槛剔除
10227,CATI,Eva,常规,1,0,0,1,0,0,9.7,-0.3133475431547509,0.25,0.9117398648648648,16.900083061674486,2,1,Agree,2.0,Disagree,2.0,Agree,4.0,Strongly disagree,1.0,Agree,4.0,Man,50.0,"EGB, ESO, Baccalaurate, Elementary Baccalaurate",1,VIOLENCIA MACHISTA,1, ,0,1,0,0,1,1.0,0.0,0.0,1.0,保留,MD 单字段具体议题自证+作答模式合理 → 保留
10301,CATI,Luna,常规,1,0,1,0,0,0,28.3,2.6419911028578227,0.2325581395348837,0.8481301068510371,3.640021581929622,2,2,Agree,2.0,Agree,4.0,Agree,4.0,Disagree,2.0,Strongly disagree,1.0,Woman,65.0,"University graduate (Diploma, Bachelor, Degree, Master, PhD)",5,0,"LA VAN A DISTINGUIR EN UN ACTO INSTITUCIONAL DEL AYUNTAMIENTO EL VIERNES, SERAN DOS DIAS SEGUIDOS A NIVEL DE UNA ASOCIACION DE DISCAPACITADOS",MANIFESTACION EN CONTRA DE MIGUEL BLANCO Y CONTRA LA POBREZA,0,0,1,1,2,0.0,0.0,0.0,0.0,保留,DUR高 开放题自证充分（≥2字段）→ 保留
10311,CATI,Daniel,常规,1,0,0,0,1,0,18.3,1.438695673773645,0.293859649122807,1.0716942271218588,10.545105611774606,7,1,Strongly agree,1.0,Strongly disagree,1.0,Strongly disagree,1.0,Strongly disagree,1.0,Strongly disagree,1.0,Man,44.0,"University graduate (Diploma, Bachelor, Degree, Master, PhD)", ,88, ,10,0,0,0,0,0,2.0,2.0,0.0,4.0,剔除,LS 信号命中+开放题全空无自证 → 自证门槛剔除
10374,CATI,Daniel,常规,1,0,0,0,1,0,13.2,0.5370143969456508,0.293859649122807,1.0716942271218588,1.3137918149468455,7,2,Disagree,4.0,Agree,4.0,Agree,4.0,Agree,4.0,Agree,4.0,Man,47.0,"EGB, ESO, Baccalaurate, Elementary Baccalaurate",5,IGUALDAD SALARIAL, ,9,0,1,0,0,1,1.0,0.0,0.0,1.0,保留,LS 单字段具体议题自证+作答模式合理 → 保留
10432,CATI,Alejandro,常规,1,0,0,0,1,0,8.6,-0.6455633914987452,0.3630952380952381,1.3241936132561132,6.0464696391248,6,0,Strongly agree,1.0,Strongly agree,5.0,Strongly agree,5.0,Strongly agree,5.0,Strongly agree,5.0,Man,35.0,"FP2, Higher Vocational Training, Conservatoire 10 years","2, 6",IGUALDAD SALARIAL,2, ,0,1,0,0,1,1.0,0.0,0.0,1.0,保留,LS 单字段具体议题自证+作答模式合理 → 保留
10520,CATI,María,常规,1,1,0,0,0,0,7.9,-0.8798943808324479,0.2685714285714285,0.979469111969112,5.792347049575205,3,1,Strongly agree,1.0,Agree,4.0,Disagree,2.0,Disagree,2.0,Disagree,2.0,Woman,40.0,"EGB, ESO, Baccalaurate, Elementary Baccalaurate", ,0, ,88,0,0,0,0,0,2.0,0.0,0.0,2.0,剔除,DUR低 信号命中+开放题全空无自证 → 自证门槛剔除
10598,CATI,María,常规,1,1,0,0,0,0,6.7,-1.3346353666710655,0.2685714285714285,0.979469111969112,5.316145997076486,3,0,Agree,2.0,Agree,4.0,Disagree,2.0,Disagree,2.0,Strongly disagree,1.0,Woman,59.0,"EGB, ESO, Baccalaurate, Elementary Baccalaurate", ,0, , ,0,0,0,0,0,2.0,0.0,1.0,3.0,剔除,DUR低 信号命中+开放题全空无自证 → 自证门槛剔除
10664,CATI,María,常规,1,0,0,0,0,1,12.6,0.408614482866602,0.2685714285714285,0.979469111969112,1.1184076202728268,4,9,Agree,2.0,Agree,4.0,Agree,4.0,Agree,4.0,Agree,4.0,Woman,60.0,Primary school (or has attended school for 5 years or more),1,LA BRECHA SALARIAL,88, ,0,1,0,0,1,1.0,0.0,0.0,1.0,保留,DKNA 单字段具体议题自证+作答模式合理 → 保留
10673,CATI,Eva,常规,1,0,0,0,1,0,11.2,0.0835214782351577,0.25,0.9117398648648648,6.232648384051355,7,0,Agree,2.0,Agree,4.0,Agree,4.0,Strongly disagree,1.0,Disagree,2.0,Man,47.0,"EGB, ESO, Baccalaurate, Elementary Baccalaurate",1,IGUALDAD, , ,0,1,0,0,1,2.0,0.0,0.0,2.0,剔除,LS 唯一开放字段为泛词/编码（IGUALDAD）无实质自证 → 门槛剔除
10701,CATI,Alejandro,常规,1,0,0,0,1,0,9.0,-0.5200826743145736,0.3630952380952381,1.3241936132561132,4.39313910516078,6,2,Strongly disagree,5.0,Strongly agree,5.0,Strongly agree,5.0,Strongly agree,5.0,Strongly agree,5.0,Woman,32.0,"University graduate (Diploma, Bachelor, Degree, Master, PhD)","1, 2",IGUALDAD SALARIAL,1, ,0,1,0,0,1,1.0,0.0,0.0,1.0,保留,LS 单字段具体议题自证+作答模式合理 → 保留
10713,CATI,Eva,常规,1,0,0,0,1,0,9.6,-0.3419498758673306,0.25,0.9117398648648648,2.0998777685195043,6,1,Agree,2.0,Strongly agree,5.0,Agree,4.0,Agree,4.0,Agree,4.0,Woman,38.0,"EGB, ESO, Baccalaurate, Elementary Baccalaurate",1,88, , ,0,0,0,0,0,2.0,0.0,0.0,2.0,剔除,LS 信号命中+开放题全空无自证 → 自证门槛剔除
10730,CATI,María,常规,1,0,0,0,1,0,9.3,-0.429579471001346,0.2685714285714285,0.979469111969112,10.545105611774606,7,0,Strongly agree,1.0,Strongly disagree,1.0,Strongly disagree,1.0,Strongly disagree,1.0,Strongly disagree,1.0,Man,44.0,"EGB, ESO, Baccalaurate, Elementary Baccalaurate",2,0, , ,0,0,0,0,0,2.0,2.0,0.0,4.0,剔除,LS 信号命中+开放题全空无自证 → 自证门槛剔除
10732,CATI,Juana,常规,1,0,0,1,0,0,13.4,0.5785204483771985,0.1666666666666666,0.6078265765765766,16.96359292392756,5,0,Disagree,4.0,Strongly disagree,1.0,Strongly agree,5.0,Agree,4.0,Disagree,2.0,Man,58.0,"University graduate (Diploma, Bachelor, Degree, Master, PhD)","1, 5, 6",IGUALDAD DE GENERO,1, ,0,1,0,0,1,1.0,0.0,0.0,1.0,保留,MD 单字段具体议题自证+作答模式合理 → 保留
10760,CATI,Tomas,常规,1,0,0,0,0,1,21.3,1.857695511648044,0.3103448275862069,1.1318150046598323,,2,5,Agree,2.0,Disagree,2.0,Strongly disagree,1.0,Disagree,2.0,DK,,Woman,25.0,"EGB, ESO, Baccalaurate, Elementary Baccalaurate", ,88, , ,0,0,0,0,0,2.0,0.0,0.0,2.0,剔除,DKNA 信号命中+开放题全空无自证 → 自证门槛剔除
10843,CATI,Eva,常规,1,0,0,0,0,1,18.4,1.4537371301095972,0.25,0.9117398648648648,,4,6,DK,,Strongly agree,5.0,Strongly agree,5.0,Agree,4.0,Strongly agree,5.0,Woman,75.0,No schooling (or less than 5 years of schooling),"1, 6",88, , ,0,0,0,0,0,2.0,0.0,0.0,2.0,剔除,DKNA 信号命中+开放题全空无自证 → 自证门槛剔除
10847,CATI,Eva,常规,1,0,0,0,1,0,10.0,-0.2292770721848513,0.25,0.9117398648648648,2.375201455995278,6,0,Disagree,4.0,Strongly agree,5.0,Strongly agree,5.0,Strongly agree,5.0,Agree,4.0,Woman,32.0,"FP2, Higher Vocational Training, Conservatoire 10 years","2, 6",VIOLENCIA MACHISTA,"GRUPO DE CASTELLERS, , , 1",9,0,1,1,0,2,0.0,0.0,0.0,0.0,保留,LS 开放题自证充分（≥2字段）→ 保留
10855,CATI,Alejandro,常规,1,0,0,0,1,0,10.6,-0.0684490351670249,0.3630952380952381,1.3241936132561132,1.3137918149468455,7,0,Disagree,4.0,Agree,4.0,Agree,4.0,Agree,4.0,Agree,4.0,Man,45.0,"EGB, ESO, Baccalaurate, Elementary Baccalaurate",1,GANEN LAS MUJERES, ,7,0,1,0,0,1,1.0,0.0,0.0,1.0,保留,LS 单字段具体议题自证+作答模式合理 → 保留
10894,CATI,Eva,常规,1,0,0,0,1,0,8.5,-0.6778456356072886,0.25,0.9117398648648648,,6,0,Disagree,4.0,Strongly agree,5.0,Strongly agree,5.0,Disagree,2.0,,,Woman,59.0,"COU, BUP, Higher Baccalaurate",6,99,1, ,0,0,0,0,0,2.0,0.0,0.0,2.0,剔除,LS 信号命中+开放题全空无自证 → 自证门槛剔除
10912,CATI,María,常规,1,0,0,0,0,1,9.9,-0.2570170082627587,0.2685714285714285,0.979469111969112,,0,9,,,Disagree,2.0,Agree,4.0,DK,,DK,,Woman,60.0,"EGB, ESO, Baccalaurate, Elementary Baccalaurate", ,88, , ,0,0,0,0,0,2.0,0.0,0.0,2.0,剔除,DKNA 信号命中+开放题全空无自证 → 自证门槛剔除
11051,CATI,Daniel,常规,1,0,0,0,1,0,9.7,-0.3133475431547509,0.293859649122807,1.0716942271218588,4.39313910516078,7,2,Strongly disagree,5.0,Strongly agree,5.0,Strongly agree,5.0,Strongly agree,5.0,Strongly agree,5.0,Woman,21.0,"EGB, ESO, Baccalaurate, Elementary Baccalaurate",3,TODAS,1, ,0,1,0,0,1,2.0,2.0,0.0,4.0,剔除,LS 唯一开放字段为泛词/编码（TODAS）无实质自证 → 门槛剔除
11150,CATI,Juana,常规,1,0,0,0,1,0,10.8,-0.0168568712358862,0.1666666666666666,0.6078265765765766,4.39313910516078,7,0,Strongly disagree,5.0,Strongly agree,5.0,Strongly agree,5.0,Strongly agree,5.0,Strongly agree,5.0,Woman,29.0,"University graduate (Diploma, Bachelor, Degree, Master, PhD)","2, 6","VIOLENCIA DE GENERO , IGUALDAD","1, 2, 8, 9",10,0,1,0,0,1,1.0,0.0,0.0,1.0,保留,LS 单字段具体议题自证+作答模式合理 → 保留
11174,CAWI,Autoadministrado CAWI,常规,1,0,0,1,0,0,27.5,1.7653848439926982,0.2491467576791808,0.9086281247117424,12.290859833772087,3,0,Agree,2.0,Disagree,2.0,Strongly agree,5.0,Strongly disagree,1.0,Disagree,2.0,Man,80.0,"University graduate (Diploma, Bachelor, Degree, Master, PhD)","TV, PRENSA",88, ,SOBRE MALTRATO,1,0,0,1,2,0.0,0.0,0.0,0.0,保留,MD 开放题自证充分（≥2字段）→ 保留
11184,CATI,Daniel,常规,1,1,0,0,0,0,8.3,-0.7435654167534216,0.293859649122807,1.0716942271218588,2.989987322700186,2,0,Neither agree nor disagree,3.0,Agree,4.0,Strongly agree,5.0,Neither agree nor disagree,3.0,Disagree,2.0,Man,40.0,"COU, BUP, Higher Baccalaurate", ,99, , ,0,0,0,0,0,2.0,0.0,0.0,2.0,剔除,DUR低 信号命中+开放题全空无自证 → 自证门槛剔除
11305,CATI,María,常规,1,1,0,0,0,0,7.6,-0.9867503216521336,0.2685714285714285,0.979469111969112,2.2775538540346503,4,2,Agree,2.0,Agree,4.0,Agree,4.0,Disagree,2.0,Disagree,2.0,Woman,49.0,"University graduate (Diploma, Bachelor, Degree, Master, PhD)",1,88, , ,0,0,0,0,0,2.0,0.0,0.0,2.0,剔除,DUR低 信号命中+开放题全空无自证 → 自证门槛剔除
11327,CATI,David,常规,1,1,0,0,0,0,8.0,-0.8451756789460192,0.3942857142857143,1.4379440154440155,7.158961867586321,2,0,Strongly agree,1.0,Strongly agree,5.0,Strongly agree,5.0,Disagree,2.0,Disagree,2.0,Woman,58.0,"University graduate (Diploma, Bachelor, Degree, Master, PhD)","1, 2, 5, 6",SISTEMA JUDICIAL, , ,0,1,0,0,1,1.0,0.0,0.0,1.0,保留,DUR低 单字段具体议题自证+作答模式合理 → 保留
11353,CATI,Luna,常规,1,0,0,1,0,0,11.8,0.2275593967913538,0.2325581395348837,0.8481301068510371,12.274756512873536,4,0,Agree,2.0,Strongly disagree,1.0,Agree,4.0,Agree,4.0,Disagree,2.0,Woman,29.0,"University graduate (Diploma, Bachelor, Degree, Master, PhD)","1, 2",LA IGUALDAD EN GENERAL,1, ,0,1,0,0,1,2.0,0.0,0.0,2.0,剔除,MD 唯一开放字段为泛词/编码（LA IGUALDAD EN GENER）无实质自证 → 门槛剔除
11366,CATI,Daniel,常规,1,1,0,0,0,0,7.7,-0.9506700640001242,0.293859649122807,1.0716942271218588,0.4400780157602105,4,3,Neither agree nor disagree,3.0,Agree,4.0,Agree,4.0,Neither agree nor disagree,3.0,Neither agree nor disagree,3.0,Woman,32.0,"University graduate (Diploma, Bachelor, Degree, Master, PhD)", ,99, , ,0,0,0,0,0,2.0,0.0,0.0,2.0,剔除,DUR低 信号命中+开放题全空无自证 → 自证门槛剔除
11374,CATI,Eva,常规,1,1,0,0,0,0,8.0,-0.8451756789460192,0.25,0.9117398648648648,3.7427191972620255,4,0,Disagree,4.0,Agree,4.0,Agree,4.0,Agree,4.0,Disagree,2.0,Man,52.0,"University graduate (Diploma, Bachelor, Degree, Master, PhD)", ,88, , ,0,0,0,0,0,2.0,0.0,0.0,2.0,剔除,DUR低 信号命中+开放题全空无自证 → 自证门槛剔除
11430,CATI,Daniel,常规,1,1,0,0,0,0,8.0,-0.8451756789460192,0.293859649122807,1.0716942271218588,,3,0,Neither agree nor disagree,3.0,Strongly agree,5.0,,,,,,,Man,32.0,"EGB, ESO, Baccalaurate, Elementary Baccalaurate","2, 8",99, , ,0,0,0,0,0,2.0,0.0,0.0,2.0,剔除,DUR低 信号命中+开放题全空无自证 → 自证门槛剔除
11475,CATI,Rosa,常规,1,1,0,0,0,0,7.2,-1.1359812810757408,0.2105263157894736,0.7677809388335703,2.0998777685195043,3,0,Agree,2.0,Strongly agree,5.0,Agree,4.0,Agree,4.0,Agree,4.0,Woman,34.0,"University graduate (Diploma, Bachelor, Degree, Master, PhD)","1, 2, 5",88,1, ,0,0,0,0,0,2.0,0.0,1.0,3.0,剔除,DUR低 信号命中+开放题全空无自证 → 自证门槛剔除
11638,CATI,Eva,常规,1,0,0,1,0,0,10.8,-0.0168568712358862,0.25,0.9117398648648648,12.111368963248044,4,0,Strongly agree,1.0,Agree,4.0,Strongly agree,5.0,Agree,4.0,Strongly disagree,1.0,Man,21.0,"University graduate (Diploma, Bachelor, Degree, Master, PhD)",6,IGUALDAD LABORAL, , ,0,1,0,0,1,1.0,0.0,0.0,1.0,保留,MD 单字段具体议题自证+作答模式合理 → 保留
11692,CATI,David,常规,1,1,0,0,0,0,8.4,-0.7105099269732518,0.3942857142857143,1.4379440154440155,3.7427191972620255,4,0,Disagree,4.0,Agree,4.0,Agree,4.0,Agree,4.0,Disagree,2.0,Woman,49.0,"University graduate (Diploma, Bachelor, Degree, Master, PhD)",4,IGUALDAD,1, ,0,1,0,0,1,2.0,0.0,0.0,2.0,剔除,DUR低 唯一开放字段为泛词/编码（IGUALDAD）无实质自证 → 门槛剔除
11764,CATI,Raúl,常规,1,1,0,0,0,0,7.6,-0.9867503216521336,0.3050847457627119,1.1126316994961063,7.215466984240939,2,0,Agree,2.0,Agree,4.0,Agree,4.0,Disagree,2.0,Agree,4.0,Man,56.0,"EGB, ESO, Baccalaurate, Elementary Baccalaurate","1, 6",88, , ,0,0,0,0,0,2.0,0.0,0.0,2.0,剔除,DUR低 信号命中+开放题全空无自证 → 自证门槛剔除
11765,CATI,Daniel,常规,1,1,0,0,0,0,7.6,-0.9867503216521336,0.293859649122807,1.0716942271218588,5.291350540831196,4,0,Strongly agree,1.0,Disagree,2.0,Disagree,2.0,Disagree,2.0,Disagree,2.0,Man,39.0,"University graduate (Diploma, Bachelor, Degree, Master, PhD)","1, 2",IGUALDAD, , ,0,1,0,0,1,2.0,0.0,0.0,2.0,剔除,DUR低 唯一开放字段为泛词/编码（IGUALDAD）无实质自证 → 门槛剔除
11887,CATI,David,常规,1,1,0,0,0,0,7.9,-0.8798943808324479,0.3942857142857143,1.4379440154440155,3.290817454810447,4,0,Agree,2.0,Agree,4.0,Agree,4.0,Agree,4.0,Disagree,2.0,Man,31.0,"FP2, Higher Vocational Training, Conservatoire 10 years","1, 8",88, , ,0,0,0,0,0,2.0,0.0,0.0,2.0,剔除,DUR低 信号命中+开放题全空无自证 → 自证门槛剔除
11890,CATI,David,常规,1,0,0,0,0,1,15.0,0.8898473376550025,0.3942857142857143,1.4379440154440155,3.356781263056357,3,6,Disagree,4.0,Agree,4.0,Agree,4.0,Neither agree nor disagree,3.0,Agree,4.0,Woman,62.0,"University graduate (Diploma, Bachelor, Degree, Master, PhD)",7,88, , ,0,0,0,0,0,2.0,0.0,0.0,2.0,剔除,DKNA 信号命中+开放题全空无自证 → 自证门槛剔除
11936,CATI,María,常规,1,0,0,0,0,1,14.9,0.8713850587387875,0.2685714285714285,0.979469111969112,,4,4,Disagree,4.0,Agree,4.0,Agree,4.0,Agree,4.0,DK,,Woman,71.0,Primary school (or has attended school for 5 years or more),1,88,88, ,0,0,0,0,0,2.0,1.0,0.0,3.0,剔除,DKNA 信号命中+开放题全空无自证 → 自证门槛剔除
11941,CATI,María,常规,1,0,0,0,0,1,13.8,0.6597057249011876,0.2685714285714285,0.979469111969112,,2,4,Agree,2.0,DK,,Agree,4.0,Strongly agree,5.0,Neither agree nor disagree,3.0,Man,65.0,"FP1, Intermediate Vocational Training",1,88,FUI A LA MASCLETA DEDICADA A LA MUJER, ,0,0,1,0,1,2.0,0.0,0.0,2.0,剔除,DKNA 唯一开放字段为泛词/编码（88）无实质自证 → 门槛剔除
11943,CATI,Luna,常规,1,0,0,1,0,0,12.5,0.3866215345763152,0.2325581395348837,0.8481301068510371,12.1342105771025,4,0,Agree,2.0,Disagree,2.0,Strongly agree,5.0,Strongly disagree,1.0,Strongly disagree,1.0,Man,38.0,"EGB, ESO, Baccalaurate, Elementary Baccalaurate","1, 7",88, ,LEY MORDAZA,0,0,0,1,1,2.0,0.0,0.0,2.0,剔除,MD 唯一开放字段为泛词/编码（88）无实质自证 → 门槛剔除
11974,CATI,Alejandro,常规,1,1,0,0,0,0,7.4,-1.0603573612727293,0.3630952380952381,1.3241936132561132,7.266835955188909,3,0,Neither agree nor disagree,3.0,Disagree,2.0,Disagree,2.0,Neither agree nor disagree,3.0,Strongly disagree,1.0,Man,40.0,"University graduate (Diploma, Bachelor, Degree, Master, PhD)","1, 2, 5, 6",88, , ,0,0,0,0,0,2.0,0.0,1.0,3.0,剔除,DUR低 信号命中+开放题全空无自证 → 自证门槛剔除
11988,CATI,Eva,常规,1,0,0,0,1,0,9.9,-0.2570170082627587,0.25,0.9117398648648648,4.39313910516078,8,0,Strongly disagree,5.0,Strongly agree,5.0,Strongly agree,5.0,Strongly agree,5.0,Strongly agree,5.0,Man,49.0,"EGB, ESO, Baccalaurate, Elementary Baccalaurate",4,IGUALDAD,1,10,0,1,0,0,1,2.0,2.0,0.0,4.0,剔除,LS 唯一开放字段为泛词/编码（IGUALDAD）无实质自证 → 门槛剔除
12118,CATI,Tomas,常规,1,0,0,0,1,0,13.4,0.5785204483771985,0.3103448275862069,1.1318150046598323,2.375201455995278,6,0,Disagree,4.0,Strongly agree,5.0,Strongly agree,5.0,Strongly agree,5.0,Agree,4.0,Man,54.0,"EGB, ESO, Baccalaurate, Elementary Baccalaurate","1, 2, 5",IGUALDAD EN GENERAL,1,10,0,1,0,0,1,2.0,0.0,0.0,2.0,剔除,LS 唯一开放字段为泛词/编码（IGUALDAD EN GENERAL）无实质自证 → 门槛剔除
12151,CATI,Luna,常规,1,0,0,1,0,0,12.2,0.3195712639337898,0.2325581395348837,0.8481301068510371,21.43615586117045,3,2,Agree,2.0,Strongly agree,5.0,Disagree,2.0,Strongly disagree,1.0,Agree,4.0,Man,53.0,"University graduate (Diploma, Bachelor, Degree, Master, PhD)","1, 5",LA IGUALDAD ENTRE H Y M, , ,0,1,0,0,1,1.0,0.0,0.0,1.0,保留,MD 单字段具体议题自证+作答模式合理 → 保留
12163,CATI,David,常规,1,0,0,0,0,1,11.3,0.1080558656176829,0.3942857142857143,1.4379440154440155,2.2775538540346503,4,5,Agree,2.0,Agree,4.0,Agree,4.0,Disagree,2.0,Disagree,2.0,Man,70.0,"COU, BUP, Higher Baccalaurate",1,IGUALDAD, ,10,0,1,0,0,1,2.0,0.0,0.0,2.0,剔除,DKNA 唯一开放字段为泛词/编码（IGUALDAD）无实质自证 → 门槛剔除
12184,CATI,María,常规,1,0,0,0,0,1,16.9,1.2190263539976094,0.2685714285714285,0.979469111969112,4.71639304129456,3,4,Agree,2.0,Disagree,2.0,Disagree,2.0,Neither agree nor disagree,3.0,Disagree,2.0,Woman,60.0,"EGB, ESO, Baccalaurate, Elementary Baccalaurate","POR LA CALLE LA PUBLICIDAD, , , 1",88, , ,1,0,0,0,1,2.0,0.0,0.0,2.0,剔除,DKNA 唯一开放字段为泛词/编码（88）无实质自证 → 门槛剔除
12310,CAWI,Autoadministrado CAWI,常规,1,1,0,0,0,0,5.9,-0.8832720801088219,0.2491467576791808,0.9086281247117424,8.613118851189821,2,1,Disagree,4.0,Disagree,2.0,Disagree,2.0,Strongly disagree,1.0,Strongly disagree,1.0,Woman,50.0,"University graduate (Diploma, Bachelor, Degree, Master, PhD)",RADIO,IGUALDAD LABORAL, , ,1,1,0,0,2,0.0,0.0,0.0,0.0,保留,DUR低 开放题自证充分（≥2字段）→ 保留
12324,CATI,Raúl,常规,1,0,0,1,0,0,9.5,-0.3708517148909659,0.3050847457627119,1.1126316994961063,17.06817077105882,5,1,Strongly disagree,5.0,Strongly disagree,1.0,Strongly disagree,1.0,Strongly disagree,1.0,Strongly disagree,1.0,Man,51.0,"University graduate (Diploma, Bachelor, Degree, Master, PhD)",6,0, , ,0,0,0,0,0,2.0,0.0,0.0,2.0,剔除,MD 信号命中+开放题全空无自证 → 自证门槛剔除
12354,CATI,Alejandro,常规,1,1,0,0,0,0,7.9,-0.8798943808324479,0.3630952380952381,1.3241936132561132,3.611819974063317,4,1,Agree,2.0,Strongly agree,5.0,Strongly agree,5.0,Strongly agree,5.0,Strongly agree,5.0,Man,28.0,"University graduate (Diploma, Bachelor, Degree, Master, PhD)",6,88, , ,0,0,0,0,0,2.0,0.0,0.0,2.0,剔除,DUR低 信号命中+开放题全空无自证 → 自证门槛剔除
12380,CATI,Victoria,常规,1,0,0,1,0,0,16.6,1.169590398294843,0.2201834862385321,0.8030002479543764,17.913177093185993,3,1,Strongly agree,1.0,Strongly disagree,1.0,Disagree,2.0,Strongly agree,5.0,Strongly agree,5.0,Man,61.0,"COU, BUP, Higher Baccalaurate","2, 6",IGUALDAD ENTRE HOMBRES Y MUJERES LO PRINCIPAL: MISMO HORARIO-MISMO SALARIO-MISMO ALCANCE PUESTO TRABAJO, , ,0,1,0,0,1,1.0,0.0,0.0,1.0,保留,MD 单字段具体议题自证+作答模式合理 → 保留
12410,CATI,Alejandro,常规,1,0,0,0,1,0,10.3,-0.1476918100929124,0.3630952380952381,1.3241936132561132,1.3137918149468455,6,2,Disagree,4.0,Agree,4.0,Agree,4.0,Agree,4.0,Agree,4.0,Man,38.0,"University graduate (Diploma, Bachelor, Degree, Master, PhD)",2,TODAS EN GENERAL,"8, 9",1,0,1,0,0,1,2.0,2.0,0.0,4.0,剔除,LS 唯一开放字段为泛词/编码（TODAS EN GENERAL）无实质自证 → 门槛剔除
12449,CATI,Daniel,常规,1,1,0,0,0,0,7.6,-0.9867503216521336,0.293859649122807,1.0716942271218588,2.2775538540346503,3,2,Agree,2.0,Agree,4.0,Agree,4.0,Disagree,2.0,Disagree,2.0,Woman,22.0,"COU, BUP, Higher Baccalaurate","1, 2",0, , ,0,0,0,0,0,2.0,0.0,0.0,2.0,剔除,DUR低 信号命中+开放题全空无自证 → 自证门槛剔除
12510,CATI,María,常规,1,1,0,0,0,0,7.4,-1.0603573612727293,0.2685714285714285,0.979469111969112,5.385101426681164,4,2,Disagree,4.0,Strongly agree,5.0,Strongly agree,5.0,Agree,4.0,Disagree,2.0,Man,61.0,"COU, BUP, Higher Baccalaurate",5,0, ,10,0,0,0,0,0,2.0,0.0,1.0,3.0,剔除,DUR低 信号命中+开放题全空无自证 → 自证门槛剔除
12519,CATI,Alejandro,常规,1,1,0,0,0,0,8.0,-0.8451756789460192,0.3630952380952381,1.3241936132561132,5.765588354575625,2,1,Strongly agree,1.0,Strongly agree,5.0,Strongly agree,5.0,Neither agree nor disagree,3.0,Disagree,2.0,Man,58.0,"FP2, Higher Vocational Training, Conservatoire 10 years", ,88, ,7,0,0,0,0,0,2.0,0.0,0.0,2.0,剔除,DUR低 信号命中+开放题全空无自证 → 自证门槛剔除
12522,CATI,Raúl,常规,1,0,0,0,1,0,11.0,0.0337885938669634,0.3050847457627119,1.1126316994961063,1.3137918149468455,8,2,Disagree,4.0,Agree,4.0,Agree,4.0,Agree,4.0,Agree,4.0,Man,22.0,"University graduate (Diploma, Bachelor, Degree, Master, PhD)", ,BRECHA SALARIAL, , ,0,1,0,0,1,1.0,0.0,0.0,1.0,保留,LS 单字段具体议题自证+作答模式合理 → 保留
12556,CATI,María,常规,1,0,0,0,1,0,8.7,-0.6136543608863847,0.2685714285714285,0.979469111969112,7.215466984240939,6,0,Agree,2.0,Agree,4.0,Agree,4.0,Disagree,2.0,Agree,4.0,Man,40.0,"FP1, Intermediate Vocational Training","1, 5, 6",LA BRECHA SALARIAL, , ,0,1,0,0,1,1.0,0.0,0.0,1.0,保留,LS 单字段具体议题自证+作答模式合理 → 保留
12602,CATI,Juana,常规,1,0,0,1,0,0,16.3,1.1192528254793137,0.1666666666666666,0.6078265765765766,15.5610353114535,5,2,Agree,2.0,Disagree,2.0,Strongly agree,5.0,Agree,4.0,Strongly disagree,1.0,Man,73.0,"COU, BUP, Higher Baccalaurate","2, 4",88, , ,0,0,0,0,0,2.0,0.0,0.0,2.0,剔除,MD 信号命中+开放题全空无自证 → 自证门槛剔除
12635,CATI,Alejandro,常规,1,1,0,0,0,0,8.1,-0.8108882764442957,0.3630952380952381,1.3241936132561132,3.7787652130983815,5,0,Strongly agree,1.0,Neither agree nor disagree,3.0,Agree,4.0,Disagree,2.0,Disagree,2.0,Woman,66.0,"COU, BUP, Higher Baccalaurate",1,VIOLENCIA DE GENERO, , ,0,1,0,0,1,1.0,0.0,0.0,1.0,保留,DUR低 单字段具体议题自证+作答模式合理 → 保留
12737,CATI,María,常规,1,0,0,0,1,0,19.0,1.5423041001572977,0.2685714285714285,0.979469111969112,4.39313910516078,8,0,Strongly disagree,5.0,Strongly agree,5.0,Strongly agree,5.0,Strongly agree,5.0,Strongly agree,5.0,Man,65.0,"EGB, ESO, Baccalaurate, Elementary Baccalaurate","DIAEIO PUBLICO , DIARIO PUBLICO , , 6",EQUIPARAR A LA MUJER,EN UNA CHARLA EN UN BARRIO VA A DICTAR LA CHARLA,"7, 9, 10",1,1,1,0,3,0.0,0.0,0.0,0.0,保留,LS 开放题自证充分（≥2字段）→ 保留
12744,CATI,David,常规,1,1,0,0,0,0,8.0,-0.8451756789460192,0.3942857142857143,1.4379440154440155,2.84299598217941,3,1,Neither agree nor disagree,3.0,Agree,4.0,Agree,4.0,Agree,4.0,Disagree,2.0,Woman,56.0,"FP1, Intermediate Vocational Training",3,TODAS, , ,0,1,0,0,1,2.0,0.0,0.0,2.0,剔除,DUR低 唯一开放字段为泛词/编码（TODAS）无实质自证 → 门槛剔除
12749,CAWI,Autoadministrado CAWI,常规,1,0,0,0,1,0,9.0,-0.1566414911515261,0.2491467576791808,0.9086281247117424,2.038350132664279,6,0,Disagree,4.0,Agree,4.0,Strongly agree,5.0,Agree,4.0,Agree,4.0,Man,56.0,"COU, BUP, Higher Baccalaurate","TV, PAPEL, RADIO","IGUALDAD, MISMOS OBJETIVOS",SEGUIR LA MOVILIZACION,DEFENSA DERECHOS MUJER,1,1,1,1,4,0.0,0.0,0.0,0.0,保留,LS 开放题自证充分（≥2字段）→ 保留
12776,CATI,Daniel,常规,1,1,0,0,0,0,7.9,-0.8798943808324479,0.293859649122807,1.0716942271218588,1.1184076202728268,4,0,Agree,2.0,Agree,4.0,Agree,4.0,Agree,4.0,Agree,4.0,Man,45.0,"EGB, ESO, Baccalaurate, Elementary Baccalaurate", ,88, , ,0,0,0,0,0,2.0,0.0,0.0,2.0,剔除,DUR低 信号命中+开放题全空无自证 → 自证门槛剔除
12806,CATI,Juana,常规,1,0,0,0,1,0,10.8,-0.0168568712358862,0.1666666666666666,0.6078265765765766,3.7427191972620255,6,3,Disagree,4.0,Agree,4.0,Agree,4.0,Agree,4.0,Disagree,2.0,Woman,53.0,"University graduate (Diploma, Bachelor, Degree, Master, PhD)","1, 2, 3",IGUALDAD, , ,0,1,0,0,1,2.0,0.0,0.0,2.0,剔除,LS 唯一开放字段为泛词/编码（IGUALDAD）无实质自证 → 门槛剔除
12865,CATI,Victoria,常规,1,0,1,0,0,0,31.0,2.8935063560164944,0.2201834862385321,0.8030002479543764,5.291350540831196,5,2,Strongly agree,1.0,Disagree,2.0,Disagree,2.0,Disagree,2.0,Disagree,2.0,Man,72.0,Primary school (or has attended school for 5 years or more),"1, 6",99, , ,0,0,0,0,0,2.0,0.0,0.0,2.0,剔除,DUR高 信号命中+开放题全空无自证 → 自证门槛剔除
12869,CATI,Raúl,常规,1,0,0,1,0,0,8.8,-0.582110012894203,0.3050847457627119,1.1126316994961063,13.060615955899868,2,0,Strongly agree,1.0,Disagree,2.0,Strongly agree,5.0,Strongly disagree,1.0,Strongly disagree,1.0,Woman,21.0,"COU, BUP, Higher Baccalaurate","1, 2, 8",IGUALDAD, , ,0,1,0,0,1,2.0,0.0,0.0,2.0,剔除,MD 唯一开放字段为泛词/编码（IGUALDAD）无实质自证 → 门槛剔除
12903,CATI,Victoria,常规,1,0,0,0,1,0,13.7,0.6396321789183044,0.2201834862385321,0.8030002479543764,1.3137918149468455,7,0,Disagree,4.0,Agree,4.0,Agree,4.0,Agree,4.0,Agree,4.0,Man,47.0,"University graduate (Diploma, Bachelor, Degree, Master, PhD)","1, 5","MALTRATO A LAS MUJERES, , IGUALDAD SALARIAL Y POSIBILIDADES DE TRABAJO", ,MOVILIZACIONES SOBRE EL ACERCAMIENTO DE PRESOS Y DEL JUICIO DE ALSASUA,0,1,0,1,2,0.0,0.0,0.0,0.0,保留,LS 开放题自证充分（≥2字段）→ 保留
12917,CATI,María,常规,1,1,0,0,0,0,7.6,-0.9867503216521336,0.2685714285714285,0.979469111969112,2.097320825228942,3,0,Disagree,4.0,Strongly agree,5.0,Strongly agree,5.0,Agree,4.0,Agree,4.0,Woman,27.0,"University graduate (Diploma, Bachelor, Degree, Master, PhD)",6,TODAS,1, ,0,1,0,0,1,2.0,0.0,0.0,2.0,剔除,DUR低 唯一开放字段为泛词/编码（TODAS）无实质自证 → 门槛剔除
12925,CATI,Daniel,常规,1,0,0,0,0,1,16.5,1.1529130037068174,0.293859649122807,1.0716942271218588,,3,5,DK,,Strongly disagree,1.0,Agree,4.0,Agree,4.0,Agree,4.0,Woman,82.0,,1,RESPETO Y CONSIDERACION HACIA LA MUJER, , ,0,1,0,0,1,1.0,0.0,0.0,1.0,保留,DKNA 单字段具体议题自证+作答模式合理 → 保留
12985,CATI,David,常规,1,0,0,0,0,1,11.7,0.2040690387766568,0.3942857142857143,1.4379440154440155,1.1184076202728268,4,4,Agree,2.0,Agree,4.0,Agree,4.0,Agree,4.0,Agree,4.0,Woman,43.0,"EGB, ESO, Baccalaurate, Elementary Baccalaurate", ,VIOLENCIA MACHISTA, , ,0,1,0,0,1,1.0,0.0,0.0,1.0,保留,DKNA 单字段具体议题自证+作答模式合理 → 保留
13135,CATI,Tomas,常规,1,0,0,0,1,0,13.1,0.5160249390888186,0.3103448275862069,1.1318150046598323,4.698556253020487,7,1,Agree,2.0,Agree,4.0,Disagree,2.0,Disagree,2.0,Disagree,2.0,Man,70.0,"COU, BUP, Higher Baccalaurate","1, 2",0, , ,0,0,0,0,0,2.0,0.0,0.0,2.0,剔除,LS 信号命中+开放题全空无自证 → 自证门槛剔除
13151,CATI,María,常规,1,0,0,0,0,1,20.7,1.7788301347410416,0.2685714285714285,0.979469111969112,,4,6,DK,,Agree,4.0,Agree,4.0,Agree,4.0,DK,,Woman,43.0,"FP2, Higher Vocational Training, Conservatoire 10 years", ,88, , ,0,0,0,0,0,2.0,1.0,0.0,3.0,剔除,DKNA 信号命中+开放题全空无自证 → 自证门槛剔除
13172,CATI,David,常规,1,0,0,0,1,0,9.6,-0.3419498758673306,0.3942857142857143,1.4379440154440155,3.7427191972620255,6,2,Disagree,4.0,Agree,4.0,Agree,4.0,Agree,4.0,Disagree,2.0,Man,86.0,"University graduate (Diploma, Bachelor, Degree, Master, PhD)","1, 5, 6",TODAS, , ,0,1,0,0,1,2.0,0.0,0.0,2.0,剔除,LS 唯一开放字段为泛词/编码（TODAS）无实质自证 → 门槛剔除
13229,CATI,Eva,常规,1,0,0,0,0,1,11.6,0.180377044322026,0.25,0.9117398648648648,,3,7,Disagree,4.0,Agree,4.0,DK,,DK,,Agree,4.0,Man,28.0,"EGB, ESO, Baccalaurate, Elementary Baccalaurate",3,88,ESTAR CON SU PAREJA, ,0,0,1,0,1,2.0,1.0,0.0,3.0,剔除,DKNA 唯一开放字段为泛词/编码（88）无实质自证 → 门槛剔除
13271,CATI,Victoria,常规,1,0,1,0,0,0,37.2,3.396732159095184,0.2201834862385321,0.8030002479543764,2.785154707081306,5,0,Disagree,4.0,Strongly agree,5.0,Strongly agree,5.0,Strongly agree,5.0,Strongly agree,5.0,Woman,56.0,"University graduate (Diploma, Bachelor, Degree, Master, PhD)","ASOCIACIONES DE MUJERES (VIERNES DE CADA MES) / CHICAS QUE RENUNCIAN A DENUNCIAR MALTRATO., , , 2, 4, 6","TRABAJO DOMESTICO SE INCLUYA COMO PRODUCCION DEL PAIS-BRECHA SALARIAL-, MAS ESCUCHA HACIA LA MUJER SIN TENER QUE LEVANTAR VOZ- VIOLENCIA MACHISTA-","ACTOS QUE ORGANICE EL AYUNTAMIENTO, ACTOS QUE ORGANICE OTROS PARTIDOS Y ASOCIACIONES, , 9","7, 10",1,1,1,0,3,0.0,0.0,0.0,0.0,保留,DUR高 开放题自证充分（≥2字段）→ 保留
13272,CATI,Alejandro,常规,1,1,0,0,0,0,8.4,-0.7105099269732518,0.3630952380952381,1.3241936132561132,2.062839425519912,5,0,Agree,2.0,Agree,4.0,Strongly agree,5.0,Agree,4.0,Agree,4.0,Man,47.0,"EGB, ESO, Baccalaurate, Elementary Baccalaurate",7,88, , ,0,0,0,0,0,2.0,0.0,0.0,2.0,剔除,DUR低 信号命中+开放题全空无自证 → 自证门槛剔除
13326,CATI,Alejandro,常规,1,0,0,0,1,0,11.4,0.1323740881877214,0.3630952380952381,1.3241936132561132,1.3137918149468455,8,2,Disagree,4.0,Agree,4.0,Agree,4.0,Agree,4.0,Agree,4.0,Woman,43.0,"University graduate (Diploma, Bachelor, Degree, Master, PhD)",2,88,9,9,0,0,0,0,0,2.0,2.0,0.0,4.0,剔除,LS 信号命中+开放题全空无自证 → 自证门槛剔除
13399,CATI,Alejandro,常规,1,0,0,0,1,0,9.7,-0.3133475431547509,0.3630952380952381,1.3241936132561132,4.39313910516078,8,1,Strongly disagree,5.0,Strongly agree,5.0,Strongly agree,5.0,Strongly agree,5.0,Strongly agree,5.0,Man,48.0,"University graduate (Diploma, Bachelor, Degree, Master, PhD)",6,IGUALDAD, , ,0,1,0,0,1,2.0,2.0,0.0,4.0,剔除,LS 唯一开放字段为泛词/编码（IGUALDAD）无实质自证 → 门槛剔除
13429,CATI,Eva,常规,1,0,0,1,0,0,11.1,0.0587670485671246,0.25,0.9117398648648648,20.578425468373872,3,0,Disagree,4.0,Strongly agree,5.0,Strongly disagree,1.0,Agree,4.0,Strongly disagree,1.0,Woman,56.0,"University graduate (Diploma, Bachelor, Degree, Master, PhD)",6,IGUALDAD SALARIAL, , ,0,1,0,0,1,1.0,0.0,0.0,1.0,保留,MD 单字段具体议题自证+作答模式合理 → 保留
13490,CATI,David,常规,1,0,0,0,0,1,14.7,0.8340858369690917,0.3942857142857143,1.4379440154440155,11.18800725800982,4,5,Neither agree nor disagree,3.0,Strongly disagree,1.0,Disagree,2.0,Agree,4.0,Agree,4.0,Man,46.0,"COU, BUP, Higher Baccalaurate",5,99, , ,0,0,0,0,0,2.0,0.0,0.0,2.0,剔除,DKNA 信号命中+开放题全空无自证 → 自证门槛剔除
13498,CATI,María,常规,1,0,0,0,1,0,13.3,0.5578454422902109,0.2685714285714285,0.979469111969112,4.1259481061351,6,0,Strongly disagree,5.0,Strongly agree,5.0,Agree,4.0,Agree,4.0,Agree,4.0,Man,20.0,"COU, BUP, Higher Baccalaurate","PORT OTRAS PERSONAS, , , 1, 2",LA IGUALDAD, , ,1,1,0,0,2,0.0,0.0,0.0,0.0,保留,LS 开放题自证充分（≥2字段）→ 保留
13555,CATI,Tomas,常规,1,0,0,0,0,1,14.2,0.7385711018081885,0.3103448275862069,1.1318150046598323,6.089136452044997,3,4,Strongly agree,1.0,Agree,4.0,Strongly agree,5.0,Strongly agree,5.0,Strongly agree,5.0,Woman,64.0,Primary school (or has attended school for 5 years or more), ,IGUALDAD EN GENERAL,1,10,0,1,0,0,1,2.0,0.0,0.0,2.0,剔除,DKNA 唯一开放字段为泛词/编码（IGUALDAD EN GENERAL）无实质自证 → 门槛剔除
13626,CATI,María,常规,1,0,0,0,1,0,9.9,-0.2570170082627587,0.2685714285714285,0.979469111969112,1.3137918149468455,6,0,Disagree,4.0,Agree,4.0,Agree,4.0,Agree,4.0,Agree,4.0,Woman,22.0,"FP2, Higher Vocational Training, Conservatoire 10 years","1, 2",88,1, ,0,0,0,0,0,2.0,2.0,0.0,4.0,剔除,LS 信号命中+开放题全空无自证 → 自证门槛剔除
13687,CATI,María,常规,1,1,0,0,0,0,7.3,-1.0979103270469086,0.2685714285714285,0.979469111969112,4.038944985182873,3,0,Agree,2.0,Strongly agree,5.0,Agree,4.0,Disagree,2.0,Disagree,2.0,Man,45.0,"FP1, Intermediate Vocational Training", ,LA IGUALDAD SE SEXOS, , ,0,1,0,0,1,1.0,0.0,0.0,1.0,保留,DUR低 单字段具体议题自证+作答模式合理 → 保留
13705,CATI,Daniel,常规,1,0,0,0,0,1,10.1,-0.2018131599490489,0.293859649122807,1.0716942271218588,,2,4,DK,,Disagree,2.0,Agree,4.0,Disagree,2.0,,,Man,75.0,"EGB, ESO, Baccalaurate, Elementary Baccalaurate", ,88, , ,0,0,0,0,0,2.0,0.0,0.0,2.0,剔除,DKNA 信号命中+开放题全空无自证 → 自证门槛剔除
13726,CATI,Tomas,常规,1,0,0,1,0,0,16.4,1.13613422615833,0.3103448275862069,1.1318150046598323,18.68896716133115,3,0,Agree,2.0,Agree,4.0,Strongly disagree,1.0,Neither agree nor disagree,3.0,Strongly agree,5.0,Man,41.0,"COU, BUP, Higher Baccalaurate","1, 6",APLICAR LA CONSTITUCION, , ,0,1,0,0,1,1.0,0.0,0.0,1.0,保留,MD 单字段具体议题自证+作答模式合理 → 保留
13765,CATI,Daniel,常规,1,0,0,0,1,0,10.8,-0.0168568712358862,0.293859649122807,1.0716942271218588,1.5319007897885693,6,0,Neither agree nor disagree,3.0,Strongly agree,5.0,Strongly agree,5.0,Agree,4.0,Agree,4.0,Man,48.0,"University graduate (Diploma, Bachelor, Degree, Master, PhD)","PANFLETOS METRO, , , 1",IGUALDAD,3, ,1,1,0,0,2,0.0,0.0,0.0,0.0,保留,LS 开放题自证充分（≥2字段）→ 保留
13774,CATI,María,常规,1,0,0,0,1,0,8.7,-0.6136543608863847,0.2685714285714285,0.979469111969112,3.6928593490068753,8,0,Disagree,4.0,Agree,4.0,Agree,4.0,Disagree,2.0,Disagree,2.0,Woman,34.0,"University graduate (Diploma, Bachelor, Degree, Master, PhD)",2,"EL MALTRATO A LA MUJER, LA IGUALDAD LABORAL", , ,0,1,0,0,1,1.0,0.0,0.0,1.0,保留,LS 单字段具体议题自证+作答模式合理 → 保留
13865,CATI,María,常规,1,0,0,0,0,1,12.4,0.3644519342070634,0.2685714285714285,0.979469111969112,,0,10,DK,,Agree,4.0,DK,,DK,,DK,,Woman,65.0,Primary school (or has attended school for 5 years or more), ,LA IGUALDAD ENTRE HOMBRES Y MUJERES,1,10,0,1,0,0,1,1.0,1.0,0.0,2.0,保留,DKNA 总分2 → 保留
13869,CATI,David,常规,1,1,0,0,0,0,7.7,-0.9506700640001242,0.3942857142857143,1.4379440154440155,3.290817454810447,3,1,Agree,2.0,Agree,4.0,Agree,4.0,Agree,4.0,Disagree,2.0,Man,26.0,"University graduate (Diploma, Bachelor, Degree, Master, PhD)",6,88, , ,0,0,0,0,0,2.0,0.0,0.0,2.0,剔除,DUR低 信号命中+开放题全空无自证 → 自证门槛剔除
13898,CATI,David,常规,1,1,0,0,0,0,7.3,-1.0979103270469086,0.3942857142857143,1.4379440154440155,5.730835662644737,3,0,Strongly agree,1.0,Disagree,2.0,Disagree,2.0,Disagree,2.0,Strongly disagree,1.0,Man,45.0,"University graduate (Diploma, Bachelor, Degree, Master, PhD)",7,0, , ,0,0,0,0,0,2.0,0.0,1.0,3.0,剔除,DUR低 信号命中+开放题全空无自证 → 自证门槛剔除
13984,CATI,Raúl,常规,1,0,0,0,1,0,9.8,-0.2850385728707622,0.3050847457627119,1.1126316994961063,3.290817454810447,6,3,Agree,2.0,Agree,4.0,Agree,4.0,Agree,4.0,Disagree,2.0,Woman,35.0,"University graduate (Diploma, Bachelor, Degree, Master, PhD)",1,TODAS EN GENERAL, , ,0,1,0,0,1,2.0,0.0,0.0,2.0,剔除,LS 唯一开放字段为泛词/编码（TODAS EN GENERAL）无实质自证 → 门槛剔除
13996,CATI,Eva,常规,1,0,0,1,0,0,10.3,-0.1476918100929124,0.25,0.9117398648648648,12.583454042210777,3,0,Strongly disagree,5.0,Agree,4.0,Disagree,2.0,Agree,4.0,Strongly agree,5.0,Woman,29.0,"University graduate (Diploma, Bachelor, Degree, Master, PhD)","6, 7",IGUALDAD LABORAL,"1, 2",1,0,1,0,0,1,1.0,0.0,0.0,1.0,保留,MD 单字段具体议题自证+作答模式合理 → 保留
14064,CAWI-CATI,María,常规,1,0,0,1,0,0,20.0,,0.2685714285714285,0.979469111969112,29.2022486209784,3,1,Strongly disagree,5.0,Strongly agree,5.0,Strongly agree,5.0,Strongly disagree,1.0,Strongly agree,5.0,Man,54.0,"COU, BUP, Higher Baccalaurate","PRENSA ESCRITA, INFORMACION SINDICAL, INTERNET","VIOLENCIA GENERO, IGUALDAD OPORTUNIDADES AMBITO LABORAL","ACUDIR A MANIFESTACION, NO REALIZAR TRABAJOS QUE POR PARTICIPACION EN HUELDA DE COMPAÑERAS DEBAN QUEDAR SIN HACER, MANIFESTAR MI APOYO ANTE COMENTARIOS EN CONTRA","HUELGA AMBITO LABORAL, SOLICITOU DE MAS DOTACION JUZGADOS DE LO SOCISL, CONTRA VIOLENCIA DE GENERO",1,1,1,1,4,0.0,0.0,0.0,0.0,保留,MD 开放题自证充分（≥2字段）→ 保留
14126,CATI,Raúl,常规,1,1,0,0,0,0,8.3,-0.7435654167534216,0.3050847457627119,1.1126316994961063,1.3768224352352687,3,0,Neither agree nor disagree,3.0,Agree,4.0,Strongly agree,5.0,Agree,4.0,Agree,4.0,Man,25.0,"FP2, Higher Vocational Training, Conservatoire 10 years",2,IGUALDAD,1,"2, 7",0,1,0,0,1,2.0,0.0,0.0,2.0,剔除,DUR低 唯一开放字段为泛词/编码（IGUALDAD）无实质自证 → 门槛剔除
14148,CATI,Eva,常规,1,0,0,0,1,0,10.6,-0.0684490351670249,0.25,0.9117398648648648,0.9274711065422652,6,1,Agree,2.0,Agree,4.0,Agree,4.0,Agree,4.0,Neither agree nor disagree,3.0,Man,59.0,"EGB, ESO, Baccalaurate, Elementary Baccalaurate",1,0, , ,0,0,0,0,0,2.0,0.0,0.0,2.0,剔除,LS 信号命中+开放题全空无自证 → 自证门槛剔除
14235,CATI,Luna,常规,1,0,0,1,0,0,23.8,2.1640073366221526,0.2325581395348837,0.8481301068510371,20.129438380501234,3,1,Agree,2.0,Disagree,2.0,Disagree,2.0,Strongly agree,5.0,Strongly disagree,1.0,Woman,78.0,"EGB, ESO, Baccalaurate, Elementary Baccalaurate",1,0, ,REUNIONES SOBRE LAS VICTIMAS DE ETA,0,0,0,1,1,2.0,0.0,0.0,2.0,剔除,MD 唯一开放字段为泛词/编码（0）无实质自证 → 门槛剔除
14240,CATI,Raúl,常规,1,0,0,1,0,0,14.5,0.7962756510831925,0.3050847457627119,1.1126316994961063,13.102055400730164,3,1,Agree,2.0,Disagree,2.0,Strongly agree,5.0,Disagree,2.0,Agree,4.0,Man,30.0,Primary school (or has attended school for 5 years or more),2,88, , ,0,0,0,0,0,2.0,0.0,0.0,2.0,剔除,MD 信号命中+开放题全空无自证 → 自证门槛剔除
14246,CATI,Eva,常规,1,0,0,0,0,1,10.1,-0.2018131599490489,0.25,0.9117398648648648,4.71639304129456,4,5,Agree,2.0,Disagree,2.0,Disagree,2.0,Neither agree nor disagree,3.0,Disagree,2.0,Woman,88.0,Primary school (or has attended school for 5 years or more),"1, 6",0, , ,0,0,0,0,0,2.0,0.0,0.0,2.0,剔除,DKNA 信号命中+开放题全空无自证 → 自证门槛剔除
14260,CATI,María,常规,1,0,0,0,0,1,12.9,0.4735610183411099,0.2685714285714285,0.979469111969112,4.608146178305006,3,5,Agree,2.0,Agree,4.0,Strongly agree,5.0,Disagree,2.0,Disagree,2.0,Man,30.0,"COU, BUP, Higher Baccalaurate", ,88, , ,0,0,0,0,0,2.0,0.0,0.0,2.0,剔除,DKNA 信号命中+开放题全空无自证 → 自证门槛剔除
14297,CATI,Juana,常规,1,0,0,1,0,0,11.6,0.180377044322026,0.1666666666666666,0.6078265765765766,13.445757082631191,3,1,Disagree,4.0,Disagree,2.0,Strongly disagree,1.0,Agree,4.0,Disagree,2.0,Woman,56.0,"University graduate (Diploma, Bachelor, Degree, Master, PhD)","1, 3, 6",88, , ,0,0,0,0,0,2.0,0.0,0.0,2.0,剔除,MD 信号命中+开放题全空无自证 → 自证门槛剔除
14385,CAWI,Autoadministrado CAWI,常规,1,0,0,0,1,0,8.5,-0.2549975972683186,0.2491467576791808,0.9086281247117424,4.39313910516078,7,0,Strongly disagree,5.0,Strongly agree,5.0,Strongly agree,5.0,Strongly agree,5.0,Strongly agree,5.0,Man,28.0,"University graduate (Diploma, Bachelor, Degree, Master, PhD)","FACEBOOK , INSTAGRAM, AMIGOS","IGUALDAD, JUSTICIA","CONCENTRACIONES , VISIBILIZAR EL FEMINISMO , EDUCAR A MIS AMIGOS",88,1,1,1,0,3,0.0,0.0,0.0,0.0,保留,LS 开放题自证充分（≥2字段）→ 保留
14458,CATI,Eva,常规,1,0,0,0,0,1,12.9,0.4735610183411099,0.25,0.9117398648648648,,5,5,Agree,2.0,Strongly agree,5.0,DK,,DK,,Disagree,2.0,Woman,46.0,"EGB, ESO, Baccalaurate, Elementary Baccalaurate",3,RESPETO A LAS MUJERES Y NOS VALOREN, , ,0,1,0,0,1,1.0,0.0,0.0,1.0,保留,DKNA 单字段具体议题自证+作答模式合理 → 保留
14536,CATI,Daniel,常规,1,0,0,1,0,0,9.7,-0.3133475431547509,0.293859649122807,1.0716942271218588,13.39541918762836,5,2,Strongly agree,1.0,Disagree,2.0,Disagree,2.0,Agree,4.0,Strongly disagree,1.0,Man,63.0,"EGB, ESO, Baccalaurate, Elementary Baccalaurate",1,0, , ,0,0,0,0,0,2.0,0.0,0.0,2.0,剔除,MD 信号命中+开放题全空无自证 → 自证门槛剔除
14564,CATI,Daniel,常规,1,1,0,0,0,0,8.4,-0.7105099269732518,0.293859649122807,1.0716942271218588,3.290817454810447,4,0,Agree,2.0,Agree,4.0,Agree,4.0,Agree,4.0,Disagree,2.0,Man,42.0,"EGB, ESO, Baccalaurate, Elementary Baccalaurate","1, 5",IGUALDAD, , ,0,1,0,0,1,2.0,0.0,0.0,2.0,剔除,DUR低 唯一开放字段为泛词/编码（IGUALDAD）无实质自证 → 门槛剔除
14586,CATI,Juana,常规,1,0,0,0,0,1,17.6,1.3310458021540614,0.1666666666666666,0.6078265765765766,7.842801515881676,3,4,Disagree,4.0,Agree,4.0,Agree,4.0,Strongly disagree,1.0,Strongly disagree,1.0,Man,89.0,No schooling (or less than 5 years of schooling),"1, 6",88, , ,0,0,0,0,0,2.0,0.0,0.0,2.0,剔除,DKNA 信号命中+开放题全空无自证 → 自证门槛剔除
14591,CATI,David,常规,1,1,0,0,0,0,7.1,-1.1745847132400753,0.3942857142857143,1.4379440154440155,5.291350540831196,4,1,Strongly agree,1.0,Disagree,2.0,Disagree,2.0,Disagree,2.0,Disagree,2.0,Man,27.0,"FP2, Higher Vocational Training, Conservatoire 10 years",8,88, , ,0,0,0,0,0,2.0,0.0,1.0,3.0,剔除,DUR低 信号命中+开放题全空无自证 → 自证门槛剔除
14602,CATI,María,常规,1,1,0,0,0,0,7.7,-0.9506700640001242,0.2685714285714285,0.979469111969112,2.989836509956907,4,0,Agree,2.0,Strongly agree,5.0,Strongly agree,5.0,Neither agree nor disagree,3.0,Neither agree nor disagree,3.0,Man,32.0,"University graduate (Diploma, Bachelor, Degree, Master, PhD)","INTERNET, , , 1, 6",TODO EL TEMA DEL EMBAREZO DE LA MUJER, , ,1,1,0,0,2,0.0,0.0,0.0,0.0,保留,DUR低 开放题自证充分（≥2字段）→ 保留
14702,CATI,Alejandro,常规,1,0,0,0,0,1,10.0,-0.2292770721848513,0.3630952380952381,1.3241936132561132,,0,5,,,Agree,4.0,,,DK,,DK,,Woman,75.0,"EGB, ESO, Baccalaurate, Elementary Baccalaurate", ,88, , ,0,0,0,0,0,2.0,1.0,0.0,3.0,剔除,DKNA 信号命中+开放题全空无自证 → 自证门槛剔除
14732,CATI,Raúl,常规,1,1,0,0,0,0,8.1,-0.8108882764442957,0.3050847457627119,1.1126316994961063,8.848279687127782,3,1,Strongly agree,1.0,Disagree,2.0,Strongly disagree,1.0,Strongly disagree,1.0,Strongly disagree,1.0,Man,58.0,"University graduate (Diploma, Bachelor, Degree, Master, PhD)", ,88, , ,0,0,0,0,0,2.0,0.0,0.0,2.0,剔除,DUR低 信号命中+开放题全空无自证 → 自证门槛剔除
14751,CATI,Luna,常规,1,0,0,0,1,0,14.1,0.7190650106806803,0.2325581395348837,0.8481301068510371,3.084666447761618,6,0,Disagree,4.0,Agree,4.0,Agree,4.0,Strongly agree,5.0,Strongly agree,5.0,Woman,73.0,"COU, BUP, Higher Baccalaurate","1, 5, 6",TODAS SON IMPORTANTES,NO PUEDE, ,0,1,1,0,2,0.0,0.0,0.0,0.0,保留,LS 开放题自证充分（≥2字段）→ 保留
14786,CATI,Juana,常规,1,1,0,0,0,0,7.3,-1.0979103270469086,0.1666666666666666,0.6078265765765766,6.360270230557529,3,1,Strongly agree,1.0,Disagree,2.0,Disagree,2.0,Strongly disagree,1.0,Strongly disagree,1.0,Man,44.0,"COU, BUP, Higher Baccalaurate", ,NINGUNA, , ,0,1,0,0,1,2.0,0.0,0.0,2.0,剔除,DUR低 唯一开放字段为泛词/编码（NINGUNA）无实质自证 → 门槛剔除
14800,CATI,Alejandro,常规,1,1,0,0,0,0,8.1,-0.8108882764442957,0.3630952380952381,1.3241936132561132,10.059666522986909,3,0,Disagree,4.0,Disagree,2.0,Agree,4.0,Strongly disagree,1.0,Strongly disagree,1.0,Man,57.0,"University graduate (Diploma, Bachelor, Degree, Master, PhD)","1, 5",88, ,8,0,0,0,0,0,2.0,0.0,0.0,2.0,剔除,DUR低 信号命中+开放题全空无自证 → 自证门槛剔除
14847,CATI,María,常规,1,0,0,1,0,0,9.8,-0.2850385728707622,0.2685714285714285,0.979469111969112,16.43719308239599,3,0,Agree,2.0,Strongly disagree,1.0,Strongly agree,5.0,Strongly agree,5.0,Strongly agree,5.0,Woman,53.0,"EGB, ESO, Baccalaurate, Elementary Baccalaurate","INTERNET, , , 5",NO,HICIMOS UN PARO DE 10 MINUTOS CON MIS COMPAÑERAS DE TRABAJO A LA PUERTA DE MI EMPRESA, ,1,1,1,0,3,0.0,0.0,0.0,0.0,保留,MD 开放题自证充分（≥2字段）→ 保留
14991,CATI,María,常规,1,1,0,0,0,0,7.4,-1.0603573612727293,0.2685714285714285,0.979469111969112,9.937883505376108,5,1,Agree,2.0,Strongly disagree,1.0,Strongly disagree,1.0,Disagree,2.0,Strongly disagree,1.0,Man,47.0,"University graduate (Diploma, Bachelor, Degree, Master, PhD)","1, 5, 6",0, , ,0,0,0,0,0,2.0,0.0,1.0,3.0,剔除,DUR低 信号命中+开放题全空无自证 → 自证门槛剔除
15002,CATI,Raúl,常规,1,1,0,0,0,0,8.1,-0.8108882764442957,0.3050847457627119,1.1126316994961063,5.870419770756711,3,0,Disagree,4.0,Disagree,2.0,Agree,4.0,Agree,4.0,Agree,4.0,Man,58.0,"EGB, ESO, Baccalaurate, Elementary Baccalaurate", ,VIOLENCIA DE GENERO, , ,0,1,0,0,1,1.0,0.0,0.0,1.0,保留,DUR低 单字段具体议题自证+作答模式合理 → 保留
15018,CATI,Daniel,常规,1,0,0,0,1,0,14.8,0.8527984537755341,0.293859649122807,1.0716942271218588,4.39313910516078,8,0,Strongly disagree,5.0,Strongly agree,5.0,Strongly agree,5.0,Strongly agree,5.0,Strongly agree,5.0,Man,48.0,"FP2, Higher Vocational Training, Conservatoire 10 years","3, 4","IGUALDAD, IGUALDAD SALARIAL",1,"7, 10",0,1,0,0,1,1.0,0.0,0.0,1.0,保留,LS 单字段具体议题自证+作答模式合理 → 保留
15025,CATI,María,常规,1,1,0,0,0,0,7.1,-1.1745847132400753,0.2685714285714285,0.979469111969112,,3,1,Strongly agree,1.0,DK,,Agree,4.0,Agree,4.0,Agree,4.0,Man,30.0,Primary school (or has attended school for 5 years or more), ,0, ,7,0,0,0,0,0,2.0,0.0,1.0,3.0,剔除,DUR低 信号命中+开放题全空无自证 → 自证门槛剔除
15198,CATI,Juana,常规,1,0,0,0,0,1,14.2,0.7385711018081885,0.1666666666666666,0.6078265765765766,,0,7,Strongly agree,1.0,Agree,4.0,Agree,4.0,DK,,DK,,Man,38.0,No schooling (or less than 5 years of schooling), ,88, , ,0,0,0,0,0,2.0,0.0,0.0,2.0,剔除,DKNA 信号命中+开放题全空无自证 → 自证门槛剔除
15224,CATI,Tomas,常规,1,0,0,1,0,0,17.0,1.235310179440976,0.3103448275862069,1.1318150046598323,14.827066363294168,2,1,Agree,2.0,Strongly agree,5.0,Disagree,2.0,Strongly agree,5.0,Disagree,2.0,Man,27.0,"FP2, Higher Vocational Training, Conservatoire 10 years",2,IGUALDAD EN GENERAL, , ,0,1,0,0,1,2.0,0.0,0.0,2.0,剔除,MD 唯一开放字段为泛词/编码（IGUALDAD EN GENERAL）无实质自证 → 门槛剔除
15253,CATI,Victoria,常规,1,0,0,0,1,0,10.8,-0.0168568712358862,0.2201834862385321,0.8030002479543764,1.2969435442876809,7,3,Agree,2.0,Agree,4.0,Agree,4.0,Neither agree nor disagree,3.0,Disagree,2.0,Man,62.0,"EGB, ESO, Baccalaurate, Elementary Baccalaurate",3,88, , ,0,0,0,0,0,2.0,0.0,0.0,2.0,剔除,LS 信号命中+开放题全空无自证 → 自证门槛剔除
15327,CATI,Alejandro,常规,1,0,0,0,0,1,9.7,-0.3133475431547509,0.3630952380952381,1.3241936132561132,,4,4,DK,,Strongly agree,5.0,Agree,4.0,Strongly agree,5.0,Strongly agree,5.0,Woman,41.0,"University graduate (Diploma, Bachelor, Degree, Master, PhD)",88,88, , ,0,0,0,0,0,2.0,0.0,0.0,2.0,剔除,DKNA 信号命中+开放题全空无自证 → 自证门槛剔除
15337,CATI,David,常规,1,1,0,0,0,0,8.3,-0.7435654167534216,0.3942857142857143,1.4379440154440155,2.050632358685068,3,0,Neither agree nor disagree,3.0,Strongly agree,5.0,Strongly agree,5.0,Strongly agree,5.0,Agree,4.0,Man,19.0,"COU, BUP, Higher Baccalaurate",2,VIOLENCIA MACHISTA,1,10,0,1,0,0,1,1.0,0.0,0.0,1.0,保留,DUR低 单字段具体议题自证+作答模式合理 → 保留
15413,CATI,Juana,常规,1,0,0,0,1,0,13.1,0.5160249390888186,0.1666666666666666,0.6078265765765766,1.3137918149468455,6,0,Disagree,4.0,Agree,4.0,Agree,4.0,Agree,4.0,Agree,4.0,Woman,31.0,"COU, BUP, Higher Baccalaurate","1, 2","DIFERENTE TRATO EN DERECHOS EN MUJERES FERTILES , DESSIGUALDAD SALARIAS", , ,0,1,0,0,1,1.0,0.0,0.0,1.0,保留,LS 单字段具体议题自证+作答模式合理 → 保留
15471,CAWI,Autoadministrado CAWI,常规,1,0,0,0,1,0,9.7,-0.0277540619868489,0.2491467576791808,0.9086281247117424,1.3137918149468455,6,0,Disagree,4.0,Agree,4.0,Agree,4.0,Agree,4.0,Agree,4.0,Woman,54.0,"University graduate (Diploma, Bachelor, Degree, Master, PhD)","TV, INTERNET","TOMA DE CONCIENCIA, IGUALDAD","MANIFESTARME, CHARLAS","MUJER, JUBILADOS",1,1,1,1,4,0.0,0.0,0.0,0.0,保留,LS 开放题自证充分（≥2字段）→ 保留
15479,CATI,María,常规,1,1,0,0,0,0,7.7,-0.9506700640001242,0.2685714285714285,0.979469111969112,6.360270230557529,4,0,Strongly agree,1.0,Disagree,2.0,Disagree,2.0,Strongly disagree,1.0,Strongly disagree,1.0,Man,29.0,"FP1, Intermediate Vocational Training",1,0, , ,0,0,0,0,0,2.0,0.0,0.0,2.0,剔除,DUR低 信号命中+开放题全空无自证 → 自证门槛剔除
15515,CATI,Eva,常规,1,1,0,0,0,0,7.9,-0.8798943808324479,0.25,0.9117398648648648,8.78738028690909,3,0,Strongly agree,1.0,Strongly disagree,1.0,Disagree,2.0,Strongly disagree,1.0,Strongly disagree,1.0,Man,38.0,"COU, BUP, Higher Baccalaurate", ,0, , ,0,0,0,0,0,2.0,0.0,0.0,2.0,剔除,DUR低 信号命中+开放题全空无自证 → 自证门槛剔除
15538,CATI,David,常规,1,1,0,0,0,0,7.6,-0.9867503216521336,0.3942857142857143,1.4379440154440155,3.591218138119019,4,2,Strongly agree,1.0,Agree,4.0,Agree,4.0,Disagree,2.0,Disagree,2.0,Man,41.0,"COU, BUP, Higher Baccalaurate",2,REIVINDICACIONES POLITICAS, , ,0,1,0,0,1,1.0,0.0,0.0,1.0,保留,DUR低 单字段具体议题自证+作答模式合理 → 保留
15563,CATI,María,常规,1,0,0,0,1,0,11.4,0.1323740881877214,0.2685714285714285,0.979469111969112,1.3137918149468455,10,2,Disagree,4.0,Agree,4.0,Agree,4.0,Agree,4.0,Agree,4.0,Man,43.0,"FP1, Intermediate Vocational Training","INTERNET, , , 2",88,1,10,1,0,0,0,1,2.0,2.0,0.0,4.0,剔除,LS 唯一开放字段为泛词/编码（88）无实质自证 → 门槛剔除
15639,CATI,Tomas,常规,1,0,1,0,0,0,30.6,2.8576603923595183,0.3103448275862069,1.1318150046598323,5.792347049575205,3,1,Strongly agree,1.0,Agree,4.0,Disagree,2.0,Disagree,2.0,Disagree,2.0,Man,79.0,"University graduate (Diploma, Bachelor, Degree, Master, PhD)","1, 3",IGUALDAD EN GENERAL, , ,0,1,0,0,1,2.0,0.0,0.0,2.0,剔除,DUR高 唯一开放字段为泛词/编码（IGUALDAD EN GENERAL）无实质自证 → 门槛剔除
15642,CATI,David,常规,1,1,0,0,0,0,7.3,-1.0979103270469086,0.3942857142857143,1.4379440154440155,7.235064292069622,3,0,Agree,2.0,Disagree,2.0,Agree,4.0,Agree,4.0,Disagree,2.0,Man,30.0,"University graduate (Diploma, Bachelor, Degree, Master, PhD)",2,IGUALDAD REAL, , ,0,1,0,0,1,1.0,0.0,0.0,1.0,保留,DUR低 单字段具体议题自证+作答模式合理 → 保留
15645,CATI,Eva,常规,1,0,0,0,1,0,14.4,0.7771745339725232,0.25,0.9117398648648648,7.4263249237239695,8,0,Strongly disagree,5.0,Strongly agree,5.0,Strongly agree,5.0,Agree,4.0,Disagree,2.0,Man,39.0,"EGB, ESO, Baccalaurate, Elementary Baccalaurate",3,IGUALDAD, , ,0,1,0,0,1,2.0,0.0,0.0,2.0,剔除,LS 唯一开放字段为泛词/编码（IGUALDAD）无实质自证 → 门槛剔除
15733,CATI,Luna,常规,1,0,0,0,1,0,10.8,-0.0168568712358862,0.2325581395348837,0.8481301068510371,11.018516098732098,8,0,Strongly disagree,5.0,Strongly agree,5.0,Strongly agree,5.0,Strongly agree,5.0,Disagree,2.0,Man,53.0,"University graduate (Diploma, Bachelor, Degree, Master, PhD)","1, 3, 6",IGUAL SALARIAL Y DE GENERO, , ,0,1,0,0,1,1.0,0.0,0.0,1.0,保留,LS 单字段具体议题自证+作答模式合理 → 保留
15926,CATI,Daniel,常规,1,0,0,1,0,0,10.3,-0.1476918100929124,0.293859649122807,1.0716942271218588,13.570613972500333,2,0,Strongly disagree,5.0,Agree,4.0,Strongly agree,5.0,Strongly disagree,1.0,Strongly disagree,1.0,Woman,40.0,"University graduate (Diploma, Bachelor, Degree, Master, PhD)","1, 2, 6, 7",0, , ,0,0,0,0,0,2.0,0.0,0.0,2.0,剔除,MD 信号命中+开放题全空无自证 → 自证门槛剔除
15940,CATI,Daniel,常规,1,0,0,0,0,1,9.4,-0.4000593991591736,0.293859649122807,1.0716942271218588,1.427689860011049,3,4,Neither agree nor disagree,3.0,Strongly agree,5.0,Agree,4.0,Agree,4.0,Agree,4.0,Woman,54.0,"COU, BUP, Higher Baccalaurate", ,88,3, ,0,0,0,0,0,2.0,0.0,0.0,2.0,剔除,DKNA 信号命中+开放题全空无自证 → 自证门槛剔除
16018,CATI,Daniel,常规,1,1,0,0,0,0,8.1,-0.8108882764442957,0.293859649122807,1.0716942271218588,3.4342525909569432,3,2,Strongly disagree,5.0,Agree,4.0,Agree,4.0,Agree,4.0,Neither agree nor disagree,3.0,Woman,55.0,"EGB, ESO, Baccalaurate, Elementary Baccalaurate",5,IGUALDAD,1,1,0,1,0,0,1,2.0,0.0,0.0,2.0,剔除,DUR低 唯一开放字段为泛词/编码（IGUALDAD）无实质自证 → 门槛剔除
16066,CATI,Eva,常规,1,0,0,0,1,0,9.4,-0.4000593991591736,0.25,0.9117398648648648,1.3137918149468455,7,1,Disagree,4.0,Agree,4.0,Agree,4.0,Agree,4.0,Agree,4.0,Man,60.0,"FP2, Higher Vocational Training, Conservatoire 10 years","1, 6",IGUALDAD, ,10,0,1,0,0,1,2.0,2.0,0.0,4.0,剔除,LS 唯一开放字段为泛词/编码（IGUALDAD）无实质自证 → 门槛剔除
16107,CATI,Tomas,常规,1,0,0,0,1,0,11.2,0.0835214782351577,0.3103448275862069,1.1318150046598323,9.50674077962295,7,2,Strongly disagree,5.0,Strongly agree,5.0,Agree,4.0,Disagree,2.0,Strongly disagree,1.0,Man,50.0,"FP2, Higher Vocational Training, Conservatoire 10 years",1,IGUALDAD EN GENERAL, , ,0,1,0,0,1,2.0,0.0,0.0,2.0,剔除,LS 唯一开放字段为泛词/编码（IGUALDAD EN GENERAL）无实质自证 → 门槛剔除
16170,CATI,Daniel,常规,1,1,0,0,0,0,7.8,-0.915055371063197,0.293859649122807,1.0716942271218588,10.910891714467477,4,1,Agree,2.0,Agree,4.0,Strongly disagree,1.0,Strongly disagree,1.0,Strongly disagree,1.0,Man,28.0,"FP2, Higher Vocational Training, Conservatoire 10 years", ,88, , ,0,0,0,0,0,2.0,0.0,0.0,2.0,剔除,DUR低 信号命中+开放题全空无自证 → 自证门槛剔除
16214,CATI,Luna,常规,1,0,0,0,1,0,12.2,0.3195712639337898,0.2325581395348837,0.8481301068510371,1.1184076202728268,6,0,Agree,2.0,Agree,4.0,Agree,4.0,Agree,4.0,Agree,4.0,Man,52.0,"FP2, Higher Vocational Training, Conservatoire 10 years","1, 2",IGUALDAD SALARIAL,1, ,0,1,0,0,1,1.0,0.0,0.0,1.0,保留,LS 单字段具体议题自证+作答模式合理 → 保留
16232,CATI,Juana,常规,1,0,0,0,1,0,20.1,1.6976448582170536,0.1666666666666666,0.6078265765765766,1.3137918149468455,6,0,Disagree,4.0,Agree,4.0,Agree,4.0,Agree,4.0,Agree,4.0,Man,65.0,Primary school (or has attended school for 5 years or more),"1, 5, 6",TODAS SON IMPORTANTES,1,"3, 10",0,1,0,0,1,2.0,2.0,0.0,4.0,剔除,LS 唯一开放字段为泛词/编码（TODAS SON IMPORTANTE）无实质自证 → 门槛剔除
16403,CATI,Daniel,常规,1,0,0,0,0,1,13.2,0.5370143969456508,0.293859649122807,1.0716942271218588,5.290604928128141,3,5,Agree,2.0,Disagree,2.0,Agree,4.0,Agree,4.0,Agree,4.0,Woman,75.0,Primary school (or has attended school for 5 years or more),1,99,9, ,0,0,0,0,0,2.0,0.0,0.0,2.0,剔除,DKNA 信号命中+开放题全空无自证 → 自证门槛剔除
16406,CATI,David,常规,1,0,0,0,1,0,10.0,-0.2292770721848513,0.3942857142857143,1.4379440154440155,2.0826085769029263,6,1,Agree,2.0,Strongly agree,5.0,Agree,4.0,Neither agree nor disagree,3.0,Neither agree nor disagree,3.0,Man,38.0,"FP2, Higher Vocational Training, Conservatoire 10 years",9,0, , ,0,0,0,0,0,2.0,0.0,0.0,2.0,剔除,LS 信号命中+开放题全空无自证 → 自证门槛剔除
16501,CATI,David,常规,1,1,0,0,0,0,8.1,-0.8108882764442957,0.3942857142857143,1.4379440154440155,4.005028726607633,3,2,Agree,2.0,Strongly agree,5.0,Strongly agree,5.0,Neither agree nor disagree,3.0,Disagree,2.0,Woman,37.0,"FP2, Higher Vocational Training, Conservatoire 10 years","5, 9","TODAS, IGUALDAD REAL",1, ,0,1,0,0,1,1.0,0.0,0.0,1.0,保留,DUR低 单字段具体议题自证+作答模式合理 → 保留
16522,CATI,David,常规,1,1,0,0,0,0,8.1,-0.8108882764442957,0.3942857142857143,1.4379440154440155,3.7427191972620255,5,0,Disagree,4.0,Agree,4.0,Agree,4.0,Agree,4.0,Disagree,2.0,Man,39.0,"FP2, Higher Vocational Training, Conservatoire 10 years","1, 8",0, , ,0,0,0,0,0,2.0,0.0,0.0,2.0,剔除,DUR低 信号命中+开放题全空无自证 → 自证门槛剔除
16692,CATI,Daniel,常规,1,0,0,0,1,0,9.8,-0.2850385728707622,0.293859649122807,1.0716942271218588,4.39313910516078,8,0,Strongly disagree,5.0,Strongly agree,5.0,Strongly agree,5.0,Strongly agree,5.0,Strongly agree,5.0,Woman,33.0,"University graduate (Diploma, Bachelor, Degree, Master, PhD)","2, 4","FEMINICIDIOS, BRECHA SALARIAL","1, 2, 8","4, 7, 10",0,1,0,0,1,1.0,0.0,0.0,1.0,保留,LS 单字段具体议题自证+作答模式合理 → 保留
16705,CATI,María,常规,1,1,0,0,0,0,8.1,-0.8108882764442957,0.2685714285714285,0.979469111969112,2.2775538540346503,3,0,Agree,2.0,Agree,4.0,Agree,4.0,Disagree,2.0,Disagree,2.0,Man,31.0,"FP1, Intermediate Vocational Training","SINDICATOS , EN MI TRABAJO, , 1",LA IGUALDAD, , ,1,1,0,0,2,0.0,0.0,0.0,0.0,保留,DUR低 开放题自证充分（≥2字段）→ 保留
16721,CATI,Raúl,常规,1,0,0,0,0,1,9.5,-0.3708517148909659,0.3050847457627119,1.1126316994961063,,4,4,DK,,Neither agree nor disagree,3.0,Agree,4.0,Neither agree nor disagree,3.0,Neither agree nor disagree,3.0,Woman,62.0,Primary school (or has attended school for 5 years or more),6,88, , ,0,0,0,0,0,2.0,0.0,0.0,2.0,剔除,DKNA 信号命中+开放题全空无自证 → 自证门槛剔除
16837,CATI,María,常规,1,0,0,0,1,0,11.1,0.0587670485671246,0.2685714285714285,0.979469111969112,3.073607949088509,7,1,Agree,2.0,Strongly agree,5.0,Strongly agree,5.0,Strongly agree,5.0,Agree,4.0,Man,41.0,"University graduate (Diploma, Bachelor, Degree, Master, PhD)","1, 2, 6",LA IGUALDAD,1,9,0,1,0,0,1,2.0,0.0,0.0,2.0,剔除,LS 唯一开放字段为泛词/编码（LA IGUALDAD）无实质自证 → 门槛剔除
16839,CATI,María,常规,1,1,0,0,0,0,7.8,-0.915055371063197,0.2685714285714285,0.979469111969112,6.994384924164882,2,0,Agree,2.0,Agree,4.0,Disagree,2.0,Agree,4.0,Disagree,2.0,Woman,27.0,"EGB, ESO, Baccalaurate, Elementary Baccalaurate","1, 2",TODAS, , ,0,1,0,0,1,2.0,0.0,0.0,2.0,剔除,DUR低 唯一开放字段为泛词/编码（TODAS）无实质自证 → 门槛剔除
16844,CATI,Alejandro,常规,1,0,0,0,0,1,10.1,-0.2018131599490489,0.3630952380952381,1.3241936132561132,2.2775538540346503,2,4,Agree,2.0,Agree,4.0,Agree,4.0,Disagree,2.0,Disagree,2.0,Man,28.0,"University graduate (Diploma, Bachelor, Degree, Master, PhD)", ,VIOLENCIA DE GENERO, , ,0,1,0,0,1,1.0,0.0,0.0,1.0,保留,DKNA 单字段具体议题自证+作答模式合理 → 保留
16889,CATI,David,常规,1,0,0,0,0,1,11.6,0.180377044322026,0.3942857142857143,1.4379440154440155,,5,4,Disagree,4.0,Agree,4.0,Agree,4.0,DK,,Agree,4.0,Woman,55.0,"COU, BUP, Higher Baccalaurate","1, 3, 5, 6",BRECHA SALARIAL,10, ,0,1,0,0,1,1.0,1.0,0.0,2.0,保留,DKNA 总分2 → 保留
16897,CATI,María,常规,1,1,0,0,0,0,8.2,-0.7770215888899347,0.2685714285714285,0.979469111969112,,2,1,Agree,2.0,Disagree,2.0,Agree,4.0,DK,,Disagree,2.0,Woman,63.0,"EGB, ESO, Baccalaurate, Elementary Baccalaurate", ,88, , ,0,0,0,0,0,2.0,0.0,0.0,2.0,剔除,DUR低 信号命中+开放题全空无自证 → 自证门槛剔除
16942,CATI,David,常规,1,1,0,0,0,0,7.4,-1.0603573612727293,0.3942857142857143,1.4379440154440155,4.123444777884397,2,0,Strongly disagree,5.0,Agree,4.0,Agree,4.0,Strongly agree,5.0,Agree,4.0,Woman,25.0,"University graduate (Diploma, Bachelor, Degree, Master, PhD)","1, 8","IGUALDAD, DERECGHOS LABORALES",1, ,0,1,0,0,1,1.0,0.0,0.0,1.0,保留,DUR低 单字段具体议题自证+作答模式合理 → 保留
17007,CATI,David,常规,1,1,0,0,0,0,6.9,-1.253450090147077,0.3942857142857143,1.4379440154440155,5.291350540831196,4,0,Strongly agree,1.0,Disagree,2.0,Disagree,2.0,Disagree,2.0,Disagree,2.0,Woman,26.0,"EGB, ESO, Baccalaurate, Elementary Baccalaurate",2,0, , ,0,0,0,0,0,2.0,0.0,1.0,3.0,剔除,DUR低 信号命中+开放题全空无自证 → 自证门槛剔除
17029,CATI,Eva,常规,1,0,0,1,0,0,16.5,1.1529130037068174,0.25,0.9117398648648648,18.371804157357104,4,1,Strongly disagree,5.0,Strongly disagree,1.0,Strongly agree,5.0,Strongly agree,5.0,Strongly agree,5.0,Woman,58.0,"COU, BUP, Higher Baccalaurate","1, 3, 6","SEGURIDAD DE LA MUJER, IGUALDAD LABORAL",1, ,0,1,0,0,1,1.0,0.0,0.0,1.0,保留,MD 单字段具体议题自证+作答模式合理 → 保留
17165,CATI,Raúl,常规,1,1,0,0,0,0,7.6,-0.9867503216521336,0.3050847457627119,1.1126316994961063,5.4298074224767685,4,0,Strongly agree,1.0,Agree,4.0,Strongly agree,5.0,Strongly agree,5.0,Agree,4.0,Woman,53.0,"FP1, Intermediate Vocational Training",1,DERECHOS DE LAS MUJERES,1, ,0,1,0,0,1,1.0,0.0,0.0,1.0,保留,DUR低 单字段具体议题自证+作答模式合理 → 保留
17233,CAWI,Autoadministrado CAWI,常规,1,0,0,0,1,0,17.5,0.9876253890406236,0.2491467576791808,0.9086281247117424,1.3137918149468455,6,0,Disagree,4.0,Agree,4.0,Agree,4.0,Agree,4.0,Agree,4.0,Man,64.0,Primary school (or has attended school for 5 years or more),"TV, PRENSA",IGUALDAD,MANIFESTARME,PENSIONES,1,1,1,1,4,0.0,0.0,0.0,0.0,保留,LS 开放题自证充分（≥2字段）→ 保留
17244,CATI,Juana,常规,1,1,0,0,0,0,7.7,-0.9506700640001242,0.1666666666666666,0.6078265765765766,7.235064292069622,3,0,Agree,2.0,Disagree,2.0,Agree,4.0,Agree,4.0,Disagree,2.0,Man,39.0,"FP1, Intermediate Vocational Training", ,0, , ,0,0,0,0,0,2.0,0.0,0.0,2.0,剔除,DUR低 信号命中+开放题全空无自证 → 自证门槛剔除
17293,CAWI,Autoadministrado CAWI,常规,1,0,1,0,0,0,34.9,2.1754441792884305,0.2491467576791808,0.9086281247117424,6.0464696391248,5,0,Strongly agree,1.0,Strongly agree,5.0,Strongly agree,5.0,Strongly agree,5.0,Strongly agree,5.0,Woman,50.0,Primary school (or has attended school for 5 years or more),POR MEDIO DE LA TELEVISION,SI EL MISMO DERECHO QUE TIENEN LOS HOMBRES, , ,1,1,0,0,2,0.0,0.0,0.0,0.0,保留,DUR高 开放题自证充分（≥2字段）→ 保留
17325,CATI,Rosa,常规,1,0,0,0,1,0,9.4,-0.4000593991591736,0.2105263157894736,0.7677809388335703,10.709941940237409,6,0,Strongly disagree,5.0,Strongly agree,5.0,Agree,4.0,Strongly agree,5.0,Disagree,2.0,Man,22.0,"COU, BUP, Higher Baccalaurate","2, 6",TODO EN GENERAL, , ,0,1,0,0,1,2.0,0.0,0.0,2.0,剔除,LS 唯一开放字段为泛词/编码（TODO EN GENERAL）无实质自证 → 门槛剔除
17360,CAWI,Autoadministrado CAWI,常规,1,0,0,1,0,0,17.3,0.9678462817037762,0.2491467576791808,0.9086281247117424,12.952866649941477,3,0,Strongly disagree,5.0,Neither agree nor disagree,3.0,Strongly disagree,1.0,Neither agree nor disagree,3.0,Neither agree nor disagree,3.0,Woman,64.0,"University graduate (Diploma, Bachelor, Degree, Master, PhD)","INFORMATIVOS TV, NOTICIAS DIGITALES","NO ES EL MODO, N", , ,1,1,0,0,2,0.0,0.0,0.0,0.0,保留,MD 开放题自证充分（≥2字段）→ 保留
17510,CATI,Raúl,常规,1,0,0,1,0,0,8.5,-0.6778456356072886,0.3050847457627119,1.1126316994961063,12.519309790769022,2,0,Disagree,4.0,Disagree,2.0,Disagree,2.0,Strongly agree,5.0,Strongly agree,5.0,Man,23.0,"University graduate (Diploma, Bachelor, Degree, Master, PhD)",2,IGUALDAD,"1, 2",10,0,1,0,0,1,2.0,0.0,0.0,2.0,剔除,MD 唯一开放字段为泛词/编码（IGUALDAD）无实质自证 → 门槛剔除
17542,CATI,Raúl,常规,1,0,0,1,0,0,9.7,-0.3133475431547509,0.3050847457627119,1.1126316994961063,13.39541918762836,2,0,Strongly agree,1.0,Disagree,2.0,Disagree,2.0,Agree,4.0,Strongly disagree,1.0,Man,32.0,"University graduate (Diploma, Bachelor, Degree, Master, PhD)",1,88, , ,0,0,0,0,0,2.0,0.0,0.0,2.0,剔除,MD 信号命中+开放题全空无自证 → 自证门槛剔除
17625,CATI,Daniel,常规,1,1,0,0,0,0,8.1,-0.8108882764442957,0.293859649122807,1.0716942271218588,5.290604928128141,3,0,Agree,2.0,Disagree,2.0,Agree,4.0,Agree,4.0,Agree,4.0,Man,40.0,"COU, BUP, Higher Baccalaurate", ,0, , ,0,0,0,0,0,2.0,0.0,0.0,2.0,剔除,DUR低 信号命中+开放题全空无自证 → 自证门槛剔除
17629,CATI,David,常规,1,1,0,0,0,0,7.6,-0.9867503216521336,0.3942857142857143,1.4379440154440155,4.788109526599774,2,1,Agree,2.0,Strongly agree,5.0,Agree,4.0,Agree,4.0,Strongly agree,5.0,Man,20.0,"EGB, ESO, Baccalaurate, Elementary Baccalaurate",3,0,1, ,0,0,0,0,0,2.0,0.0,0.0,2.0,剔除,DUR低 信号命中+开放题全空无自证 → 自证门槛剔除
17698,CATI,Eva,常规,1,0,0,0,1,0,11.7,0.2040690387766568,0.25,0.9117398648648648,1.3137918149468455,6,1,Disagree,4.0,Agree,4.0,Agree,4.0,Agree,4.0,Agree,4.0,Man,64.0,Primary school (or has attended school for 5 years or more),"1, 5",TODAS,LAS TAREA DE CASA Y UN RAMO DE FLORES, ,0,1,1,0,2,0.0,0.0,0.0,0.0,保留,LS 开放题自证充分（≥2字段）→ 保留
17850,CATI,Eva,常规,1,0,0,0,1,0,10.3,-0.1476918100929124,0.25,0.9117398648648648,,10,2,Disagree,4.0,Disagree,2.0,Disagree,2.0,,,Disagree,2.0,Man,35.0,"University graduate (Diploma, Bachelor, Degree, Master, PhD)","1, 2, 6",IGUALDAD, ,99,0,1,0,0,1,2.0,0.0,0.0,2.0,剔除,LS 唯一开放字段为泛词/编码（IGUALDAD）无实质自证 → 门槛剔除
17863,CATI,Juana,常规,1,0,0,0,0,1,15.3,0.9445045773112538,0.1666666666666666,0.6078265765765766,,4,6,DK,,Agree,4.0,Agree,4.0,Neither agree nor disagree,3.0,Disagree,2.0,Woman,75.0,"EGB, ESO, Baccalaurate, Elementary Baccalaurate","3, 4","PRESENCIA DE LA MUJER, IGUALDAD EN GENERAL",1,10,0,1,0,0,1,1.0,0.0,0.0,1.0,保留,DKNA 单字段具体议题自证+作答模式合理 → 保留
17864,CATI,María,常规,1,1,0,0,0,0,8.2,-0.7770215888899347,0.2685714285714285,0.979469111969112,5.086183615155139,3,0,Strongly agree,1.0,Agree,4.0,Agree,4.0,Agree,4.0,Disagree,2.0,Man,64.0,Primary school (or has attended school for 5 years or more), ,88, , ,0,0,0,0,0,2.0,0.0,0.0,2.0,剔除,DUR低 信号命中+开放题全空无自证 → 自证门槛剔除
17880,CATI,Victoria,常规,1,0,0,0,0,1,22.8,2.045529903235986,0.2201834862385321,0.8030002479543764,4.123444777884397,4,5,Strongly disagree,5.0,Agree,4.0,Agree,4.0,Strongly agree,5.0,Agree,4.0,Woman,40.0,"University graduate (Diploma, Bachelor, Degree, Master, PhD)","1, 2","EDUCACION DESDE PEQUEÑOS, NO CRIAR A LOS NIÑOS COMO NIÑOS O A LAS NIÑAS COMO NIÑAS",1, ,0,1,0,0,1,1.0,0.0,0.0,1.0,保留,DKNA 单字段具体议题自证+作答模式合理 → 保留
17916,CATI,María,常规,1,1,0,0,0,0,7.4,-1.0603573612727293,0.2685714285714285,0.979469111969112,4.698556253020487,4,0,Agree,2.0,Agree,4.0,Disagree,2.0,Disagree,2.0,Disagree,2.0,Man,30.0,"COU, BUP, Higher Baccalaurate",INTERNET,0, , ,1,0,0,0,1,2.0,0.0,0.0,2.0,剔除,DUR低 唯一开放字段为泛词/编码（0）无实质自证 → 门槛剔除
18164,CATI,David,常规,1,1,0,0,0,0,8.3,-0.7435654167534216,0.3942857142857143,1.4379440154440155,4.119610364741613,4,2,Strongly agree,1.0,Strongly agree,5.0,Agree,4.0,Agree,4.0,Agree,4.0,Man,79.0,Primary school (or has attended school for 5 years or more),1,0,99, ,0,0,0,0,0,2.0,0.0,0.0,2.0,剔除,DUR低 信号命中+开放题全空无自证 → 自证门槛剔除
18186,CATI,Alejandro,常规,1,0,0,0,1,0,11.7,0.2040690387766568,0.3630952380952381,1.3241936132561132,,6,1,Agree,2.0,Disagree,2.0,DK,,Disagree,2.0,Disagree,2.0,Man,36.0,"University graduate (Diploma, Bachelor, Degree, Master, PhD)",2,88, , ,0,0,0,0,0,2.0,1.0,0.0,3.0,剔除,LS 信号命中+开放题全空无自证 → 自证门槛剔除
18278,CATI,Luna,常规,1,0,0,0,1,0,11.5,0.156479921822499,0.2325581395348837,0.8481301068510371,1.3137918149468455,6,0,Disagree,4.0,Agree,4.0,Agree,4.0,Agree,4.0,Agree,4.0,Woman,24.0,"COU, BUP, Higher Baccalaurate","2, 6",VIOLENCIA DE GENERO LEY,1, ,0,1,0,0,1,1.0,0.0,0.0,1.0,保留,LS 单字段具体议题自证+作答模式合理 → 保留
18311,CATI,María,常规,1,1,0,0,0,0,8.1,-0.8108882764442957,0.2685714285714285,0.979469111969112,2.097320825228942,5,1,Disagree,4.0,Strongly agree,5.0,Strongly agree,5.0,Agree,4.0,Agree,4.0,Man,36.0,"University graduate (Diploma, Bachelor, Degree, Master, PhD)",1,LA IGUALDAD, , ,0,1,0,0,1,2.0,0.0,0.0,2.0,剔除,DUR低 唯一开放字段为泛词/编码（LA IGUALDAD）无实质自证 → 门槛剔除
18532,CATI,Tomas,常规,1,0,0,0,1,0,14.1,0.7190650106806803,0.3103448275862069,1.1318150046598323,1.3137918149468455,6,0,Disagree,4.0,Agree,4.0,Agree,4.0,Agree,4.0,Agree,4.0,Woman,64.0,"University graduate (Diploma, Bachelor, Degree, Master, PhD)",2,IGUALDAD EN GENERAL, , ,0,1,0,0,1,2.0,2.0,0.0,4.0,剔除,LS 唯一开放字段为泛词/编码（IGUALDAD EN GENERAL）无实质自证 → 门槛剔除
18591,CATI,Eva,常规,1,0,0,1,0,0,13.4,0.5785204483771985,0.25,0.9117398648648648,16.900083061674486,4,1,Agree,2.0,Disagree,2.0,Agree,4.0,Strongly disagree,1.0,Agree,4.0,Woman,62.0,"EGB, ESO, Baccalaurate, Elementary Baccalaurate",2,IGUALDAD,88, ,0,1,0,0,1,2.0,0.0,0.0,2.0,剔除,MD 唯一开放字段为泛词/编码（IGUALDAD）无实质自证 → 门槛剔除
18773,CATI,Raúl,常规,1,0,0,0,1,0,10.7,-0.0425324090075192,0.3050847457627119,1.1126316994961063,8.229375451794203,9,1,Disagree,4.0,Agree,4.0,Agree,4.0,Strongly agree,5.0,Disagree,2.0,Woman,31.0,"COU, BUP, Higher Baccalaurate",1,PROTECCION CONTRA LAS MUJERES, , ,0,1,0,0,1,1.0,0.0,0.0,1.0,保留,LS 单字段具体议题自证+作答模式合理 → 保留
18813,CAWI,Autoadministrado CAWI,常规,1,1,0,0,0,0,4.5,-1.3493837851663557,0.2491467576791808,0.9086281247117424,3.611819974063317,5,0,Agree,2.0,Strongly agree,5.0,Strongly agree,5.0,Strongly agree,5.0,Strongly agree,5.0,Woman,41.0,"University graduate (Diploma, Bachelor, Degree, Master, PhD)", ,IGUALDAD DE DERECHOS,HUELGA, ,0,1,1,0,2,0.0,0.0,0.0,0.0,保留,DUR低 开放题自证充分（≥2字段）→ 保留
18830,CATI,María,常规,1,0,1,0,0,0,27.7,2.5828438307825325,0.2685714285714285,0.979469111969112,5.290604928128141,5,0,Agree,2.0,Disagree,2.0,Agree,4.0,Agree,4.0,Agree,4.0,Man,62.0,"University graduate (Diploma, Bachelor, Degree, Master, PhD)",1,88, , ,0,0,0,0,0,2.0,0.0,0.0,2.0,剔除,DUR高 信号命中+开放题全空无自证 → 自证门槛剔除
18859,CATI,Daniel,常规,1,0,0,0,1,0,11.3,0.1080558656176829,0.293859649122807,1.0716942271218588,7.894897273245776,6,1,Strongly disagree,5.0,Strongly agree,5.0,Agree,4.0,Disagree,2.0,Disagree,2.0,Man,41.0,Primary school (or has attended school for 5 years or more),"2, 6",TODAS,AYUDAR EN ALGO, ,0,1,1,0,2,0.0,0.0,0.0,0.0,保留,LS 开放题自证充分（≥2字段）→ 保留
18873,CATI,Daniel,常规,1,0,0,1,0,0,9.5,-0.3708517148909659,0.293859649122807,1.0716942271218588,15.039364101448962,3,2,Disagree,4.0,Strongly disagree,1.0,Disagree,2.0,Strongly agree,5.0,Agree,4.0,Man,25.0,"COU, BUP, Higher Baccalaurate",TRANSPORTE PUBLICO,0,1, ,1,0,0,0,1,2.0,0.0,0.0,2.0,剔除,MD 唯一开放字段为泛词/编码（0）无实质自证 → 门槛剔除
18878,CAWI,Autoadministrado CAWI,常规,1,0,0,0,1,0,9.4,-0.0818139024010441,0.2491467576791808,0.9086281247117424,5.63925317774849,7,0,Agree,2.0,Strongly agree,5.0,Strongly agree,5.0,Disagree,2.0,Disagree,2.0,Man,64.0,"University graduate (Diploma, Bachelor, Degree, Master, PhD)",COPE,"IGUALDAD DE LA MUJER, POBREZA", , ,1,1,0,0,2,0.0,0.0,0.0,0.0,保留,LS 开放题自证充分（≥2字段）→ 保留
18900,CATI,David,常规,1,1,0,0,0,0,8.4,-0.7105099269732518,0.3942857142857143,1.4379440154440155,3.290817454810447,4,2,Agree,2.0,Agree,4.0,Agree,4.0,Agree,4.0,Disagree,2.0,Woman,49.0,"FP2, Higher Vocational Training, Conservatoire 10 years",1,0, ,10,0,0,0,0,0,2.0,0.0,0.0,2.0,剔除,DUR低 信号命中+开放题全空无自证 → 自证门槛剔除
18984,CATI,Eva,常规,1,0,0,0,0,1,10.0,-0.2292770721848513,0.25,0.9117398648648648,6.360270230557529,3,6,Strongly agree,1.0,Disagree,2.0,Disagree,2.0,Strongly disagree,1.0,Strongly disagree,1.0,Woman,45.0,"University graduate (Diploma, Bachelor, Degree, Master, PhD)",1,88, , ,0,0,0,0,0,2.0,0.0,0.0,2.0,剔除,DKNA 信号命中+开放题全空无自证 → 自证门槛剔除
19007,CATI,Tomas,常规,1,0,0,0,1,0,15.0,0.8898473376550025,0.3103448275862069,1.1318150046598323,3.75059444897215,7,0,Agree,2.0,Agree,4.0,Strongly agree,5.0,Strongly agree,5.0,Strongly agree,5.0,Woman,51.0,"FP2, Higher Vocational Training, Conservatoire 10 years",4,MALTRATO,"1, 8","5, 10",0,1,0,0,1,1.0,0.0,0.0,1.0,保留,LS 单字段具体议题自证+作答模式合理 → 保留
19012,CATI,David,常规,1,1,0,0,0,0,8.0,-0.8451756789460192,0.3942857142857143,1.4379440154440155,5.989987100058293,3,1,Strongly disagree,5.0,Agree,4.0,Agree,4.0,Agree,4.0,Disagree,2.0,Woman,46.0,"EGB, ESO, Baccalaurate, Elementary Baccalaurate",1,0, , ,0,0,0,0,0,2.0,0.0,0.0,2.0,剔除,DUR低 信号命中+开放题全空无自证 → 自证门槛剔除
19062,CATI,Alejandro,常规,1,0,0,1,0,0,11.4,0.1323740881877214,0.3630952380952381,1.3241936132561132,12.035603830406586,3,0,Strongly agree,1.0,Disagree,2.0,Disagree,2.0,Strongly agree,5.0,Agree,4.0,Man,70.0,"FP1, Intermediate Vocational Training",1,IGUALDAD SALARIAL, ,7,0,1,0,0,1,1.0,0.0,0.0,1.0,保留,MD 单字段具体议题自证+作答模式合理 → 保留
19146,CATI,Eva,常规,1,0,0,0,1,0,10.7,-0.0425324090075192,0.25,0.9117398648648648,3.084666447761618,6,0,Disagree,4.0,Agree,4.0,Agree,4.0,Strongly agree,5.0,Strongly agree,5.0,Woman,36.0,"University graduate (Diploma, Bachelor, Degree, Master, PhD)","1, 6",IGUALDAD,"1, 2",9,0,1,0,0,1,2.0,0.0,0.0,2.0,剔除,LS 唯一开放字段为泛词/编码（IGUALDAD）无实质自证 → 门槛剔除
19184,CATI,Daniel,常规,1,1,0,0,0,0,7.0,-1.2137357300519398,0.293859649122807,1.0716942271218588,10.910891714467477,4,0,Agree,2.0,Agree,4.0,Strongly disagree,1.0,Strongly disagree,1.0,Strongly disagree,1.0,Woman,41.0,"FP1, Intermediate Vocational Training", ,88, , ,0,0,0,0,0,2.0,0.0,1.0,3.0,剔除,DUR低 信号命中+开放题全空无自证 → 自证门槛剔除
19194,CAWI,Autoadministrado CAWI,常规,1,0,0,0,1,0,12.2,0.3668343055439319,0.2491467576791808,0.9086281247117424,4.010285548382967,6,0,Strongly disagree,5.0,Strongly agree,5.0,Strongly agree,5.0,Agree,4.0,Agree,4.0,Woman,23.0,"FP2, Higher Vocational Training, Conservatoire 10 years","INSTAGRAM , AMIGOS","IGUALDAD, PROTECION",IR A LA MANIFESTACION, ,1,1,1,0,3,0.0,0.0,0.0,0.0,保留,LS 开放题自证充分（≥2字段）→ 保留
19237,CATI,María,常规,1,1,0,0,0,0,7.9,-0.8798943808324479,0.2685714285714285,0.979469111969112,6.797109497637129,3,1,Strongly disagree,5.0,Strongly agree,5.0,Agree,4.0,Agree,4.0,Disagree,2.0,Man,18.0,"COU, BUP, Higher Baccalaurate","2, 6",88,1, ,0,0,0,0,0,2.0,0.0,0.0,2.0,剔除,DUR低 信号命中+开放题全空无自证 → 自证门槛剔除
19240,CATI,María,常规,1,0,0,1,0,0,10.8,-0.0168568712358862,0.2685714285714285,0.979469111969112,12.354116684704609,5,0,Strongly agree,1.0,Strongly disagree,1.0,Agree,4.0,Strongly disagree,1.0,Strongly disagree,1.0,Man,45.0,"EGB, ESO, Baccalaurate, Elementary Baccalaurate","1, 5",88, ,10,0,0,0,0,0,2.0,0.0,0.0,2.0,剔除,MD 信号命中+开放题全空无自证 → 自证门槛剔除
19262,CATI,Eva,常规,1,0,0,0,1,0,10.5,-0.0946113202120852,0.25,0.9117398648648648,4.39313910516078,7,0,Strongly disagree,5.0,Strongly agree,5.0,Strongly agree,5.0,Strongly agree,5.0,Strongly agree,5.0,Woman,31.0,"COU, BUP, Higher Baccalaurate","1, 2",IGUALDAD,1, ,0,1,0,0,1,2.0,2.0,0.0,4.0,剔除,LS 唯一开放字段为泛词/编码（IGUALDAD）无实质自证 → 门槛剔除
19305,CATI,Alejandro,常规,1,0,0,0,1,0,8.7,-0.6136543608863847,0.3630952380952381,1.3241936132561132,10.545105611774606,7,1,Strongly agree,1.0,Strongly disagree,1.0,Strongly disagree,1.0,Strongly disagree,1.0,Strongly disagree,1.0,Man,66.0,"University graduate (Diploma, Bachelor, Degree, Master, PhD)","3, 7",0, , ,0,0,0,0,0,2.0,2.0,0.0,4.0,剔除,LS 信号命中+开放题全空无自证 → 自证门槛剔除
19421,CATI,Luna,常规,1,0,0,1,0,0,11.7,0.2040690387766568,0.2325581395348837,0.8481301068510371,11.875452779050995,3,0,Disagree,4.0,Strongly agree,5.0,Strongly agree,5.0,Strongly disagree,1.0,Strongly disagree,1.0,Woman,42.0,"COU, BUP, Higher Baccalaurate","1, 2","LA IGUALDAD SALARIAL, IGUALDAD H Y MUJER", , ,0,1,0,0,1,1.0,0.0,0.0,1.0,保留,MD 单字段具体议题自证+作答模式合理 → 保留
19447,CAWI,Autoadministrado CAWI,常规,1,1,0,0,0,0,6.2,-0.7979274794095809,0.2491467576791808,0.9086281247117424,4.047315241019144,4,0,Strongly disagree,5.0,Strongly agree,5.0,Strongly agree,5.0,Strongly agree,5.0,Agree,4.0,Man,50.0,"University graduate (Diploma, Bachelor, Degree, Master, PhD)","INTERNET, TELEVISION",IGUALDAD ENTRE HOMBRES Y MUJERES,ASISTIR A LA MANIFESTACION, ,1,1,1,0,3,0.0,0.0,0.0,0.0,保留,DUR低 开放题自证充分（≥2字段）→ 保留
19463,CATI,Luna,常规,1,0,0,0,1,0,15.0,0.8898473376550025,0.2325581395348837,0.8481301068510371,1.3137918149468455,6,1,Disagree,4.0,Agree,4.0,Agree,4.0,Agree,4.0,Agree,4.0,Woman,67.0,"EGB, ESO, Baccalaurate, Elementary Baccalaurate","1, 6",88,1,7,0,0,0,0,0,2.0,2.0,0.0,4.0,剔除,LS 信号命中+开放题全空无自证 → 自证门槛剔除
19601,CATI,Eva,常规,1,0,0,0,0,1,8.6,-0.6455633914987452,0.25,0.9117398648648648,1.1184076202728268,4,5,Agree,2.0,Agree,4.0,Agree,4.0,Agree,4.0,Agree,4.0,Woman,45.0,"EGB, ESO, Baccalaurate, Elementary Baccalaurate",1,IGUALDFA LABORAL,1, ,0,1,0,0,1,1.0,0.0,0.0,1.0,保留,DKNA 单字段具体议题自证+作答模式合理 → 保留
19612,CAWI,Autoadministrado CAWI,常规,1,0,0,1,0,0,8.5,-0.2549975972683186,0.2491467576791808,0.9086281247117424,14.703358477428672,3,0,Strongly disagree,5.0,Strongly agree,5.0,Strongly agree,5.0,Strongly disagree,1.0,Strongly disagree,1.0,Man,34.0,"FP1, Intermediate Vocational Training", ,0, , ,0,0,0,0,0,2.0,0.0,0.0,2.0,剔除,MD 信号命中+开放题全空无自证 → 自证门槛剔除
19615,CATI,Luna,常规,1,0,0,0,0,1,20.9,1.8053697662091124,0.2325581395348837,0.8481301068510371,,3,6,Neither agree nor disagree,3.0,Agree,4.0,Agree,4.0,DK,,Agree,4.0,Man,63.0,Primary school (or has attended school for 5 years or more),1,88, , ,0,0,0,0,0,2.0,0.0,0.0,2.0,剔除,DKNA 信号命中+开放题全空无自证 → 自证门槛剔除
19722,CATI,María,常规,1,1,0,0,0,0,7.6,-0.9867503216521336,0.2685714285714285,0.979469111969112,3.290817454810447,5,2,Agree,2.0,Agree,4.0,Agree,4.0,Agree,4.0,Disagree,2.0,Man,40.0,"University graduate (Diploma, Bachelor, Degree, Master, PhD)",2,0, , ,0,0,0,0,0,2.0,0.0,0.0,2.0,剔除,DUR低 信号命中+开放题全空无自证 → 自证门槛剔除
19782,CATI,Rosa,常规,1,0,0,0,1,0,8.6,-0.6455633914987452,0.2105263157894736,0.7677809388335703,1.3137918149468455,7,0,Disagree,4.0,Agree,4.0,Agree,4.0,Agree,4.0,Agree,4.0,Woman,20.0,"COU, BUP, Higher Baccalaurate","1, 6",INTEGRACION FAMILIAR?,1, ,0,1,0,0,1,2.0,2.0,0.0,4.0,剔除,LS 唯一开放字段为泛词/编码（INTEGRACION FAMILIAR）无实质自证 → 门槛剔除
19832,CATI,Eva,常规,1,1,0,0,0,0,7.6,-0.9867503216521336,0.25,0.9117398648648648,10.059666522986909,3,1,Disagree,4.0,Disagree,2.0,Agree,4.0,Strongly disagree,1.0,Strongly disagree,1.0,Man,24.0,Primary school (or has attended school for 5 years or more),1,0, , ,0,0,0,0,0,2.0,0.0,0.0,2.0,剔除,DUR低 信号命中+开放题全空无自证 → 自证门槛剔除
19852,CATI,Luna,常规,1,0,0,0,0,1,18.5,1.468697060536701,0.2325581395348837,0.8481301068510371,2.103046639216248,4,4,Disagree,4.0,Strongly agree,5.0,Agree,4.0,Agree,4.0,Agree,4.0,Woman,50.0,"EGB, ESO, Baccalaurate, Elementary Baccalaurate","2, 3",TODAS SON IMPORTANTES,1, ,0,1,0,0,1,2.0,0.0,0.0,2.0,剔除,DKNA 唯一开放字段为泛词/编码（TODAS SON IMPORTANTE）无实质自证 → 门槛剔除
19863,CATI,Tomas,常规,1,0,0,0,0,1,13.6,0.6194115726798094,0.3103448275862069,1.1318150046598323,5.212155498818432,4,5,Disagree,4.0,Agree,4.0,Strongly agree,5.0,Agree,4.0,Disagree,2.0,Man,39.0,"University graduate (Diploma, Bachelor, Degree, Master, PhD)","5, 6",IGUALDAD EN GENERAL, , ,0,1,0,0,1,2.0,0.0,0.0,2.0,剔除,DKNA 唯一开放字段为泛词/编码（IGUALDAD EN GENERAL）无实质自证 → 门槛剔除
19888,CATI,María,常规,1,0,0,0,1,0,18.0,1.3930731407336898,0.2685714285714285,0.979469111969112,3.9307524167873713,6,0,Disagree,4.0,Agree,4.0,Agree,4.0,Agree,4.0,Strongly agree,5.0,Man,40.0,"EGB, ESO, Baccalaurate, Elementary Baccalaurate","POR LA CADENA SER, , , 5","LA IGUALDAD SALARIAL, EL TECHO DE CRISTAL QUE LAS MUJERES PUEDAN TAMBIEN SER JEFAS Y GERENTES",1,10,1,1,0,0,2,0.0,0.0,0.0,0.0,保留,LS 开放题自证充分（≥2字段）→ 保留
19957,CATI,Victoria,常规,1,0,0,0,1,0,13.1,0.5160249390888186,0.2201834862385321,0.8030002479543764,4.39313910516078,8,1,Strongly disagree,5.0,Strongly agree,5.0,Strongly agree,5.0,Strongly agree,5.0,Strongly agree,5.0,Man,32.0,"FP2, Higher Vocational Training, Conservatoire 10 years","2, 3","ENDURECIMIENTO PENAS VIOLENCIA MACHISTA, EQUIPARACION SALARIAL",1,"MOVILIZACIONES A FAVOR DE LA INDEPENDENCIA DE CATALUÑA Y ALGUNAS PROTESTAS DE BARRIO (INFRAESTRUCTURAS, SMI...)",0,1,0,1,2,0.0,0.0,0.0,0.0,保留,LS 开放题自证充分（≥2字段）→ 保留
20153,CATI,Victoria,常规,1,0,0,0,0,1,17.0,1.235310179440976,0.2201834862385321,0.8030002479543764,,3,4,DK,,Strongly agree,5.0,Agree,4.0,Strongly agree,5.0,Strongly agree,5.0,Woman,84.0,No schooling (or less than 5 years of schooling),"1, 3",88, , ,0,0,0,0,0,2.0,0.0,0.0,2.0,剔除,DKNA 信号命中+开放题全空无自证 → 自证门槛剔除
20279,CATI,Tomas,常规,1,0,0,0,1,0,16.9,1.2190263539976094,0.3103448275862069,1.1318150046598323,1.3137918149468455,7,1,Disagree,4.0,Agree,4.0,Agree,4.0,Agree,4.0,Agree,4.0,Woman,51.0,"FP1, Intermediate Vocational Training",2,IGUALDAD EN GENERAL,"1, 7",4,0,1,0,0,1,2.0,2.0,0.0,4.0,剔除,LS 唯一开放字段为泛词/编码（IGUALDAD EN GENERAL）无实质自证 → 门槛剔除
20302,CATI,Raúl,常规,1,0,0,0,0,1,14.7,0.8340858369690917,0.3050847457627119,1.1126316994961063,6.6896453390136505,3,4,Disagree,4.0,Disagree,2.0,Agree,4.0,Disagree,2.0,Disagree,2.0,Woman,45.0,"FP1, Intermediate Vocational Training","1, 2, 5, 6",88, ,7,0,0,0,0,0,2.0,0.0,0.0,2.0,剔除,DKNA 信号命中+开放题全空无自证 → 自证门槛剔除
20354,CATI,María,常规,1,1,0,0,0,0,7.9,-0.8798943808324479,0.2685714285714285,0.979469111969112,2.31402544206185,4,1,Agree,2.0,Strongly agree,5.0,Strongly agree,5.0,Agree,4.0,Agree,4.0,Woman,31.0,"FP2, Higher Vocational Training, Conservatoire 10 years","1, 6",LA IGUALDAD,1, ,0,1,0,0,1,2.0,0.0,0.0,2.0,剔除,DUR低 唯一开放字段为泛词/编码（LA IGUALDAD）无实质自证 → 门槛剔除
20427,CATI,Luna,常规,1,0,0,0,1,0,14.6,0.815245488001356,0.2325581395348837,0.8481301068510371,1.3137918149468455,6,2,Disagree,4.0,Agree,4.0,Agree,4.0,Agree,4.0,Agree,4.0,Man,84.0,No schooling (or less than 5 years of schooling),1,88, , ,0,0,0,0,0,2.0,2.0,0.0,4.0,剔除,LS 信号命中+开放题全空无自证 → 自证门槛剔除
20483,CATI,Tomas,常规,1,0,1,0,0,0,57.3,4.589073074362295,0.3103448275862069,1.1318150046598323,1.1184076202728268,4,2,Agree,2.0,Agree,4.0,Agree,4.0,Agree,4.0,Agree,4.0,Man,50.0,"COU, BUP, Higher Baccalaurate","1, 5, 6",IGUALDAD EN EL SALARIO, , ,0,1,0,0,1,1.0,0.0,0.0,1.0,保留,DUR高 单字段具体议题自证+作答模式合理 → 保留
20520,CATI,Rosa,常规,1,0,0,0,1,0,10.0,-0.2292770721848513,0.2105263157894736,0.7677809388335703,10.709941940237409,6,1,Strongly disagree,5.0,Strongly agree,5.0,Agree,4.0,Strongly agree,5.0,Disagree,2.0,Man,62.0,"FP2, Higher Vocational Training, Conservatoire 10 years","1, 5, 6",IGUALDAD SALARIAL, , ,0,1,0,0,1,1.0,0.0,0.0,1.0,保留,LS 单字段具体议题自证+作答模式合理 → 保留
20709,CATI,David,常规,1,0,0,0,1,0,10.0,-0.2292770721848513,0.3942857142857143,1.4379440154440155,3.7427191972620255,7,0,Disagree,4.0,Agree,4.0,Agree,4.0,Agree,4.0,Disagree,2.0,Woman,72.0,"COU, BUP, Higher Baccalaurate","1, 5",IGUALDAD, , ,0,1,0,0,1,2.0,0.0,0.0,2.0,剔除,LS 唯一开放字段为泛词/编码（IGUALDAD）无实质自证 → 门槛剔除
20814,CATI,Luna,常规,1,0,0,0,0,1,9.6,-0.3419498758673306,0.2325581395348837,0.8481301068510371,1.3137918149468455,5,4,Disagree,4.0,Agree,4.0,Agree,4.0,Agree,4.0,Agree,4.0,Man,75.0,Primary school (or has attended school for 5 years or more), ,88, , ,0,0,0,0,0,2.0,2.0,0.0,4.0,剔除,DKNA 信号命中+开放题全空无自证 → 自证门槛剔除
20872,CATI,Alejandro,常规,1,1,0,0,0,0,8.4,-0.7105099269732518,0.3630952380952381,1.3241936132561132,1.4343948882889388,3,0,Agree,2.0,Agree,4.0,Neither agree nor disagree,3.0,Neither agree nor disagree,3.0,Neither agree nor disagree,3.0,Woman,62.0,"University graduate (Diploma, Bachelor, Degree, Master, PhD)",1,VIOLENCIA DE GENERO, , ,0,1,0,0,1,1.0,0.0,0.0,1.0,保留,DUR低 单字段具体议题自证+作答模式合理 → 保留
20923,CAWI,Autoadministrado CAWI,常规,1,1,0,0,0,0,2.7,-2.2283938185621577,0.2491467576791808,0.9086281247117424,11.045394636734128,4,0,Agree,2.0,Disagree,2.0,Disagree,2.0,Disagree,2.0,Agree,4.0,Man,18.0,,88,0, , ,0,0,0,0,0,2.0,0.0,1.0,3.0,剔除,DUR低 信号命中+开放题全空无自证 → 自证门槛剔除
20945,CAWI,Autoadministrado CAWI,常规,1,0,0,0,1,0,16.4,0.8759142106465239,0.2491467576791808,0.9086281247117424,2.785154707081306,6,0,Disagree,4.0,Strongly agree,5.0,Strongly agree,5.0,Strongly agree,5.0,Strongly agree,5.0,Man,18.0,"University graduate (Diploma, Bachelor, Degree, Master, PhD)","TELEVISION , RADIO, INTERNET","ACABAR CON LA VIOLENCIA MACHISTA , IGUALDAD SALARIAL","MANIFESTACION , ACTO INSTITUCIONAL",A FAVOR DE LOS DERECHOS QUE VOX QUIERE ELIMINAR,1,1,1,1,4,0.0,0.0,0.0,0.0,保留,LS 开放题自证充分（≥2字段）→ 保留
21000,CATI,Victoria,常规,1,0,1,0,0,0,34.4,3.180748238597784,0.2201834862385321,0.8030002479543764,,3,3,Disagree,4.0,Strongly agree,5.0,,,Strongly agree,5.0,Agree,4.0,Woman,62.0,"EGB, ESO, Baccalaurate, Elementary Baccalaurate","1, 2",88, , ,0,0,0,0,0,2.0,0.0,0.0,2.0,剔除,DUR高 信号命中+开放题全空无自证 → 自证门槛剔除
21069,CATI,Tomas,常规,1,0,1,0,0,0,28.6,2.671096122006458,0.3103448275862069,1.1318150046598323,3.856699277094196,3,1,Agree,2.0,Neither agree nor disagree,3.0,Strongly agree,5.0,Agree,4.0,Agree,4.0,Man,71.0,"EGB, ESO, Baccalaurate, Elementary Baccalaurate","2, 6, 7",MALTRATO, ,"8, 10",0,1,0,0,1,1.0,0.0,0.0,1.0,保留,DUR高 单字段具体议题自证+作答模式合理 → 保留
21136,CATI,Victoria,常规,1,0,0,0,1,0,14.4,0.7771745339725232,0.2201834862385321,0.8030002479543764,3.611819974063317,6,0,Agree,2.0,Strongly agree,5.0,Strongly agree,5.0,Strongly agree,5.0,Strongly agree,5.0,Woman,61.0,"University graduate (Diploma, Bachelor, Degree, Master, PhD)","1, 2, 3, 5","TRATO DE LA MUJER IGUAL QUE AL HOMBRE, RESPETO A LA MUJER, AYUDAR E IMPLICARSE A LLEVAR LAS TAREAS DE MUJERES","OBLIGO A SUS NIETOS A IR A LA MANIFESTACION, , , 1",MOVILIZACIONES A FAVOR DEL ABORTO Y EN CARRERAS A FAVOR DE LAS MUJERES,0,1,1,1,3,0.0,0.0,0.0,0.0,保留,LS 开放题自证充分（≥2字段）→ 保留
21171,CAWI,Autoadministrado CAWI,常规,1,0,0,0,1,0,7.5,-0.4703737517705534,0.2491467576791808,0.9086281247117424,5.183585850790626,6,0,Disagree,4.0,Agree,4.0,Agree,4.0,Disagree,2.0,Strongly disagree,1.0,Woman,45.0,"University graduate (Diploma, Bachelor, Degree, Master, PhD)","RADIO, TV, PRENSA",99, , ,1,0,0,0,1,2.0,0.0,0.0,2.0,剔除,LS 唯一开放字段为泛词/编码（99）无实质自证 → 门槛剔除
21244,CATI,Eva,常规,1,0,0,0,1,0,8.5,-0.6778456356072886,0.25,0.9117398648648648,1.3137918149468455,8,1,Disagree,4.0,Agree,4.0,Agree,4.0,Agree,4.0,Agree,4.0,Woman,43.0,"EGB, ESO, Baccalaurate, Elementary Baccalaurate",1,0,1, ,0,0,0,0,0,2.0,2.0,0.0,4.0,剔除,LS 信号命中+开放题全空无自证 → 自证门槛剔除
21267,CATI,Luna,常规,1,0,0,0,1,0,13.0,0.494874640906379,0.2325581395348837,0.8481301068510371,1.3137918149468455,8,0,Disagree,4.0,Agree,4.0,Agree,4.0,Agree,4.0,Agree,4.0,Man,31.0,"FP2, Higher Vocational Training, Conservatoire 10 years","1, 2",TODAS SON IMPORTANTES, , ,0,1,0,0,1,2.0,2.0,0.0,4.0,剔除,LS 唯一开放字段为泛词/编码（TODAS SON IMPORTANTE）无实质自证 → 门槛剔除
21281,CATI,Rosa,常规,1,0,0,0,1,0,8.5,-0.6778456356072886,0.2105263157894736,0.7677809388335703,3.6928593490068753,6,0,Disagree,4.0,Agree,4.0,Agree,4.0,Disagree,2.0,Disagree,2.0,Man,51.0,"University graduate (Diploma, Bachelor, Degree, Master, PhD)","1, 5",IGUALDAD SALARIAL,1,10,0,1,0,0,1,1.0,0.0,0.0,1.0,保留,LS 单字段具体议题自证+作答模式合理 → 保留
21357,CATI,Luna,常规,1,0,0,0,1,0,15.2,0.9264054933961308,0.2325581395348837,0.8481301068510371,1.3137918149468455,6,0,Disagree,4.0,Agree,4.0,Agree,4.0,Agree,4.0,Agree,4.0,Man,74.0,"University graduate (Diploma, Bachelor, Degree, Master, PhD)","1, 2, 6",IGUAL EN GENERAL,1,"7, 10",0,1,0,0,1,2.0,2.0,0.0,4.0,剔除,LS 唯一开放字段为泛词/编码（IGUAL EN GENERAL）无实质自证 → 门槛剔除
21442,CATI,Raúl,常规,1,1,0,0,0,0,7.5,-1.023308477393262,0.3050847457627119,1.1126316994961063,2.2775538540346503,3,0,Agree,2.0,Agree,4.0,Agree,4.0,Disagree,2.0,Disagree,2.0,Man,45.0,"University graduate (Diploma, Bachelor, Degree, Master, PhD)","1, 5",88, , ,0,0,0,0,0,2.0,0.0,1.0,3.0,剔除,DUR低 信号命中+开放题全空无自证 → 自证门槛剔除
21581,CATI,Rosa,常规,1,0,0,0,1,0,12.1,0.2968542599187783,0.2105263157894736,0.7677809388335703,2.097320825228942,6,0,Disagree,4.0,Strongly agree,5.0,Strongly agree,5.0,Agree,4.0,Agree,4.0,Woman,49.0,"COU, BUP, Higher Baccalaurate",1,IGUALDAD DE DERECHOS EN EL DIA A DIA,1,9,0,1,0,0,1,1.0,0.0,0.0,1.0,保留,LS 单字段具体议题自证+作答模式合理 → 保留
21681,CATI,Raúl,常规,1,0,0,1,0,0,13.5,0.5990417355252803,0.3050847457627119,1.1126316994961063,12.869368170465595,4,0,Agree,2.0,Disagree,2.0,Agree,4.0,Strongly agree,5.0,Disagree,2.0,Man,77.0,"University graduate (Diploma, Bachelor, Degree, Master, PhD)","1, 6",0, , ,0,0,0,0,0,2.0,0.0,0.0,2.0,剔除,MD 信号命中+开放题全空无自证 → 自证门槛剔除
21811,CAWI,Autoadministrado CAWI,常规,1,1,0,0,0,0,5.5,-1.0040769984407365,0.2491467576791808,0.9086281247117424,5.385101426681164,3,0,Disagree,4.0,Strongly agree,5.0,Strongly agree,5.0,Agree,4.0,Disagree,2.0,Man,24.0,"COU, BUP, Higher Baccalaurate","TV, PRENSA DIGITAL, RADIO","LUCHA CONTRA VIOLENCIA DE GENERO, IGUALDAD SALARIAL", , ,1,1,0,0,2,0.0,0.0,0.0,0.0,保留,DUR低 开放题自证充分（≥2字段）→ 保留
21851,CAWI,Autoadministrado CAWI,常规,1,0,0,0,1,0,9.9,0.0073647772010935,0.2491467576791808,0.9086281247117424,5.448716931255877,7,1,Strongly agree,1.0,Strongly agree,5.0,Agree,4.0,Disagree,2.0,Disagree,2.0,Man,57.0,"COU, BUP, Higher Baccalaurate",LA GENTE,NINGUNA, , ,1,1,0,0,2,0.0,0.0,0.0,0.0,保留,LS 开放题自证充分（≥2字段）→ 保留
21873,CATI,Luna,常规,1,0,0,0,1,0,15.2,0.9264054933961308,0.2325581395348837,0.8481301068510371,4.010285548382967,6,1,Strongly disagree,5.0,Strongly agree,5.0,Strongly agree,5.0,Agree,4.0,Agree,4.0,Woman,39.0,"University graduate (Diploma, Bachelor, Degree, Master, PhD)",1,PATERNIDAD POR LA IGUALDAD,"1, 2", ,0,1,0,0,1,1.0,0.0,0.0,1.0,保留,LS 单字段具体议题自证+作答模式合理 → 保留
21966,CATI,David,常规,1,1,0,0,0,0,8.4,-0.7105099269732518,0.3942857142857143,1.4379440154440155,3.290817454810447,4,0,Agree,2.0,Agree,4.0,Agree,4.0,Agree,4.0,Disagree,2.0,Man,47.0,"COU, BUP, Higher Baccalaurate","2, 8",0, , ,0,0,0,0,0,2.0,0.0,0.0,2.0,剔除,DUR低 信号命中+开放题全空无自证 → 自证门槛剔除
22030,CAWI,Autoadministrado CAWI,常规,1,1,0,0,0,0,6.3,-0.7703946777509816,0.2491467576791808,0.9086281247117424,10.545105611774606,5,0,Strongly agree,1.0,Strongly disagree,1.0,Strongly disagree,1.0,Strongly disagree,1.0,Strongly disagree,1.0,Woman,42.0,"University graduate (Diploma, Bachelor, Degree, Master, PhD)","TV, RADIO, INTERNET",HOY DIA YA HAY IGUALDAD SALARIAL, , ,1,1,0,0,2,0.0,1.0,0.0,1.0,保留,DUR低 开放题自证充分（≥2字段）→ 保留
22285,CAWI,Autoadministrado CAWI,常规,1,0,0,0,1,0,7.4,-0.4934715937766787,0.2491467576791808,0.9086281247117424,3.7427191972620255,7,0,Disagree,4.0,Agree,4.0,Agree,4.0,Agree,4.0,Disagree,2.0,Man,58.0,"University graduate (Diploma, Bachelor, Degree, Master, PhD)","TELEVISION, RADIO, INTERNET",IGUALDAD, , ,1,1,0,0,2,0.0,0.0,0.0,0.0,保留,LS 开放题自证充分（≥2字段）→ 保留
22355,CATI,Alejandro,常规,1,1,0,0,0,0,8.1,-0.8108882764442957,0.3630952380952381,1.3241936132561132,1.3137918149468455,5,0,Disagree,4.0,Agree,4.0,Agree,4.0,Agree,4.0,Agree,4.0,Man,27.0,"University graduate (Diploma, Bachelor, Degree, Master, PhD)",2,IGUALDAD SALARIAL, , ,0,1,0,0,1,1.0,0.0,0.0,1.0,保留,DUR低 单字段具体议题自证+作答模式合理 → 保留
22563,CATI,Alejandro,常规,1,0,0,0,1,0,8.6,-0.6455633914987452,0.3630952380952381,1.3241936132561132,3.7427191972620255,6,0,Disagree,4.0,Agree,4.0,Agree,4.0,Agree,4.0,Disagree,2.0,Woman,32.0,"University graduate (Diploma, Bachelor, Degree, Master, PhD)",2,IGUALDAD,1, ,0,1,0,0,1,2.0,0.0,0.0,2.0,剔除,LS 唯一开放字段为泛词/编码（IGUALDAD）无实质自证 → 门槛剔除
22816,CATI,María,常规,1,1,0,0,0,0,8.3,-0.7435654167534216,0.2685714285714285,0.979469111969112,5.316145997076486,2,1,Agree,2.0,Agree,4.0,Disagree,2.0,Disagree,2.0,Strongly disagree,1.0,Woman,60.0,"University graduate (Diploma, Bachelor, Degree, Master, PhD)",6,LA IGUALDAD, , ,0,1,0,0,1,2.0,0.0,0.0,2.0,剔除,DUR低 唯一开放字段为泛词/编码（LA IGUALDAD）无实质自证 → 门槛剔除
22929,CATI,Juana,常规,1,0,0,0,0,1,11.0,0.0337885938669634,0.1666666666666666,0.6078265765765766,4.34839302133657,2,5,Strongly agree,1.0,Agree,4.0,Neither agree nor disagree,3.0,Agree,4.0,Agree,4.0,Man,43.0,"COU, BUP, Higher Baccalaurate","1, 2",TODAS EN GENERAL, , ,0,1,0,0,1,2.0,0.0,0.0,2.0,剔除,DKNA 唯一开放字段为泛词/编码（TODAS EN GENERAL）无实质自证 → 门槛剔除
22930,CATI,Tomas,常规,1,0,0,1,0,0,13.5,0.5990417355252803,0.3103448275862069,1.1318150046598323,17.260352855730375,3,0,Disagree,4.0,Disagree,2.0,Strongly disagree,1.0,Agree,4.0,Strongly disagree,1.0,Man,22.0,"University graduate (Diploma, Bachelor, Degree, Master, PhD)","2, 5, 6",AYUDA ALA MATERNIDAD, ,8,0,1,0,0,1,1.0,0.0,0.0,1.0,保留,MD 单字段具体议题自证+作答模式合理 → 保留
23416,CATI,Alejandro,常规,1,1,0,0,0,0,7.8,-0.915055371063197,0.3630952380952381,1.3241936132561132,2.062839425519912,3,0,Agree,2.0,Agree,4.0,Strongly agree,5.0,Agree,4.0,Agree,4.0,Woman,47.0,"University graduate (Diploma, Bachelor, Degree, Master, PhD)", ,88, , ,0,0,0,0,0,2.0,0.0,0.0,2.0,剔除,DUR低 信号命中+开放题全空无自证 → 自证门槛剔除
23950,CATI,Alejandro,常规,1,0,0,0,1,0,8.5,-0.6778456356072886,0.3630952380952381,1.3241936132561132,6.642469861213787,6,1,Disagree,4.0,Strongly agree,5.0,Strongly agree,5.0,Disagree,2.0,Disagree,2.0,Woman,46.0,"University graduate (Diploma, Bachelor, Degree, Master, PhD)",3,IGUALDAD SALARIAL,"1, 2", ,0,1,0,0,1,1.0,0.0,0.0,1.0,保留,LS 单字段具体议题自证+作答模式合理 → 保留
24229,CATI,David,常规,1,1,0,0,0,0,6.8,-1.2937442423684553,0.3942857142857143,1.4379440154440155,1.3137918149468455,5,0,Disagree,4.0,Agree,4.0,Agree,4.0,Agree,4.0,Agree,4.0,Man,48.0,"COU, BUP, Higher Baccalaurate",1,0,1, ,0,0,0,0,0,2.0,2.0,1.0,5.0,剔除,DUR低 信号命中+开放题全空无自证 → 自证门槛剔除
24356,CATI,Alejandro,常规,1,0,0,0,0,1,9.7,-0.3133475431547509,0.3630952380952381,1.3241936132561132,,3,7,Disagree,4.0,Strongly agree,5.0,Agree,4.0,DK,,DK,,Woman,38.0,"University graduate (Diploma, Bachelor, Degree, Master, PhD)","SINDICATOS, , , 2, 9",IGUALDAD,9,10,1,1,0,0,2,0.0,0.0,0.0,0.0,保留,DKNA 开放题自证充分（≥2字段）→ 保留
25002,CATI,David,常规,1,1,0,0,0,0,7.1,-1.1745847132400753,0.3942857142857143,1.4379440154440155,3.483960780580248,2,0,Disagree,4.0,Strongly agree,5.0,Agree,4.0,Strongly agree,5.0,Strongly agree,5.0,Woman,18.0,"COU, BUP, Higher Baccalaurate", ,TECHO DE CRISTAL,9,"4, 10",0,1,0,0,1,1.0,0.0,0.0,1.0,保留,DUR低 单字段具体议题自证+作答模式合理 → 保留
25061,CAWI,Autoadministrado CAWI,常规,1,0,0,1,0,0,12.9,0.4628380348177723,0.2491467576791808,0.9086281247117424,12.274756512873536,3,0,Agree,2.0,Strongly disagree,1.0,Agree,4.0,Agree,4.0,Disagree,2.0,Woman,30.0,"FP1, Intermediate Vocational Training",AMIGAS,99,99, ,1,0,0,0,1,2.0,0.0,0.0,2.0,剔除,MD 唯一开放字段为泛词/编码（99）无实质自证 → 门槛剔除
25131,CAWI,Autoadministrado CAWI,常规,1,0,0,0,1,0,10.7,0.1410835527102864,0.2491467576791808,0.9086281247117424,2.785154707081306,6,0,Disagree,4.0,Strongly agree,5.0,Strongly agree,5.0,Strongly agree,5.0,Strongly agree,5.0,Woman,59.0,"University graduate (Diploma, Bachelor, Degree, Master, PhD)","TELEDIARIOS, FACEBOOK","PARIDAD DERECHOS, PARIDAD SALARIAL","HUELGA, MANIFESTACION","SANIDAD PUBLICA, PENSIONES",1,1,1,1,4,0.0,0.0,0.0,0.0,保留,LS 开放题自证充分（≥2字段）→ 保留
25250,CATI,Victoria,常规,1,0,0,0,1,0,12.9,0.4735610183411099,0.2201834862385321,0.8030002479543764,10.545105611774606,6,0,Strongly agree,1.0,Strongly disagree,1.0,Strongly disagree,1.0,Strongly disagree,1.0,Strongly disagree,1.0,Woman,41.0,"University graduate (Diploma, Bachelor, Degree, Master, PhD)","EL MUNDO, LIBERTAD DIGITAL, LA RAZON (TODO DIGITAL), , , 6",0, , ,1,0,0,0,1,2.0,2.0,0.0,4.0,剔除,LS 唯一开放字段为泛词/编码（0）无实质自证 → 门槛剔除
25284,CATI,Daniel,常规,1,0,0,1,0,0,9.8,-0.2850385728707622,0.293859649122807,1.0716942271218588,14.15705865800307,3,0,Disagree,4.0,Strongly disagree,1.0,Agree,4.0,Strongly agree,5.0,Strongly agree,5.0,Man,40.0,"EGB, ESO, Baccalaurate, Elementary Baccalaurate",5,0,1, ,0,0,0,0,0,2.0,0.0,0.0,2.0,剔除,MD 信号命中+开放题全空无自证 → 自证门槛剔除
25332,CATI,Alejandro,常规,1,1,0,0,0,0,6.9,-1.253450090147077,0.3630952380952381,1.3241936132561132,2.785154707081306,4,0,Disagree,4.0,Strongly agree,5.0,Strongly agree,5.0,Strongly agree,5.0,Strongly agree,5.0,Woman,21.0,"FP2, Higher Vocational Training, Conservatoire 10 years","1, 2, 6","IGUALDAD, IGUALDAD SALARIAL","1, 2", ,0,1,0,0,1,1.0,0.0,0.0,1.0,保留,DUR低 单字段具体议题自证+作答模式合理 → 保留
25351,CATI,Victoria,常规,1,0,0,0,1,0,11.9,0.2508515215738882,0.2201834862385321,0.8030002479543764,4.39313910516078,10,1,Strongly disagree,5.0,Strongly agree,5.0,Strongly agree,5.0,Strongly agree,5.0,Strongly agree,5.0,Woman,55.0,"EGB, ESO, Baccalaurate, Elementary Baccalaurate",1,"TODO LO QUE SE PLANTEE, SALARIOS, ALTOS CARGOS",1, ,0,1,0,0,1,1.0,0.0,0.0,1.0,保留,LS 单字段具体议题自证+作答模式合理 → 保留
25462,CAWI,Autoadministrado CAWI,常规,1,0,0,0,1,0,9.6,-0.0455859665632762,0.2491467576791808,0.9086281247117424,3.7427191972620255,7,0,Disagree,4.0,Agree,4.0,Agree,4.0,Agree,4.0,Disagree,2.0,Man,18.0,"EGB, ESO, Baccalaurate, Elementary Baccalaurate",INSTITUTO,99,HUELGA, ,1,0,1,0,2,0.0,0.0,0.0,0.0,保留,LS 开放题自证充分（≥2字段）→ 保留
25752,CAWI,Autoadministrado CAWI,常规,1,1,0,0,0,0,5.3,-1.0678162627648813,0.2491467576791808,0.9086281247117424,3.611819974063317,4,0,Agree,2.0,Strongly agree,5.0,Strongly agree,5.0,Strongly agree,5.0,Strongly agree,5.0,Woman,31.0,"University graduate (Diploma, Bachelor, Degree, Master, PhD)","TV, RADIO",99,PARON DE 1H,88,1,0,1,0,2,0.0,0.0,0.0,0.0,保留,DUR低 开放题自证充分（≥2字段）→ 保留
26303,CAWI,Autoadministrado CAWI,常规,1,0,0,1,0,0,11.8,0.3094702139060074,0.2491467576791808,0.9086281247117424,13.416087449667288,5,0,Disagree,4.0,Strongly disagree,1.0,Strongly disagree,1.0,Strongly disagree,1.0,Strongly disagree,1.0,Woman,32.0,"University graduate (Diploma, Bachelor, Degree, Master, PhD)","TV, RADIO",0, ,ELECCIONES YA,1,0,0,1,2,0.0,0.0,0.0,0.0,保留,MD 开放题自证充分（≥2字段）→ 保留
26338,CATI,Luna,常规,1,0,0,0,1,0,23.4,2.1172248538249216,0.2325581395348837,0.8481301068510371,4.39313910516078,7,0,Strongly disagree,5.0,Strongly agree,5.0,Strongly agree,5.0,Strongly agree,5.0,Strongly agree,5.0,Woman,24.0,"University graduate (Diploma, Bachelor, Degree, Master, PhD)","5, 6","BRECHA SALARIAL, VIOLENCIA MACHISTA","ROL DE CUIDADOS, , , 1, 6","5, 10",0,1,1,0,2,0.0,0.0,0.0,0.0,保留,LS 开放题自证充分（≥2字段）→ 保留
26397,CATI,Daniel,常规,1,1,0,0,0,0,8.3,-0.7435654167534216,0.293859649122807,1.0716942271218588,5.763675083054641,3,0,Agree,2.0,Disagree,2.0,Disagree,2.0,Strongly disagree,1.0,Strongly disagree,1.0,Woman,43.0,"COU, BUP, Higher Baccalaurate","1, 5, 6",0, , ,0,0,0,0,0,2.0,0.0,0.0,2.0,剔除,DUR低 信号命中+开放题全空无自证 → 自证门槛剔除
26428,CATI,Daniel,常规,1,1,0,0,0,0,7.9,-0.8798943808324479,0.293859649122807,1.0716942271218588,6.6292581862398325,4,0,Disagree,4.0,Disagree,2.0,Disagree,2.0,Disagree,2.0,Disagree,2.0,Woman,43.0,"COU, BUP, Higher Baccalaurate","1, 2",0, , ,0,0,0,0,0,2.0,0.0,0.0,2.0,剔除,DUR低 信号命中+开放题全空无自证 → 自证门槛剔除
26731,CATI,Raúl,常规,1,0,0,0,1,0,14.1,0.7190650106806803,0.3050847457627119,1.1126316994961063,10.545105611774606,6,1,Strongly agree,1.0,Strongly disagree,1.0,Strongly disagree,1.0,Strongly disagree,1.0,Strongly disagree,1.0,Man,47.0,"FP2, Higher Vocational Training, Conservatoire 10 years","1, 5",0, ,10,0,0,0,0,0,2.0,2.0,0.0,4.0,剔除,LS 信号命中+开放题全空无自证 → 自证门槛剔除
26900,CATI,David,常规,1,0,0,0,0,1,9.3,-0.429579471001346,0.3942857142857143,1.4379440154440155,2.0998777685195043,5,4,Agree,2.0,Strongly agree,5.0,Agree,4.0,Agree,4.0,Agree,4.0,Woman,21.0,"FP1, Intermediate Vocational Training","1, 2",LEGISLACION,1, ,0,1,0,0,1,1.0,0.0,0.0,1.0,保留,DKNA 单字段具体议题自证+作答模式合理 → 保留
27750,CATI,Juana,常规,1,0,0,0,0,1,13.0,0.494874640906379,0.1666666666666666,0.6078265765765766,3.116144505967416,3,4,Disagree,4.0,Agree,4.0,Strongly agree,5.0,Strongly agree,5.0,Strongly agree,5.0,Woman,79.0,No schooling (or less than 5 years of schooling),5,88, , ,0,0,0,0,0,2.0,0.0,0.0,2.0,剔除,DKNA 信号命中+开放题全空无自证 → 自证门槛剔除
27898,CAWI,Autoadministrado CAWI,常规,1,1,0,0,0,0,6.0,-0.8543510061743295,0.2491467576791808,0.9086281247117424,7.842801515881676,3,0,Disagree,4.0,Agree,4.0,Agree,4.0,Strongly disagree,1.0,Strongly disagree,1.0,Woman,48.0,"University graduate (Diploma, Bachelor, Degree, Master, PhD)","COLEGIO DE MIS HIJOS, COMPAÑEROS DE TRABAJO",88, , ,1,0,0,0,1,2.0,0.0,0.0,2.0,剔除,DUR低 唯一开放字段为泛词/编码（88）无实质自证 → 门槛剔除
28001,CATI,Alejandro,常规,1,1,0,0,0,0,7.8,-0.915055371063197,0.3630952380952381,1.3241936132561132,4.889909196086875,2,2,Agree,2.0,Disagree,2.0,Agree,4.0,Disagree,2.0,Disagree,2.0,Man,43.0,"EGB, ESO, Baccalaurate, Elementary Baccalaurate", ,88, , ,0,0,0,0,0,2.0,0.0,0.0,2.0,剔除,DUR低 信号命中+开放题全空无自证 → 自证门槛剔除
28008,CATI,Daniel,常规,1,1,0,0,0,0,7.4,-1.0603573612727293,0.293859649122807,1.0716942271218588,2.2775538540346503,2,0,Agree,2.0,Agree,4.0,Agree,4.0,Disagree,2.0,Disagree,2.0,Man,45.0,"FP2, Higher Vocational Training, Conservatoire 10 years", ,TODAS, , ,0,1,0,0,1,2.0,0.0,0.0,2.0,剔除,DUR低 唯一开放字段为泛词/编码（TODAS）无实质自证 → 门槛剔除
28124,CATI,Rosa,常规,1,1,0,0,0,0,6.9,-1.253450090147077,0.2105263157894736,0.7677809388335703,5.183585850790626,4,0,Disagree,4.0,Agree,4.0,Agree,4.0,Disagree,2.0,Strongly disagree,1.0,Woman,40.0,"University graduate (Diploma, Bachelor, Degree, Master, PhD)","1, 5",0, , ,0,0,0,0,0,2.0,0.0,1.0,3.0,剔除,DUR低 信号命中+开放题全空无自证 → 自证门槛剔除
28637,CATI,María,常规,1,1,0,0,0,0,8.1,-0.8108882764442957,0.2685714285714285,0.979469111969112,3.116144505967416,3,2,Disagree,4.0,Agree,4.0,Strongly agree,5.0,Strongly agree,5.0,Strongly agree,5.0,Woman,20.0,"University graduate (Diploma, Bachelor, Degree, Master, PhD)","MIS PADRES , POR LA UNIVERSIDAD",88,1, ,1,0,0,0,1,2.0,0.0,0.0,2.0,剔除,DUR低 唯一开放字段为泛词/编码（88）无实质自证 → 门槛剔除
28882,CATI,María,常规,1,0,0,0,1,0,26.1,2.418625864001735,0.2685714285714285,0.979469111969112,4.047315241019144,7,0,Strongly disagree,5.0,Strongly agree,5.0,Strongly agree,5.0,Strongly agree,5.0,Agree,4.0,Woman,50.0,"FP2, Higher Vocational Training, Conservatoire 10 years",1,"MALTRTATO, VIOLENCIA DE GENERO",EN UNA MOVILIZACION ORGANIZADA POR EL AYUNTAMIENTO DE MI PUEBLO, ,0,1,1,0,2,0.0,0.0,0.0,0.0,保留,LS 开放题自证充分（≥2字段）→ 保留
28894,CATI,Alejandro,常规,1,0,0,0,0,1,14.2,0.7385711018081885,0.3630952380952381,1.3241936132561132,,4,7,DK,,Agree,4.0,DK,,Agree,4.0,Agree,4.0,Woman,38.0,"University graduate (Diploma, Bachelor, Degree, Master, PhD)",99,IGUALDAD, , ,0,1,0,0,1,2.0,1.0,0.0,3.0,剔除,DKNA 唯一开放字段为泛词/编码（IGUALDAD）无实质自证 → 门槛剔除
28925,CATI,Luna,常规,1,0,0,0,0,1,24.7,2.266455813248529,0.2325581395348837,0.8481301068510371,6.852377250722918,5,4,Agree,2.0,Agree,4.0,Disagree,2.0,Strongly disagree,1.0,Strongly disagree,1.0,Woman,42.0,"FP2, Higher Vocational Training, Conservatoire 10 years", ,99, , ,0,0,0,0,0,2.0,0.0,0.0,2.0,剔除,DKNA 信号命中+开放题全空无自证 → 自证门槛剔除
29003,CATI,David,常规,1,1,0,0,0,0,7.7,-0.9506700640001242,0.3942857142857143,1.4379440154440155,2.2775538540346503,3,0,Agree,2.0,Agree,4.0,Agree,4.0,Disagree,2.0,Disagree,2.0,Man,56.0,"University graduate (Diploma, Bachelor, Degree, Master, PhD)",6,BRECHA SALARIAL, , ,0,1,0,0,1,1.0,0.0,0.0,1.0,保留,DUR低 单字段具体议题自证+作答模式合理 → 保留
29758,CAWI,Autoadministrado CAWI,常规,1,0,1,0,0,0,30.3,1.9322330013358304,0.2491467576791808,0.9086281247117424,3.084666447761618,5,0,Disagree,4.0,Agree,4.0,Agree,4.0,Strongly agree,5.0,Strongly agree,5.0,Woman,36.0,"University graduate (Diploma, Bachelor, Degree, Master, PhD)","REDES SOCIALES, TELEDIARIO TV, PERIODICOS DIGITALES","EDUCACION SEXUAL (EVITAR VIOLACION, ABUSOS...), EQUIDAD EN EL MUNDO LABORAL",ACUDIR A MANIFESTACION,EDUCACION,1,1,1,1,4,0.0,0.0,0.0,0.0,保留,DUR高 开放题自证充分（≥2字段）→ 保留
29781,CATI,Alejandro,常规,1,0,0,0,0,1,9.5,-0.3708517148909659,0.3630952380952381,1.3241936132561132,,4,6,Disagree,4.0,Agree,4.0,Agree,4.0,,,,,Man,55.0,"University graduate (Diploma, Bachelor, Degree, Master, PhD)","1, 6",IGUALDAD SALARIAL, , ,0,1,0,0,1,1.0,1.0,0.0,2.0,保留,DKNA 总分2 → 保留
30095,CATI,Daniel,常规,1,1,0,0,0,0,6.8,-1.2937442423684553,0.293859649122807,1.0716942271218588,1.1184076202728268,4,0,Agree,2.0,Agree,4.0,Agree,4.0,Agree,4.0,Agree,4.0,Woman,37.0,"University graduate (Diploma, Bachelor, Degree, Master, PhD)", ,0, , ,0,0,0,0,0,2.0,0.0,1.0,3.0,剔除,DUR低 信号命中+开放题全空无自证 → 自证门槛剔除
30316,CATI,Victoria,常规,1,0,0,0,0,1,23.3,2.1054042772705555,0.2201834862385321,0.8030002479543764,,4,5,DK,,Strongly agree,5.0,Disagree,2.0,Agree,4.0,DK,,Man,67.0,"FP1, Intermediate Vocational Training","1, 6",88, , ,0,0,0,0,0,2.0,0.0,0.0,2.0,剔除,DKNA 信号命中+开放题全空无自证 → 自证门槛剔除
30955,CATI,Alejandro,常规,1,1,0,0,0,0,7.5,-1.023308477393262,0.3630952380952381,1.3241936132561132,1.5165227820285978,4,1,Disagree,4.0,Agree,4.0,Agree,4.0,Neither agree nor disagree,3.0,Neither agree nor disagree,3.0,Woman,44.0,"FP2, Higher Vocational Training, Conservatoire 10 years","1, 2",88,"1, 8", ,0,0,0,0,0,2.0,0.0,1.0,3.0,剔除,DUR低 信号命中+开放题全空无自证 → 自证门槛剔除
31021,CAWI,Autoadministrado CAWI,常规,1,0,0,0,1,0,10.2,0.0587346633507079,0.2491467576791808,0.9086281247117424,1.3137918149468455,8,0,Disagree,4.0,Agree,4.0,Agree,4.0,Agree,4.0,Agree,4.0,Woman,51.0,"University graduate (Diploma, Bachelor, Degree, Master, PhD)","TV, RADIO, INTERNET","IGUALDAD, LABORAL","MANIFESTACIONES, HUELGA, COMIDA", ,1,1,1,0,3,0.0,0.0,0.0,0.0,保留,LS 开放题自证充分（≥2字段）→ 保留
31027,CATI,Alejandro,常规,1,1,0,0,0,0,8.1,-0.8108882764442957,0.3630952380952381,1.3241936132561132,1.1184076202728268,4,2,Agree,2.0,Agree,4.0,Agree,4.0,Agree,4.0,Agree,4.0,Woman,27.0,"University graduate (Diploma, Bachelor, Degree, Master, PhD)","1, 2",VIOLENCIA DE GENERO,1, ,0,1,0,0,1,1.0,0.0,0.0,1.0,保留,DUR低 单字段具体议题自证+作答模式合理 → 保留
31033,CATI,Raúl,常规,1,1,0,0,0,0,7.7,-0.9506700640001242,0.3050847457627119,1.1126316994961063,7.886033641675763,4,1,Disagree,4.0,Agree,4.0,Disagree,2.0,Agree,4.0,Disagree,2.0,Man,45.0,"University graduate (Diploma, Bachelor, Degree, Master, PhD)","1, 5, 6",IGUALDAD LABORAL Y DE SALARIO, , ,0,1,0,0,1,1.0,0.0,0.0,1.0,保留,DUR低 单字段具体议题自证+作答模式合理 → 保留
31116,CAWI,Autoadministrado CAWI,常规,1,0,0,0,1,0,14.2,0.6280565352688768,0.2491467576791808,0.9086281247117424,2.375201455995278,7,0,Disagree,4.0,Strongly agree,5.0,Strongly agree,5.0,Strongly agree,5.0,Agree,4.0,Woman,63.0,"COU, BUP, Higher Baccalaurate","TELEVISION, DIARIOS DIGITALES, TWITER",IGUALDAD,MANIFESTARME, ,1,1,1,0,3,0.0,0.0,0.0,0.0,保留,LS 开放题自证充分（≥2字段）→ 保留
31170,CAWI,Autoadministrado CAWI,常规,1,0,0,1,0,0,12.7,0.4359505597718867,0.2491467576791808,0.9086281247117424,18.371804157357104,5,0,Strongly disagree,5.0,Strongly disagree,1.0,Strongly agree,5.0,Strongly agree,5.0,Strongly agree,5.0,Man,44.0,"FP1, Intermediate Vocational Training",TELEVISION,88,MANIFESTACION, ,1,0,1,0,2,0.0,0.0,0.0,0.0,保留,MD 开放题自证充分（≥2字段）→ 保留
32106,CATI,David,常规,1,1,0,0,0,0,8.4,-0.7105099269732518,0.3942857142857143,1.4379440154440155,5.732579072229021,3,2,Disagree,4.0,Agree,4.0,Disagree,2.0,Neither agree nor disagree,3.0,Disagree,2.0,Man,61.0,"EGB, ESO, Baccalaurate, Elementary Baccalaurate",1,BRECHA SALARIAL, , ,0,1,0,0,1,1.0,0.0,0.0,1.0,保留,DUR低 单字段具体议题自证+作答模式合理 → 保留
32461,CATI,Luna,常规,1,0,0,0,0,1,25.1,2.3107957291546564,0.2325581395348837,0.8481301068510371,4.202098552823968,4,4,Disagree,4.0,Agree,4.0,Neither agree nor disagree,3.0,Strongly agree,5.0,Agree,4.0,Man,,"COU, BUP, Higher Baccalaurate",2,88,"DE FOTOGRAFO EN UN PREGON POR LA MAÑANA EN LA UNIVERSIDAD, COMPARTIR EN REDES",TEMAS DE FINANCIACION DE LA UNIVERSIDAD,0,0,1,1,2,0.0,0.0,0.0,0.0,保留,DKNA 开放题自证充分（≥2字段）→ 保留
33411,CAWI,Autoadministrado CAWI,常规,1,0,0,0,1,0,20.1,1.2259837000877394,0.2491467576791808,0.9086281247117424,4.889909196086875,6,0,Agree,2.0,Disagree,2.0,Agree,4.0,Disagree,2.0,Disagree,2.0,Man,60.0,"COU, BUP, Higher Baccalaurate","REDES SOCIALES , TV, EN CALLE","IGUALDAD , IGUALDAD", , ,1,1,0,0,2,0.0,0.0,0.0,0.0,保留,LS 开放题自证充分（≥2字段）→ 保留
33543,CAWI,Autoadministrado CAWI,常规,1,1,0,0,0,0,5.6,-0.9730714137817584,0.2491467576791808,0.9086281247117424,3.483960780580248,4,1,Disagree,4.0,Strongly agree,5.0,Agree,4.0,Strongly agree,5.0,Strongly agree,5.0,Man,33.0,"FP2, Higher Vocational Training, Conservatoire 10 years","TELEVISION, REDES SOCIALES",88, , ,1,0,0,0,1,2.0,0.0,0.0,2.0,剔除,DUR低 唯一开放字段为泛词/编码（88）无实质自证 → 门槛剔除
34311,CAWI,Autoadministrado CAWI,常规,1,0,0,0,1,0,11.8,0.3094702139060074,0.2491467576791808,0.9086281247117424,1.3137918149468455,8,0,Disagree,4.0,Agree,4.0,Agree,4.0,Agree,4.0,Agree,4.0,Woman,34.0,"FP1, Intermediate Vocational Training","TELEVISION, REDES SOCIALES","VIOLENCIA DE GENERO, BRECHA SALARIAL",88,99,1,1,0,0,2,0.0,0.0,0.0,0.0,保留,LS 开放题自证充分（≥2字段）→ 保留
34614,CAWI,Autoadministrado CAWI,常规,1,0,0,0,1,0,8.7,-0.2149780402285196,0.2491467576791808,0.9086281247117424,2.785154707081306,6,0,Disagree,4.0,Strongly agree,5.0,Strongly agree,5.0,Strongly agree,5.0,Strongly agree,5.0,Man,53.0,"FP2, Higher Vocational Training, Conservatoire 10 years","REDES SOCIALES, INFORMACION PERSONA A PERSONA, PARTIDO POLITICO","IGUALDAD, JUSTICIA","PARO SIMBOLICO, SUSTITUCION A MUJER POR HUELGA, ASISTENCIA A LA MANIFESTACION","DESAHUCIO, LEY MORDAZA, INDEPENDENCIA CATALUNYA",1,1,1,1,4,0.0,0.0,0.0,0.0,保留,LS 开放题自证充分（≥2字段）→ 保留
35352,CAWI,Autoadministrado CAWI,常规,1,0,0,1,0,0,18.8,1.110928391613785,0.2491467576791808,0.9086281247117424,13.285831951095329,5,0,Strongly disagree,5.0,Disagree,2.0,Agree,4.0,Strongly disagree,1.0,Strongly disagree,1.0,Woman,58.0,"FP2, Higher Vocational Training, Conservatoire 10 years","TV, PERIODICO ABC, FACEBOOK",0, , ,1,0,0,0,1,2.0,0.0,0.0,2.0,剔除,MD 唯一开放字段为泛词/编码（0）无实质自证 → 门槛剔除
35702,CAWI,Autoadministrado CAWI,常规,1,1,0,0,0,0,5.8,-0.9126875552513224,0.2491467576791808,0.9086281247117424,4.284854817500946,2,0,Disagree,4.0,Strongly agree,5.0,Strongly agree,5.0,Agree,4.0,Strongly agree,5.0,Woman,18.0,"COU, BUP, Higher Baccalaurate","TWITTER, MEDIOS DIGITALES",IGUALDAD DE OPORTUNIDAD LABORAL,"ACUDIR A LA MANIFESTACION , HACER HUELGA", ,1,1,1,0,3,0.0,0.0,0.0,0.0,保留,DUR低 开放题自证充分（≥2字段）→ 保留
35921,CAWI,Autoadministrado CAWI,常规,1,1,0,0,0,0,6.0,-0.8543510061743295,0.2491467576791808,0.9086281247117424,5.086183615155139,4,1,Strongly agree,1.0,Agree,4.0,Agree,4.0,Agree,4.0,Disagree,2.0,Man,58.0,"University graduate (Diploma, Bachelor, Degree, Master, PhD)","TV, PERIODICOS DIGITALES, RADIO",EQUIDAD, , ,1,1,0,0,2,0.0,0.0,0.0,0.0,保留,DUR低 开放题自证充分（≥2字段）→ 保留
36585,CAWI,Autoadministrado CAWI,常规,1,0,0,0,1,0,9.7,-0.0277540619868489,0.2491467576791808,0.9086281247117424,3.940512236010638,6,0,Strongly disagree,5.0,Agree,4.0,Agree,4.0,Neither agree nor disagree,3.0,Neither agree nor disagree,3.0,Man,44.0,"University graduate (Diploma, Bachelor, Degree, Master, PhD)","ANTENA 3, LA SEXTA",IGUALDAD REAL Y EFECTIVA, , ,1,1,0,0,2,0.0,0.0,0.0,0.0,保留,LS 开放题自证充分（≥2字段）→ 保留
36949,CAWI,Autoadministrado CAWI,常规,1,0,0,0,0,1,12.7,0.4359505597718867,0.2491467576791808,0.9086281247117424,0.4400780157602105,4,7,Neither agree nor disagree,3.0,Agree,4.0,Agree,4.0,Neither agree nor disagree,3.0,Neither agree nor disagree,3.0,Woman,50.0,,88,88, , ,0,0,0,0,0,2.0,0.0,0.0,2.0,剔除,DKNA 信号命中+开放题全空无自证 → 自证门槛剔除
37733,CAWI,Autoadministrado CAWI,常规,1,0,0,0,1,0,10.2,0.0587346633507079,0.2491467576791808,0.9086281247117424,4.39313910516078,7,0,Strongly disagree,5.0,Strongly agree,5.0,Strongly agree,5.0,Strongly agree,5.0,Strongly agree,5.0,Woman,36.0,"University graduate (Diploma, Bachelor, Degree, Master, PhD)",INTERNET,"IGUALDAD, BRECHA SALARIAL",ASISTIR A LA MANIFESTACION,RECORTES EDUCACION,1,1,1,1,4,0.0,0.0,0.0,0.0,保留,LS 开放题自证充分（≥2字段）→ 保留
38229,CAWI,Autoadministrado CAWI,常规,1,0,0,0,1,0,11.6,0.280054738763507,0.2491467576791808,0.9086281247117424,4.39313910516078,8,0,Strongly disagree,5.0,Strongly agree,5.0,Strongly agree,5.0,Strongly agree,5.0,Strongly agree,5.0,Man,53.0,"University graduate (Diploma, Bachelor, Degree, Master, PhD)","PRENSA DIGITAL, TWITTER","VIOLENCIA DE GENERO, DERECHOS LABORALES",MANIFESTACION,ORGULLO LGTB,1,1,1,1,4,0.0,0.0,0.0,0.0,保留,LS 开放题自证充分（≥2字段）→ 保留
38303,CAWI,Autoadministrado CAWI,常规,1,0,0,0,1,0,12.5,0.4086362816252493,0.2491467576791808,0.9086281247117424,4.1259481061351,6,0,Strongly disagree,5.0,Strongly agree,5.0,Agree,4.0,Agree,4.0,Agree,4.0,Woman,51.0,"University graduate (Diploma, Bachelor, Degree, Master, PhD)","TV, REDES SOCIALES, RADIO","IGUALDAD DE DERECHOS Y OPORTUNIDADES, LIBERTAD","MANIFESTARME, HUELGA DE COMPRAS, HUELGA DE ACTIVIDADES DE AMA DE CASA","IGUALDAD SALARIAL, HUELGA POR LAS KELLY, CONFERENCIA DE SORORIDAD Y MUJER",1,1,1,1,4,0.0,0.0,0.0,0.0,保留,LS 开放题自证充分（≥2字段）→ 保留
39088,CAWI,Autoadministrado CAWI,常规,1,0,0,0,1,0,10.0,0.0246590272214732,0.2491467576791808,0.9086281247117424,2.785154707081306,6,0,Disagree,4.0,Strongly agree,5.0,Strongly agree,5.0,Strongly agree,5.0,Strongly agree,5.0,Man,39.0,"University graduate (Diploma, Bachelor, Degree, Master, PhD)","RAC1, ELDIARIO.ES, PUBLICO.ES","IGUALDAD REAL, EMPODERAMIENTO",IR A LA HUELGA( AL ESTAR DE BAJA NO PUDE),DERECHO A DECIDIR DE CATALUNYA,1,1,1,1,4,0.0,0.0,0.0,0.0,保留,LS 开放题自证充分（≥2字段）→ 保留
39719,CAWI,Autoadministrado CAWI,常规,1,0,0,0,1,0,12.4,0.394814814605248,0.2491467576791808,0.9086281247117424,2.785154707081306,6,0,Disagree,4.0,Strongly agree,5.0,Strongly agree,5.0,Strongly agree,5.0,Strongly agree,5.0,Woman,47.0,"University graduate (Diploma, Bachelor, Degree, Master, PhD)","TWITTER, PIKARAMAGACINE, DIARIO.ES","VIOLENCIA, MACHISMO","DIVULGACION TERMINOS, SORORIDAD, MANIFESTACION","MUERTES VIOLENCIA, MUERTES VIOLENCIA, PENSIONES",1,1,1,1,4,0.0,0.0,0.0,0.0,保留,LS 开放题自证充分（≥2字段）→ 保留
39752,CAWI,Autoadministrado CAWI,常规,1,1,0,0,0,0,5.9,-0.8832720801088219,0.2491467576791808,0.9086281247117424,4.698556253020487,3,0,Agree,2.0,Agree,4.0,Disagree,2.0,Disagree,2.0,Disagree,2.0,Man,63.0,"EGB, ESO, Baccalaurate, Elementary Baccalaurate",FACEBOOK,88, , ,1,0,0,0,1,2.0,0.0,0.0,2.0,剔除,DUR低 唯一开放字段为泛词/编码（88）无实质自证 → 门槛剔除
40600,CAWI,Autoadministrado CAWI,常规,1,0,1,0,0,0,29.8,1.903600670315453,0.2491467576791808,0.9086281247117424,11.205177306756232,4,0,Strongly agree,1.0,Disagree,2.0,Strongly disagree,1.0,Neither agree nor disagree,3.0,Strongly disagree,1.0,Woman,,"University graduate (Diploma, Bachelor, Degree, Master, PhD)","RADIO, PRENSA DIGITAL , TV","LIBERTADES EN ARABIA SAUDI , AYUDA MUJERES EMANCIPADAS EN AFRICA", ,"VICTIMAS DEL TERRORISMO , AYUDAS DISCAPACITADOS , LIMPIEZA MONTES (LOCAL)",1,1,0,1,3,0.0,0.0,0.0,0.0,保留,DUR高 开放题自证充分（≥2字段）→ 保留
40912,CAWI,Autoadministrado CAWI,常规,1,0,0,0,1,0,8.0,-0.3593182271823035,0.2491467576791808,0.9086281247117424,4.39313910516078,7,0,Strongly disagree,5.0,Strongly agree,5.0,Strongly agree,5.0,Strongly agree,5.0,Strongly agree,5.0,Woman,20.0,"COU, BUP, Higher Baccalaurate","ACUDIENDO A LAS MOVILIZACIONES, REDES SOCIALES, PRENSA ESCRITA","EDUCACION CONTRA LA VIOLENCIA DE GENERO, ACABAR CON LA JUSTICIA PATRIARCAL","HUELGA GENERAL, MOVILIZACIONES DURANTE LA MAÑANA Y TARDE, DIFUSION",MANIFESTACION ANIMALISTA MISION ABOLICION,1,1,1,1,4,0.0,0.0,0.0,0.0,保留,LS 开放题自证充分（≥2字段）→ 保留
42599,CAWI,Autoadministrado CAWI,常规,1,1,0,0,0,0,4.5,-1.3493837851663557,0.2491467576791808,0.9086281247117424,6.6292581862398325,5,0,Disagree,4.0,Disagree,2.0,Disagree,2.0,Disagree,2.0,Disagree,2.0,Woman,48.0,"EGB, ESO, Baccalaurate, Elementary Baccalaurate",AMISTADES,88, , ,1,0,0,0,1,2.0,0.0,0.0,2.0,剔除,DUR低 唯一开放字段为泛词/编码（88）无实质自证 → 门槛剔除
44020,CAWI,Autoadministrado CAWI,常规,1,0,0,0,1,0,15.2,0.745160443562844,0.2491467576791808,0.9086281247117424,4.39313910516078,7,0,Strongly disagree,5.0,Strongly agree,5.0,Strongly agree,5.0,Strongly agree,5.0,Strongly agree,5.0,Woman,,"COU, BUP, Higher Baccalaurate","REDES SOCIALES, TV","IGUALDAD, BRECHA SALARIAL",MANIFESTARME,"MANIFESTACION FEMINISTA , MANIFESTACION POR UNA PENSION DIGNA, MANIFESTACION FEMINISTA",1,1,1,1,4,0.0,0.0,0.0,0.0,保留,LS 开放题自证充分（≥2字段）→ 保留
44123,CAWI,Autoadministrado CAWI,常规,1,0,0,1,0,0,9.6,-0.0455859665632762,0.2491467576791808,0.9086281247117424,12.438413764578536,5,2,Strongly disagree,5.0,Strongly agree,5.0,Disagree,2.0,Strongly agree,5.0,Agree,4.0,Man,59.0,Primary school (or has attended school for 5 years or more),TELEVISION,REGULACION DE SUELDOS,99, ,1,1,0,0,2,0.0,0.0,0.0,0.0,保留,MD 开放题自证充分（≥2字段）→ 保留
44398,CAWI,Autoadministrado CAWI,常规,1,1,0,0,0,0,6.7,-0.6644681089498927,0.2491467576791808,0.9086281247117424,4.010285548382967,4,0,Strongly disagree,5.0,Strongly agree,5.0,Strongly agree,5.0,Agree,4.0,Agree,4.0,Man,45.0,"EGB, ESO, Baccalaurate, Elementary Baccalaurate","PRENSA, TV",88, , ,1,0,0,0,1,2.0,0.0,0.0,2.0,剔除,DUR低 唯一开放字段为泛词/编码（88）无实质自证 → 门槛剔除
