row_id,COUNTRY_CODE,COUNTRY_NAME,final_decision,invalid_source,both_len,screening_tier,trigger_reason,signal_count,signal_attention,signal_longstring,signal_mahalanobis,signal_odd_even,ls_max_run,md_score,oe_r,BENEFIT_OPEN,TRUST_OPEN,BENEFIT_OPEN_ZH,ATTCHECK_NUMBER,ATTCHECK_RES,DEM_AGE,DEM_GENDER,DEM_EDU,DEM_AGEGRP
186,ALB,Albania,invalid,rule_A+B,0,NORMAL,,0,0,0,0,0,22.0,5.992739800567523,,-99,NA,,213,1,20,1,3,18-29
1191,AUS,Australia,invalid,rule_A+B,0,NORMAL,,0,0,0,0,0,18.0,2.941645563946501,,NA,-99,,213,1,46,1,4,40-49
1198,AUS,Australia,invalid,rule_A+B,0,NORMAL,,0,0,0,0,0,18.0,3.4241836322784605,,NA,-99,,213,1,31,1,4,30-39
1294,AUS,Australia,invalid,rule_A+B,0,NORMAL,,0,0,0,0,0,17.0,3.393934609336499,,-99,NA,,213,1,33,1,4,30-39
2295,AUS,Australia,invalid,rule_A+B,0,NORMAL,,0,0,0,0,0,18.0,7.004894354762754,,NA,NONE,,213,1,61,0,3,60+
2456,AUS,Australia,invalid,rule_A+B,0,NORMAL,,0,0,0,0,0,19.0,5.037512250521892,-0.6859943405700353,NA,-99,,213,1,25,1,3,18-29
2458,AUS,Australia,invalid,rule_A+B,0,NORMAL,,0,0,0,0,0,17.0,5.3615060216703565,0.6565321642986127,-99,NA,,213,1,25,1,3,18-29
2486,AUS,Australia,invalid,rule_A+B,0,NORMAL,,0,0,0,0,0,19.0,3.5982496514369195,,-99,NA,,213,1,49,1,4,40-49
2487,AUS,Australia,invalid,rule_A+B,0,NORMAL,,0,0,0,0,0,28.0,4.351367873228035,-0.4472135954999579,NA,-99,,213,1,34,1,4,30-39
2488,AUS,Australia,invalid,rule_A+B,0,NORMAL,,0,0,0,0,0,28.0,3.8574856178621264,-0.2,-99,NA,,213,1,39,1,4,30-39
2489,AUS,Australia,invalid,rule_A+B,0,NORMAL,,0,0,0,0,0,28.0,3.9446197440266193,0.4472135954999579,NA,-99,,213,1,34,1,4,30-39
2490,AUS,Australia,invalid,rule_A+B,0,NORMAL,,0,0,0,0,0,28.0,4.838908850875913,0.9258200997725514,-99,NA,,213,1,31,1,4,30-39
2492,AUS,Australia,invalid,rule_A+B,0,NORMAL,,0,0,0,0,0,28.0,2.8425851379032654,,-99,NA,,213,1,28,1,4,18-29
2493,AUS,Australia,invalid,rule_A+B,0,NORMAL,,0,0,0,0,0,28.0,3.007474036088014,,NA,-99,,213,1,36,1,4,30-39
2494,AUS,Australia,invalid,rule_A+B,0,NORMAL,,0,0,0,0,0,31.0,6.582410565204953,1.0,-99,NA,,213,1,38,1,4,30-39
2584,AUS,Australia,invalid,rule_A+B,0,NORMAL,,0,0,0,0,0,28.0,3.3449897954774346,,-99,NA,,213,1,39,1,4,30-39
2602,AUS,Australia,invalid,rule_A+B,0,NORMAL,,0,0,0,0,0,18.0,2.876797758010994,,-99,NA,,213,1,35,1,4,30-39
2603,AUS,Australia,invalid,rule_A+B,0,NORMAL,,0,0,0,0,0,18.0,3.093631011010666,,NA,-99,,213,1,33,1,4,30-39
2604,AUS,Australia,invalid,rule_A+B,0,NORMAL,,0,0,0,0,0,19.0,3.1066442608045057,,NA,-99,,213,1,31,1,4,30-39
2609,AUS,Australia,invalid,rule_A+B,0,NORMAL,,0,0,0,0,0,17.0,3.5408186826924943,,-99,NA,,213,1,34,1,4,30-39
2612,AUS,Australia,invalid,rule_A+B,0,NORMAL,,0,0,0,0,0,18.0,3.0635735273281997,,NA,-99,,213,1,47,1,4,40-49
2698,AUS,Australia,invalid,rule_A+B,0,NORMAL,,0,0,0,0,0,28.0,3.8488848196700145,-0.4472135954999579,NA,-99,,213,1,36,1,4,30-39
2708,AUS,Australia,invalid,rule_A+B,0,NORMAL,,0,0,0,0,0,28.0,3.0808698348517463,,NA,-99,,213,1,42,1,4,40-49
2772,AUS,Australia,invalid,rule_A+B,2,NORMAL,,0,0,0,0,0,19.0,8.537560569085889,0.6984302957695782,NA,no,,213,1,19,1,4,18-29
4204,AUS,Australia,invalid,rule_A+B,0,NORMAL,,0,0,0,0,0,28.0,4.716364071064695,0.6324555320336759,-99,NA,,213,1,19,1,4,18-29
4205,AUS,Australia,invalid,rule_A+B,0,NORMAL,,0,0,0,0,0,31.0,4.5333869803813,-0.4472135954999579,NA,-99,,213,1,18,1,4,18-29
4207,AUS,Australia,invalid,rule_A+B,0,NORMAL,,0,0,0,0,0,28.0,4.2766561009174415,-0.7071067811865476,NA,-99,,213,1,19,1,4,18-29
4391,AUS,Australia,invalid,rule_A+B,0,NORMAL,,0,0,0,0,0,20.0,3.4422609846964303,,NA,-99,,213,1,27,1,4,18-29
4865,BGD,Bangladesh,invalid,rule_A+B,3,NORMAL,,0,0,0,0,0,19.0,5.272139608430464,,NA,Bal,,213,1,51,0,4,50-59
5248,BGR,Bulgaria,invalid,rule_A+B,3,NORMAL,,0,0,0,0,0,25.0,7.088405466098729,0.7142857142857143,NA,123,,213,1,29,1,4,18-29
5656,BOL,Bolivia,invalid,rule_A+B,0,NORMAL,,0,0,0,0,0,26.0,5.89734703328309,,-99,NA,,213,1,29,1,4,18-29
6005,BRA,Brazil,invalid,rule_A+B,0,NORMAL,,0,0,0,0,0,28.0,5.146031099149659,,NA,-99,,213,1,28,0,4,18-29
7576,BWA,Botswana,invalid,rule_A+B,3,NORMAL,,0,0,0,0,0,18.0,7.056201721972971,,NA,N/A,,213,1,40,0,4,40-49
8509,CAN,Canada,invalid,rule_A+B,1,NORMAL,,0,0,0,0,0,24.0,5.340076603953728,,NA,".
",,213,1,35,1,4,30-39
8791,CAN,Canada,invalid,rule_A+B,0,NORMAL,,0,0,0,0,0,18.0,4.032130192819573,,NA,-99,,213,1,54,1,3,50-59
9015,CAN,Canada,invalid,rule_A+B,0,NORMAL,,0,0,0,0,0,17.0,3.7059564847808293,,NA,-99,,213,1,40,0,4,40-49
9367,CAN,Canada,invalid,rule_A+B,0,NORMAL,,0,0,0,0,0,20.0,2.196868817020475,,None,NA,,213,1,28,0,4,18-29
9984,CAN,Canada,invalid,rule_A+B,0,NORMAL,,0,0,0,0,0,20.0,3.439117925157377,,NA,None ,,213,1,25,1,3,18-29
9987,CAN,Canada,invalid,rule_A+B,2,NORMAL,,0,0,0,0,0,29.0,6.521596918656969,,no,NA,,213,1,33,0,4,30-39
11093,CHE,Switzerland,invalid,rule_A+B,0,NORMAL,,0,0,0,0,0,31.0,5.38429089823555,,-99,NA,,213,1,35,1,4,30-39
12312,CHL,Chile,invalid,rule_A+B,5,NORMAL,,0,0,0,0,0,20.0,4.5866612157284665,,Todos ,NA,,213,1,37,NA,3,30-39
12456,CHN,China,invalid,rule_A+B,1,NORMAL,,0,0,0,0,0,31.0,3.735367521033336,0.0,无,NA,,213,1,38,1,4,30-39
12542,CHN,China,invalid,rule_A+B,5,NORMAL,,0,0,0,0,0,18.0,3.797140217025011,,NA,成功的考研,,213,1,32,0,4,30-39
12610,CHN,China,invalid,rule_A+B,5,MEDIUM,longstring_exceed,1,0,1,0,0,32.0,3.4602634669296415,,广大的民众,NA,,213,1,36,0,4,30-39
12622,CHN,China,invalid,rule_A+B,4,NORMAL,,0,0,0,0,0,18.0,2.9526501749429572,,NA,客观诚实,,213,1,43,0,4,40-49
12769,CHN,China,invalid,rule_A+B,2,NORMAL,,0,0,0,0,0,18.0,2.7839436242442144,,民众,NA,,213,1,60,1,4,60+
12818,CHN,China,invalid,rule_A+B,3,NORMAL,,0,0,0,0,0,22.0,4.470413285292522,,不清楚,NA,,213,1,50,0,4,50-59
12859,CHN,China,invalid,rule_A+B,5,NORMAL,,0,0,0,0,0,31.0,8.127193124003346,0.7,高科技产业,NA,,213,1,23,1,4,18-29
12880,CHN,China,invalid,rule_A+B,3,NORMAL,,0,0,0,0,0,24.0,4.379110298749878,,全世界,NA,,213,1,NA,0,4,NA
12953,CHN,China,invalid,rule_A+B,1,NORMAL,,0,0,0,0,0,23.0,3.844538282455891,,我,NA,,213,1,60,1,4,60+
14097,CZE,Czech Republic,invalid,rule_A+B,5,NORMAL,,0,0,0,0,0,28.0,3.177105549726309,1.0,nevím,NA,,213,1,54,0,3,50-59
14370,CZE,Czech Republic,invalid,rule_A+B,5,MEDIUM,longstring_exceed,1,0,1,0,0,57.0,2.187001161875154,,NA,Nevím ,,213,1,55,1,3,50-59
14425,CZE,Czech Republic,invalid,rule_A+B,5,NORMAL,,0,0,0,0,0,17.0,4.393030637843414,,Nevim,NA,,213,1,45,0,3,40-49
14486,CZE,Czech Republic,invalid,rule_A+B,5,NORMAL,,0,0,0,0,0,21.0,4.640633000902664,,nevím,NA,,213,1,64,0,3,60+
15267,DNK,Denmark,invalid,rule_A+B,4,NORMAL,,0,0,0,0,0,20.0,4.664716324558225,,Alle,NA,,213,1,53,0,3,50-59
15726,DNK,Denmark,invalid,rule_A+B,4,NORMAL,,0,0,0,0,0,23.0,2.8617972202797617,,alle,NA,,213,1,57,1,4,50-59
16115,EGY,Egypt,invalid,rule_A+B,5,MEDIUM,longstring_exceed,1,0,1,0,0,43.0,6.1327289535007905,,NA,ممتاز,,213,1,29,1,4,18-29
16126,EGY,Egypt,invalid,rule_A+B,4,NORMAL,,0,0,0,0,0,24.0,3.1006285169365633,,Good ,NA,,213,1,25,1,4,18-29
16558,ETH,Ethiopia,invalid,rule_A+B,4,NORMAL,,0,0,0,0,0,18.0,7.196037266969457,0.0,West ,NA,,213,1,20,NA,3,18-29
16905,BEL,Belgium,invalid,rule_A+B,4,NORMAL,,0,0,0,0,0,28.0,4.899504854451374,,beuh,NA,,213,1,36,1,4,30-39
16981,BEL,Belgium,invalid,rule_A+B,1,NORMAL,,0,0,0,0,0,20.0,3.325600915358486,0.7071067811865476,/,NA,,213,1,27,0,4,18-29
17080,BEL,Belgium,invalid,rule_A+B,0,NORMAL,,0,0,0,0,0,29.0,5.726853904508921,,-99,NA,,213,1,35,0,4,30-39
17137,ITA,Italy,invalid,rule_A+B,5,NORMAL,,0,0,0,0,0,22.0,2.9690486587154634,,tutti,NA,,213,1,44,1,3,40-49
17511,DEU,Germany,invalid,rule_A+B,1,NORMAL,,0,0,0,0,0,26.0,2.1247630098438766,,NA,-,,213,1,26,0,3,18-29
17518,BEL,Belgium,invalid,rule_A+B,0,NORMAL,,0,0,0,0,0,28.0,5.726853904508921,,-99,NA,,213,1,35,0,4,30-39
17692,DEU,Germany,invalid,rule_A+B,3,NORMAL,,0,0,0,0,0,18.0,7.235363041760271,,Das,NA,,213,1,22,1,3,18-29
17966,BEL,Belgium,invalid,rule_A+B,0,NORMAL,,0,0,0,0,0,27.0,5.726853904508921,,-99,NA,,213,1,33,1,4,30-39
17990,DEU,Germany,invalid,rule_A+B,5,MEDIUM,longstring_exceed,1,0,1,0,0,40.0,6.633159944486496,,NA,keine,,213,1,59,1,3,50-59
18027,DEU,Germany,invalid,rule_A+B,0,NORMAL,,0,0,0,0,0,18.0,4.33151989750557,1.0,-99,NA,,213,1,22,1,2,18-29
18202,BEL,Belgium,invalid,rule_A+B,0,NORMAL,,0,0,0,0,0,26.0,5.726853904508921,,-99,NA,,213,1,37,1,4,30-39
18319,BEL,Belgium,invalid,rule_A+B,0,NORMAL,,0,0,0,0,0,26.0,5.726853904508921,,-99,NA,,213,1,35,1,4,30-39
18539,BEL,Belgium,invalid,rule_A+B,0,NORMAL,,0,0,0,0,0,28.0,5.726853904508921,,-99,NA,,213,1,37,1,4,30-39
18547,BEL,Belgium,invalid,rule_A+B,1,NORMAL,,0,0,0,0,0,19.0,4.1392517083449505,0.6123724356957946,NA,?,,213,1,46,1,4,40-49
18565,BEL,Belgium,invalid,rule_A+B,0,NORMAL,,0,0,0,0,0,27.0,5.726853904508921,,-99,NA,,213,1,36,1,4,30-39
18657,DEU,Germany,invalid,rule_A+B,1,NORMAL,,0,0,0,0,0,18.0,4.850433911495104,0.31622776601683794,.,NA,,213,1,31,0,3,30-39
19390,BEL,Belgium,invalid,rule_A+B,0,NORMAL,,0,0,0,0,0,31.0,3.3080685140420685,-0.2,NA,-99,,213,1,51,0,4,50-59
19689,BEL,Belgium,invalid,rule_A+B,3,NORMAL,,0,0,0,0,0,30.0,7.760141764254612,0.6324555320336759,NA,Jsp,,213,1,21,NA,4,18-29
19701,DEU,Germany,invalid,rule_A+B,3,NORMAL,,0,0,0,0,0,19.0,3.765486658087919,1.0,NA,gut,,213,1,66,1,4,60+
19819,BEL,Belgium,invalid,rule_A+B,4,NORMAL,,0,0,0,0,0,19.0,8.67407904740233,-0.2,Good,NA,,213,1,30,1,2,30-39
19937,BEL,Belgium,invalid,rule_A+B,3,NORMAL,,0,0,0,0,0,22.0,8.191939485240422,-0.3508232077228117,Wij,NA,,213,1,43,1,3,40-49
19959,DEU,Germany,invalid,rule_A+B,2,NORMAL,,0,0,0,0,0,19.0,6.496648014549397,0.9258200997725514,NA,Ja,,213,1,55,1,4,50-59
20039,BEL,Belgium,invalid,rule_A+B,0,NORMAL,,0,0,0,0,0,18.0,2.297233389584751,,NA,-99,,213,1,51,0,4,50-59
20101,DEU,Germany,invalid,rule_A+B,0,NORMAL,,0,0,0,0,0,23.0,7.022383172443145,0.6565321642986127,-99,NA,,213,1,32,0,3,30-39
20106,BEL,Belgium,invalid,rule_A+B,0,NORMAL,,0,0,0,0,0,18.0,4.870752015246729,0.0,-99,NA,,213,1,71,0,3,60+
20376,BEL,Belgium,invalid,rule_A+B,4,NORMAL,,0,0,0,0,0,30.0,3.6050741950574614,0.7071067811865476,Tous ,NA,,213,1,59,0,4,50-59
20476,DEU,Germany,invalid,rule_A+B,1,NORMAL,,0,0,0,0,0,24.0,3.519044729765158,,-,NA,,213,1,49,0,3,40-49
20674,DEU,Germany,invalid,rule_A+B,4,NORMAL,,0,0,0,0,0,24.0,3.1115523419898286,0.2,Alle,NA,,213,1,49,1,4,40-49
20794,BEL,Belgium,invalid,rule_A+B,3,NORMAL,,0,0,0,0,0,26.0,2.3277428215248657,,NA,nsp,,213,1,32,0,2,30-39
20804,ESP,Spain,invalid,rule_A+B,5,NORMAL,,0,0,0,0,0,27.0,2.2740639920104955,,no se,NA,,213,1,35,0,3,30-39
20897,ESP,Spain,invalid,rule_A+B,5,NORMAL,,0,0,0,0,0,22.0,2.8323058574808244,,no se,NA,,213,1,61,0,4,60+
21006,BEL,Belgium,invalid,rule_A+B,1,NORMAL,,0,0,0,0,0,20.0,3.7209787917935104,,NA,/,,213,1,54,0,3,50-59
21281,ESP,Spain,invalid,rule_A+B,4,NORMAL,,0,0,0,0,0,26.0,2.296594481688018,,NA,Nose,,213,1,34,1,2,30-39
21310,DEU,Germany,invalid,rule_A+B,0,NORMAL,,0,0,0,0,0,18.0,3.400985397192676,,NA,-99,,213,1,53,0,3,50-59
21541,BEL,Belgium,invalid,rule_A+B,0,NORMAL,,0,0,0,0,0,19.0,6.9219507876329756,-0.058823529411764705,NA,-99,,213,1,53,1,4,50-59
21798,ESP,Spain,invalid,rule_A+B,5,MEDIUM,longstring_exceed,1,0,1,0,0,71.0,6.439889889998842,,NA,Nunca,,213,1,27,1,4,18-29
21913,ESP,Spain,invalid,rule_A+B,5,MEDIUM,longstring_exceed,1,0,1,0,0,33.0,2.9589861426966393,,NA,mucha,,213,1,23,1,3,18-29
22042,FIN,Finland,invalid,rule_A+B,3,NORMAL,,0,0,0,0,0,26.0,5.84974332703908,,NA,Htc,,213,1,32,1,3,30-39
22095,NLD,Netherlands,invalid,rule_A+B,0,NORMAL,,0,0,0,0,0,25.0,4.974542000344213,0.0,NA,-99,,213,1,19,0,3,18-29
22253,DEU,Germany,invalid,rule_A+B,1,NORMAL,,0,0,0,0,0,27.0,4.455382857094338,,NA,. ,,213,1,39,1,4,30-39
22481,ESP,Spain,invalid,rule_A+B,5,NORMAL,,0,0,0,0,0,24.0,5.29703140810359,,NA,no se,,213,1,51,1,2,50-59
22614,NLD,Netherlands,invalid,rule_A+B,3,NORMAL,,0,0,0,0,0,26.0,2.1811610683931586,,NA,Nvt,,213,1,33,0,3,30-39
22698,DEU,Germany,invalid,rule_A+B,1,NORMAL,,0,0,0,0,0,22.0,2.9896955076859184,,NA,-,,213,1,25,0,3,18-29
23113,DEU,Germany,invalid,rule_A+B,0,NORMAL,,0,0,0,0,0,26.0,2.1247630098438766,,NA,-99,,213,1,34,1,3,30-39
23294,IRL,Ireland,invalid,rule_A+B,5,NORMAL,,0,0,0,0,0,18.0,4.584827013828726,,NA,Proof,,213,1,34,0,4,30-39
24280,CYP,Cyprus,invalid,rule_A+B,1,NORMAL,,0,0,0,0,0,23.0,2.2784557878146763,,Φ,NA,,213,1,36,1,4,30-39
24410,FIN,Finland,invalid,rule_A+B,0,NORMAL,,0,0,0,0,0,17.0,6.144564067276773,,-99,NA,,213,1,57,0,3,50-59
24705,CYP,Cyprus,invalid,rule_A+B,0,NORMAL,,0,0,0,0,0,19.0,6.805566131979033,,NA,-99,,213,1,35,0,4,30-39
24726,NLD,Netherlands,invalid,rule_A+B,4,NORMAL,,0,0,0,0,0,24.0,5.638728715788388,,NA,niks,,213,1,45,NA,3,40-49
24880,FIN,Finland,invalid,rule_A+B,0,NORMAL,,0,0,0,0,0,18.0,4.011223798504524,,NA,-99,,213,1,27,0,3,18-29
24885,DEU,Germany,invalid,rule_A+B,4,NORMAL,,0,0,0,0,0,29.0,4.85259878825383,,alle,NA,,213,1,66,0,3,60+
25301,DEU,Germany,invalid,rule_A+B,5,NORMAL,,0,0,0,0,0,28.0,5.063213813237457,,Keine ,NA,,213,1,78,0,2,60+
25659,GRC,Greece,invalid,rule_A+B,1,NORMAL,,0,0,0,0,0,25.0,3.7223572809071332,0.6324555320336759,.,NA,,213,1,38,1,3,30-39
25686,FIN,Finland,invalid,rule_A+B,1,NORMAL,,0,0,0,0,0,26.0,6.7075147076823995,,. ,NA,,213,1,27,NA,3,18-29
26385,GRC,Greece,invalid,rule_A+B,3,NORMAL,,0,0,0,0,0,17.0,3.927686833902377,,NA,Ναι ,,213,1,51,0,3,50-59
26713,DEU,Germany,invalid,rule_A+B,0,NORMAL,,0,0,0,0,0,28.0,2.170768040528697,,-99,NA,,213,1,28,1,4,18-29
26883,SVN,Slovenia,invalid,rule_A+B,1,NORMAL,,0,0,0,0,0,17.0,4.250192798315932,1.0,NA,",",,213,1,61,1,3,60+
26926,DEU,Germany,invalid,rule_A+B,0,NORMAL,,0,0,0,0,0,18.0,3.146474619714805,,NA,-99,,213,1,52,0,3,50-59
27200,SVN,Slovenia,invalid,rule_A+B,5,MEDIUM,longstring_exceed,1,0,1,0,0,52.0,6.16205514848647,,NA,Nevem,,213,1,22,NA,1,18-29
27260,DEU,Germany,invalid,rule_A+B,5,NORMAL,,0,0,0,0,0,26.0,1.9784336903276434,,k. A.,NA,,213,1,49,0,3,40-49
27383,SVN,Slovenia,invalid,rule_A+B,5,NORMAL,,0,0,0,0,0,19.0,4.341465634471049,0.6859943405700353,NA,nevem,,213,1,22,0,2,18-29
27621,SVN,Slovenia,invalid,rule_A+B,3,NORMAL,,0,0,0,0,0,26.0,5.633907683450329,,NA,Vse,,213,1,44,1,3,40-49
27817,NLD,Netherlands,invalid,rule_A+B,0,NORMAL,,0,0,0,0,0,26.0,7.4199524574302895,,-99,NA,,213,1,46,0,3,40-49
28084,DEU,Germany,invalid,rule_A+B,1,NORMAL,,0,0,0,0,0,26.0,4.85259878825383,,. ,NA,,213,1,39,1,4,30-39
28093,DEU,Germany,invalid,rule_A+B,5,MEDIUM,longstring_exceed,1,0,1,0,0,32.0,5.968051252518381,,nuzzt,NA,,213,1,51,0,3,50-59
28273,DEU,Germany,invalid,rule_A+B,1,NORMAL,,0,0,0,0,0,17.0,3.443509968433065,,-,NA,,213,1,44,1,3,40-49
29053,DEU,Germany,invalid,rule_A+B,4,NORMAL,,0,0,0,0,0,17.0,3.189006131624432,,goof,NA,,213,1,30,0,4,30-39
29125,DEU,Germany,invalid,rule_A+B,5,NORMAL,,0,0,0,0,0,26.0,4.748413229035346,,Alle.,NA,,213,1,50,1,4,50-59
29138,DEU,Germany,invalid,rule_A+B,5,NORMAL,,0,0,0,0,0,22.0,5.103882650703987,,alles,NA,,213,1,29,1,4,18-29
29543,DEU,Germany,invalid,rule_A+B,1,NORMAL,,0,0,0,0,0,26.0,2.2950019266304116,,NA,.,,213,1,31,0,3,30-39
29592,DEU,Germany,invalid,rule_A+B,5,NORMAL,,0,0,0,0,0,19.0,6.986781587349095,, vd fd ,NA,,213,1,90,1,4,60+
29711,DEU,Germany,invalid,rule_A+B,5,MEDIUM,longstring_exceed,1,0,1,0,0,46.0,3.1495491162818507,0.4472135954999579,NA,Taten,,213,1,21,1,3,18-29
29961,DEU,Germany,invalid,rule_A+B,0,NORMAL,,0,0,0,0,0,17.0,4.236356261394163,,-99,NA,,213,1,51,1,3,50-59
30216,DEU,Germany,invalid,rule_A+B,1,NORMAL,,0,0,0,0,0,20.0,2.5660538743668075,,.,NA,,213,1,28,1,3,18-29
30304,DEU,Germany,invalid,rule_A+B,5,MEDIUM,longstring_exceed,1,0,1,0,0,57.0,2.011296719723115,,NA,"keine
",,213,1,26,0,4,18-29
30370,DEU,Germany,invalid,rule_A+B,3,NORMAL,,0,0,0,0,0,27.0,2.1247630098438766,,k/A,NA,,213,1,41,0,3,40-49
30383,DEU,Germany,invalid,rule_A+B,3,NORMAL,,0,0,0,0,0,21.0,5.016955902874262,,NA,Das,,213,1,21,1,3,18-29
30487,DEU,Germany,invalid,rule_A+B,0,NORMAL,,0,0,0,0,0,20.0,3.2337687048552564,,-99,NA,,213,1,49,1,3,40-49
30743,DEU,Germany,invalid,rule_A+B,0,NORMAL,,0,0,0,0,0,31.0,3.6595726376844726,-0.2,NA,-99,,213,1,32,0,3,30-39
31216,DEU,Germany,invalid,rule_A+B,0,NORMAL,,0,0,0,0,0,31.0,2.165412706382422,,NA,-99,,213,1,53,1,3,50-59
31448,GRC,Greece,invalid,rule_A+B,0,NORMAL,,0,0,0,0,0,23.0,3.4312526663905656,,NA,-99,,213,1,35,1,4,30-39
31451,GRC,Greece,invalid,rule_A+B,5,MEDIUM,longstring_exceed,1,0,1,0,0,41.0,3.4345863087853283,0.6123724356957946,Εμείς ,NA,,213,1,33,1,3,30-39
31515,DEU,Germany,invalid,rule_A+B,0,NORMAL,,0,0,0,0,0,18.0,5.136739378487661,0.0,NA,-99,,213,1,41,0,3,40-49
31524,DEU,Germany,invalid,rule_A+B,0,NORMAL,,0,0,0,0,0,22.0,4.997735926052457,0.0,NA,-99,,213,1,60,0,3,60+
31611,DEU,Germany,invalid,rule_A+B,0,NORMAL,,0,0,0,0,0,19.0,2.6150093096847575,-0.2,NA,-99,,213,1,40,0,3,40-49
31952,DEU,Germany,invalid,rule_A+B,0,NORMAL,,0,0,0,0,0,26.0,6.539942592862274,,-99,NA,,213,1,59,0,3,50-59
32041,DEU,Germany,invalid,rule_A+B,1,NORMAL,,0,0,0,0,0,21.0,4.512408640526425,-0.6324555320336759,. ,NA,,213,1,36,0,4,30-39
32195,GRC,Greece,invalid,rule_A+B,3,NORMAL,,0,0,0,0,0,31.0,3.6610017754184625,,Εγω,NA,,213,1,26,1,4,18-29
32264,DEU,Germany,invalid,rule_A+B,0,NORMAL,,0,0,0,0,0,20.0,2.741298013311718,,-99,NA,,213,1,49,NA,3,40-49
32514,DEU,Germany,invalid,rule_A+B,1,NORMAL,,0,0,0,0,0,28.0,5.70219084236652,,l,NA,,213,1,48,0,4,40-49
32528,DEU,Germany,invalid,rule_A+B,4,NORMAL,,0,0,0,0,0,18.0,2.7266984915166645,,Alle,NA,,213,1,61,0,4,60+
32543,DEU,Germany,invalid,rule_A+B,5,NORMAL,,0,0,0,0,0,20.0,5.575825366724469,,Keine ,NA,,213,1,32,0,3,30-39
32640,DEU,Germany,invalid,rule_A+B,4,NORMAL,,0,0,0,0,0,26.0,2.011296719723115,,NA,viel,,213,1,43,0,3,40-49
32660,DEU,Germany,invalid,rule_A+B,5,NORMAL,,0,0,0,0,0,19.0,6.175593276389832,,alles,NA,,213,1,32,0,4,30-39
32661,DEU,Germany,invalid,rule_A+B,5,NORMAL,,0,0,0,0,0,21.0,3.2510126255314074,,Keine ,NA,,213,1,32,0,4,30-39
32688,DEU,Germany,invalid,rule_A+B,0,NORMAL,,0,0,0,0,0,17.0,4.292708298878814,-0.4472135954999579,-99,NA,,213,1,33,1,4,30-39
32896,DEU,Germany,invalid,rule_A+B,5,NORMAL,,0,0,0,0,0,23.0,4.494277809417135,0.0,jeder,NA,,213,1,28,0,4,18-29
32923,DEU,Germany,invalid,rule_A+B,1,NORMAL,,0,0,0,0,0,31.0,2.1250924027900857,,-,NA,,213,1,39,1,4,30-39
33081,AUT,Austria,invalid,rule_A+B,4,NORMAL,,0,0,0,0,0,19.0,3.669107712320537,0.816496580927726,Alle,NA,,213,1,43,0,3,40-49
33213,DEU,Germany,invalid,rule_A+B,5,NORMAL,,0,0,0,0,0,18.0,3.0173703316568914,,NA,Nicht ,,213,1,57,0,3,50-59
33265,DEU,Germany,invalid,rule_A+B,1,NORMAL,,0,0,0,0,0,24.0,7.671644097028541,0.8783100656536799,NA,",",,213,1,31,1,3,30-39
33715,DEU,Germany,invalid,rule_A+B,1,NORMAL,,0,0,0,0,0,19.0,4.511921817177056,,NA,-,,213,1,57,1,3,50-59
33974,DEU,Germany,invalid,rule_A+B,1,NORMAL,,0,0,0,0,0,28.0,2.3398965637152487,,NA,-,,213,1,47,0,3,40-49
34420,AUT,Austria,invalid,rule_A+B,0,NORMAL,,0,0,0,0,0,26.0,6.276069170400047,,-99,NA,,213,1,35,1,4,30-39
34435,DEU,Germany,invalid,rule_A+B,1,NORMAL,,0,0,0,0,0,22.0,7.998085908348481,,O,NA,,213,1,30,0,3,30-39
34485,DEU,Germany,invalid,rule_A+B,4,NORMAL,,0,0,0,0,0,28.0,5.090014370715639,,k.A.,NA,,213,1,19,1,3,18-29
34654,DEU,Germany,invalid,rule_A+B,3,NORMAL,,0,0,0,0,0,27.0,2.663861796842633,,NA,Hkh,,213,1,25,1,3,18-29
34704,AUT,Austria,invalid,rule_A+B,0,NORMAL,,0,0,0,0,0,26.0,2.24642013649998,,NA,-99,,213,1,38,1,3,30-39
34888,NLD,Netherlands,invalid,rule_A+B,0,NORMAL,,0,0,0,0,0,22.0,4.904088412837948,,NA,-99,,213,1,62,1,3,60+
35049,FRA,France,invalid,rule_A+B,4,NORMAL,,0,0,0,0,0,20.0,5.517904505840118,,NA,Rien,,213,1,41,1,4,40-49
35071,FRA,France,invalid,rule_A+B,4,NORMAL,,0,0,0,0,0,28.0,8.214141276751086,0.5252257314388902,NA,Rien ,,213,1,22,1,3,18-29
35087,FRA,France,invalid,rule_A+B,4,NORMAL,,0,0,0,0,0,26.0,4.193068199528038,,rien,NA,,213,1,49,1,4,40-49
35678,FRA,France,invalid,rule_A+B,5,NORMAL,,0,0,0,0,0,31.0,5.477439513982015,,Great,NA,,213,1,29,1,4,18-29
35800,FRA,France,invalid,rule_A+B,4,NORMAL,,0,0,0,0,0,24.0,6.95332394441722,,Rien ,NA,,213,1,37,1,2,30-39
36677,FRA,France,invalid,rule_A+B,3,NORMAL,,0,0,0,0,0,18.0,5.372539446475427,,Ras,NA,,213,1,30,0,3,30-39
36925,FRA,France,invalid,rule_A+B,0,NORMAL,,0,0,0,0,0,27.0,9.027821775518825,,-99,NA,,213,1,53,1,2,50-59
37091,FRA,France,invalid,rule_A+B,0,NORMAL,,0,0,0,0,0,20.0,2.6116605404680895,,-99,NA,,213,1,47,1,4,40-49
37166,FRA,France,invalid,rule_A+B,5,NORMAL,,0,0,0,0,0,27.0,2.7704151253225855,,NA,R.A.S,,213,1,36,1,3,30-39
37581,NLD,Netherlands,invalid,rule_A+B,5,MEDIUM,longstring_exceed,1,0,1,0,0,58.0,7.4199524574302895,,N.v.t,NA,,213,1,44,0,3,40-49
37680,SVK,Slovakia,invalid,rule_A+B,4,NORMAL,,0,0,0,0,0,20.0,2.0994302453573215,,NA,veda,,213,1,45,1,3,40-49
37825,SVK,Slovakia,invalid,rule_A+B,5,MEDIUM,longstring_exceed,1,0,1,0,0,60.0,2.4364668483736556,,Ludom,NA,,213,1,21,NA,3,18-29
37956,SVK,Slovakia,invalid,rule_A+B,5,NORMAL,,0,0,0,0,0,31.0,2.5111690269371385,,"Ľuďom
",NA,,213,1,41,0,3,40-49
38427,GRC,Greece,invalid,rule_A+B,0,NORMAL,,0,0,0,0,0,26.0,7.259669859013125,,NA,-99,,213,1,20,1,3,18-29
38458,GRC,Greece,invalid,rule_A+B,3,MEDIUM,mahalanobis_outlier,1,0,0,1,0,19.0,10.980184691169644,0.8808929232684738,Εγω ,NA,,213,1,23,0,2,18-29
39294,GBR,United Kingdom,invalid,rule_A+B,0,NORMAL,,0,0,0,0,0,19.0,4.551368702878778,0.4472135954999579,NA,-99,,213,1,30,0,NA,30-39
39630,GBR,United Kingdom,invalid,rule_A+B,3,NORMAL,,0,0,0,0,0,28.0,5.237269574854229,,n/a,NA,,213,1,21,1,3,18-29
39772,GBR,United Kingdom,invalid,rule_A+B,0,NORMAL,,0,0,0,0,0,17.0,6.034076919836672,,NA,-99,,213,1,59,1,3,50-59
39776,GBR,United Kingdom,invalid,rule_A+B,3,NORMAL,,0,0,0,0,0,20.0,5.079127697656999,-0.2970442628930023,NA,N/A,,213,1,28,0,3,18-29
40016,GBR,United Kingdom,invalid,rule_A+B,0,NORMAL,,0,0,0,0,0,19.0,3.5153670651063513,,Na,NA,,213,1,31,0,3,30-39
41397,GEO,Georgia,invalid,rule_A+B,5,NORMAL,,0,0,0,0,0,18.0,8.229446263873283,-0.4029114820126901,Рапол,NA,,213,1,NA,NA,2,NA
41538,GEO,Georgia,invalid,rule_A+B,5,MEDIUM,longstring_exceed,1,0,1,0,0,45.0,4.454921506807105,,школа,NA,,213,1,51,0,2,50-59
42193,HKG,Hong Kong,invalid,rule_A+B,2,NORMAL,,0,0,0,0,0,25.0,9.20884641559739,,人類,NA,,213,1,51,1,3,50-59
42250,HKG,Hong Kong,invalid,rule_A+B,5,MEDIUM,longstring_exceed,1,0,1,0,0,39.0,2.6244178797194264,0.25,human,NA,,213,1,29,0,4,18-29
42300,HKG,Hong Kong,invalid,rule_A+B,3,NORMAL,,0,0,0,0,0,29.0,3.035661484895893,,冇意見,NA,,213,1,44,1,3,40-49
42320,HKG,Hong Kong,invalid,rule_A+B,2,NORMAL,,0,0,0,0,0,29.0,5.090195122283349,,商人,NA,,213,1,41,1,4,40-49
42321,HKG,Hong Kong,invalid,rule_A+B,0,NORMAL,,0,0,0,0,0,21.0,3.775082964356571,,NA,NA,,213,1,70,0,3,60+
42355,HKG,Hong Kong,invalid,rule_A+B,4,NORMAL,,0,0,0,0,0,24.0,5.1103003181940245,,NA,Noce,,213,1,40,1,4,40-49
42388,HKG,Hong Kong,invalid,rule_A+B,4,NORMAL,,0,0,0,0,0,23.0,2.7603796280754556,0.4472135954999579,地球人類,NA,,213,1,29,0,3,18-29
42393,HKG,Hong Kong,invalid,rule_A+B,2,NORMAL,,0,0,0,0,0,22.0,3.9013514361077455,,NA,沒有,,213,1,39,0,3,30-39
42395,HKG,Hong Kong,invalid,rule_A+B,2,NORMAL,,0,0,0,0,0,17.0,2.692785831441766,,NA,輿論,,213,1,23,1,4,18-29
42404,HKG,Hong Kong,invalid,rule_A+B,3,NORMAL,,0,0,0,0,0,18.0,3.2279815572149997,,NA,nil,,213,1,35,0,3,30-39
42447,HKG,Hong Kong,invalid,rule_A+B,2,NORMAL,,0,0,0,0,0,27.0,2.1902254753022006,,沒有,NA,,213,1,39,0,3,30-39
42479,HKG,Hong Kong,invalid,rule_A+B,2,NORMAL,,0,0,0,0,0,26.0,2.8744509925649098,1.0,NA,誠實,,213,1,44,1,4,40-49
42480,HKG,Hong Kong,invalid,rule_A+B,5,NORMAL,,0,0,0,0,0,17.0,5.507731519706241,0.2,Human,NA,,213,1,38,0,4,30-39
42615,HKG,Hong Kong,invalid,rule_A+B,3,NORMAL,,0,0,0,0,0,19.0,3.7052356937053066,,NA,不知道,,213,1,68,0,2,60+
42707,HUN,Hungary,invalid,rule_A+B,3,NORMAL,,0,0,0,0,0,26.0,4.925324299818753,,Usa,NA,,213,1,34,1,3,30-39
42766,HUN,Hungary,invalid,rule_A+B,5,NORMAL,,0,0,0,0,0,18.0,2.7430482360437862,,Passz,NA,,213,1,20,1,4,18-29
42826,HUN,Hungary,invalid,rule_A+B,1,NORMAL,,0,0,0,0,0,18.0,3.1451378810319484,,NA,-,,213,1,34,0,4,30-39
43191,HUN,Hungary,invalid,rule_A+B,0,NORMAL,,0,0,0,0,0,23.0,2.4911967729236397,,NA,-99,,213,1,63,0,3,60+
43355,IDN,Indonesia,invalid,rule_A+B,5,MEDIUM,longstring_exceed,1,0,1,0,0,52.0,2.5328368175598737,,NA,Fakta,,213,3,23,1,3,18-29
43799,IDN,Indonesia,invalid,rule_A+B,5,MEDIUM,longstring_exceed,1,0,1,0,0,57.0,1.858290669687043,,semua,NA,,213,4,40,1,4,40-49
43964,IDN,Indonesia,invalid,rule_A+B,5,MEDIUM,longstring_exceed,1,0,1,0,0,42.0,3.375234030323323,,NA,dapat,,213,1,52,1,4,50-59
44081,IDN,Indonesia,invalid,rule_A+B,5,NORMAL,,0,0,0,0,0,21.0,4.663494786845389,,NA,Dapat,,213,1,36,1,3,30-39
44174,IDN,Indonesia,invalid,rule_A+B,5,VERIFY,,0,0,0,0,0,17.0,5.177088823741974,0.0,NA,hasil,,213,3,33,0,4,30-39
44274,IDN,Indonesia,invalid,rule_A+B,5,MEDIUM,longstring_exceed,1,0,1,0,0,57.0,2.6139231483307643,,NA,Tidak,,213,3,46,0,4,40-49
44786,IDN,Indonesia,invalid,rule_A+B,5,MEDIUM,longstring_exceed,1,0,1,0,0,38.0,3.683973633926151,,Eropa ,NA,,213,1,32,0,4,30-39
45399,ISR,Israel,invalid,rule_A+B,1,NORMAL,,0,0,0,0,0,21.0,4.023953023106295,0.6324555320336759,NA,.,,213,1,47,0,3,40-49
45447,ISR,Israel,invalid,rule_A+B,4,NORMAL,,0,0,0,0,0,28.0,2.490385406644779,,כולם,NA,,213,1,59,0,4,50-59
45813,ISR,Israel,invalid,rule_A+B,4,NORMAL,,0,0,0,0,0,30.0,8.501954477370964,,משחם,NA,,213,1,47,0,3,40-49
45898,ISR,Israel,invalid,rule_A+B,4,MEDIUM,longstring_exceed,1,0,1,0,0,43.0,7.884035275863381,1.0,"כולם
",NA,,213,1,43,0,4,40-49
46519,IND,India,invalid,rule_A+B,0,NORMAL,,0,0,0,0,0,25.0,2.0665545278482313,,NA,-99,,213,1,34,1,4,30-39
46528,IND,India,invalid,rule_A+B,0,NORMAL,,0,0,0,0,0,24.0,2.6831615859945352,,NA,-99,,213,1,39,2,4,30-39
46530,IND,India,invalid,rule_A+B,4,NORMAL,,0,0,0,0,0,26.0,3.660299546835138,,NA,Good,,213,1,33,1,4,30-39
46689,IND,India,invalid,rule_A+B,4,NORMAL,,0,0,0,0,0,26.0,2.0665545278482313,,Good ,NA,,213,1,28,0,4,18-29
46879,JPN,Japan,invalid,rule_A+B,5,NORMAL,,0,0,0,0,0,25.0,4.327623000521855,0.6565321642986127,NA,わからない,,213,1,18,0,3,18-29
46914,JPN,Japan,invalid,rule_A+B,5,MEDIUM,longstring_exceed,1,0,1,0,0,39.0,2.4236703227182526,,NA,わからない,,213,1,30,0,4,30-39
47095,JPN,Japan,invalid,rule_A+B,3,NORMAL,,0,0,0,0,0,18.0,2.644192266950442,,NA,勤勉さ,,213,1,29,0,4,18-29
47135,JPN,Japan,invalid,rule_A+B,5,NORMAL,,0,0,0,0,0,19.0,3.8231558688205736,,NA,実績を出す,,213,1,37,1,4,30-39
47141,JPN,Japan,invalid,rule_A+B,5,NORMAL,,0,0,0,0,0,19.0,4.741486556553625,,NA,分からない,,213,1,22,0,3,18-29
47199,JPN,Japan,invalid,rule_A+B,4,MEDIUM,longstring_exceed,1,0,1,0,0,43.0,5.51452829639833,,NA,じっせき,,213,1,55,0,3,50-59
47332,JPN,Japan,invalid,rule_A+B,2,NORMAL,,0,0,0,0,0,20.0,3.127971227616476,,NA,根拠,,213,1,43,0,4,40-49
47341,JPN,Japan,invalid,rule_A+B,5,NORMAL,,0,0,0,0,0,26.0,2.209668104408508,,わからない,NA,,213,1,43,0,4,40-49
47368,JPN,Japan,invalid,rule_A+B,4,MEDIUM,longstring_exceed,1,0,1,0,0,61.0,6.161412381774846,,わからん,NA,,213,1,22,1,4,18-29
47371,JPN,Japan,invalid,rule_A+B,2,NORMAL,,0,0,0,0,0,22.0,2.414026775859281,,NA,信頼,,213,1,29,0,4,18-29
47393,JPN,Japan,invalid,rule_A+B,2,NORMAL,,0,0,0,0,0,22.0,3.3342399734090336,,ない,NA,,213,1,22,0,4,18-29
47424,JPN,Japan,invalid,rule_A+B,3,NORMAL,,0,0,0,0,0,22.0,2.1291759331584506,,NA,誠実さ,,213,1,38,1,4,30-39
47454,JPN,Japan,invalid,rule_A+B,5,NORMAL,,0,0,0,0,0,18.0,2.3911626856471973,,NA,真実を話す,,213,1,41,1,3,40-49
47465,JPN,Japan,invalid,rule_A+B,5,MEDIUM,longstring_exceed,1,0,1,0,0,43.0,6.028906425509577,,わからない,NA,,213,1,40,1,3,40-49
47531,JPN,Japan,invalid,rule_A+B,5,MEDIUM,longstring_exceed,1,0,1,0,0,43.0,5.253651532422417,,NA,わからない,,213,1,56,0,3,50-59
47641,JPN,Japan,invalid,rule_A+B,5,MEDIUM,longstring_exceed,1,0,1,0,0,33.0,3.7141564010565036,0.0,わからない,NA,,213,1,46,1,4,40-49
47684,JPN,Japan,invalid,rule_A+B,2,NORMAL,,0,0,0,0,0,20.0,4.579333656221305,,NA,開発,,213,1,61,0,4,60+
47723,JPN,Japan,invalid,rule_A+B,5,NORMAL,,0,0,0,0,0,17.0,4.468172796020908,0.8783100656536799,わからない,NA,,213,1,60,0,4,60+
47738,JPN,Japan,invalid,rule_A+B,5,NORMAL,,0,0,0,0,0,20.0,3.4326791879529583,0.5,NA,想像と現実,,213,1,55,1,3,50-59
47754,JPN,Japan,invalid,rule_A+B,5,NORMAL,,0,0,0,0,0,22.0,5.555102290918356,0.6643638388299198,人間すべて,NA,,213,1,57,0,4,50-59
47783,JPN,Japan,invalid,rule_A+B,5,NORMAL,,0,0,0,0,0,19.0,3.8801674382642113,,わからない,NA,,213,1,23,NA,4,18-29
47791,JPN,Japan,invalid,rule_A+B,5,NORMAL,,0,0,0,0,0,22.0,3.7224487376697555,0.5,わからない,NA,,213,1,51,1,4,50-59
47810,JPN,Japan,invalid,rule_A+B,4,MEDIUM,longstring_exceed,1,0,1,0,0,58.0,2.306052082997512,,NA,特になし,,213,1,27,1,4,18-29
47814,JPN,Japan,invalid,rule_A+B,5,NORMAL,,0,0,0,0,0,27.0,2.090288922821814,,わからない,NA,,213,1,28,1,3,18-29
47821,JPN,Japan,invalid,rule_A+B,4,MEDIUM,longstring_exceed,1,0,1,0,0,45.0,6.962950975382093,,特になし,NA,,213,1,23,1,4,18-29
47822,JPN,Japan,invalid,rule_A+B,5,MEDIUM,longstring_exceed,1,0,1,0,0,35.0,3.242400902160003,,わからない,NA,,213,1,57,1,4,50-59
47840,JPN,Japan,invalid,rule_A+B,2,NORMAL,,0,0,0,0,0,29.0,1.8236916753693149,,なし,NA,,213,1,23,1,4,18-29
47845,JPN,Japan,invalid,rule_A+B,2,NORMAL,,0,0,0,0,0,17.0,6.457419823370963,,なし,NA,,213,1,20,1,1,18-29
47857,JPN,Japan,invalid,rule_A+B,5,NORMAL,,0,0,0,0,0,19.0,1.8152419502755233,,NA,わからない,,213,1,25,1,4,18-29
48468,KOR,South Korea,invalid,rule_A+B,0,NORMAL,,0,0,0,0,0,20.0,2.2884024106338607,,NA,-99,,213,1,35,1,4,30-39
48540,KOR,South Korea,invalid,rule_A+B,2,NORMAL,,0,0,0,0,0,20.0,6.915917431981402,,국민,NA,,213,1,47,1,4,40-49
48705,KOR,South Korea,invalid,rule_A+B,0,NORMAL,,0,0,0,0,0,27.0,2.3301354707809003,,NA,-99,,213,1,38,0,4,30-39
49497,MAR,Morocco,invalid,rule_A+B,5,MEDIUM,longstring_exceed,1,0,1,0,0,43.0,6.3464578906070805,0.6078306738548308,NA,العمل ,,213,1,32,1,3,30-39
49634,MAR,Morocco,invalid,rule_A+B,3,NORMAL,,0,0,0,0,0,17.0,8.043763959244073,0.7895420339517227,NA,نعم,,213,1,33,2,3,30-39
50217,MEX,Mexico,invalid,rule_A+B,5,NORMAL,,0,0,0,0,0,30.0,7.0149326936366085,1.0,NO SE,NA,,213,1,62,1,4,60+
50439,MYS,Malaysia,invalid,rule_A+B,3,NORMAL,,0,0,0,0,0,20.0,1.8106024284272249,,NA,Idk,,213,1,30,1,4,30-39
50797,MYS,Malaysia,invalid,rule_A+B,5,NORMAL,,0,0,0,0,0,25.0,1.581991407984971,,Tiada ,NA,,213,1,56,0,3,50-59
50892,MYS,Malaysia,invalid,rule_A+B,0,NORMAL,,0,0,0,0,0,25.0,1.581991407984971,,-99,NA,,213,1,37,0,4,30-39
50965,MYS,Malaysia,invalid,rule_A+B,0,NORMAL,,0,0,0,0,0,25.0,1.581991407984971,,-99,NA,,213,1,49,1,3,40-49
51222,MYS,Malaysia,invalid,rule_A+B,3,NORMAL,,0,0,0,0,0,25.0,5.884431576248111,,NA,N/A,,213,1,56,1,4,50-59
51457,MYS,Malaysia,invalid,rule_A+B,4,NORMAL,,0,0,0,0,0,25.0,5.884431576248111,,Saya,NA,,213,1,54,NA,3,50-59
51600,NGA,Nigeria,invalid,rule_A+B,3,NORMAL,,0,0,0,0,0,19.0,3.919572906798657,,Nil,NA,,213,1,37,0,4,30-39
52673,NIC,Nicaragua,invalid,rule_A+B,5,NORMAL,,0,0,0,0,0,26.0,3.9400007611917465,,Todos,NA,,213,1,33,1,4,30-39
53162,NOR,Norway,invalid,rule_A+B,4,NORMAL,,0,0,0,0,0,18.0,3.9809930174662727,,Alle,NA,,213,1,32,0,4,30-39
53310,NOR,Norway,invalid,rule_A+B,0,NORMAL,,0,0,0,0,0,24.0,3.5027004314059935,1.0,NA,-99,,213,1,25,1,4,18-29
53340,NOR,Norway,invalid,rule_A+B,0,NORMAL,,0,0,0,0,0,19.0,2.658118354424388,,-99,NA,,213,1,26,1,4,18-29
53357,NOR,Norway,invalid,rule_A+B,0,NORMAL,,0,0,0,0,0,19.0,2.9247947966244237,,-99,NA,,213,1,26,1,4,18-29
53372,NOR,Norway,invalid,rule_A+B,0,NORMAL,,0,0,0,0,0,18.0,3.141082439423533,,-99,NA,,213,1,27,1,4,18-29
53373,NOR,Norway,invalid,rule_A+B,0,NORMAL,,0,0,0,0,0,18.0,3.021569308328382,,-99,NA,,213,1,26,1,4,18-29
53374,NOR,Norway,invalid,rule_A+B,0,NORMAL,,0,0,0,0,0,19.0,4.1543374312933095,1.0,-99,NA,,213,1,25,1,4,18-29
53496,NOR,Norway,invalid,rule_A+B,4,NORMAL,,0,0,0,0,0,26.0,4.87575619977672,,good,NA,,213,1,29,1,4,18-29
54182,NZL,New Zealand,invalid,rule_A+B,4,NORMAL,,0,0,0,0,0,19.0,7.565840011104567,1.0,NA,pass,,213,1,34,0,2,30-39
54457,NZL,New Zealand,invalid,rule_A+B,5,NORMAL,,0,0,0,0,0,18.0,3.315574104743427,,write,NA,,213,1,24,1,2,18-29
55067,NZL,New Zealand,invalid,rule_A+B,0,NORMAL,,0,0,0,0,0,17.0,3.163036732623542,,NA,-99,,213,1,45,0,4,40-49
55175,NZL,New Zealand,invalid,rule_A+B,0,NORMAL,,0,0,0,0,0,21.0,3.401638598855198,,NA,-99,,213,1,48,0,4,40-49
55226,NZL,New Zealand,invalid,rule_A+B,0,NORMAL,,0,0,0,0,0,28.0,3.5320119237042653,,-99,NA,,213,1,24,1,4,18-29
55243,NZL,New Zealand,invalid,rule_A+B,0,NORMAL,,0,0,0,0,0,28.0,3.858454366639129,,-99,NA,,213,1,27,1,4,18-29
55245,NZL,New Zealand,invalid,rule_A+B,0,NORMAL,,0,0,0,0,0,28.0,3.9016628671755105,,NA,-99,,213,1,23,1,4,18-29
55246,NZL,New Zealand,invalid,rule_A+B,0,NORMAL,,0,0,0,0,0,28.0,4.1175478535038526,-0.5,NA,-99,,213,1,28,1,4,18-29
55248,NZL,New Zealand,invalid,rule_A+B,0,NORMAL,,0,0,0,0,0,28.0,4.175339358581973,-0.4472135954999579,NA,-99,,213,1,21,1,4,18-29
55252,NZL,New Zealand,invalid,rule_A+B,0,NORMAL,,0,0,0,0,0,28.0,3.754683947914958,,NA,-99,,213,1,23,1,4,18-29
55253,NZL,New Zealand,invalid,rule_A+B,0,NORMAL,,0,0,0,0,0,31.0,3.7295706726164446,,-99,NA,,213,1,29,1,4,18-29
55254,NZL,New Zealand,invalid,rule_A+B,0,NORMAL,,0,0,0,0,0,31.0,4.11976607169401,,-99,NA,,213,1,27,1,4,18-29
55282,NZL,New Zealand,invalid,rule_A+B,0,NORMAL,,0,0,0,0,0,28.0,4.041124387874983,,-99,NA,,213,1,25,1,4,18-29
55324,NZL,New Zealand,invalid,rule_A+B,0,NORMAL,,0,0,0,0,0,17.0,3.5868160771167603,,NA,-99,,213,1,45,0,4,40-49
55330,NZL,New Zealand,invalid,rule_A+B,0,NORMAL,,0,0,0,0,0,20.0,3.562122558649053,,NA,-99,,213,1,50,0,4,50-59
56658,PHL,Philippines,invalid,rule_A+B,5,NORMAL,,0,0,0,0,0,20.0,2.8980036237477136,,NA,Facts ,,213,1,38,2,4,30-39
57571,POL,Poland,invalid,rule_A+B,3,NORMAL,,0,0,0,0,0,18.0,4.494901412319305,,NA,Nic,,213,1,65,0,3,60+
57733,POL,Poland,invalid,rule_A+B,3,NORMAL,,0,0,0,0,0,20.0,6.0809118391715264,0.6324555320336759,NA,nic,,213,1,54,0,3,50-59
58076,POL,Poland,invalid,rule_A+B,0,NORMAL,,0,0,0,0,0,22.0,2.740758490787332,,-99,NA,,213,1,36,0,3,30-39
58574,POL,Poland,invalid,rule_A+B,2,NORMAL,,0,0,0,0,0,19.0,2.963571527578639,,NA,ok,,213,1,53,1,3,50-59
58610,POL,Poland,invalid,rule_A+B,4,NORMAL,,0,0,0,0,0,19.0,5.3513895292179745,0.4629100498862757,Rzad,NA,,213,1,32,0,3,30-39
58660,POL,Poland,invalid,rule_A+B,0,NORMAL,,0,0,0,0,0,17.0,4.311856676311321,0.8783100656536799,-99,NA,,213,1,35,0,4,30-39
58666,POL,Poland,invalid,rule_A+B,4,NORMAL,,0,0,0,0,0,17.0,8.791965049531466,0.0,NA,Dupa,,213,1,23,1,2,18-29
59058,POL,Poland,invalid,rule_A+B,5,NORMAL,,0,0,0,0,0,21.0,3.7312865353813884,,świat,NA,,213,1,44,0,4,40-49
60032,ROU,Romania,invalid,rule_A+B,0,NORMAL,,0,0,0,0,0,18.0,3.0772382463418877,,NA,-99,,213,1,45,1,4,40-49
60292,SRB,Serbia,invalid,rule_A+B,4,NORMAL,,0,0,0,0,0,19.0,3.167824883493218,,NA,okej,,213,1,52,1,4,50-59
60638,SRB,Serbia,invalid,rule_A+B,5,NORMAL,,0,0,0,0,0,18.0,6.445698841980227,,ljudi,NA,,213,1,46,0,4,40-49
60717,SRB,Serbia,invalid,rule_A+B,4,NORMAL,,0,0,0,0,0,17.0,5.348457309082315,,Niko,NA,,213,1,25,1,4,18-29
60841,RUS,Russia,invalid,rule_A+B,4,NORMAL,,0,0,0,0,0,18.0,5.564358770796155,,Люди,NA,,213,1,25,1,3,18-29
60953,RUS,Russia,invalid,rule_A+B,4,NORMAL,,0,0,0,0,0,31.0,2.83299366001967,,люди,NA,,213,1,27,1,3,18-29
61039,RUS,Russia,invalid,rule_A+B,5,NORMAL,,0,0,0,0,0,21.0,3.9271475591438745,,народ  ,NA,,213,1,65,0,4,60+
61634,RUS,Russia,invalid,rule_A+B,4,NORMAL,,0,0,0,0,0,26.0,2.173424183363251,,люди,NA,,213,1,44,1,3,40-49
61677,RUS,Russia,invalid,rule_A+B,5,MEDIUM,longstring_exceed,1,0,1,0,0,48.0,2.8044388444044555,,NA,Факты,,213,1,40,0,4,40-49
61750,RUS,Russia,invalid,rule_A+B,5,NORMAL,,0,0,0,0,0,17.0,8.250569916525121,0.24282146558931603,NA,мозги,,213,1,37,1,3,30-39
61756,RUS,Russia,invalid,rule_A+B,4,MEDIUM,longstring_exceed,1,0,1,0,0,52.0,2.173424183363251,,Люди,NA,,213,1,60,1,3,60+
61771,RUS,Russia,invalid,rule_A+B,4,MEDIUM,longstring_exceed,1,0,1,0,0,56.0,7.322839692400646,,NA,опыт,,213,1,34,0,3,30-39
62768,SWE,Sweden,invalid,rule_A+B,5,NORMAL,,0,0,0,0,0,24.0,7.742082642921709,0.7142857142857143,Hiigb,NA,,213,1,41,0,1,40-49
62851,SWE,Sweden,invalid,rule_A+B,4,NORMAL,,0,0,0,0,0,17.0,6.271991372086097,,Alla,NA,,213,1,31,0,3,30-39
63127,SWE,Sweden,invalid,rule_A+B,1,NORMAL,,0,0,0,0,0,29.0,7.643699091342626,,.,NA,,213,1,NA,1,4,NA
63895,TWN,Taiwan,invalid,rule_A+B,2,NORMAL,,0,0,0,0,0,31.0,5.121063340962714,,NA,知識,,213,1,51,1,4,50-59
63903,TWN,Taiwan,invalid,rule_A+B,4,MEDIUM,mahalanobis_outlier,1,0,0,1,0,17.0,9.509990108527113,,NA,多次實驗,,213,1,57,1,4,50-59
63908,TWN,Taiwan,invalid,rule_A+B,2,NORMAL,,0,0,0,0,0,20.0,4.75304153664781,,人類,NA,,213,1,43,1,4,40-49
63925,TWN,Taiwan,invalid,rule_A+B,1,NORMAL,,0,0,0,0,0,18.0,3.564672139100262,,無,NA,,213,1,45,0,4,40-49
63965,TWN,Taiwan,invalid,rule_A+B,3,NORMAL,,0,0,0,0,0,18.0,5.534942687885148,,不知道,NA,,213,1,51,0,4,50-59
63971,TWN,Taiwan,invalid,rule_A+B,4,NORMAL,,0,0,0,0,0,24.0,5.535646559506506,0.9135002783911397,NA,實事求是,,213,1,60,1,4,60+
63992,TWN,Taiwan,invalid,rule_A+B,3,NORMAL,,0,0,0,0,0,20.0,3.3874551318238,,不知道,NA,,213,1,35,0,4,30-39
64099,TWN,Taiwan,invalid,rule_A+B,1,NORMAL,,0,0,0,0,0,20.0,4.9697259640822695,0.6324555320336759,無,NA,,213,1,50,0,4,50-59
64118,TWN,Taiwan,invalid,rule_A+B,3,NORMAL,,0,0,0,0,0,28.0,2.6681093195910295,,不知道,NA,,213,1,62,0,4,60+
64206,TWN,Taiwan,invalid,rule_A+B,4,NORMAL,,0,0,0,0,0,20.0,3.615687527040095,,NA,研究結果,,213,1,41,0,4,40-49
64233,TWN,Taiwan,invalid,rule_A+B,2,NORMAL,,0,0,0,0,0,30.0,5.065258312629731,0.43301270189221935,人民,NA,,213,1,52,1,3,50-59
64255,TWN,Taiwan,invalid,rule_A+B,2,NORMAL,,0,0,0,0,0,18.0,3.1423039363559764,,人類,NA,,213,1,28,1,4,18-29
64285,TWN,Taiwan,invalid,rule_A+B,4,NORMAL,,0,0,0,0,0,20.0,2.507348018721646,,NA,實事論是,,213,1,40,1,4,40-49
64419,TWN,Taiwan,invalid,rule_A+B,5,MEDIUM,longstring_exceed,1,0,1,0,0,67.0,2.5327731440518866,,NA,實驗與數值,,213,1,32,1,4,30-39
64463,TWN,Taiwan,invalid,rule_A+B,3,NORMAL,,0,0,0,0,0,23.0,2.8457274127593806,,不知道,NA,,213,1,38,0,3,30-39
64501,TWN,Taiwan,invalid,rule_A+B,2,NORMAL,,0,0,0,0,0,23.0,2.111830041896891,,NA,數據,,213,1,25,0,4,18-29
64595,TWN,Taiwan,invalid,rule_A+B,5,NORMAL,,0,0,0,0,0,22.0,6.983528075613235,0.2,NA,專長的知識,,213,1,52,0,3,50-59
64599,TWN,Taiwan,invalid,rule_A+B,3,NORMAL,,0,0,0,0,0,18.0,4.617334440218012,,每個人,NA,,213,1,42,1,4,40-49
64641,TWN,Taiwan,invalid,rule_A+B,0,NORMAL,,0,0,0,0,0,18.0,3.530554879857745,,Na,NA,,213,1,45,1,4,40-49
64670,TWN,Taiwan,invalid,rule_A+B,3,NORMAL,,0,0,0,0,0,26.0,3.8852430887353226,,每個人,NA,,213,1,63,1,4,60+
64720,TWN,Taiwan,invalid,rule_A+B,2,NORMAL,,0,0,0,0,0,19.0,4.491332055606415,-0.31622776601683794,NA,數據,,213,1,24,1,4,18-29
64722,TWN,Taiwan,invalid,rule_A+B,1,NORMAL,,0,0,0,0,0,19.0,7.441514167760403,0.27076518053694115,廟,NA,,213,1,23,1,4,18-29
64777,TWN,Taiwan,invalid,rule_A+B,2,NORMAL,,0,0,0,0,0,29.0,4.466359665779419,-0.31622776601683794,老人,NA,,213,1,36,0,4,30-39
64808,TWN,Taiwan,invalid,rule_A+B,2,NORMAL,,0,0,0,0,0,17.0,2.7470999195941093,,NA,突破,,213,1,34,1,4,30-39
64822,TWN,Taiwan,invalid,rule_A+B,3,NORMAL,,0,0,0,0,0,26.0,3.9976849907318273,,NA,無意見,,213,1,55,0,4,50-59
64879,TWN,Taiwan,invalid,rule_A+B,5,NORMAL,,0,0,0,0,0,31.0,6.744738986062665,,NA,科學研究。,,213,1,26,1,4,18-29
64940,TWN,Taiwan,invalid,rule_A+B,4,NORMAL,,0,0,0,0,0,22.0,3.8124790434126523,,NA,沒有意見,,213,1,50,0,3,50-59
65003,TWN,Taiwan,invalid,rule_A+B,4,MEDIUM,longstring_exceed,1,0,1,0,0,36.0,3.397361805141607,,"普遍大眾
",NA,,213,1,68,0,4,60+
65009,TWN,Taiwan,invalid,rule_A+B,5,NORMAL,,0,0,0,0,0,21.0,6.544433220000576,,NA,有実際証據,,213,1,67,0,4,60+
65026,TWN,Taiwan,invalid,rule_A+B,0,NORMAL,,0,0,0,0,0,21.0,2.27945453310032,,-99,NA,,213,1,69,0,3,60+
65176,UKR,Ukraine,invalid,rule_A+B,4,MEDIUM,longstring_exceed,1,0,1,0,0,36.0,3.1898047966002787,,Люди,NA,,213,1,39,0,3,30-39
65286,UKR,Ukraine,invalid,rule_A+B,3,NORMAL,,0,0,0,0,0,20.0,3.718882026899348,0.0,NA,Час,,213,1,20,1,3,18-29
65635,UKR,Ukraine,invalid,rule_A+B,5,NORMAL,,0,0,0,0,0,28.0,6.684939100375599,,мафія,NA,,213,1,30,1,4,30-39
65864,UKR,Ukraine,invalid,rule_A+B,4,NORMAL,,0,0,0,0,0,22.0,5.301881970460603,,Люди,NA,,213,1,70,1,3,60+
66791,USA,United States,invalid,rule_A+B,0,NORMAL,,0,0,0,0,0,18.0,2.615924748480186,,-99,NA,,213,1,30,0,3,30-39
66895,USA,United States,invalid,rule_A+B,0,NORMAL,,0,0,0,0,0,28.0,7.672310888936358,,NA,-99,,213,1,22,1,4,18-29
66955,USA,United States,invalid,rule_A+B,0,NORMAL,,0,0,0,0,0,26.0,2.388685983958648,,NA,-99,,213,1,35,1,4,30-39
67478,USA,United States,invalid,rule_A+B,0,NORMAL,,0,0,0,0,0,20.0,2.3875762251406956,,Na,NA,,213,1,44,1,4,40-49
67637,USA,United States,invalid,rule_A+B,5,MEDIUM,longstring_exceed,1,0,1,0,0,39.0,2.034287209971542,,NA,Facts,,213,1,33,0,3,30-39
67752,USA,United States,invalid,rule_A+B,5,NORMAL,,0,0,0,0,0,20.0,2.388685983958648,,NA,Great ,,213,1,40,0,4,40-49
67970,USA,United States,invalid,rule_A+B,5,MEDIUM,longstring_exceed,1,0,1,0,0,53.0,7.935371747586641,,NA,facts,,213,1,18,1,2,18-29
68033,USA,United States,invalid,rule_A+B,4,NORMAL,,0,0,0,0,0,26.0,1.409542746851496,,na..,NA,,213,1,73,0,4,60+
68098,USA,United States,invalid,rule_A+B,0,NORMAL,,0,0,0,0,0,22.0,2.793039136836314,,NA,None ,,213,1,39,1,1,30-39
68279,USA,United States,invalid,rule_A+B,3,NORMAL,,0,0,0,0,0,17.0,10.256665864724356,0.25,n/a,NA,,213,1,52,0,4,50-59
68409,USA,United States,invalid,rule_A+B,5,NORMAL,,0,0,0,0,0,28.0,6.117445056818088,0.0,NA,space,,213,1,65,1,4,60+
68458,USA,United States,invalid,rule_A+B,5,NORMAL,,0,0,0,0,0,17.0,2.754656311520201,,NA,proof,,213,1,64,NA,4,60+
68491,USA,United States,invalid,rule_A+B,4,NORMAL,,0,0,0,0,0,19.0,3.0931650243341093,,NA,Good ,,213,1,30,1,4,30-39
68552,USA,United States,invalid,rule_A+B,5,MEDIUM,longstring_exceed,1,0,1,0,0,57.0,2.388685983958648,,NA,Proof,,213,1,36,0,4,30-39
68826,USA,United States,invalid,rule_A+B,0,NORMAL,,0,0,0,0,0,22.0,1.8970583608699838,,-99,NA,,213,1,29,0,4,18-29
68844,USA,United States,invalid,rule_A+B,4,NORMAL,,0,0,0,0,0,20.0,4.215428068803692,,life,NA,,213,1,52,0,4,50-59
69067,USA,United States,invalid,rule_A+B,5,MEDIUM,longstring_exceed,1,0,1,0,0,57.0,2.388685983958648,,NA,Great ,,213,1,35,1,4,30-39
69205,USA,United States,invalid,rule_A+B,0,NORMAL,,0,0,0,0,0,31.0,6.063699224953811,,None,NA,,213,1,23,0,3,18-29
69287,USA,United States,invalid,rule_A+B,2,NORMAL,,0,0,0,0,0,19.0,3.049405384519132,,NA,Ok,,213,1,47,1,4,40-49
69333,USA,United States,invalid,rule_A+B,5,NORMAL,,0,0,0,0,0,21.0,2.388685983958648,,adddd,NA,,213,1,28,1,4,18-29
69373,USA,United States,invalid,rule_A+B,5,NORMAL,,0,0,0,0,0,24.0,2.388685983958648,,adddd,NA,,213,1,28,1,4,18-29
69387,USA,United States,invalid,rule_A+B,5,NORMAL,,0,0,0,0,0,20.0,2.388685983958648,,NA,adddd,,213,1,28,1,4,18-29
71002,ZAF,South Africa,invalid,rule_A+B,0,NORMAL,,0,0,0,0,0,27.0,4.060631328386609,,None ,NA,,213,1,23,1,3,18-29
1,ALB,Albania,invalid,rule_A_only,4,NORMAL,,0,0,0,0,0,9.0,4.695746843742176,-0.6324555320336759,good,NA,,213,1,26,1,4,18-29
24,ALB,Albania,invalid,rule_A_only,5,NORMAL,,0,0,0,0,0,6.0,4.780888874542328,-0.04503773491110449,NA,Facts ,,213,1,24,0,4,18-29
48,ALB,Albania,invalid,rule_A_only,0,NORMAL,,0,0,0,0,0,9.0,5.849183085090893,0.6324555320336759,-99,NA,,213,1,29,1,3,18-29
59,ALB,Albania,invalid,rule_A_only,0,NORMAL,,0,0,0,0,0,6.0,4.314025221958315,0.727606875108999,NA,-99,,213,1,28,1,4,18-29
135,ALB,Albania,invalid,rule_A_only,0,NORMAL,,0,0,0,0,0,6.0,5.703769995523226,0.8534918135881966,-99,NA,,213,1,40,0,4,40-49
180,ALB,Albania,invalid,rule_A_only,3,NORMAL,,0,0,0,0,0,14.0,7.9408116933082935,0.0,"Yes
",NA,,213,1,33,0,1,30-39
197,ALB,Albania,invalid,rule_A_only,5,NORMAL,,0,0,0,0,0,2.0,9.42508711579019,-0.7977240352174656,"world 
",NA,,213,1,19,1,1,18-29
254,ALB,Albania,invalid,rule_A_only,4,NORMAL,,0,0,0,0,0,9.0,5.530699029021926,0.4166547104932136,NA,Sedi,,213,1,24,NA,3,18-29
424,ARG,Argentina,invalid,rule_A_only,5,NORMAL,,0,0,0,0,0,13.0,5.20421033838912,0.0,Todos,NA,,213,1,64,0,4,60+
542,ARG,Argentina,invalid,rule_A_only,1,NORMAL,,0,0,0,0,0,7.0,4.590227737433462,-0.2626128657194451,-,NA,,213,1,39,0,4,30-39
604,ARG,Argentina,invalid,rule_A_only,5,NORMAL,,0,0,0,0,0,12.0,3.793421255181406,0.5,Todos,NA,,213,1,31,0,3,30-39
701,ARG,Argentina,invalid,rule_A_only,5,NORMAL,,0,0,0,0,0,14.0,3.722927630851236,,todos,NA,,213,1,40,1,4,40-49
711,ARG,Argentina,invalid,rule_A_only,4,NORMAL,,0,0,0,0,0,8.0,8.366215508475378,0.24913643956121992,Nose,NA,,213,1,22,0,3,18-29
759,ARG,Argentina,invalid,rule_A_only,0,NORMAL,,0,0,0,0,0,8.0,6.871869636406685,0.0,NA,-99,,213,1,41,NA,3,40-49
778,ARG,Argentina,invalid,rule_A_only,5,NORMAL,,0,0,0,0,0,16.0,5.46531038492507,-0.5,"Todos
",NA,,213,1,53,0,4,50-59
993,AUS,Australia,invalid,rule_A_only,0,NORMAL,,0,0,0,0,0,4.0,4.206144790537946,-0.6324555320336759,-99,NA,,213,1,NA,1,4,NA
995,AUS,Australia,invalid,rule_A_only,0,NORMAL,,0,0,0,0,0,4.0,4.293438918668516,-0.7071067811865476,NA,-99,,213,1,NA,1,4,NA
997,AUS,Australia,invalid,rule_A_only,0,NORMAL,,0,0,0,0,0,3.0,4.59627622597898,-0.7071067811865476,-99,NA,,213,1,NA,1,4,NA
998,AUS,Australia,invalid,rule_A_only,0,NORMAL,,0,0,0,0,0,3.0,3.665275821403072,,NA,-99,,213,1,NA,1,4,NA
999,AUS,Australia,invalid,rule_A_only,0,NORMAL,,0,0,0,0,0,4.0,5.57247329846635,-0.31622776601683794,NA,-99,,213,1,NA,1,NA,NA
1000,AUS,Australia,invalid,rule_A_only,0,NORMAL,,0,0,0,0,0,5.0,4.742316696779924,-0.29277002188455997,-99,NA,,213,1,29,1,4,18-29
1001,AUS,Australia,invalid,rule_A_only,0,NORMAL,,0,0,0,0,0,3.0,4.437229487969481,,-99,NA,,213,1,NA,1,4,NA
1002,AUS,Australia,invalid,rule_A_only,0,NORMAL,,0,0,0,0,0,3.0,4.535607852553996,-0.7071067811865476,NA,-99,,213,1,25,1,4,18-29
1004,AUS,Australia,invalid,rule_A_only,0,NORMAL,,0,0,0,0,0,4.0,5.125152478414231,-0.31622776601683794,NA,-99,,213,1,39,1,4,30-39
1005,AUS,Australia,invalid,rule_A_only,0,NORMAL,,0,0,0,0,0,4.0,4.667984751812351,-0.6324555320336759,NA,-99,,213,1,27,0,4,18-29
1008,AUS,Australia,invalid,rule_A_only,0,NORMAL,,0,0,0,0,0,4.0,4.63786730805916,-0.7071067811865476,NA,-99,,213,1,34,0,4,30-39
1009,AUS,Australia,invalid,rule_A_only,0,NORMAL,,0,0,0,0,0,4.0,4.623244932489819,-0.25,NA,-99,,213,1,32,1,4,30-39
1012,AUS,Australia,invalid,rule_A_only,0,NORMAL,,0,0,0,0,0,3.0,4.715082713640156,-0.29277002188455997,-99,NA,,213,1,36,1,4,30-39
1013,AUS,Australia,invalid,rule_A_only,0,NORMAL,,0,0,0,0,0,3.0,5.322210366789952,0.0,-99,NA,,213,1,28,1,4,18-29
1014,AUS,Australia,invalid,rule_A_only,0,NORMAL,,0,0,0,0,0,3.0,4.806743990432043,-0.6123724356957946,-99,NA,,213,1,27,1,4,18-29
1017,AUS,Australia,invalid,rule_A_only,0,NORMAL,,0,0,0,0,0,7.0,5.3102477530857195,0.0,-99,NA,,213,1,22,0,4,18-29
1018,AUS,Australia,invalid,rule_A_only,0,NORMAL,,0,0,0,0,0,3.0,5.584583823429985,-0.3216337604513384,NA,-99,,213,1,24,0,4,18-29
1019,AUS,Australia,invalid,rule_A_only,0,NORMAL,,0,0,0,0,0,6.0,5.149533584324925,-0.2,NA,-99,,213,1,37,1,4,30-39
1020,AUS,Australia,invalid,rule_A_only,0,NORMAL,,0,0,0,0,0,4.0,5.035900555098036,0.0,-99,NA,,213,1,30,0,4,30-39
1021,AUS,Australia,invalid,rule_A_only,0,NORMAL,,0,0,0,0,0,3.0,5.30213230599265,0.0,NA,-99,,213,1,23,0,4,18-29
1023,AUS,Australia,invalid,rule_A_only,0,NORMAL,,0,0,0,0,0,2.0,4.546725143065978,,NA,-99,,213,1,20,1,4,18-29
1025,AUS,Australia,invalid,rule_A_only,0,NORMAL,,0,0,0,0,0,4.0,4.494902446214933,1.0,NA,-99,,213,1,29,1,4,18-29
1026,AUS,Australia,invalid,rule_A_only,0,NORMAL,,0,0,0,0,0,5.0,5.10245871281711,-0.29277002188455997,NA,-99,,213,1,29,0,4,18-29
1027,AUS,Australia,invalid,rule_A_only,0,NORMAL,,0,0,0,0,0,3.0,5.422607558379971,,-99,NA,,213,1,22,0,4,18-29
1132,AUS,Australia,invalid,rule_A_only,5,NORMAL,,0,0,0,0,0,16.0,5.409111569973128,-0.4472135954999579,NA,Facts,,213,1,28,0,4,18-29
1143,AUS,Australia,invalid,rule_A_only,4,NORMAL,,0,0,0,0,0,6.0,3.909954749703086,,NA,good,,213,1,32,1,4,30-39
1165,AUS,Australia,invalid,rule_A_only,0,NORMAL,,0,0,0,0,0,5.0,3.83391847002744,,NA,-99,,213,1,35,1,4,30-39
1168,AUS,Australia,invalid,rule_A_only,0,NORMAL,,0,0,0,0,0,10.0,3.704749492011769,,NA,-99,,213,1,32,1,4,30-39
1169,AUS,Australia,invalid,rule_A_only,1,NORMAL,,0,0,0,0,0,6.0,3.442905732777647,0.2,.,NA,,213,1,44,1,4,40-49
1174,AUS,Australia,invalid,rule_A_only,0,NORMAL,,0,0,0,0,0,7.0,3.319700060278366,,-99,NA,,213,1,41,1,4,40-49
1178,AUS,Australia,invalid,rule_A_only,0,NORMAL,,0,0,0,0,0,12.0,7.10474053618664,0.4472135954999579,NA,-99,,213,1,69,1,4,60+
1189,AUS,Australia,invalid,rule_A_only,0,NORMAL,,0,0,0,0,0,14.0,3.3192164269489535,,-99,NA,,213,1,37,1,4,30-39
1190,AUS,Australia,invalid,rule_A_only,0,NORMAL,,0,0,0,0,0,13.0,3.526280571626303,,NA,-99,,213,1,33,1,4,30-39
1192,AUS,Australia,invalid,rule_A_only,0,NORMAL,,0,0,0,0,0,14.0,3.062807187939279,,NA,-99,,213,1,29,1,4,18-29
1199,AUS,Australia,invalid,rule_A_only,0,NORMAL,,0,0,0,0,0,11.0,3.609724994171097,,NA,-99,,213,1,38,0,4,30-39
1200,AUS,Australia,invalid,rule_A_only,0,NORMAL,,0,0,0,0,0,11.0,4.497993583700497,,NA,-99,,213,1,43,0,4,40-49
1201,AUS,Australia,invalid,rule_A_only,0,NORMAL,,0,0,0,0,0,5.0,3.714934495968994,-0.2,-99,NA,,213,1,28,1,4,18-29
1202,AUS,Australia,invalid,rule_A_only,0,NORMAL,,0,0,0,0,0,12.0,3.306003509577817,,NA,-99,,213,1,36,0,4,30-39
1203,AUS,Australia,invalid,rule_A_only,0,NORMAL,,0,0,0,0,0,15.0,3.0413593224616076,,-99,NA,,213,1,44,1,4,40-49
1206,AUS,Australia,invalid,rule_A_only,0,NORMAL,,0,0,0,0,0,4.0,4.082409094976143,,NA,none,,213,1,46,1,4,40-49
1207,AUS,Australia,invalid,rule_A_only,0,NORMAL,,0,0,0,0,0,8.0,3.9807742587180597,-0.6324555320336759,NA,none,,213,1,46,1,4,40-49
1228,AUS,Australia,invalid,rule_A_only,0,NORMAL,,0,0,0,0,0,3.0,4.438177683329863,-0.6324555320336759,-99,NA,,213,1,46,1,4,40-49
1229,AUS,Australia,invalid,rule_A_only,0,NORMAL,,0,0,0,0,0,3.0,4.819641630853455,,NA,-99,,213,1,45,1,4,40-49
1232,AUS,Australia,invalid,rule_A_only,0,NORMAL,,0,0,0,0,0,4.0,5.03011643039153,,NA,-99,,213,1,44,1,4,40-49
1233,AUS,Australia,invalid,rule_A_only,0,NORMAL,,0,0,0,0,0,4.0,4.513812402976051,-0.6324555320336759,-99,NA,,213,1,37,1,4,30-39
1237,AUS,Australia,invalid,rule_A_only,0,NORMAL,,0,0,0,0,0,3.0,4.008758316937315,,NA,-99,,213,1,34,1,4,30-39
1238,AUS,Australia,invalid,rule_A_only,0,NORMAL,,0,0,0,0,0,4.0,3.975743394165621,-0.6324555320336759,-99,NA,,213,1,45,1,4,40-49
1239,AUS,Australia,invalid,rule_A_only,0,NORMAL,,0,0,0,0,0,3.0,5.073250957071581,0.31622776601683794,NA,-99,,213,1,45,1,4,40-49
1240,AUS,Australia,invalid,rule_A_only,0,NORMAL,,0,0,0,0,0,9.0,3.6527329466485243,,-99,NA,,213,1,34,1,4,30-39
1243,AUS,Australia,invalid,rule_A_only,0,NORMAL,,0,0,0,0,0,16.0,3.219662223857872,,-99,NA,,213,1,36,1,4,30-39
1244,AUS,Australia,invalid,rule_A_only,0,NORMAL,,0,0,0,0,0,10.0,3.617025681689198,1.0,NA,-99,,213,1,40,0,4,40-49
1245,AUS,Australia,invalid,rule_A_only,0,NORMAL,,0,0,0,0,0,6.0,3.9236422762381555,,NA,-99,,213,1,45,1,4,40-49
1246,AUS,Australia,invalid,rule_A_only,0,NORMAL,,0,0,0,0,0,8.0,5.013341565739306,-0.10846522890932808,NA,-99,,213,1,46,1,4,40-49
1247,AUS,Australia,invalid,rule_A_only,0,NORMAL,,0,0,0,0,0,6.0,3.9463505221108455,,-99,NA,,213,1,46,1,4,40-49
1248,AUS,Australia,invalid,rule_A_only,0,NORMAL,,0,0,0,0,0,5.0,4.944545675457082,0.10846522890932808,-99,NA,,213,1,46,1,4,40-49
1249,AUS,Australia,invalid,rule_A_only,0,NORMAL,,0,0,0,0,0,4.0,4.434403683241567,0.0,-99,NA,,213,1,46,1,4,40-49
1250,AUS,Australia,invalid,rule_A_only,0,NORMAL,,0,0,0,0,0,3.0,4.201137915587706,-0.6666666666666666,NA,-99,,213,1,34,1,4,30-39
1253,AUS,Australia,invalid,rule_A_only,0,NORMAL,,0,0,0,0,0,4.0,4.36915203714666,-0.10846522890932808,-99,NA,,213,1,34,1,4,30-39
1254,AUS,Australia,invalid,rule_A_only,0,NORMAL,,0,0,0,0,0,5.0,3.992161272889802,-0.4472135954999579,NA,-99,,213,1,44,1,4,40-49
1255,AUS,Australia,invalid,rule_A_only,0,NORMAL,,0,0,0,0,0,3.0,4.574304186469508,0.4,-99,NA,,213,1,44,1,4,40-49
1256,AUS,Australia,invalid,rule_A_only,0,NORMAL,,0,0,0,0,0,4.0,4.889109684873476,0.0,-99,NA,,213,1,45,1,4,40-49
1259,AUS,Australia,invalid,rule_A_only,0,NORMAL,,0,0,0,0,0,5.0,4.23233476222972,,NA,-99,,213,1,46,1,4,40-49
1260,AUS,Australia,invalid,rule_A_only,0,NORMAL,,0,0,0,0,0,5.0,5.232595753155395,0.04503773491110449,NA,-99,,213,1,25,0,4,18-29
1263,AUS,Australia,invalid,rule_A_only,0,NORMAL,,0,0,0,0,0,9.0,4.075619972892592,0.31622776601683794,-99,NA,,213,1,46,1,4,40-49
1270,AUS,Australia,invalid,rule_A_only,0,NORMAL,,0,0,0,0,0,6.0,4.656802772059089,,-99,NA,,213,1,32,1,4,30-39
1271,AUS,Australia,invalid,rule_A_only,0,NORMAL,,0,0,0,0,0,7.0,3.579296263170247,,-99,NA,,213,1,35,1,4,30-39
1278,AUS,Australia,invalid,rule_A_only,0,NORMAL,,0,0,0,0,0,5.0,4.356779162644376,,-99,NA,,213,1,45,1,4,40-49
1279,AUS,Australia,invalid,rule_A_only,0,NORMAL,,0,0,0,0,0,4.0,4.9462458649793035,0.2,-99,NA,,213,1,46,1,4,40-49
1282,AUS,Australia,invalid,rule_A_only,0,NORMAL,,0,0,0,0,0,5.0,3.900863550514189,-0.31622776601683794,-99,NA,,213,1,36,1,4,30-39
1283,AUS,Australia,invalid,rule_A_only,0,NORMAL,,0,0,0,0,0,5.0,3.898433473468477,-0.31622776601683794,NA,-99,,213,1,46,1,4,40-49
1284,AUS,Australia,invalid,rule_A_only,0,NORMAL,,0,0,0,0,0,13.0,3.785749474822096,,NA,-99,,213,1,43,0,4,40-49
1285,AUS,Australia,invalid,rule_A_only,0,NORMAL,,0,0,0,0,0,10.0,3.871650129020585,,NA,-99,,213,1,48,0,4,40-49
1287,AUS,Australia,invalid,rule_A_only,0,NORMAL,,0,0,0,0,0,5.0,3.791198299004345,,-99,NA,,213,1,46,1,4,40-49
1288,AUS,Australia,invalid,rule_A_only,0,NORMAL,,0,0,0,0,0,4.0,4.511532582037229,0.0,NA,-99,,213,1,46,1,4,40-49
1290,AUS,Australia,invalid,rule_A_only,0,NORMAL,,0,0,0,0,0,5.0,4.436645273972605,,-99,NA,,213,1,46,1,4,40-49
1291,AUS,Australia,invalid,rule_A_only,0,NORMAL,,0,0,0,0,0,7.0,3.8752786975520737,0.2,NA,-99,,213,1,46,1,4,40-49
1292,AUS,Australia,invalid,rule_A_only,0,NORMAL,,0,0,0,0,0,5.0,3.9493784244716306,,-99,NA,,213,1,46,1,4,40-49
1293,AUS,Australia,invalid,rule_A_only,0,NORMAL,,0,0,0,0,0,7.0,4.569966420622486,0.8017837257372732,NA,-99,,213,1,46,1,4,40-49
1295,AUS,Australia,invalid,rule_A_only,0,NORMAL,,0,0,0,0,0,4.0,4.047687602183008,-0.31622776601683794,-99,NA,,213,1,44,1,4,40-49
1296,AUS,Australia,invalid,rule_A_only,0,NORMAL,,0,0,0,0,0,4.0,4.200965412031079,0.25,NA,-99,,213,1,34,1,4,30-39
1297,AUS,Australia,invalid,rule_A_only,0,NORMAL,,0,0,0,0,0,4.0,4.513330313491034,,NA,-99,,213,1,45,1,4,40-49
1299,AUS,Australia,invalid,rule_A_only,0,NORMAL,,0,0,0,0,0,6.0,4.165757362538345,-0.6324555320336759,-99,NA,,213,1,45,1,4,40-49
1300,AUS,Australia,invalid,rule_A_only,0,NORMAL,,0,0,0,0,0,4.0,4.833673631604956,-0.4472135954999579,-99,NA,,213,1,36,1,4,30-39
1301,AUS,Australia,invalid,rule_A_only,0,NORMAL,,0,0,0,0,0,4.0,4.442803791651697,-0.6324555320336759,NA,-99,,213,1,38,1,4,30-39
1302,AUS,Australia,invalid,rule_A_only,0,NORMAL,,0,0,0,0,0,5.0,4.619418684325572,-0.25,NA,-99,,213,1,39,1,4,30-39
1303,AUS,Australia,invalid,rule_A_only,0,NORMAL,,0,0,0,0,0,4.0,4.107066634610913,-0.4472135954999579,-99,NA,,213,1,40,1,4,40-49
1314,AUS,Australia,invalid,rule_A_only,0,NORMAL,,0,0,0,0,0,5.0,4.5156940111575,,NA,-99,,213,1,40,1,4,40-49
1315,AUS,Australia,invalid,rule_A_only,0,NORMAL,,0,0,0,0,0,5.0,4.410615977098348,-0.4472135954999579,NA,-99,,213,1,39,1,4,30-39
1317,AUS,Australia,invalid,rule_A_only,0,NORMAL,,0,0,0,0,0,5.0,4.072179076295363,0.0,-99,NA,,213,1,37,1,4,30-39
1325,AUS,Australia,invalid,rule_A_only,0,NORMAL,,0,0,0,0,0,4.0,4.0487090565566275,,NA,-99,,213,1,40,1,4,40-49
1328,AUS,Australia,invalid,rule_A_only,0,NORMAL,,0,0,0,0,0,3.0,4.552637861978976,-0.4472135954999579,NA,-99,,213,1,37,1,4,30-39
1330,AUS,Australia,invalid,rule_A_only,0,NORMAL,,0,0,0,0,0,4.0,4.50143222978612,-0.5,-99,NA,,213,1,38,1,4,30-39
1349,AUS,Australia,invalid,rule_A_only,0,NORMAL,,0,0,0,0,0,4.0,4.5459668993890805,,-99,NA,,213,1,45,1,4,40-49
1351,AUS,Australia,invalid,rule_A_only,0,NORMAL,,0,0,0,0,0,5.0,4.55556598587103,0.0,-99,NA,,213,1,44,1,4,40-49
1352,AUS,Australia,invalid,rule_A_only,0,NORMAL,,0,0,0,0,0,6.0,4.617587230557685,-0.4472135954999579,NA,-99,,213,1,46,1,4,40-49
1353,AUS,Australia,invalid,rule_A_only,0,NORMAL,,0,0,0,0,0,3.0,4.144516436500562,-0.25,NA,-99,,213,1,44,1,4,40-49
1354,AUS,Australia,invalid,rule_A_only,0,NORMAL,,0,0,0,0,0,4.0,4.626479188595161,0.0,-99,NA,,213,1,43,1,4,40-49
1359,AUS,Australia,invalid,rule_A_only,0,NORMAL,,0,0,0,0,0,3.0,5.3786200479031026,0.0,NA,-99,,213,1,47,1,4,40-49
1360,AUS,Australia,invalid,rule_A_only,0,NORMAL,,0,0,0,0,0,6.0,3.415197659922758,0.25,NA,-99,,213,1,44,1,4,40-49
1378,AUS,Australia,invalid,rule_A_only,0,NORMAL,,0,0,0,0,0,4.0,4.5934500170890615,-0.6324555320336759,-99,NA,,213,1,42,1,4,40-49
1379,AUS,Australia,invalid,rule_A_only,0,NORMAL,,0,0,0,0,0,4.0,4.808329045719653,-0.7071067811865476,NA,-99,,213,1,41,1,4,40-49
1380,AUS,Australia,invalid,rule_A_only,0,NORMAL,,0,0,0,0,0,4.0,4.531622581193974,,NA,-99,,213,1,43,1,4,40-49
1381,AUS,Australia,invalid,rule_A_only,0,NORMAL,,0,0,0,0,0,4.0,4.531034042916306,-0.4472135954999579,-99,NA,,213,1,44,1,4,40-49
1382,AUS,Australia,invalid,rule_A_only,0,NORMAL,,0,0,0,0,0,3.0,4.342631944841413,-0.7071067811865476,-99,NA,,213,1,45,1,4,40-49
1385,AUS,Australia,invalid,rule_A_only,0,NORMAL,,0,0,0,0,0,4.0,4.669144550033311,-0.5,NA,-99,,213,1,47,1,4,40-49
1386,AUS,Australia,invalid,rule_A_only,0,NORMAL,,0,0,0,0,0,4.0,4.120285402387385,-0.6324555320336759,-99,NA,,213,1,48,1,4,40-49
1391,AUS,Australia,invalid,rule_A_only,0,NORMAL,,0,0,0,0,0,4.0,4.464950758257844,0.31622776601683794,NA,-99,,213,1,35,1,4,30-39
1392,AUS,Australia,invalid,rule_A_only,0,NORMAL,,0,0,0,0,0,4.0,5.25764267998624,-0.2,NA,-99,,213,1,34,NA,4,30-39
1393,AUS,Australia,invalid,rule_A_only,0,NORMAL,,0,0,0,0,0,4.0,4.183428306305092,0.25,-99,NA,,213,1,40,1,4,40-49
1394,AUS,Australia,invalid,rule_A_only,0,NORMAL,,0,0,0,0,0,5.0,4.051753311671671,-0.4472135954999579,-99,NA,,213,1,33,1,4,30-39
1395,AUS,Australia,invalid,rule_A_only,0,NORMAL,,0,0,0,0,0,5.0,4.008690112265315,-0.7071067811865476,NA,-99,,213,1,38,1,4,30-39
1396,AUS,Australia,invalid,rule_A_only,0,NORMAL,,0,0,0,0,0,4.0,4.185386957907859,0.31622776601683794,NA,-99,,213,1,39,1,4,30-39
1397,AUS,Australia,invalid,rule_A_only,0,NORMAL,,0,0,0,0,0,4.0,4.545379903312307,0.31622776601683794,-99,NA,,213,1,36,1,4,30-39
1398,AUS,Australia,invalid,rule_A_only,0,NORMAL,,0,0,0,0,0,15.0,3.339521049826258,,NA,-99,,213,1,31,1,4,30-39
1399,AUS,Australia,invalid,rule_A_only,0,NORMAL,,0,0,0,0,0,6.0,3.899763474078055,-0.2,-99,NA,,213,1,39,1,4,30-39
1400,AUS,Australia,invalid,rule_A_only,0,NORMAL,,0,0,0,0,0,12.0,3.2939491483415853,,NA,-99,,213,1,45,1,4,40-49
1408,AUS,Australia,invalid,rule_A_only,0,NORMAL,,0,0,0,0,0,9.0,3.513516812753415,,NA,-99,,213,1,37,0,4,30-39
1409,AUS,Australia,invalid,rule_A_only,0,NORMAL,,0,0,0,0,0,15.0,3.3247181408802975,,-99,NA,,213,1,44,1,4,40-49
1414,AUS,Australia,invalid,rule_A_only,0,NORMAL,,0,0,0,0,0,4.0,5.1164532096015725,,NA,-99,,213,1,46,1,4,40-49
1415,AUS,Australia,invalid,rule_A_only,0,NORMAL,,0,0,0,0,0,4.0,4.594724440087944,,-99,NA,,213,1,44,1,4,40-49
1416,AUS,Australia,invalid,rule_A_only,0,NORMAL,,0,0,0,0,0,4.0,4.059031384600127,,NA,-99,,213,1,45,1,4,40-49
1423,AUS,Australia,invalid,rule_A_only,0,NORMAL,,0,0,0,0,0,13.0,3.7095861623421187,,NA,-99,,213,1,34,1,4,30-39
1424,AUS,Australia,invalid,rule_A_only,0,NORMAL,,0,0,0,0,0,9.0,3.7520501970392512,,-99,NA,,213,1,37,0,4,30-39
1425,AUS,Australia,invalid,rule_A_only,0,NORMAL,,0,0,0,0,0,9.0,3.7919708900680416,,NA,-99,,213,1,38,1,4,30-39
1435,AUS,Australia,invalid,rule_A_only,0,NORMAL,,0,0,0,0,0,13.0,3.378075647854634,,NA,-99,,213,1,42,1,4,40-49
1436,AUS,Australia,invalid,rule_A_only,0,NORMAL,,0,0,0,0,0,5.0,3.775293422729676,,NA,-99,,213,1,29,0,4,18-29
1437,AUS,Australia,invalid,rule_A_only,0,NORMAL,,0,0,0,0,0,4.0,4.671475525917369,-0.31622776601683794,NA,-99,,213,1,35,1,4,30-39
1442,AUS,Australia,invalid,rule_A_only,0,NORMAL,,0,0,0,0,0,12.0,3.0468488778630283,,-99,NA,,213,1,33,0,4,30-39
1444,AUS,Australia,invalid,rule_A_only,0,NORMAL,,0,0,0,0,0,4.0,4.367832701282784,,-99,NA,,213,1,36,1,4,30-39
1446,AUS,Australia,invalid,rule_A_only,0,NORMAL,,0,0,0,0,0,5.0,3.722450797872189,-0.31622776601683794,-99,NA,,213,1,46,1,4,40-49
1560,AUS,Australia,invalid,rule_A_only,0,NORMAL,,0,0,0,0,0,12.0,7.528791484813821,0.5,Na,NA,,213,1,54,1,4,50-59
1863,AUS,Australia,invalid,rule_A_only,0,NORMAL,,0,0,0,0,0,9.0,5.100114183045822,0.2,None,NA,,213,1,40,1,3,40-49
1897,AUS,Australia,invalid,rule_A_only,5,NORMAL,,0,0,0,0,0,7.0,5.417067567562669,0.7,NA,Truth,,213,1,71,1,4,60+
2159,AUS,Australia,invalid,rule_A_only,0,NORMAL,,0,0,0,0,0,15.0,5.235181474666178,0.3535533905932738,NA,-99,,213,1,36,0,3,30-39
2220,AUS,Australia,invalid,rule_A_only,0,NORMAL,,0,0,0,0,0,4.0,4.203012578947262,-0.6324555320336759,-99,NA,,213,1,23,1,4,18-29
2222,AUS,Australia,invalid,rule_A_only,0,NORMAL,,0,0,0,0,0,3.0,3.896688835572622,,-99,NA,,213,1,21,1,4,18-29
2232,AUS,Australia,invalid,rule_A_only,0,NORMAL,,0,0,0,0,0,3.0,3.9338680663815997,,NA,-99,,213,1,25,1,4,18-29
2241,AUS,Australia,invalid,rule_A_only,0,NORMAL,,0,0,0,0,0,4.0,5.659240107944158,0.41522739926869984,NA,-99,,213,1,29,0,3,18-29
2265,AUS,Australia,invalid,rule_A_only,0,NORMAL,,0,0,0,0,0,3.0,4.449345939646057,,-99,NA,,213,1,28,1,4,18-29
2266,AUS,Australia,invalid,rule_A_only,0,NORMAL,,0,0,0,0,0,3.0,3.9968875966418387,,-99,NA,,213,1,22,0,4,18-29
2267,AUS,Australia,invalid,rule_A_only,0,NORMAL,,0,0,0,0,0,2.0,4.517218845031065,,-99,NA,,213,1,26,0,4,18-29
2268,AUS,Australia,invalid,rule_A_only,0,NORMAL,,0,0,0,0,0,5.0,4.404757644017112,-0.4472135954999579,NA,-99,,213,1,28,1,4,18-29
2269,AUS,Australia,invalid,rule_A_only,0,NORMAL,,0,0,0,0,0,4.0,4.2323718208355485,,NA,-99,,213,1,25,1,4,18-29
2270,AUS,Australia,invalid,rule_A_only,0,NORMAL,,0,0,0,0,0,3.0,4.8697851930163285,-0.6324555320336759,-99,NA,,213,1,21,1,4,18-29
2271,AUS,Australia,invalid,rule_A_only,0,NORMAL,,0,0,0,0,0,5.0,4.338668255897483,,NA,-99,,213,1,27,1,4,18-29
2272,AUS,Australia,invalid,rule_A_only,0,NORMAL,,0,0,0,0,0,5.0,5.438141086848934,-0.3779644730092272,NA,-99,,213,1,24,0,4,18-29
2285,AUS,Australia,invalid,rule_A_only,0,NORMAL,,0,0,0,0,0,4.0,4.113391003250683,,-99,NA,,213,1,32,1,4,30-39
2286,AUS,Australia,invalid,rule_A_only,0,NORMAL,,0,0,0,0,0,3.0,4.55267481041518,,NA,-99,,213,1,29,1,4,18-29
2287,AUS,Australia,invalid,rule_A_only,0,NORMAL,,0,0,0,0,0,3.0,4.322241816633695,,NA,-99,,213,1,30,1,4,30-39
2329,AUS,Australia,invalid,rule_A_only,0,NORMAL,,0,0,0,0,0,3.0,4.935384618158101,,NA,-99,,213,1,23,1,4,18-29
2330,AUS,Australia,invalid,rule_A_only,0,NORMAL,,0,0,0,0,0,6.0,4.883823467308176,,NA,-99,,213,1,27,1,4,18-29
2331,AUS,Australia,invalid,rule_A_only,0,NORMAL,,0,0,0,0,0,4.0,4.681522646611634,,-99,NA,,213,1,22,1,4,18-29
2332,AUS,Australia,invalid,rule_A_only,0,NORMAL,,0,0,0,0,0,4.0,4.161582637184748,,NA,-99,,213,1,27,1,4,18-29
2333,AUS,Australia,invalid,rule_A_only,0,NORMAL,,0,0,0,0,0,4.0,3.960635371442629,0.2,-99,NA,,213,1,20,1,4,18-29
2338,AUS,Australia,invalid,rule_A_only,0,NORMAL,,0,0,0,0,0,4.0,3.8388151563727977,,-99,NA,,213,1,21,1,4,18-29
2340,AUS,Australia,invalid,rule_A_only,0,NORMAL,,0,0,0,0,0,3.0,3.6490920669051476,,NA,-99,,213,1,21,1,4,18-29
2342,AUS,Australia,invalid,rule_A_only,0,NORMAL,,0,0,0,0,0,3.0,5.088896218580875,-0.08304547985373997,NA,-99,,213,1,26,1,4,18-29
2343,AUS,Australia,invalid,rule_A_only,0,NORMAL,,0,0,0,0,0,4.0,3.487828046780143,-0.4472135954999579,NA,-99,,213,1,25,1,3,18-29
2344,AUS,Australia,invalid,rule_A_only,0,NORMAL,,0,0,0,0,0,4.0,4.390952809184136,,NA,-99,,213,1,19,1,4,18-29
2350,AUS,Australia,invalid,rule_A_only,0,NORMAL,,0,0,0,0,0,7.0,4.18905625962338,,NA,-99,,213,1,21,1,4,18-29
2351,AUS,Australia,invalid,rule_A_only,0,NORMAL,,0,0,0,0,0,6.0,4.099589357982386,,-99,NA,,213,1,22,1,4,18-29
2352,AUS,Australia,invalid,rule_A_only,0,NORMAL,,0,0,0,0,0,5.0,4.555372551266364,,NA,-99,,213,1,23,1,4,18-29
2354,AUS,Australia,invalid,rule_A_only,0,NORMAL,,0,0,0,0,0,6.0,4.101660056265913,,NA,-99,,213,1,22,1,4,18-29
2378,AUS,Australia,invalid,rule_A_only,0,NORMAL,,0,0,0,0,0,4.0,3.7359933559359186,,NA,-99,,213,1,34,1,4,30-39
2383,AUS,Australia,invalid,rule_A_only,0,NORMAL,,0,0,0,0,0,12.0,2.6485517425600453,,NA,-99,,213,1,35,0,4,30-39
2406,AUS,Australia,invalid,rule_A_only,0,NORMAL,,0,0,0,0,0,5.0,4.057861229581011,-0.6324555320336759,NA,-99,,213,1,26,1,4,18-29
2407,AUS,Australia,invalid,rule_A_only,0,NORMAL,,0,0,0,0,0,4.0,4.902551810913957,0.10846522890932808,-99,NA,,213,1,29,1,4,18-29
2408,AUS,Australia,invalid,rule_A_only,0,NORMAL,,0,0,0,0,0,4.0,5.2516552350561385,-0.7071067811865476,NA,-99,,213,1,26,1,4,18-29
2414,AUS,Australia,invalid,rule_A_only,0,NORMAL,,0,0,0,0,0,12.0,4.485514160155111,-0.6123724356957946,NA,-99,,213,1,26,0,3,18-29
2420,AUS,Australia,invalid,rule_A_only,0,NORMAL,,0,0,0,0,0,4.0,4.691904678852585,-0.4472135954999579,-99,NA,,213,1,37,1,4,30-39
2426,AUS,Australia,invalid,rule_A_only,0,NORMAL,,0,0,0,0,0,3.0,4.867723366179309,-0.5,-99,NA,,213,1,45,1,4,40-49
2427,AUS,Australia,invalid,rule_A_only,0,NORMAL,,0,0,0,0,0,4.0,4.624343829174861,-0.7071067811865476,NA,-99,,213,1,44,1,4,40-49
2431,AUS,Australia,invalid,rule_A_only,0,NORMAL,,0,0,0,0,0,4.0,4.694844073202106,,-99,NA,,213,1,22,1,3,18-29
2432,AUS,Australia,invalid,rule_A_only,0,NORMAL,,0,0,0,0,0,3.0,4.340061724791341,-0.7071067811865476,NA,-99,,213,1,24,1,4,18-29
2433,AUS,Australia,invalid,rule_A_only,0,NORMAL,,0,0,0,0,0,5.0,5.28736793429027,-0.4472135954999579,NA,-99,,213,1,25,1,4,18-29
2434,AUS,Australia,invalid,rule_A_only,0,NORMAL,,0,0,0,0,0,5.0,4.665117716641714,-0.10846522890932808,NA,-99,,213,1,19,1,4,18-29
2435,AUS,Australia,invalid,rule_A_only,0,NORMAL,,0,0,0,0,0,3.0,3.97562939944402,-0.25,NA,-99,,213,1,20,1,4,18-29
2443,AUS,Australia,invalid,rule_A_only,0,NORMAL,,0,0,0,0,0,4.0,3.719706495047504,,NA,-99,,213,1,25,1,3,18-29
2445,AUS,Australia,invalid,rule_A_only,0,NORMAL,,0,0,0,0,0,5.0,4.494302227868138,0.0,NA,-99,,213,1,22,1,3,18-29
2446,AUS,Australia,invalid,rule_A_only,0,NORMAL,,0,0,0,0,0,5.0,5.016387421363598,0.2,-99,NA,,213,1,22,1,3,18-29
2448,AUS,Australia,invalid,rule_A_only,0,NORMAL,,0,0,0,0,0,3.0,4.857897792346972,0.242535625036333,-99,NA,,213,1,25,1,3,18-29
2450,AUS,Australia,invalid,rule_A_only,0,NORMAL,,0,0,0,0,0,5.0,4.320105578835368,,NA,-99,,213,1,25,1,3,18-29
2452,AUS,Australia,invalid,rule_A_only,0,NORMAL,,0,0,0,0,0,4.0,4.658186035422478,-0.25,-99,NA,,213,1,25,1,4,18-29
2454,AUS,Australia,invalid,rule_A_only,0,NORMAL,,0,0,0,0,0,4.0,4.249523101610872,-0.3333333333333333,NA,-99,,213,1,24,1,4,18-29
2457,AUS,Australia,invalid,rule_A_only,0,NORMAL,,0,0,0,0,0,3.0,5.527154216148961,0.4117647058823529,NA,-99,,213,1,25,1,3,18-29
2477,AUS,Australia,invalid,rule_A_only,0,NORMAL,,0,0,0,0,0,3.0,4.373341907346522,,-99,NA,,213,1,44,1,4,40-49
2478,AUS,Australia,invalid,rule_A_only,0,NORMAL,,0,0,0,0,0,3.0,4.273154623510712,-0.25,NA,-99,,213,1,44,1,4,40-49
2484,AUS,Australia,invalid,rule_A_only,0,NORMAL,,0,0,0,0,0,5.0,4.1653478669742645,0.0,-99,NA,,213,1,33,1,4,30-39
2485,AUS,Australia,invalid,rule_A_only,0,NORMAL,,0,0,0,0,0,13.0,3.927303289798986,0.31622776601683794,NA,-99,,213,1,47,1,4,40-49
2501,AUS,Australia,invalid,rule_A_only,0,NORMAL,,0,0,0,0,0,4.0,4.873873465701077,,NA,-99,,213,1,40,1,4,40-49
2503,AUS,Australia,invalid,rule_A_only,0,NORMAL,,0,0,0,0,0,4.0,5.335875844431203,0.0,-99,NA,,213,1,45,1,4,40-49
2504,AUS,Australia,invalid,rule_A_only,0,NORMAL,,0,0,0,0,0,5.0,4.676221748082437,0.3872983346207417,-99,NA,,213,1,40,1,4,40-49
2506,AUS,Australia,invalid,rule_A_only,0,NORMAL,,0,0,0,0,0,4.0,4.286380879589464,-0.7071067811865476,NA,-99,,213,1,42,1,4,40-49
2509,AUS,Australia,invalid,rule_A_only,2,NORMAL,,0,0,0,0,0,4.0,6.5657050967770685,0.7647058823529411,No,NA,,213,1,24,0,4,18-29
2519,AUS,Australia,invalid,rule_A_only,0,NORMAL,,0,0,0,0,0,5.0,3.8986868425381793,-0.31622776601683794,NA,-99,,213,1,45,1,4,40-49
2561,AUS,Australia,invalid,rule_A_only,0,NORMAL,,0,0,0,0,0,5.0,4.879473248544981,0.0,NA,-99,,213,1,43,1,4,40-49
2572,AUS,Australia,invalid,rule_A_only,0,NORMAL,,0,0,0,0,0,5.0,4.600102570964489,0.4472135954999579,-99,NA,,213,1,37,1,4,30-39
2573,AUS,Australia,invalid,rule_A_only,0,NORMAL,,0,0,0,0,0,3.0,5.7484973222454885,-0.10846522890932808,NA,-99,,213,1,38,1,4,30-39
2579,AUS,Australia,invalid,rule_A_only,0,NORMAL,,0,0,0,0,0,14.0,3.738243506694274,,-99,NA,,213,1,34,1,4,30-39
2586,AUS,Australia,invalid,rule_A_only,0,NORMAL,,0,0,0,0,0,4.0,3.6442641022902156,,-99,NA,,213,1,35,1,4,30-39
2587,AUS,Australia,invalid,rule_A_only,0,NORMAL,,0,0,0,0,0,5.0,3.69894369275302,0.0,-99,NA,,213,1,37,0,4,30-39
2591,AUS,Australia,invalid,rule_A_only,0,NORMAL,,0,0,0,0,0,12.0,3.704556995462894,,NA,-99,,213,1,34,1,4,30-39
2592,AUS,Australia,invalid,rule_A_only,0,NORMAL,,0,0,0,0,0,12.0,3.854143414104176,-0.31622776601683794,-99,NA,,213,1,38,1,4,30-39
2593,AUS,Australia,invalid,rule_A_only,0,NORMAL,,0,0,0,0,0,12.0,3.9249656551190757,-0.7071067811865476,NA,-99,,213,1,48,1,4,40-49
2605,AUS,Australia,invalid,rule_A_only,0,NORMAL,,0,0,0,0,0,12.0,3.6517390979994833,-0.31622776601683794,-99,NA,,213,1,37,1,4,30-39
2610,AUS,Australia,invalid,rule_A_only,0,NORMAL,,0,0,0,0,0,12.0,4.13052342626855,-0.5,NA,-99,,213,1,35,1,4,30-39
2611,AUS,Australia,invalid,rule_A_only,0,NORMAL,,0,0,0,0,0,12.0,3.851079858738626,,-99,NA,,213,1,47,1,4,40-49
2618,AUS,Australia,invalid,rule_A_only,0,NORMAL,,0,0,0,0,0,5.0,3.786136718059276,-0.6324555320336759,-99,NA,,213,1,22,1,4,18-29
2623,AUS,Australia,invalid,rule_A_only,0,NORMAL,,0,0,0,0,0,4.0,5.019786908522569,-0.31622776601683794,-99,NA,,213,1,24,1,4,18-29
2625,AUS,Australia,invalid,rule_A_only,0,NORMAL,,0,0,0,0,0,2.0,5.161626022007204,-0.242535625036333,NA,-99,,213,1,21,1,4,18-29
2627,AUS,Australia,invalid,rule_A_only,0,NORMAL,,0,0,0,0,0,5.0,4.499166207907787,0.31622776601683794,-99,NA,,213,1,45,1,4,40-49
2633,AUS,Australia,invalid,rule_A_only,0,NORMAL,,0,0,0,0,0,5.0,4.404857170058816,,NA,-99,,213,1,41,1,4,40-49
2635,AUS,Australia,invalid,rule_A_only,0,NORMAL,,0,0,0,0,0,5.0,4.949184849499314,0.34299717028501764,-99,NA,,213,1,22,1,4,18-29
2636,AUS,Australia,invalid,rule_A_only,0,NORMAL,,0,0,0,0,0,3.0,4.087534881005824,-0.3333333333333333,NA,-99,,213,1,35,1,4,30-39
2641,AUS,Australia,invalid,rule_A_only,0,NORMAL,,0,0,0,0,0,4.0,5.063406165858551,-0.8401680504168059,-99,NA,,213,1,44,1,4,40-49
2643,AUS,Australia,invalid,rule_A_only,0,NORMAL,,0,0,0,0,0,4.0,4.877944181216151,0.10846522890932808,NA,-99,,213,1,42,1,4,40-49
2647,AUS,Australia,invalid,rule_A_only,0,NORMAL,,0,0,0,0,0,7.0,4.004844660423009,,-99,NA,,213,1,43,1,4,40-49
2652,AUS,Australia,invalid,rule_A_only,0,NORMAL,,0,0,0,0,0,4.0,4.446461310792577,,NA,-99,,213,1,44,1,4,40-49
2655,AUS,Australia,invalid,rule_A_only,0,NORMAL,,0,0,0,0,0,4.0,4.181371128897961,0.0,NA,-99,,213,1,35,1,4,30-39
2656,AUS,Australia,invalid,rule_A_only,0,NORMAL,,0,0,0,0,0,4.0,4.888464064768023,-0.15811388300841897,-99,NA,,213,1,44,1,4,40-49
2657,AUS,Australia,invalid,rule_A_only,0,NORMAL,,0,0,0,0,0,7.0,4.755509551488563,0.0,-99,NA,,213,1,33,1,4,30-39
2672,AUS,Australia,invalid,rule_A_only,0,NORMAL,,0,0,0,0,0,6.0,4.859830139463606,-0.7905694150420948,-99,NA,,213,1,41,1,4,40-49
2673,AUS,Australia,invalid,rule_A_only,0,NORMAL,,0,0,0,0,0,4.0,5.775854212664213,0.17149858514250882,-99,NA,,213,1,48,1,4,40-49
2677,AUS,Australia,invalid,rule_A_only,0,NORMAL,,0,0,0,0,0,3.0,5.6532136466410945,-0.08304547985373997,NA,-99,,213,1,46,1,4,40-49
2680,AUS,Australia,invalid,rule_A_only,0,NORMAL,,0,0,0,0,0,5.0,4.774192659847486,0.0,NA,-99,,213,1,42,1,4,40-49
2682,AUS,Australia,invalid,rule_A_only,0,NORMAL,,0,0,0,0,0,4.0,6.143933878029764,-0.4763305116224668,NA,-99,,213,1,43,1,4,40-49
2684,AUS,Australia,invalid,rule_A_only,0,NORMAL,,0,0,0,0,0,3.0,4.716638841067978,0.7071067811865476,-99,NA,,213,1,44,1,4,40-49
2707,AUS,Australia,invalid,rule_A_only,0,NORMAL,,0,0,0,0,0,14.0,4.343170086629904,,-99,NA,,213,1,27,1,4,18-29
2735,AUS,Australia,invalid,rule_A_only,0,NORMAL,,0,0,0,0,0,4.0,4.849344220895105,-0.5,-99,NA,,213,1,44,1,4,40-49
2736,AUS,Australia,invalid,rule_A_only,0,NORMAL,,0,0,0,0,0,3.0,5.553566549041869,0.0,NA,-99,,213,1,39,1,4,30-39
2739,AUS,Australia,invalid,rule_A_only,0,NORMAL,,0,0,0,0,0,6.0,5.267826004044166,0.0,-99,NA,,213,1,46,1,4,40-49
2763,AUS,Australia,invalid,rule_A_only,0,NORMAL,,0,0,0,0,0,4.0,5.491118047491889,-0.242535625036333,-99,NA,,213,1,44,1,4,40-49
2768,AUS,Australia,invalid,rule_A_only,0,NORMAL,,0,0,0,0,0,6.0,5.910283145445424,-0.31622776601683794,-99,NA,,213,1,33,1,4,30-39
2790,AUS,Australia,invalid,rule_A_only,0,NORMAL,,0,0,0,0,0,5.0,5.344705187526717,0.6470588235294118,NA,-99,,213,1,23,1,4,18-29
2825,AUS,Australia,invalid,rule_A_only,5,NORMAL,,0,0,0,0,0,8.0,4.096090946168538,,NA,Facts,,213,1,27,1,4,18-29
2836,AUS,Australia,invalid,rule_A_only,5,NORMAL,,0,0,0,0,0,5.0,4.04938271687751,-0.31622776601683794,about,NA,,213,1,33,1,4,30-39
2873,AUS,Australia,invalid,rule_A_only,0,NORMAL,,0,0,0,0,0,5.0,4.749194557361652,-0.34299717028501764,-99,NA,,213,1,37,0,4,30-39
2881,AUS,Australia,invalid,rule_A_only,0,NORMAL,,0,0,0,0,0,3.0,5.023021398323231,-0.25,NA,-99,,213,1,49,1,4,40-49
2883,AUS,Australia,invalid,rule_A_only,0,NORMAL,,0,0,0,0,0,5.0,4.792915636991302,0.6123724356957946,-99,NA,,213,1,32,1,4,30-39
2884,AUS,Australia,invalid,rule_A_only,0,NORMAL,,0,0,0,0,0,4.0,5.7935072378472405,-0.2,NA,-99,,213,1,41,1,4,40-49
2885,AUS,Australia,invalid,rule_A_only,0,NORMAL,,0,0,0,0,0,3.0,4.989321324607097,-0.7071067811865476,NA,-99,,213,1,39,1,4,30-39
2886,AUS,Australia,invalid,rule_A_only,0,NORMAL,,0,0,0,0,0,5.0,4.697015527529026,-0.25,-99,NA,,213,1,41,1,4,40-49
2887,AUS,Australia,invalid,rule_A_only,0,NORMAL,,0,0,0,0,0,5.0,3.8459718689778892,-0.31622776601683794,NA,-99,,213,1,31,1,4,30-39
2888,AUS,Australia,invalid,rule_A_only,0,NORMAL,,0,0,0,0,0,7.0,5.047325128397135,,NA,-99,,213,1,32,1,4,30-39
2889,AUS,Australia,invalid,rule_A_only,0,NORMAL,,0,0,0,0,0,4.0,5.411693275437109,-0.7071067811865476,NA,-99,,213,1,33,1,4,30-39
2894,AUS,Australia,invalid,rule_A_only,0,NORMAL,,0,0,0,0,0,7.0,4.688782289099422,0.242535625036333,-99,NA,,213,1,35,1,4,30-39
2895,AUS,Australia,invalid,rule_A_only,0,NORMAL,,0,0,0,0,0,3.0,4.313879426200716,0.6123724356957946,NA,-99,,213,1,36,1,4,30-39
2896,AUS,Australia,invalid,rule_A_only,0,NORMAL,,0,0,0,0,0,3.0,5.127762596955868,0.15811388300841897,NA,-99,,213,1,38,1,4,30-39
2897,AUS,Australia,invalid,rule_A_only,0,NORMAL,,0,0,0,0,0,6.0,4.593152970493259,,-99,NA,,213,1,37,1,4,30-39
2902,AUS,Australia,invalid,rule_A_only,0,NORMAL,,0,0,0,0,0,3.0,4.931956850704438,0.0,NA,-99,,213,1,37,1,4,30-39
2910,AUS,Australia,invalid,rule_A_only,0,NORMAL,,0,0,0,0,0,3.0,5.386432324893023,-0.29277002188455997,NA,-99,,213,1,41,1,4,40-49
2912,AUS,Australia,invalid,rule_A_only,0,NORMAL,,0,0,0,0,0,4.0,5.457043832182998,0.408248290463863,-99,NA,,213,1,22,0,4,18-29
2915,AUS,Australia,invalid,rule_A_only,0,NORMAL,,0,0,0,0,0,5.0,3.9850372756614942,,-99,NA,,213,1,38,1,4,30-39
2916,AUS,Australia,invalid,rule_A_only,4,NORMAL,,0,0,0,0,0,10.0,4.60128158593509,0.2,Kids,NA,,213,1,51,0,3,50-59
2918,AUS,Australia,invalid,rule_A_only,0,NORMAL,,0,0,0,0,0,4.0,4.875977304948907,0.0,NA,-99,,213,1,47,1,4,40-49
2923,AUS,Australia,invalid,rule_A_only,1,NORMAL,,0,0,0,0,0,3.0,7.931323695696957,-0.43000658178376583,.,NA,,213,1,40,0,4,40-49
2928,AUS,Australia,invalid,rule_A_only,0,NORMAL,,0,0,0,0,0,5.0,4.825906036493947,-0.7592566023652966,-99,NA,,213,1,31,1,4,30-39
2931,AUS,Australia,invalid,rule_A_only,0,NORMAL,,0,0,0,0,0,4.0,6.675598444635834,0.0,NA,-99,,213,1,32,1,4,30-39
2935,AUS,Australia,invalid,rule_A_only,0,NORMAL,,0,0,0,0,0,4.0,3.6810653668779727,,NA,-99,,213,1,31,1,4,30-39
2938,AUS,Australia,invalid,rule_A_only,0,NORMAL,,0,0,0,0,0,3.0,6.095710169954697,-0.4338609156373123,-99,NA,,213,1,48,1,4,40-49
2940,AUS,Australia,invalid,rule_A_only,0,NORMAL,,0,0,0,0,0,2.0,6.379240873284555,-0.3872983346207417,-99,NA,,213,1,37,1,4,30-39
2942,AUS,Australia,invalid,rule_A_only,0,NORMAL,,0,0,0,0,0,5.0,3.82685703191095,-0.6324555320336759,NA,-99,,213,1,38,1,4,30-39
2953,AUS,Australia,invalid,rule_A_only,0,NORMAL,,0,0,0,0,0,4.0,6.812304765988847,0.5477225575051661,-99,NA,,213,1,42,1,4,40-49
3022,AUS,Australia,invalid,rule_A_only,0,NORMAL,,0,0,0,0,0,7.0,4.117448417745119,-0.7071067811865476,-99,NA,,213,1,35,1,4,30-39
3024,AUS,Australia,invalid,rule_A_only,5,NORMAL,,0,0,0,0,0,12.0,3.088612368381213,0.2,great,NA,,213,1,58,1,4,50-59
3098,AUS,Australia,invalid,rule_A_only,1,NORMAL,,0,0,0,0,0,12.0,8.214618870036968,,-,NA,,213,1,43,1,4,40-49
3129,AUS,Australia,invalid,rule_A_only,0,NORMAL,,0,0,0,0,0,4.0,4.238024420183637,-0.10846522890932808,NA,-99,,213,1,35,1,4,30-39
3136,AUS,Australia,invalid,rule_A_only,0,NORMAL,,0,0,0,0,0,4.0,4.059478075124423,-0.31622776601683794,-99,NA,,213,1,35,1,4,30-39
3139,AUS,Australia,invalid,rule_A_only,0,NORMAL,,0,0,0,0,0,4.0,4.323759974540439,,-99,NA,,213,1,36,1,4,30-39
3141,AUS,Australia,invalid,rule_A_only,0,NORMAL,,0,0,0,0,0,4.0,4.093242706833336,,-99,NA,,213,1,38,1,4,30-39
3142,AUS,Australia,invalid,rule_A_only,0,NORMAL,,0,0,0,0,0,4.0,4.82330088040076,0.3872983346207417,NA,-99,,213,1,35,1,4,30-39
3150,AUS,Australia,invalid,rule_A_only,0,NORMAL,,0,0,0,0,0,6.0,4.647243447579587,0.0,NA,-99,,213,1,43,1,4,40-49
3156,AUS,Australia,invalid,rule_A_only,0,NORMAL,,0,0,0,0,0,4.0,4.773235767794642,0.0,-99,NA,,213,1,39,1,4,30-39
3162,AUS,Australia,invalid,rule_A_only,0,NORMAL,,0,0,0,0,0,5.0,5.121893932479045,0.0,NA,-99,,213,1,40,1,4,40-49
3247,AUS,Australia,invalid,rule_A_only,0,NORMAL,,0,0,0,0,0,12.0,7.312110219222561,0.7652990331059187,None,NA,,213,1,40,1,4,40-49
3334,AUS,Australia,invalid,rule_A_only,5,NORMAL,,0,0,0,0,0,6.0,4.734405839846449,-0.10846522890932808,NA,major,,213,1,25,1,4,18-29
3485,AUS,Australia,invalid,rule_A_only,0,NORMAL,,0,0,0,0,0,4.0,6.006210430224209,0.0,None,NA,,213,1,40,1,3,40-49
3502,AUS,Australia,invalid,rule_A_only,0,NORMAL,,0,0,0,0,0,4.0,6.253167425996204,0.41522739926869984,-99,NA,,213,1,38,1,4,30-39
3506,AUS,Australia,invalid,rule_A_only,0,NORMAL,,0,0,0,0,0,3.0,4.103035600586561,,NA,-99,,213,1,45,0,4,40-49
3520,AUS,Australia,invalid,rule_A_only,0,NORMAL,,0,0,0,0,0,5.0,6.049154663930035,0.0,NA,-99,,213,1,40,1,4,40-49
3521,AUS,Australia,invalid,rule_A_only,0,NORMAL,,0,0,0,0,0,3.0,4.998856237398997,,-99,NA,,213,1,27,1,4,18-29
3522,AUS,Australia,invalid,rule_A_only,0,NORMAL,,0,0,0,0,0,4.0,4.628282715420839,0.0,-99,NA,,213,1,26,1,4,18-29
3523,AUS,Australia,invalid,rule_A_only,0,NORMAL,,0,0,0,0,0,4.0,3.7798706300968976,,-99,NA,,213,1,48,1,4,40-49
3530,AUS,Australia,invalid,rule_A_only,0,NORMAL,,0,0,0,0,0,4.0,4.364351614303848,,-99,NA,,213,1,46,1,4,40-49
3531,AUS,Australia,invalid,rule_A_only,0,NORMAL,,0,0,0,0,0,5.0,5.012935341681628,-0.25,NA,-99,,213,1,46,1,4,40-49
3534,AUS,Australia,invalid,rule_A_only,0,NORMAL,,0,0,0,0,0,5.0,4.536649898549142,-0.4472135954999579,-99,NA,,213,1,45,1,4,40-49
3537,AUS,Australia,invalid,rule_A_only,0,NORMAL,,0,0,0,0,0,4.0,4.048183086449692,,NA,-99,,213,1,44,1,4,40-49
3538,AUS,Australia,invalid,rule_A_only,0,NORMAL,,0,0,0,0,0,4.0,3.880812698698144,1.0,-99,NA,,213,1,38,1,4,30-39
3539,AUS,Australia,invalid,rule_A_only,0,NORMAL,,0,0,0,0,0,4.0,3.9477988624038844,-0.5,NA,-99,,213,1,38,1,4,30-39
3540,AUS,Australia,invalid,rule_A_only,0,NORMAL,,0,0,0,0,0,8.0,3.6698759078454044,-0.31622776601683794,NA,-99,,213,1,44,1,4,40-49
3541,AUS,Australia,invalid,rule_A_only,0,NORMAL,,0,0,0,0,0,5.0,4.549097027818096,0.0,-99,NA,,213,1,45,1,4,40-49
3543,AUS,Australia,invalid,rule_A_only,0,NORMAL,,0,0,0,0,0,4.0,3.6493789431279167,0.0,NA,-99,,213,1,30,1,4,30-39
3545,AUS,Australia,invalid,rule_A_only,0,NORMAL,,0,0,0,0,0,4.0,3.9723206514563993,,-99,NA,,213,1,44,1,4,40-49
3547,AUS,Australia,invalid,rule_A_only,0,NORMAL,,0,0,0,0,0,4.0,3.9936204896209873,-0.3333333333333333,-99,NA,,213,1,44,1,4,40-49
3548,AUS,Australia,invalid,rule_A_only,0,NORMAL,,0,0,0,0,0,5.0,4.980665866926739,-0.17149858514250882,NA,-99,,213,1,24,1,4,18-29
3549,AUS,Australia,invalid,rule_A_only,0,NORMAL,,0,0,0,0,0,3.0,4.091016366641353,-0.4472135954999579,NA,-99,,213,1,44,1,4,40-49
3550,AUS,Australia,invalid,rule_A_only,0,NORMAL,,0,0,0,0,0,4.0,4.522899572205035,0.0,NA,-99,,213,1,44,1,4,40-49
3551,AUS,Australia,invalid,rule_A_only,0,NORMAL,,0,0,0,0,0,5.0,5.1485879684554625,0.2,NA,-99,,213,1,44,1,4,40-49
3553,AUS,Australia,invalid,rule_A_only,0,NORMAL,,0,0,0,0,0,4.0,5.32819673463523,,NA,-99,,213,1,35,1,4,30-39
3554,AUS,Australia,invalid,rule_A_only,0,NORMAL,,0,0,0,0,0,3.0,5.185859539637671,-0.4472135954999579,NA,-99,,213,1,46,1,4,40-49
3555,AUS,Australia,invalid,rule_A_only,0,NORMAL,,0,0,0,0,0,4.0,5.866036866117514,0.7938841860374447,-99,NA,,213,1,35,1,4,30-39
3556,AUS,Australia,invalid,rule_A_only,0,NORMAL,,0,0,0,0,0,6.0,5.639135775729306,,-99,NA,,213,1,36,1,4,30-39
3593,AUS,Australia,invalid,rule_A_only,0,NORMAL,,0,0,0,0,0,7.0,4.044468220031715,,NA,-99,,213,1,32,1,4,30-39
3615,AUS,Australia,invalid,rule_A_only,0,NORMAL,,0,0,0,0,0,4.0,4.879323474792147,-0.6324555320336759,NA,-99,,213,1,43,1,4,40-49
3639,AUS,Australia,invalid,rule_A_only,0,NORMAL,,0,0,0,0,0,5.0,4.286617266062985,-0.31622776601683794,-99,NA,,213,1,32,1,4,30-39
3656,AUS,Australia,invalid,rule_A_only,0,NORMAL,,0,0,0,0,0,4.0,4.85109229995209,0.0,-99,NA,,213,1,44,1,4,40-49
3676,AUS,Australia,invalid,rule_A_only,0,NORMAL,,0,0,0,0,0,3.0,4.850509063620793,,-99,NA,,213,1,34,1,4,30-39
3677,AUS,Australia,invalid,rule_A_only,0,NORMAL,,0,0,0,0,0,4.0,4.506312969235806,-0.2,NA,-99,,213,1,46,1,4,40-49
3678,AUS,Australia,invalid,rule_A_only,0,NORMAL,,0,0,0,0,0,4.0,4.347585174926185,,-99,NA,,213,1,32,1,4,30-39
3680,AUS,Australia,invalid,rule_A_only,0,NORMAL,,0,0,0,0,0,4.0,4.248538569402261,-0.7071067811865476,-99,NA,,213,1,33,1,4,30-39
3681,AUS,Australia,invalid,rule_A_only,0,NORMAL,,0,0,0,0,0,6.0,4.040775836141633,-0.4472135954999579,NA,-99,,213,1,34,1,4,30-39
3685,AUS,Australia,invalid,rule_A_only,0,NORMAL,,0,0,0,0,0,6.0,3.832799064195992,,NA,-99,,213,1,35,1,4,30-39
3686,AUS,Australia,invalid,rule_A_only,0,NORMAL,,0,0,0,0,0,5.0,4.915340386630305,-0.31622776601683794,NA,-99,,213,1,42,1,4,40-49
3687,AUS,Australia,invalid,rule_A_only,0,NORMAL,,0,0,0,0,0,5.0,4.445070341085145,0.0,NA,-99,,213,1,34,1,4,30-39
3688,AUS,Australia,invalid,rule_A_only,0,NORMAL,,0,0,0,0,0,6.0,4.242844375512551,-0.7071067811865476,-99,NA,,213,1,36,1,4,30-39
3690,AUS,Australia,invalid,rule_A_only,0,NORMAL,,0,0,0,0,0,6.0,3.809652611919768,0.5,NA,-99,,213,1,35,1,4,30-39
3691,AUS,Australia,invalid,rule_A_only,0,NORMAL,,0,0,0,0,0,6.0,4.105575267794774,-0.3333333333333333,NA,-99,,213,1,37,1,4,30-39
3692,AUS,Australia,invalid,rule_A_only,0,NORMAL,,0,0,0,0,0,4.0,4.043472667483531,-0.7071067811865476,NA,-99,,213,1,47,0,4,40-49
3693,AUS,Australia,invalid,rule_A_only,0,NORMAL,,0,0,0,0,0,3.0,4.3522700530654825,,NA,-99,,213,1,44,1,4,40-49
3694,AUS,Australia,invalid,rule_A_only,0,NORMAL,,0,0,0,0,0,3.0,4.336725384652858,-0.5,NA,-99,,213,1,44,1,4,40-49
3695,AUS,Australia,invalid,rule_A_only,0,NORMAL,,0,0,0,0,0,5.0,3.9908304650509563,0.31622776601683794,-99,NA,,213,1,44,0,4,40-49
3698,AUS,Australia,invalid,rule_A_only,0,NORMAL,,0,0,0,0,0,3.0,4.781683140279281,0.0,-99,NA,,213,1,44,1,4,40-49
3702,AUS,Australia,invalid,rule_A_only,0,NORMAL,,0,0,0,0,0,3.0,4.0339206671194345,,NA,-99,,213,1,44,1,4,40-49
3703,AUS,Australia,invalid,rule_A_only,0,NORMAL,,0,0,0,0,0,6.0,3.5284757006398415,,NA,-99,,213,1,44,0,4,40-49
3704,AUS,Australia,invalid,rule_A_only,0,NORMAL,,0,0,0,0,0,4.0,4.751809941255215,,NA,-99,,213,1,47,0,4,40-49
3705,AUS,Australia,invalid,rule_A_only,0,NORMAL,,0,0,0,0,0,5.0,3.6019449814815685,,NA,-99,,213,1,48,0,4,40-49
3707,AUS,Australia,invalid,rule_A_only,0,NORMAL,,0,0,0,0,0,6.0,4.061926296029255,,NA,-99,,213,1,45,0,4,40-49
3708,AUS,Australia,invalid,rule_A_only,0,NORMAL,,0,0,0,0,0,4.0,3.887149897653938,,-99,NA,,213,1,47,0,4,40-49
3710,AUS,Australia,invalid,rule_A_only,0,NORMAL,,0,0,0,0,0,3.0,5.281269810227217,0.31622776601683794,-99,NA,,213,1,23,1,4,18-29
3711,AUS,Australia,invalid,rule_A_only,0,NORMAL,,0,0,0,0,0,5.0,6.007065310547652,-0.13130643285972254,NA,-99,,213,1,25,1,4,18-29
3715,AUS,Australia,invalid,rule_A_only,0,NORMAL,,0,0,0,0,0,7.0,4.029402989166101,,NA,-99,,213,1,31,1,4,30-39
3716,AUS,Australia,invalid,rule_A_only,0,NORMAL,,0,0,0,0,0,4.0,3.9434339831622327,0.0,-99,NA,,213,1,25,1,4,18-29
3719,AUS,Australia,invalid,rule_A_only,0,NORMAL,,0,0,0,0,0,4.0,4.2081311272283415,,NA,-99,,213,1,47,1,4,40-49
3723,AUS,Australia,invalid,rule_A_only,0,NORMAL,,0,0,0,0,0,5.0,4.127612875343948,,-99,NA,,213,1,44,0,4,40-49
3724,AUS,Australia,invalid,rule_A_only,0,NORMAL,,0,0,0,0,0,5.0,4.265749046097209,0.3333333333333333,-99,NA,,213,1,24,1,4,18-29
3725,AUS,Australia,invalid,rule_A_only,0,NORMAL,,0,0,0,0,0,3.0,4.246150001404009,-0.4472135954999579,-99,NA,,213,1,29,1,4,18-29
3726,AUS,Australia,invalid,rule_A_only,0,NORMAL,,0,0,0,0,0,3.0,4.891477167178506,,-99,NA,,213,1,25,1,4,18-29
3727,AUS,Australia,invalid,rule_A_only,0,NORMAL,,0,0,0,0,0,4.0,5.35663412568148,0.242535625036333,NA,-99,,213,1,40,1,4,40-49
3728,AUS,Australia,invalid,rule_A_only,0,NORMAL,,0,0,0,0,0,4.0,3.805550687520261,,NA,-99,,213,1,45,1,4,40-49
3729,AUS,Australia,invalid,rule_A_only,0,NORMAL,,0,0,0,0,0,7.0,3.8546752560700557,-0.25,NA,-99,,213,1,27,1,4,18-29
3730,AUS,Australia,invalid,rule_A_only,0,NORMAL,,0,0,0,0,0,4.0,5.781358770382248,0.5423261445466404,NA,-99,,213,1,40,1,4,40-49
3731,AUS,Australia,invalid,rule_A_only,0,NORMAL,,0,0,0,0,0,4.0,5.699592809470633,-0.4629100498862757,NA,-99,,213,1,40,1,4,40-49
3732,AUS,Australia,invalid,rule_A_only,0,NORMAL,,0,0,0,0,0,4.0,4.507925108397801,1.0,NA,-99,,213,1,30,1,4,30-39
3733,AUS,Australia,invalid,rule_A_only,0,NORMAL,,0,0,0,0,0,6.0,4.099710097587887,0.4472135954999579,-99,NA,,213,1,NA,1,4,NA
3734,AUS,Australia,invalid,rule_A_only,0,NORMAL,,0,0,0,0,0,4.0,4.781442115344088,-0.4472135954999579,NA,-99,,213,1,33,1,4,30-39
3735,AUS,Australia,invalid,rule_A_only,0,NORMAL,,0,0,0,0,0,5.0,4.863324673715572,0.0,-99,NA,,213,1,34,1,4,30-39
3736,AUS,Australia,invalid,rule_A_only,0,NORMAL,,0,0,0,0,0,3.0,4.357381190977957,,-99,NA,,213,1,32,1,4,30-39
3737,AUS,Australia,invalid,rule_A_only,0,NORMAL,,0,0,0,0,0,5.0,3.930523866494265,,-99,NA,,213,1,39,1,4,30-39
3738,AUS,Australia,invalid,rule_A_only,0,NORMAL,,0,0,0,0,0,3.0,4.402512854003774,-0.7071067811865476,-99,NA,,213,1,46,1,4,40-49
3739,AUS,Australia,invalid,rule_A_only,0,NORMAL,,0,0,0,0,0,4.0,4.101896123320544,,-99,NA,,213,1,41,1,4,40-49
3740,AUS,Australia,invalid,rule_A_only,0,NORMAL,,0,0,0,0,0,5.0,4.214502901251179,-0.6324555320336759,NA,-99,,213,1,43,0,4,40-49
3741,AUS,Australia,invalid,rule_A_only,0,NORMAL,,0,0,0,0,0,4.0,5.126519287022748,,NA,-99,,213,1,46,1,4,40-49
3742,AUS,Australia,invalid,rule_A_only,0,NORMAL,,0,0,0,0,0,4.0,4.0667893071548376,-0.5,NA,-99,,213,1,44,1,4,40-49
3743,AUS,Australia,invalid,rule_A_only,0,NORMAL,,0,0,0,0,0,3.0,5.128272222751589,0.31622776601683794,-99,NA,,213,1,31,1,4,30-39
3958,AUS,Australia,invalid,rule_A_only,0,NORMAL,,0,0,0,0,0,3.0,4.4718974151227,-0.5,NA,-99,,213,1,18,1,4,18-29
3959,AUS,Australia,invalid,rule_A_only,0,NORMAL,,0,0,0,0,0,4.0,4.103347123340874,,NA,-99,,213,1,19,1,4,18-29
3960,AUS,Australia,invalid,rule_A_only,0,NORMAL,,0,0,0,0,0,4.0,4.98746987503125,,NA,-99,,213,1,54,1,4,50-59
3963,AUS,Australia,invalid,rule_A_only,0,NORMAL,,0,0,0,0,0,3.0,5.759250030397866,0.227429413073671,-99,NA,,213,1,56,1,4,50-59
3964,AUS,Australia,invalid,rule_A_only,0,NORMAL,,0,0,0,0,0,4.0,6.286880637310975,,NA,-99,,213,1,55,1,4,50-59
3965,AUS,Australia,invalid,rule_A_only,0,NORMAL,,0,0,0,0,0,3.0,5.866675723913624,0.21693045781865616,-99,NA,,213,1,54,1,4,50-59
3966,AUS,Australia,invalid,rule_A_only,0,NORMAL,,0,0,0,0,0,4.0,4.625574063206839,0.0,-99,NA,,213,1,18,1,4,18-29
3967,AUS,Australia,invalid,rule_A_only,0,NORMAL,,0,0,0,0,0,3.0,6.238789525826593,0.7745966692414834,-99,NA,,213,1,58,1,4,50-59
3968,AUS,Australia,invalid,rule_A_only,0,NORMAL,,0,0,0,0,0,4.0,5.938431088078236,-0.4763305116224668,-99,NA,,213,1,57,1,4,50-59
3977,AUS,Australia,invalid,rule_A_only,0,NORMAL,,0,0,0,0,0,3.0,4.722554691453319,-0.7071067811865476,-99,NA,,213,1,53,1,4,50-59
3980,AUS,Australia,invalid,rule_A_only,0,NORMAL,,0,0,0,0,0,3.0,3.8556527204815123,-0.6123724356957946,NA,-99,,213,1,58,1,4,50-59
3982,AUS,Australia,invalid,rule_A_only,0,NORMAL,,0,0,0,0,0,6.0,4.812106633702268,0.10846522890932808,NA,-99,,213,1,56,1,4,50-59
3985,AUS,Australia,invalid,rule_A_only,0,NORMAL,,0,0,0,0,0,4.0,4.1795968788598,-0.7071067811865476,-99,NA,,213,1,58,1,4,50-59
3986,AUS,Australia,invalid,rule_A_only,0,NORMAL,,0,0,0,0,0,3.0,5.772314717759063,0.0,NA,-99,,213,1,51,1,4,50-59
3987,AUS,Australia,invalid,rule_A_only,0,NORMAL,,0,0,0,0,0,4.0,4.7639449728021095,-0.31622776601683794,NA,-99,,213,1,52,1,4,50-59
3988,AUS,Australia,invalid,rule_A_only,0,NORMAL,,0,0,0,0,0,3.0,5.851145683722512,-0.2970442628930023,NA,-99,,213,1,57,1,4,50-59
3989,AUS,Australia,invalid,rule_A_only,0,NORMAL,,0,0,0,0,0,4.0,6.242190672133484,0.5393598899705937,NA,-99,,213,1,53,1,4,50-59
3990,AUS,Australia,invalid,rule_A_only,0,NORMAL,,0,0,0,0,0,3.0,6.536755019686185,-0.8017837257372732,-99,NA,,213,1,54,1,4,50-59
3993,AUS,Australia,invalid,rule_A_only,0,NORMAL,,0,0,0,0,0,3.0,4.133260231353475,-0.4082482904638631,-99,NA,,213,1,59,1,4,50-59
3994,AUS,Australia,invalid,rule_A_only,0,NORMAL,,0,0,0,0,0,3.0,5.997563098696666,-0.3152641443777315,NA,-99,,213,1,58,1,4,50-59
3995,AUS,Australia,invalid,rule_A_only,0,NORMAL,,0,0,0,0,0,3.0,6.228897221710095,0.816496580927726,-99,NA,,213,1,56,1,4,50-59
3996,AUS,Australia,invalid,rule_A_only,0,NORMAL,,0,0,0,0,0,4.0,4.610251696852632,-0.4472135954999579,-99,NA,,213,1,18,1,4,18-29
3997,AUS,Australia,invalid,rule_A_only,0,NORMAL,,0,0,0,0,0,3.0,5.249733594668248,,-99,NA,,213,1,19,1,4,18-29
3998,AUS,Australia,invalid,rule_A_only,0,NORMAL,,0,0,0,0,0,3.0,5.192264497189935,-0.3952847075210474,-99,NA,,213,1,56,1,4,50-59
3999,AUS,Australia,invalid,rule_A_only,0,NORMAL,,0,0,0,0,0,3.0,4.531782837699915,-0.6324555320336759,NA,-99,,213,1,57,1,4,50-59
4000,AUS,Australia,invalid,rule_A_only,0,NORMAL,,0,0,0,0,0,4.0,5.1705577698561545,,NA,-99,,213,1,57,1,4,50-59
4001,AUS,Australia,invalid,rule_A_only,0,NORMAL,,0,0,0,0,0,3.0,4.698321627072392,-0.4472135954999579,-99,NA,,213,1,56,1,4,50-59
4002,AUS,Australia,invalid,rule_A_only,0,NORMAL,,0,0,0,0,0,4.0,3.8998878208969434,-0.5,-99,NA,,213,1,56,1,4,50-59
4003,AUS,Australia,invalid,rule_A_only,0,NORMAL,,0,0,0,0,0,3.0,3.9460201936380574,-0.5,NA,-99,,213,1,57,1,4,50-59
4004,AUS,Australia,invalid,rule_A_only,0,NORMAL,,0,0,0,0,0,6.0,4.006264710805043,-0.4472135954999579,-99,NA,,213,1,57,1,4,50-59
4005,AUS,Australia,invalid,rule_A_only,0,NORMAL,,0,0,0,0,0,6.0,3.902764397983849,-0.5,NA,-99,,213,1,58,1,4,50-59
4006,AUS,Australia,invalid,rule_A_only,0,NORMAL,,0,0,0,0,0,5.0,4.797505460094995,0.242535625036333,-99,NA,,213,1,57,1,4,50-59
4008,AUS,Australia,invalid,rule_A_only,0,NORMAL,,0,0,0,0,0,5.0,3.7804105672640618,,-99,NA,,213,1,57,1,4,50-59
4009,AUS,Australia,invalid,rule_A_only,0,NORMAL,,0,0,0,0,0,5.0,7.549572888664375,0.768273325346536,-99,NA,,213,1,56,1,4,50-59
4010,AUS,Australia,invalid,rule_A_only,0,NORMAL,,0,0,0,0,0,4.0,4.711489945383006,0.0,NA,-99,,213,1,55,1,4,50-59
4011,AUS,Australia,invalid,rule_A_only,0,NORMAL,,0,0,0,0,0,3.0,5.880852187747277,-0.5855400437691199,-99,NA,,213,1,51,1,4,50-59
4012,AUS,Australia,invalid,rule_A_only,0,NORMAL,,0,0,0,0,0,5.0,5.792304527534678,0.13130643285972254,NA,-99,,213,1,54,1,4,50-59
4013,AUS,Australia,invalid,rule_A_only,0,NORMAL,,0,0,0,0,0,3.0,5.371196488205276,-0.25,NA,-99,,213,1,52,1,4,50-59
4014,AUS,Australia,invalid,rule_A_only,0,NORMAL,,0,0,0,0,0,4.0,5.9499776242886675,0.8660254037844387,-99,NA,,213,1,53,0,4,50-59
4019,AUS,Australia,invalid,rule_A_only,0,NORMAL,,0,0,0,0,0,4.0,4.0479661192837995,-0.31622776601683794,NA,-99,,213,1,18,1,4,18-29
4020,AUS,Australia,invalid,rule_A_only,0,NORMAL,,0,0,0,0,0,5.0,4.415341893091572,-0.31622776601683794,NA,-99,,213,1,19,1,4,18-29
4029,AUS,Australia,invalid,rule_A_only,0,NORMAL,,0,0,0,0,0,4.0,3.8133418288298886,,NA,-99,,213,1,56,1,4,50-59
4034,AUS,Australia,invalid,rule_A_only,0,NORMAL,,0,0,0,0,0,6.0,4.351131145147282,,-99,NA,,213,1,59,1,4,50-59
4035,AUS,Australia,invalid,rule_A_only,0,NORMAL,,0,0,0,0,0,5.0,3.795908792910204,,NA,-99,,213,1,58,1,4,50-59
4036,AUS,Australia,invalid,rule_A_only,0,NORMAL,,0,0,0,0,0,3.0,4.3473247289389745,,-99,NA,,213,1,59,1,4,50-59
4037,AUS,Australia,invalid,rule_A_only,0,NORMAL,,0,0,0,0,0,3.0,4.62766137123454,1.0,NA,-99,,213,1,57,1,4,50-59
4039,AUS,Australia,invalid,rule_A_only,0,NORMAL,,0,0,0,0,0,4.0,5.43823021234492,,NA,-99,,213,1,52,1,4,50-59
4040,AUS,Australia,invalid,rule_A_only,0,NORMAL,,0,0,0,0,0,3.0,5.947704194041496,-0.3779644730092272,NA,-99,,213,1,53,1,4,50-59
4041,AUS,Australia,invalid,rule_A_only,0,NORMAL,,0,0,0,0,0,4.0,6.336878945311523,-0.29277002188455997,-99,NA,,213,1,54,1,4,50-59
4042,AUS,Australia,invalid,rule_A_only,0,NORMAL,,0,0,0,0,0,4.0,4.909695909024096,0.15811388300841897,NA,-99,,213,1,55,1,4,50-59
4043,AUS,Australia,invalid,rule_A_only,0,NORMAL,,0,0,0,0,0,3.0,4.794066242489178,-0.7071067811865476,NA,-99,,213,1,19,1,4,18-29
4044,AUS,Australia,invalid,rule_A_only,0,NORMAL,,0,0,0,0,0,4.0,6.061630242205697,0.21693045781865616,-99,NA,,213,1,56,1,4,50-59
4046,AUS,Australia,invalid,rule_A_only,0,NORMAL,,0,0,0,0,0,3.0,6.875254643010107,0.4,NA,-99,,213,1,55,1,4,50-59
4047,AUS,Australia,invalid,rule_A_only,0,NORMAL,,0,0,0,0,0,3.0,6.180413804901434,-0.3321819194149599,-99,NA,,213,1,54,1,4,50-59
4048,AUS,Australia,invalid,rule_A_only,0,NORMAL,,0,0,0,0,0,3.0,6.720011450212749,-0.49541508402214945,NA,-99,,213,1,53,1,4,50-59
4049,AUS,Australia,invalid,rule_A_only,0,NORMAL,,0,0,0,0,0,2.0,6.983581823662938,0.3793103448275862,NA,-99,,213,1,51,1,4,50-59
4050,AUS,Australia,invalid,rule_A_only,0,NORMAL,,0,0,0,0,0,3.0,6.779479451985046,-0.16609095970747995,-99,NA,,213,1,52,1,4,50-59
4055,AUS,Australia,invalid,rule_A_only,0,NORMAL,,0,0,0,0,0,5.0,4.121356754253116,0.0,NA,-99,,213,1,59,1,4,50-59
4058,AUS,Australia,invalid,rule_A_only,0,NORMAL,,0,0,0,0,0,3.0,5.418530911408579,0.08304547985373997,NA,-99,,213,1,19,1,4,18-29
4059,AUS,Australia,invalid,rule_A_only,0,NORMAL,,0,0,0,0,0,3.0,5.718192218034526,0.5423261445466404,NA,-99,,213,1,55,1,4,50-59
4060,AUS,Australia,invalid,rule_A_only,0,NORMAL,,0,0,0,0,0,5.0,3.660221518172401,-0.31622776601683794,-99,NA,,213,1,56,1,4,50-59
4061,AUS,Australia,invalid,rule_A_only,0,NORMAL,,0,0,0,0,0,8.0,4.672033275531388,-0.4472135954999579,-99,NA,,213,1,57,1,4,50-59
4063,AUS,Australia,invalid,rule_A_only,0,NORMAL,,0,0,0,0,0,5.0,4.120397681339754,-0.4472135954999579,NA,-99,,213,1,58,1,4,50-59
4064,AUS,Australia,invalid,rule_A_only,0,NORMAL,,0,0,0,0,0,3.0,4.474653315356414,-0.5,-99,NA,,213,1,59,1,4,50-59
4065,AUS,Australia,invalid,rule_A_only,0,NORMAL,,0,0,0,0,0,4.0,3.936971572130084,,-99,NA,,213,1,58,1,4,50-59
4066,AUS,Australia,invalid,rule_A_only,0,NORMAL,,0,0,0,0,0,7.0,3.9259348078649543,,NA,-99,,213,1,59,1,4,50-59
4067,AUS,Australia,invalid,rule_A_only,0,NORMAL,,0,0,0,0,0,3.0,5.32461934111999,-0.6324555320336759,-99,NA,,213,1,18,1,4,18-29
4068,AUS,Australia,invalid,rule_A_only,0,NORMAL,,0,0,0,0,0,4.0,4.960122203502209,-0.25,NA,-99,,213,1,18,1,4,18-29
4070,AUS,Australia,invalid,rule_A_only,0,NORMAL,,0,0,0,0,0,3.0,4.420876176518507,-0.7071067811865476,NA,-99,,213,1,58,1,4,50-59
4071,AUS,Australia,invalid,rule_A_only,0,NORMAL,,0,0,0,0,0,3.0,5.8670727224097705,-0.3872983346207417,-99,NA,,213,1,51,1,4,50-59
4072,AUS,Australia,invalid,rule_A_only,0,NORMAL,,0,0,0,0,0,3.0,5.762276475348774,0.7071067811865476,NA,-99,,213,1,52,1,4,50-59
4073,AUS,Australia,invalid,rule_A_only,0,NORMAL,,0,0,0,0,0,3.0,5.716256526708153,0.0,NA,-99,,213,1,53,1,4,50-59
4074,AUS,Australia,invalid,rule_A_only,0,NORMAL,,0,0,0,0,0,5.0,7.148343200222614,-0.21693045781865616,NA,-99,,213,1,56,1,4,50-59
4075,AUS,Australia,invalid,rule_A_only,0,NORMAL,,0,0,0,0,0,3.0,7.614134719500652,0.5738190417570045,NA,-99,,213,1,54,1,4,50-59
4077,AUS,Australia,invalid,rule_A_only,0,NORMAL,,0,0,0,0,0,2.0,6.435970871988782,-0.31622776601683794,NA,-99,,213,1,58,1,4,50-59
4078,AUS,Australia,invalid,rule_A_only,0,NORMAL,,0,0,0,0,0,4.0,6.790478907874256,0.4472135954999579,NA,-99,,213,1,57,1,4,50-59
4079,AUS,Australia,invalid,rule_A_only,0,NORMAL,,0,0,0,0,0,3.0,6.1672559938371725,0.0,-99,NA,,213,1,51,1,4,50-59
4080,AUS,Australia,invalid,rule_A_only,0,NORMAL,,0,0,0,0,0,4.0,5.571447150201755,,-99,NA,,213,1,58,1,4,50-59
4081,AUS,Australia,invalid,rule_A_only,0,NORMAL,,0,0,0,0,0,4.0,4.66887170617113,-0.6324555320336759,NA,-99,,213,1,58,1,4,50-59
4085,AUS,Australia,invalid,rule_A_only,0,NORMAL,,0,0,0,0,0,4.0,4.3204721410963085,0.0,NA,-99,,213,1,52,1,4,50-59
4086,AUS,Australia,invalid,rule_A_only,0,NORMAL,,0,0,0,0,0,5.0,4.273972006694029,-0.5,NA,-99,,213,1,57,1,4,50-59
4087,AUS,Australia,invalid,rule_A_only,0,NORMAL,,0,0,0,0,0,4.0,5.056097745700072,,-99,NA,,213,1,51,1,4,50-59
4088,AUS,Australia,invalid,rule_A_only,0,NORMAL,,0,0,0,0,0,4.0,5.53034455299004,-0.10846522890932808,-99,NA,,213,1,58,1,4,50-59
4091,AUS,Australia,invalid,rule_A_only,0,NORMAL,,0,0,0,0,0,4.0,4.519328999603174,-0.3333333333333333,NA,-99,,213,1,21,1,4,18-29
4092,AUS,Australia,invalid,rule_A_only,0,NORMAL,,0,0,0,0,0,3.0,4.75115957120861,-0.7071067811865476,-99,NA,,213,1,22,1,4,18-29
4093,AUS,Australia,invalid,rule_A_only,0,NORMAL,,0,0,0,0,0,4.0,4.732641102930286,-0.6324555320336759,-99,NA,,213,1,21,1,4,18-29
4094,AUS,Australia,invalid,rule_A_only,0,NORMAL,,0,0,0,0,0,4.0,5.196529112596548,-0.7745966692414834,-99,NA,,213,1,49,1,3,40-49
4100,AUS,Australia,invalid,rule_A_only,0,NORMAL,,0,0,0,0,0,5.0,4.405067340048531,0.0,-99,NA,,213,1,49,1,3,40-49
4101,AUS,Australia,invalid,rule_A_only,0,NORMAL,,0,0,0,0,0,5.0,4.672280846961633,0.2,-99,NA,,213,1,48,1,3,40-49
4102,AUS,Australia,invalid,rule_A_only,0,NORMAL,,0,0,0,0,0,4.0,4.579240662653029,-0.5773502691896257,NA,-99,,213,1,48,1,3,40-49
4103,AUS,Australia,invalid,rule_A_only,0,NORMAL,,0,0,0,0,0,14.0,3.8825757695889997,,-99,NA,,213,1,48,1,3,40-49
4106,AUS,Australia,invalid,rule_A_only,0,NORMAL,,0,0,0,0,0,3.0,5.136941939481028,-0.5,NA,-99,,213,1,51,0,4,50-59
4107,AUS,Australia,invalid,rule_A_only,0,NORMAL,,0,0,0,0,0,3.0,5.2184134366934565,,NA,-99,,213,1,52,0,4,50-59
4108,AUS,Australia,invalid,rule_A_only,0,NORMAL,,0,0,0,0,0,5.0,4.73972673840973,-0.31622776601683794,NA,-99,,213,1,23,1,4,18-29
4109,AUS,Australia,invalid,rule_A_only,0,NORMAL,,0,0,0,0,0,7.0,4.803915583522932,-0.7071067811865476,-99,NA,,213,1,23,1,4,18-29
4130,AUS,Australia,invalid,rule_A_only,0,NORMAL,,0,0,0,0,0,3.0,3.8903066833729865,,NA,-99,,213,1,21,1,4,18-29
4131,AUS,Australia,invalid,rule_A_only,0,NORMAL,,0,0,0,0,0,5.0,5.129406671186805,,-99,NA,,213,1,22,1,4,18-29
4142,AUS,Australia,invalid,rule_A_only,0,NORMAL,,0,0,0,0,0,3.0,8.008200095814956,0.5813183589761798,-99,NA,,213,1,55,1,4,50-59
4144,AUS,Australia,invalid,rule_A_only,0,NORMAL,,0,0,0,0,0,4.0,6.453739078851498,0.04503773491110449,-99,NA,,213,1,54,1,4,50-59
4146,AUS,Australia,invalid,rule_A_only,0,NORMAL,,0,0,0,0,0,3.0,5.0190487364559395,,NA,-99,,213,1,56,1,4,50-59
4147,AUS,Australia,invalid,rule_A_only,0,NORMAL,,0,0,0,0,0,3.0,4.6985567329844065,,-99,NA,,213,1,56,1,4,50-59
4149,AUS,Australia,invalid,rule_A_only,0,NORMAL,,0,0,0,0,0,2.0,4.559226244248016,-0.7071067811865476,-99,NA,,213,1,57,1,4,50-59
4154,AUS,Australia,invalid,rule_A_only,0,NORMAL,,0,0,0,0,0,5.0,4.7068022865503965,-0.6324555320336759,NA,-99,,213,1,57,1,4,50-59
4158,AUS,Australia,invalid,rule_A_only,0,NORMAL,,0,0,0,0,0,5.0,4.284681125687609,0.0,NA,-99,,213,1,18,1,4,18-29
4197,AUS,Australia,invalid,rule_A_only,0,NORMAL,,0,0,0,0,0,3.0,4.63497380580627,0.6324555320336759,NA,-99,,213,1,57,1,4,50-59
4198,AUS,Australia,invalid,rule_A_only,0,NORMAL,,0,0,0,0,0,3.0,5.14864697067451,,NA,-99,,213,1,57,1,4,50-59
4199,AUS,Australia,invalid,rule_A_only,0,NORMAL,,0,0,0,0,0,3.0,4.370920404881719,,-99,NA,,213,1,55,1,4,50-59
4200,AUS,Australia,invalid,rule_A_only,0,NORMAL,,0,0,0,0,0,3.0,4.571859187536852,,NA,-99,,213,1,56,1,4,50-59
4201,AUS,Australia,invalid,rule_A_only,0,NORMAL,,0,0,0,0,0,3.0,5.0272674146320915,,-99,NA,,213,1,58,1,4,50-59
4206,AUS,Australia,invalid,rule_A_only,0,NORMAL,,0,0,0,0,0,14.0,3.9711423020509775,0.5,-99,NA,,213,1,18,1,4,18-29
4210,AUS,Australia,invalid,rule_A_only,0,NORMAL,,0,0,0,0,0,3.0,5.6286344169224165,0.4472135954999579,-99,NA,,213,1,58,1,4,50-59
4211,AUS,Australia,invalid,rule_A_only,0,NORMAL,,0,0,0,0,0,3.0,5.426030640996611,-0.2,-99,NA,,213,1,59,1,4,50-59
4212,AUS,Australia,invalid,rule_A_only,0,NORMAL,,0,0,0,0,0,3.0,5.480016998396808,0.7745966692414834,NA,-99,,213,1,56,1,4,50-59
4213,AUS,Australia,invalid,rule_A_only,0,NORMAL,,0,0,0,0,0,4.0,6.1123323712038875,0.4629100498862757,NA,-99,,213,1,57,1,4,50-59
4215,AUS,Australia,invalid,rule_A_only,0,NORMAL,,0,0,0,0,0,3.0,5.823456083665392,0.5813183589761798,-99,NA,,213,1,58,1,4,50-59
4216,AUS,Australia,invalid,rule_A_only,0,NORMAL,,0,0,0,0,0,3.0,5.975762926761367,0.0,-99,NA,,213,1,52,1,4,50-59
4217,AUS,Australia,invalid,rule_A_only,0,NORMAL,,0,0,0,0,0,3.0,5.32311816142168,-0.5855400437691199,-99,NA,,213,1,53,1,4,50-59
4218,AUS,Australia,invalid,rule_A_only,0,NORMAL,,0,0,0,0,0,6.0,5.720536303572037,0.31622776601683794,NA,-99,,213,1,53,1,4,50-59
4219,AUS,Australia,invalid,rule_A_only,0,NORMAL,,0,0,0,0,0,4.0,5.228681931933122,-0.4472135954999579,NA,-99,,213,1,54,1,4,50-59
4220,AUS,Australia,invalid,rule_A_only,0,NORMAL,,0,0,0,0,0,3.0,5.574517985035747,-0.08304547985373997,-99,NA,,213,1,55,1,4,50-59
4221,AUS,Australia,invalid,rule_A_only,0,NORMAL,,0,0,0,0,0,4.0,6.159554296187193,-0.7142857142857143,-99,NA,,213,1,56,1,4,50-59
4222,AUS,Australia,invalid,rule_A_only,0,NORMAL,,0,0,0,0,0,2.0,5.926576107326243,0.08304547985373997,NA,-99,,213,1,57,1,4,50-59
4223,AUS,Australia,invalid,rule_A_only,0,NORMAL,,0,0,0,0,0,3.0,6.467713041101838,-0.2672612419124244,NA,-99,,213,1,57,1,4,50-59
4230,AUS,Australia,invalid,rule_A_only,0,NORMAL,,0,0,0,0,0,6.0,3.925509437230588,0.31622776601683794,NA,-99,,213,1,51,1,4,50-59
4231,AUS,Australia,invalid,rule_A_only,0,NORMAL,,0,0,0,0,0,5.0,4.766532622863367,-0.2,NA,-99,,213,1,58,2,4,50-59
4232,AUS,Australia,invalid,rule_A_only,0,NORMAL,,0,0,0,0,0,4.0,3.8900737554330407,,NA,-99,,213,1,53,1,4,50-59
4233,AUS,Australia,invalid,rule_A_only,0,NORMAL,,0,0,0,0,0,4.0,4.682860176969964,0.0,NA,-99,,213,1,57,1,4,50-59
4234,AUS,Australia,invalid,rule_A_only,0,NORMAL,,0,0,0,0,0,4.0,4.949770102807625,0.17149858514250882,-99,NA,,213,1,55,1,4,50-59
4236,AUS,Australia,invalid,rule_A_only,0,NORMAL,,0,0,0,0,0,7.0,4.186876646828692,,-99,NA,,213,1,56,1,4,50-59
4237,AUS,Australia,invalid,rule_A_only,0,NORMAL,,0,0,0,0,0,3.0,5.331443379430448,,-99,NA,,213,1,53,0,4,50-59
4238,AUS,Australia,invalid,rule_A_only,0,NORMAL,,0,0,0,0,0,3.0,5.260463793432241,-0.17149858514250882,-99,NA,,213,1,52,0,4,50-59
4241,AUS,Australia,invalid,rule_A_only,0,NORMAL,,0,0,0,0,0,3.0,3.8324146550489244,,NA,-99,,213,1,59,1,4,50-59
4244,AUS,Australia,invalid,rule_A_only,0,NORMAL,,0,0,0,0,0,4.0,3.7474659470283522,,NA,-99,,213,1,58,1,4,50-59
4245,AUS,Australia,invalid,rule_A_only,0,NORMAL,,0,0,0,0,0,4.0,3.5712215158740177,,-99,NA,,213,1,NA,1,4,NA
4246,AUS,Australia,invalid,rule_A_only,0,NORMAL,,0,0,0,0,0,7.0,3.8502830772762358,-0.4472135954999579,NA,-99,,213,1,57,1,4,50-59
4249,AUS,Australia,invalid,rule_A_only,0,NORMAL,,0,0,0,0,0,4.0,4.423859348738302,-0.7071067811865476,NA,-99,,213,1,18,1,4,18-29
4250,AUS,Australia,invalid,rule_A_only,0,NORMAL,,0,0,0,0,0,4.0,6.594051767547412,0.2626128657194451,-99,NA,,213,1,54,1,4,50-59
4252,AUS,Australia,invalid,rule_A_only,0,NORMAL,,0,0,0,0,0,3.0,4.913091484599456,0.2,-99,NA,,213,1,19,1,4,18-29
4253,AUS,Australia,invalid,rule_A_only,0,NORMAL,,0,0,0,0,0,4.0,5.1825862100886395,-0.6324555320336759,NA,-99,,213,1,18,1,4,18-29
4254,AUS,Australia,invalid,rule_A_only,0,NORMAL,,0,0,0,0,0,3.0,6.32692438509934,0.454858826147342,-99,NA,,213,1,56,1,4,50-59
4256,AUS,Australia,invalid,rule_A_only,0,NORMAL,,0,0,0,0,0,3.0,6.313635640271929,0.8964214570007952,-99,NA,,213,1,57,1,4,50-59
4257,AUS,Australia,invalid,rule_A_only,0,NORMAL,,0,0,0,0,0,3.0,5.017744033621799,-0.3333333333333333,NA,-99,,213,1,19,1,4,18-29
4258,AUS,Australia,invalid,rule_A_only,0,NORMAL,,0,0,0,0,0,4.0,6.639969171291217,-0.2251886745555225,-99,NA,,213,1,58,1,4,50-59
4259,AUS,Australia,invalid,rule_A_only,0,NORMAL,,0,0,0,0,0,4.0,6.2408606148771195,0.9135002783911397,NA,-99,,213,1,59,1,4,50-59
4260,AUS,Australia,invalid,rule_A_only,0,NORMAL,,0,0,0,0,0,2.0,5.803254015473997,-0.7592566023652966,NA,-99,,213,1,55,0,4,50-59
4261,AUS,Australia,invalid,rule_A_only,0,NORMAL,,0,0,0,0,0,4.0,5.717764450960349,1.0,NA,-99,,213,1,54,0,4,50-59
4262,AUS,Australia,invalid,rule_A_only,0,NORMAL,,0,0,0,0,0,2.0,4.939508644354293,-0.408248290463863,NA,-99,,213,1,51,0,4,50-59
4263,AUS,Australia,invalid,rule_A_only,0,NORMAL,,0,0,0,0,0,3.0,5.457720651711352,0.0,NA,-99,,213,1,59,NA,4,50-59
4265,AUS,Australia,invalid,rule_A_only,0,NORMAL,,0,0,0,0,0,4.0,5.3915598565753555,-0.41522739926869984,NA,-99,,213,1,59,1,4,50-59
4266,AUS,Australia,invalid,rule_A_only,0,NORMAL,,0,0,0,0,0,5.0,4.970558559675953,0.0,-99,NA,,213,1,57,1,4,50-59
4268,AUS,Australia,invalid,rule_A_only,0,NORMAL,,0,0,0,0,0,3.0,4.171110906762477,0.5,NA,-99,,213,1,55,1,4,50-59
4269,AUS,Australia,invalid,rule_A_only,0,NORMAL,,0,0,0,0,0,5.0,4.98899299354015,0.17149858514250882,NA,-99,,213,1,56,1,4,50-59
4270,AUS,Australia,invalid,rule_A_only,0,NORMAL,,0,0,0,0,0,6.0,4.790328930260088,0.3333333333333333,-99,NA,,213,1,57,1,4,50-59
4271,AUS,Australia,invalid,rule_A_only,0,NORMAL,,0,0,0,0,0,4.0,4.96707543805909,-0.242535625036333,-99,NA,,213,1,57,1,4,50-59
4272,AUS,Australia,invalid,rule_A_only,0,NORMAL,,0,0,0,0,0,3.0,4.6005295065351435,-0.7071067811865476,NA,-99,,213,1,52,1,4,50-59
4273,AUS,Australia,invalid,rule_A_only,0,NORMAL,,0,0,0,0,0,4.0,4.2211127660942065,-0.31622776601683794,-99,NA,,213,1,58,1,4,50-59
4274,AUS,Australia,invalid,rule_A_only,0,NORMAL,,0,0,0,0,0,4.0,5.591036551435109,-0.242535625036333,-99,NA,,213,1,52,1,4,50-59
4275,AUS,Australia,invalid,rule_A_only,0,NORMAL,,0,0,0,0,0,3.0,6.609959915353058,-0.3321819194149599,-99,NA,,213,1,53,1,4,50-59
4276,AUS,Australia,invalid,rule_A_only,0,NORMAL,,0,0,0,0,0,3.0,6.111777925950877,-0.8660254037844387,-99,NA,,213,1,54,1,4,50-59
4278,AUS,Australia,invalid,rule_A_only,0,NORMAL,,0,0,0,0,0,3.0,6.285389864185343,0.15877683720748895,NA,-99,,213,1,56,1,4,50-59
4279,AUS,Australia,invalid,rule_A_only,0,NORMAL,,0,0,0,0,0,3.0,5.105244501762247,0.7745966692414834,-99,NA,,213,1,56,1,4,50-59
4280,AUS,Australia,invalid,rule_A_only,0,NORMAL,,0,0,0,0,0,3.0,5.77125932746942,0.31622776601683794,NA,-99,,213,1,54,1,4,50-59
4283,AUS,Australia,invalid,rule_A_only,0,NORMAL,,0,0,0,0,0,3.0,4.511791136089777,,NA,-99,,213,1,56,1,4,50-59
4285,AUS,Australia,invalid,rule_A_only,0,NORMAL,,0,0,0,0,0,3.0,4.6972272861383875,,-99,NA,,213,1,57,1,4,50-59
4286,AUS,Australia,invalid,rule_A_only,0,NORMAL,,0,0,0,0,0,3.0,4.376065050034529,,-99,NA,,213,1,56,1,4,50-59
4287,AUS,Australia,invalid,rule_A_only,0,NORMAL,,0,0,0,0,0,3.0,4.786764344613774,-0.6324555320336759,NA,-99,,213,1,57,1,4,50-59
4290,AUS,Australia,invalid,rule_A_only,0,NORMAL,,0,0,0,0,0,2.0,5.988033932595571,0.08304547985373997,NA,-99,,213,1,55,0,4,50-59
4294,AUS,Australia,invalid,rule_A_only,0,NORMAL,,0,0,0,0,0,4.0,4.536344702679032,-0.7071067811865476,NA,-99,,213,1,25,1,3,18-29
4295,AUS,Australia,invalid,rule_A_only,0,NORMAL,,0,0,0,0,0,4.0,4.497177477767573,-0.4472135954999579,-99,NA,,213,1,55,0,4,50-59
4297,AUS,Australia,invalid,rule_A_only,0,NORMAL,,0,0,0,0,0,2.0,4.577045028094808,-0.6324555320336759,NA,-99,,213,1,55,0,4,50-59
4298,AUS,Australia,invalid,rule_A_only,0,NORMAL,,0,0,0,0,0,4.0,4.647034460581649,-0.7071067811865476,NA,-99,,213,1,55,0,4,50-59
4299,AUS,Australia,invalid,rule_A_only,0,NORMAL,,0,0,0,0,0,6.0,4.3042711763046535,,-99,NA,,213,1,55,0,4,50-59
4300,AUS,Australia,invalid,rule_A_only,0,NORMAL,,0,0,0,0,0,3.0,4.027609260461447,,NA,-99,,213,1,55,0,4,50-59
4303,AUS,Australia,invalid,rule_A_only,0,NORMAL,,0,0,0,0,0,5.0,3.871506058063022,,NA,-99,,213,1,55,0,4,50-59
4304,AUS,Australia,invalid,rule_A_only,0,NORMAL,,0,0,0,0,0,4.0,4.065072053553769,,NA,-99,,213,1,55,0,4,50-59
4306,AUS,Australia,invalid,rule_A_only,0,NORMAL,,0,0,0,0,0,3.0,4.535318908427229,,NA,-99,,213,1,55,0,4,50-59
4307,AUS,Australia,invalid,rule_A_only,0,NORMAL,,0,0,0,0,0,4.0,4.424106272364229,,-99,NA,,213,1,55,0,4,50-59
4309,AUS,Australia,invalid,rule_A_only,0,NORMAL,,0,0,0,0,0,4.0,4.1233143968198895,0.0,NA,-99,,213,1,19,1,4,18-29
4310,AUS,Australia,invalid,rule_A_only,0,NORMAL,,0,0,0,0,0,4.0,4.326895799816388,-0.7071067811865476,-99,NA,,213,1,21,1,4,18-29
4313,AUS,Australia,invalid,rule_A_only,0,NORMAL,,0,0,0,0,0,5.0,3.823067463722163,,-99,NA,,213,1,19,1,4,18-29
4321,AUS,Australia,invalid,rule_A_only,0,NORMAL,,0,0,0,0,0,4.0,4.873396362188188,,NA,-99,,213,1,23,1,4,18-29
4332,AUS,Australia,invalid,rule_A_only,0,NORMAL,,0,0,0,0,0,3.0,4.684119265430603,-0.6324555320336759,-99,NA,,213,1,19,1,4,18-29
4333,AUS,Australia,invalid,rule_A_only,0,NORMAL,,0,0,0,0,0,5.0,5.494293950209909,-0.43301270189221935,NA,-99,,213,1,19,1,4,18-29
4334,AUS,Australia,invalid,rule_A_only,0,NORMAL,,0,0,0,0,0,4.0,5.225795261539998,0.17149858514250882,NA,-99,,213,1,19,1,4,18-29
4335,AUS,Australia,invalid,rule_A_only,0,NORMAL,,0,0,0,0,0,3.0,4.895649063616799,-0.3333333333333333,-99,NA,,213,1,19,1,4,18-29
4337,AUS,Australia,invalid,rule_A_only,0,NORMAL,,0,0,0,0,0,3.0,4.5308559599144145,0.31622776601683794,NA,-99,,213,1,19,1,4,18-29
4341,AUS,Australia,invalid,rule_A_only,0,NORMAL,,0,0,0,0,0,2.0,5.696175826075566,1.0,NA,-99,,213,1,18,1,4,18-29
4342,AUS,Australia,invalid,rule_A_only,0,NORMAL,,0,0,0,0,0,4.0,5.234683023062986,-0.7592566023652966,NA,-99,,213,1,NA,1,4,NA
4343,AUS,Australia,invalid,rule_A_only,0,NORMAL,,0,0,0,0,0,2.0,4.769003545440029,,-99,NA,,213,1,19,1,4,18-29
4345,AUS,Australia,invalid,rule_A_only,0,NORMAL,,0,0,0,0,0,3.0,4.458142893197123,-0.7071067811865476,-99,NA,,213,1,18,1,4,18-29
4346,AUS,Australia,invalid,rule_A_only,0,NORMAL,,0,0,0,0,0,4.0,4.669425880258949,-0.4472135954999579,-99,NA,,213,1,19,1,4,18-29
4347,AUS,Australia,invalid,rule_A_only,0,NORMAL,,0,0,0,0,0,3.0,4.147011793159037,,NA,-99,,213,1,18,1,4,18-29
4348,AUS,Australia,invalid,rule_A_only,0,NORMAL,,0,0,0,0,0,9.0,3.660424284243258,,NA,-99,,213,1,28,1,4,18-29
4350,AUS,Australia,invalid,rule_A_only,0,NORMAL,,0,0,0,0,0,3.0,4.304419150549341,-0.4472135954999579,-99,NA,,213,1,21,1,4,18-29
4351,AUS,Australia,invalid,rule_A_only,0,NORMAL,,0,0,0,0,0,6.0,4.324115125638664,0.6324555320336759,NA,-99,,213,1,22,1,4,18-29
4353,AUS,Australia,invalid,rule_A_only,0,NORMAL,,0,0,0,0,0,5.0,5.0208409348030365,0.0,-99,NA,,213,1,55,0,3,50-59
4354,AUS,Australia,invalid,rule_A_only,0,NORMAL,,0,0,0,0,0,4.0,4.806795500744798,0.43301270189221935,-99,NA,,213,1,56,0,3,50-59
4358,AUS,Australia,invalid,rule_A_only,0,NORMAL,,0,0,0,0,0,5.0,4.450028816824177,0.6123724356957946,NA,-99,,213,1,51,0,3,50-59
4359,AUS,Australia,invalid,rule_A_only,0,NORMAL,,0,0,0,0,0,6.0,5.276518384499064,0.5477225575051661,-99,NA,,213,1,52,0,3,50-59
4360,AUS,Australia,invalid,rule_A_only,0,NORMAL,,0,0,0,0,0,7.0,5.679181359215938,0.816496580927726,NA,-99,,213,1,51,0,3,50-59
4361,AUS,Australia,invalid,rule_A_only,0,NORMAL,,0,0,0,0,0,5.0,5.733845120856895,-0.27386127875258304,-99,NA,,213,1,52,0,3,50-59
4369,AUS,Australia,invalid,rule_A_only,0,NORMAL,,0,0,0,0,0,3.0,4.608820026015127,,NA,-99,,213,1,55,0,4,50-59
4371,AUS,Australia,invalid,rule_A_only,0,NORMAL,,0,0,0,0,0,5.0,4.389661108924669,-0.4472135954999579,NA,-99,,213,1,57,0,4,50-59
4372,AUS,Australia,invalid,rule_A_only,0,NORMAL,,0,0,0,0,0,5.0,4.47900202673679,-0.6324555320336759,NA,-99,,213,1,55,0,4,50-59
4374,AUS,Australia,invalid,rule_A_only,0,NORMAL,,0,0,0,0,0,4.0,5.255196048445323,0.727606875108999,-99,NA,,213,1,56,0,3,50-59
4375,AUS,Australia,invalid,rule_A_only,0,NORMAL,,0,0,0,0,0,4.0,5.707111299216825,-0.4338609156373123,-99,NA,,213,1,56,0,4,50-59
4376,AUS,Australia,invalid,rule_A_only,0,NORMAL,,0,0,0,0,0,2.0,5.176563460521681,-0.6324555320336759,NA,-99,,213,1,55,0,4,50-59
4377,AUS,Australia,invalid,rule_A_only,0,NORMAL,,0,0,0,0,0,3.0,4.255330933358852,-0.3333333333333333,-99,NA,,213,1,26,1,3,18-29
4380,AUS,Australia,invalid,rule_A_only,0,NORMAL,,0,0,0,0,0,4.0,4.886076613181295,-0.5,-99,NA,,213,1,57,0,3,50-59
4381,AUS,Australia,invalid,rule_A_only,0,NORMAL,,0,0,0,0,0,4.0,4.854380319570133,,NA,-99,,213,1,55,0,4,50-59
4382,AUS,Australia,invalid,rule_A_only,0,NORMAL,,0,0,0,0,0,4.0,4.365259952904266,,NA,-99,,213,1,57,0,4,50-59
4385,AUS,Australia,invalid,rule_A_only,0,NORMAL,,0,0,0,0,0,3.0,5.166969355359097,,NA,-99,,213,1,56,0,4,50-59
4386,AUS,Australia,invalid,rule_A_only,0,NORMAL,,0,0,0,0,0,3.0,4.064819531644392,,-99,NA,,213,1,23,1,3,18-29
4387,AUS,Australia,invalid,rule_A_only,0,NORMAL,,0,0,0,0,0,8.0,3.678525778248436,,-99,NA,,213,1,26,1,4,18-29
4388,AUS,Australia,invalid,rule_A_only,0,NORMAL,,0,0,0,0,0,4.0,3.77383904985702,-0.25,-99,NA,,213,1,57,0,4,50-59
4389,AUS,Australia,invalid,rule_A_only,0,NORMAL,,0,0,0,0,0,13.0,3.125680138480514,,-99,NA,,213,1,25,1,4,18-29
4390,AUS,Australia,invalid,rule_A_only,0,NORMAL,,0,0,0,0,0,15.0,3.2241240227403236,,-99,NA,,213,1,29,1,4,18-29
4392,AUS,Australia,invalid,rule_A_only,0,NORMAL,,0,0,0,0,0,8.0,3.2652762703212943,,NA,-99,,213,1,27,1,4,18-29
4399,AUS,Australia,invalid,rule_A_only,0,NORMAL,,0,0,0,0,0,3.0,4.831562176275572,-0.3333333333333333,NA,-99,,213,1,22,1,4,18-29
4400,AUS,Australia,invalid,rule_A_only,0,NORMAL,,0,0,0,0,0,12.0,3.3123231434552465,,-99,NA,,213,1,28,1,4,18-29
4401,AUS,Australia,invalid,rule_A_only,0,NORMAL,,0,0,0,0,0,10.0,3.569941607292934,,-99,NA,,213,1,27,1,4,18-29
4402,AUS,Australia,invalid,rule_A_only,0,NORMAL,,0,0,0,0,0,12.0,3.6751230316754113,,NA,-99,,213,1,29,1,4,18-29
4403,AUS,Australia,invalid,rule_A_only,0,NORMAL,,0,0,0,0,0,12.0,3.76757743814461,,NA,-99,,213,1,26,1,4,18-29
4407,AUS,Australia,invalid,rule_A_only,0,NORMAL,,0,0,0,0,0,5.0,5.135569761594868,0.41522739926869984,NA,-99,,213,1,21,1,3,18-29
4415,AUS,Australia,invalid,rule_A_only,0,NORMAL,,0,0,0,0,0,3.0,3.7452393616545856,,NA,-99,,213,1,55,0,4,50-59
4416,AUS,Australia,invalid,rule_A_only,0,NORMAL,,0,0,0,0,0,4.0,4.114483651257836,-0.3333333333333333,NA,-99,,213,1,55,0,4,50-59
4417,AUS,Australia,invalid,rule_A_only,0,NORMAL,,0,0,0,0,0,4.0,4.287823094591851,-0.7071067811865476,NA,-99,,213,1,21,1,3,18-29
4420,AUS,Australia,invalid,rule_A_only,0,NORMAL,,0,0,0,0,0,4.0,4.535566554085813,-0.3333333333333333,-99,NA,,213,1,23,1,3,18-29
4423,AUS,Australia,invalid,rule_A_only,0,NORMAL,,0,0,0,0,0,3.0,3.867979484529774,,-99,NA,,213,1,55,0,4,50-59
4425,AUS,Australia,invalid,rule_A_only,0,NORMAL,,0,0,0,0,0,4.0,5.696351413686982,0.0,-99,NA,,213,1,21,1,3,18-29
4429,AUS,Australia,invalid,rule_A_only,0,NORMAL,,0,0,0,0,0,4.0,4.338144761636957,0.2,NA,-99,,213,1,55,0,4,50-59
4438,AUS,Australia,invalid,rule_A_only,0,NORMAL,,0,0,0,0,0,5.0,4.0618536160971015,0.0,NA,-99,,213,1,26,1,3,18-29
4441,AUS,Australia,invalid,rule_A_only,0,NORMAL,,0,0,0,0,0,5.0,5.100605550862069,-0.6324555320336759,NA,-99,,213,1,20,1,3,18-29
4442,AUS,Australia,invalid,rule_A_only,0,NORMAL,,0,0,0,0,0,4.0,5.990177775524922,0.6546536707079771,NA,-99,,213,1,21,1,3,18-29
4443,AUS,Australia,invalid,rule_A_only,0,NORMAL,,0,0,0,0,0,2.0,4.152975474134748,0.0,NA,-99,,213,1,26,1,3,18-29
4444,AUS,Australia,invalid,rule_A_only,0,NORMAL,,0,0,0,0,0,4.0,4.051350370095704,-0.6324555320336759,NA,-99,,213,1,26,1,3,18-29
4445,AUS,Australia,invalid,rule_A_only,0,NORMAL,,0,0,0,0,0,4.0,4.897082552436057,-0.34299717028501764,-99,NA,,213,1,20,1,3,18-29
4481,BGD,Bangladesh,invalid,rule_A_only,5,NORMAL,,0,0,0,0,0,9.0,,,human,NA,,213,1,31,1,4,30-39
4494,BGD,Bangladesh,invalid,rule_A_only,5,NORMAL,,0,0,0,0,0,6.0,5.992384940362353,0.8401680504168059,মানুষ,NA,,213,1,32,1,4,30-39
4542,BGD,Bangladesh,invalid,rule_A_only,0,NORMAL,,0,0,0,0,0,12.0,3.058070070062351,,NA,-99,,213,1,41,1,4,40-49
4744,BGD,Bangladesh,invalid,rule_A_only,0,NORMAL,,0,0,0,0,0,8.0,7.412179129079963,0.38254602783800296,-99,NA,,213,1,NA,0,4,NA
4784,BGD,Bangladesh,invalid,rule_A_only,0,NORMAL,,0,0,0,0,0,8.0,4.2647469837962255,-0.4472135954999579,NA,-99,,213,1,52,1,4,50-59
4855,BGD,Bangladesh,invalid,rule_A_only,5,NORMAL,,0,0,0,0,0,7.0,3.60682417775467,,Human,NA,,213,1,19,0,3,18-29
4877,BGD,Bangladesh,invalid,rule_A_only,2,NORMAL,,0,0,0,0,0,10.0,5.352335485436569,,NA,Hm,,213,1,32,0,4,30-39
4891,BGD,Bangladesh,invalid,rule_A_only,3,NORMAL,,0,0,0,0,0,5.0,3.6777875387530905,-0.10846522890932808,NA,N/A,,213,1,58,1,4,50-59
4910,BGD,Bangladesh,invalid,rule_A_only,0,NORMAL,,0,0,0,0,0,7.0,5.713432565298796,0.6324555320336759,NA,-99,,213,1,47,0,3,40-49
4986,BGR,Bulgaria,invalid,rule_A_only,0,NORMAL,,0,0,0,0,0,7.0,5.76094945705151,0.17149858514250882,-99,NA,,213,1,52,1,4,50-59
5048,BGR,Bulgaria,invalid,rule_A_only,2,NORMAL,,0,0,0,0,0,13.0,6.649606395065237,,ok,NA,,213,1,59,0,3,50-59
5051,BGR,Bulgaria,invalid,rule_A_only,0,NORMAL,,0,0,0,0,0,6.0,7.8080004719602245,0.1777046633277277,NA,-99,,213,1,34,0,3,30-39
5172,BGR,Bulgaria,invalid,rule_A_only,3,NORMAL,,0,0,0,0,0,15.0,3.5016117459458247,0.727606875108999,NA,..@,,213,1,62,1,4,60+
5197,BGR,Bulgaria,invalid,rule_A_only,1,NORMAL,,0,0,0,0,0,7.0,2.866163371264961,,-,NA,,213,1,44,0,4,40-49
5312,BGR,Bulgaria,invalid,rule_A_only,4,NORMAL,,0,0,0,0,0,12.0,6.803926613360583,,NA,Нищо,,213,1,70,0,3,60+
5344,BGR,Bulgaria,invalid,rule_A_only,3,MEDIUM,mahalanobis_outlier,1,0,0,1,0,2.0,10.264768353801315,-0.13055824196677338,има,NA,,213,1,23,1,3,18-29
5392,BGR,Bulgaria,invalid,rule_A_only,5,NORMAL,,0,0,0,0,0,4.0,5.482521828918171,0.6324555320336759,NA,Морал,,213,1,53,1,4,50-59
5465,BOL,Bolivia,invalid,rule_A_only,0,NORMAL,,0,0,0,0,0,7.0,4.52954881523756,0.0,-99,NA,,213,1,19,0,3,18-29
5523,BOL,Bolivia,invalid,rule_A_only,0,NORMAL,,0,0,0,0,0,12.0,3.7819670675707724,0.25,NA,-99,,213,1,19,0,4,18-29
5610,BOL,Bolivia,invalid,rule_A_only,0,NORMAL,,0,0,0,0,0,4.0,4.512993011465439,0.15877683720748895,-99,NA,,213,1,34,0,4,30-39
5627,BOL,Bolivia,invalid,rule_A_only,0,NORMAL,,0,0,0,0,0,7.0,6.166093685752855,0.5252257314388902,NA,-99,,213,1,33,1,3,30-39
5672,BOL,Bolivia,invalid,rule_A_only,0,NORMAL,,0,0,0,0,0,14.0,8.195302383649157,0.21004201260420147,NA,-99,,213,1,39,0,4,30-39
5801,BOL,Bolivia,invalid,rule_A_only,0,NORMAL,,0,0,0,0,0,6.0,3.6168262277165613,0.6123724356957946,NA,-99,,213,1,38,1,4,30-39
5958,BOL,Bolivia,invalid,rule_A_only,0,NORMAL,,0,0,0,0,0,7.0,4.510771008694131,0.6123724356957946,-99,NA,,213,1,24,NA,4,18-29
6015,BRA,Brazil,invalid,rule_A_only,0,NORMAL,,0,0,0,0,0,12.0,6.601568691962855,0.7071067811865476,NA,-99,,213,1,37,0,4,30-39
6061,BRA,Brazil,invalid,rule_A_only,0,NORMAL,,0,0,0,0,0,7.0,6.440841064824355,-0.14285714285714285,-99,NA,,213,1,32,0,3,30-39
6109,BRA,Brazil,invalid,rule_A_only,0,NORMAL,,0,0,0,0,0,6.0,5.486520938111549,-0.31622776601683794,-99,NA,,213,1,27,NA,3,18-29
6165,BRA,Brazil,invalid,rule_A_only,5,NORMAL,,0,0,0,0,0,9.0,4.998056368396771,,Todos,NA,,213,1,34,1,4,30-39
6166,BRA,Brazil,invalid,rule_A_only,5,NORMAL,,0,0,0,0,0,6.0,4.19570201429684,,Todos,NA,,213,1,28,2,4,18-29
6234,BRA,Brazil,invalid,rule_A_only,0,NORMAL,,0,0,0,0,0,6.0,5.045837912565277,-0.31622776601683794,-99,NA,,213,1,36,0,3,30-39
6762,BRA,Brazil,invalid,rule_A_only,5,NORMAL,,0,0,0,0,0,4.0,2.8704033740421697,,NA,ética,,213,1,31,1,4,30-39
6914,BRA,Brazil,invalid,rule_A_only,4,NORMAL,,0,0,0,0,0,10.0,3.764818480407755,0.5,NA,Nada,,213,1,39,0,3,30-39
7152,BRA,Brazil,invalid,rule_A_only,5,NORMAL,,0,0,0,0,0,7.0,4.675519842945353,-0.4,A ÇAO,NA,,213,1,48,1,3,40-49
7212,BRA,Brazil,invalid,rule_A_only,0,NORMAL,,0,0,0,0,0,5.0,8.150476642341154,-0.7006490497453707,NA,-99,,213,1,41,0,3,40-49
7233,BRA,Brazil,invalid,rule_A_only,0,NORMAL,,0,0,0,0,0,11.0,8.17548206011516,-0.42857142857142855,-99,NA,,213,1,25,0,3,18-29
7242,BRA,Brazil,invalid,rule_A_only,0,NORMAL,,0,0,0,0,0,7.0,7.663240974506119,0.7905694150420948,-99,NA,,213,1,21,1,3,18-29
7268,BRA,Brazil,invalid,rule_A_only,0,NORMAL,,0,0,0,0,0,9.0,5.782483651181713,0.4629100498862757,-99,NA,,213,1,26,0,3,18-29
7271,BRA,Brazil,invalid,rule_A_only,3,NORMAL,,0,0,0,0,0,6.0,9.571829066945911,0.7196763181246417,NA,213,,213,1,30,NA,3,30-39
7346,BWA,Botswana,invalid,rule_A_only,4,NORMAL,,0,0,0,0,0,4.0,5.133379831076081,-0.7071067811865476,test,NA,,213,1,35,0,4,30-39
7644,BWA,Botswana,invalid,rule_A_only,5,NORMAL,,0,0,0,0,0,5.0,6.835511911335668,0.6565321642986127,NA,Proof ,,213,1,21,NA,4,18-29
7699,BWA,Botswana,invalid,rule_A_only,0,NORMAL,,0,0,0,0,0,5.0,5.041217551758577,0.12156613477096616,NA,-99,,213,1,23,NA,4,18-29
7873,CAN,Canada,invalid,rule_A_only,1,NORMAL,,0,0,0,0,0,12.0,5.652184501097108,,NA,".
",,213,1,35,1,4,30-39
7901,CAN,Canada,invalid,rule_A_only,5,NORMAL,,0,0,0,0,0,16.0,4.059204876581412,-0.4472135954999579,NA,Facts,,213,1,60,0,4,60+
8202,CAN,Canada,invalid,rule_A_only,3,NORMAL,,0,0,0,0,0,6.0,4.462159147812706,-0.31622776601683794,yes,NA,,213,1,28,0,4,18-29
8293,CAN,Canada,invalid,rule_A_only,4,NORMAL,,0,0,0,0,0,4.0,6.5100824420568095,0.0,NOPE,NA,,213,1,29,1,4,18-29
8343,CAN,Canada,invalid,rule_A_only,0,NORMAL,,0,0,0,0,0,8.0,4.651018997812216,,None,NA,,213,1,26,1,4,18-29
8388,CAN,Canada,invalid,rule_A_only,1,NORMAL,,0,0,0,0,0,15.0,3.91764879372829,,I ,NA,,213,1,22,1,3,18-29
8418,CAN,Canada,invalid,rule_A_only,0,NORMAL,,0,0,0,0,0,12.0,5.490447025337668,,-99,NA,,213,1,53,0,4,50-59
8525,CAN,Canada,invalid,rule_A_only,0,NORMAL,,0,0,0,0,0,10.0,5.898555718284663,0.6324555320336759,Na,NA,,213,1,46,0,4,40-49
8578,CAN,Canada,invalid,rule_A_only,5,NORMAL,,0,0,0,0,0,8.0,4.113815305797928,,NA,Facts,,213,1,46,1,3,40-49
8613,CAN,Canada,invalid,rule_A_only,4,NORMAL,,0,0,0,0,0,11.0,6.883790017437895,-0.7745966692414834,NA,Good,,213,1,32,1,3,30-39
8904,CAN,Canada,invalid,rule_A_only,3,NORMAL,,0,0,0,0,0,4.0,5.030444974660452,0.0,NA,yes,,213,1,28,0,4,18-29
9010,CAN,Canada,invalid,rule_A_only,2,NORMAL,,0,0,0,0,0,5.0,4.779530058958609,0.5477225575051661,Us ,NA,,213,1,33,1,4,30-39
9051,CAN,Canada,invalid,rule_A_only,0,NORMAL,,0,0,0,0,0,6.0,4.307948112901068,0.25,-99,NA,,213,1,38,1,4,30-39
9182,CAN,Canada,invalid,rule_A_only,3,NORMAL,,0,0,0,0,0,6.0,7.0500066534694765,-0.8,Idk,NA,,213,1,22,0,4,18-29
9304,CAN,Canada,invalid,rule_A_only,4,NORMAL,,0,0,0,0,0,7.0,5.942474270284472,0.6324555320336759,NA,Math,,213,1,19,0,4,18-29
9371,CAN,Canada,invalid,rule_A_only,4,NORMAL,,0,0,0,0,0,4.0,9.493662050952095,-0.05423261445466404,NA,Good ,,213,1,25,0,3,18-29
9372,CAN,Canada,invalid,rule_A_only,5,NORMAL,,0,0,0,0,0,9.0,4.167525541887515,0.0,NA,Proof ,,213,1,37,0,4,30-39
9459,CAN,Canada,invalid,rule_A_only,0,NORMAL,,0,0,0,0,0,6.0,5.551373803238862,0.5,-99,NA,,213,1,40,0,4,40-49
9599,CAN,Canada,invalid,rule_A_only,5,NORMAL,,0,0,0,0,0,10.0,4.75732162799385,0.6002450479987809,NA,Facts,,213,1,24,0,4,18-29
9602,CAN,Canada,invalid,rule_A_only,5,NORMAL,,0,0,0,0,0,6.0,4.583798452765784,0.7142857142857143,NA,facts,,213,1,65,0,3,60+
9658,CAN,Canada,invalid,rule_A_only,0,NORMAL,,0,0,0,0,0,9.0,3.484196093116469,,NA,none,,213,1,29,0,4,18-29
9716,CAN,Canada,invalid,rule_A_only,0,NORMAL,,0,0,0,0,0,10.0,7.145920955963757,0.8931977372352651,-99,NA,,213,1,32,0,4,30-39
9797,CAN,Canada,invalid,rule_A_only,3,NORMAL,,0,0,0,0,0,6.0,6.999226603391476,0.15811388300841897,idk,NA,,213,1,20,1,3,18-29
9825,CAN,Canada,invalid,rule_A_only,0,NORMAL,,0,0,0,0,0,10.0,8.230617524186037,0.0,-99,NA,,213,1,55,0,3,50-59
9842,CAN,Canada,invalid,rule_A_only,0,NORMAL,,0,0,0,0,0,6.0,6.742693469455302,-0.8215838362577491,NA,-99,,213,1,26,1,3,18-29
9956,CAN,Canada,invalid,rule_A_only,0,NORMAL,,0,0,0,0,0,8.0,6.697837911613892,-0.3692744729379982,-99,NA,,213,1,26,0,4,18-29
9979,CAN,Canada,invalid,rule_A_only,3,NORMAL,,0,0,0,0,0,7.0,5.40621725222573,0.5423261445466404,NA,Idk,,213,1,19,1,4,18-29
10069,CAN,Canada,invalid,rule_A_only,5,NORMAL,,0,0,0,0,0,10.0,6.260732784335401,,NA,Value ,,213,1,38,0,4,30-39
10081,CAN,Canada,invalid,rule_A_only,4,NORMAL,,0,0,0,0,0,7.0,8.181955634873457,0.0,NA,Data,,213,1,36,0,4,30-39
10116,CAN,Canada,invalid,rule_A_only,4,NORMAL,,0,0,0,0,0,9.0,5.461553063702594,0.41522739926869984,NA,Data,,213,1,34,1,4,30-39
10155,CAN,Canada,invalid,rule_A_only,5,NORMAL,,0,0,0,0,0,15.0,6.182212851507761,0.5813183589761798,NA,Facts,,213,1,43,1,4,40-49
10177,CAN,Canada,invalid,rule_A_only,2,NORMAL,,0,0,0,0,0,8.0,3.5762691531372384,0.6324555320336759,Us,NA,,213,1,27,0,3,18-29
10198,CAN,Canada,invalid,rule_A_only,4,NORMAL,,0,0,0,0,0,10.0,6.186742300723555,0.2,NA,Good,,213,1,36,0,3,30-39
10413,CHE,Switzerland,invalid,rule_A_only,0,NORMAL,,0,0,0,0,0,10.0,6.9982356458505155,-0.41522739926869984,NA,-99,,213,1,38,0,4,30-39
10444,CHE,Switzerland,invalid,rule_A_only,5,NORMAL,,0,0,0,0,0,3.0,5.063297420376542,0.4629100498862757,Alle!,NA,,213,1,40,0,3,40-49
10458,CHE,Switzerland,invalid,rule_A_only,1,NORMAL,,0,0,0,0,0,7.0,4.663951437772567,0.242535625036333,.,NA,,213,1,47,1,4,40-49
10462,CHE,Switzerland,invalid,rule_A_only,0,NORMAL,,0,0,0,0,0,9.0,3.7134580664117154,0.4472135954999579,-99,NA,,213,1,38,1,4,30-39
10469,CHE,Switzerland,invalid,rule_A_only,0,NORMAL,,0,0,0,0,0,7.0,6.545740253348794,-0.5940885257860046,NA,-99,,213,1,42,1,2,40-49
10520,CHE,Switzerland,invalid,rule_A_only,3,NORMAL,,0,0,0,0,0,3.0,6.673817364591693,0.7462025072446364,NA,123,,213,1,35,1,3,30-39
10546,CHE,Switzerland,invalid,rule_A_only,0,NORMAL,,0,0,0,0,0,12.0,4.130351152554916,0.4472135954999579,-99,NA,,213,1,44,0,3,40-49
10575,CHE,Switzerland,invalid,rule_A_only,5,NORMAL,,0,0,0,0,0,9.0,6.187512189531479,0.4,Staat ,NA,,213,1,51,1,2,50-59
10616,CHE,Switzerland,invalid,rule_A_only,4,NORMAL,,0,0,0,0,0,5.0,4.03267237732211,0.6859943405700353,ALLE,NA,,213,1,33,1,4,30-39
10635,CHE,Switzerland,invalid,rule_A_only,1,NORMAL,,0,0,0,0,0,13.0,3.6357713538110588,0.4472135954999579,NA,/,,213,1,35,0,4,30-39
10674,CHE,Switzerland,invalid,rule_A_only,1,NORMAL,,0,0,0,0,0,10.0,4.205091366151313,0.6324555320336759,NA,-,,213,1,32,0,4,30-39
10731,CHE,Switzerland,invalid,rule_A_only,4,NORMAL,,0,0,0,0,0,6.0,4.084488146909366,0.5,alle,NA,,213,1,33,1,4,30-39
10741,CHE,Switzerland,invalid,rule_A_only,0,NORMAL,,0,0,0,0,0,16.0,3.0630511082962695,-0.2,-99,NA,,213,1,28,0,4,18-29
10755,CHE,Switzerland,invalid,rule_A_only,5,NORMAL,,0,0,0,0,0,10.0,5.733961640028137,0.4889012070387047,Tutti,NA,,213,1,50,0,3,50-59
10767,CHE,Switzerland,invalid,rule_A_only,1,NORMAL,,0,0,0,0,0,9.0,3.343792713881793,0.4472135954999579,NA,?,,213,1,49,1,2,40-49
10798,CHE,Switzerland,invalid,rule_A_only,0,NORMAL,,0,0,0,0,0,6.0,7.873467077250395,0.09697622757528539,NA,-99,,213,1,28,1,2,18-29
10806,CHE,Switzerland,invalid,rule_A_only,0,NORMAL,,0,0,0,0,0,6.0,4.544160358137416,0.8660254037844387,-99,NA,,213,1,41,0,3,40-49
10807,CHE,Switzerland,invalid,rule_A_only,0,NORMAL,,0,0,0,0,0,12.0,4.398010560248103,-0.31622776601683794,NA,-99,,213,1,32,1,4,30-39
10808,CHE,Switzerland,invalid,rule_A_only,0,NORMAL,,0,0,0,0,0,10.0,4.193744956279944,,NA,-99,,213,1,21,0,3,18-29
10827,CHE,Switzerland,invalid,rule_A_only,4,NORMAL,,0,0,0,0,0,12.0,5.083428769472015,1.0,NA,Rien ,,213,1,58,1,2,50-59
10847,CHE,Switzerland,invalid,rule_A_only,1,NORMAL,,0,0,0,0,0,13.0,4.700138238271907,0.31622776601683794,.,NA,,213,1,56,0,4,50-59
10850,CHE,Switzerland,invalid,rule_A_only,0,NORMAL,,0,0,0,0,0,8.0,4.962821913001735,1.0,-99,NA,,213,1,57,0,2,50-59
10854,CHE,Switzerland,invalid,rule_A_only,4,NORMAL,,0,0,0,0,0,6.0,3.8647313598819615,0.25,tous,NA,,213,1,59,1,4,50-59
10855,CHE,Switzerland,invalid,rule_A_only,0,NORMAL,,0,0,0,0,0,7.0,,0.5135525910130955,NA,-99,,213,1,29,1,4,18-29
10872,CHE,Switzerland,invalid,rule_A_only,5,NORMAL,,0,0,0,0,0,6.0,3.5086997671653104,0.7745966692414834,Tutti,NA,,213,1,36,0,4,30-39
10877,CHE,Switzerland,invalid,rule_A_only,2,NORMAL,,0,0,0,0,0,12.0,4.570648598186503,0.25,NA,Nn,,213,1,52,1,2,50-59
10897,CHE,Switzerland,invalid,rule_A_only,0,NORMAL,,0,0,0,0,0,6.0,4.571785912688801,-0.8164965809277261,NA,-99,,213,1,58,0,3,50-59
10899,CHE,Switzerland,invalid,rule_A_only,5,NORMAL,,0,0,0,0,0,12.0,4.663508658550762,0.29277002188455997,Tutti,NA,,213,1,34,0,4,30-39
10902,CHE,Switzerland,invalid,rule_A_only,0,NORMAL,,0,0,0,0,0,9.0,8.912087996778517,0.05547001962252291,-99,NA,,213,1,45,0,3,40-49
10946,CHE,Switzerland,invalid,rule_A_only,4,NORMAL,,0,0,0,0,0,11.0,3.6136119371759405,0.5773502691896257,alle,NA,,213,1,44,0,2,40-49
10974,CHE,Switzerland,invalid,rule_A_only,0,NORMAL,,0,0,0,0,0,16.0,2.797212252969556,,NA,-99,,213,1,32,0,4,30-39
10979,CHE,Switzerland,invalid,rule_A_only,5,NORMAL,,0,0,0,0,0,3.0,5.210990096869594,-0.08304547985373997,Super,NA,,213,1,36,0,3,30-39
10984,CHE,Switzerland,invalid,rule_A_only,1,NORMAL,,0,0,0,0,0,7.0,4.870728434323762,0.4472135954999579,NA,P,,213,1,49,1,2,40-49
10990,CHE,Switzerland,invalid,rule_A_only,0,NORMAL,,0,0,0,0,0,13.0,3.2846696384198717,1.0,-99,NA,,213,1,48,1,4,40-49
11011,CHE,Switzerland,invalid,rule_A_only,2,NORMAL,,0,0,0,0,0,10.0,4.667100851876858,-0.2,….,NA,,213,1,46,1,2,40-49
11025,CHE,Switzerland,invalid,rule_A_only,0,NORMAL,,0,0,0,0,0,12.0,4.242000289422388,0.2,NA,-99,,213,1,38,0,2,30-39
11117,CHE,Switzerland,invalid,rule_A_only,4,NORMAL,,0,0,0,0,0,3.0,6.764685858290915,0.6324555320336759,NA,bien,,213,1,57,0,3,50-59
11146,CHE,Switzerland,invalid,rule_A_only,2,NORMAL,,0,0,0,0,0,13.0,5.517754980544719,,NA,Ja,,213,1,48,1,4,40-49
11155,CHE,Switzerland,invalid,rule_A_only,1,NORMAL,,0,0,0,0,0,10.0,4.208951427744454,-0.2,NA,-,,213,1,35,0,3,30-39
11196,CHE,Switzerland,invalid,rule_A_only,1,NORMAL,,0,0,0,0,0,5.0,4.1259955478613115,0.5477225575051661,NA,Q,,213,1,21,0,2,18-29
11343,CHE,Switzerland,invalid,rule_A_only,1,NORMAL,,0,0,0,0,0,6.0,6.993341449071974,-0.1,NA,x,,213,1,65,1,4,60+
11356,CHE,Switzerland,invalid,rule_A_only,4,NORMAL,,0,0,0,0,0,11.0,4.794511006137478,0.0,Alle,NA,,213,1,63,NA,3,60+
11372,CHE,Switzerland,invalid,rule_A_only,4,NORMAL,,0,0,0,0,0,15.0,4.939377300893191,0.7647058823529411,Alle,NA,,213,1,68,1,2,60+
11444,CHL,Chile,invalid,rule_A_only,0,NORMAL,,0,0,0,0,0,12.0,8.22890832454098,0.44172610429938614,NA,-99,,213,1,29,NA,3,18-29
11550,CHL,Chile,invalid,rule_A_only,5,NORMAL,,0,0,0,0,0,9.0,5.4506471147066256,,No se,NA,,213,1,34,2,3,30-39
11731,CHL,Chile,invalid,rule_A_only,0,NORMAL,,0,0,0,0,0,12.0,2.8490356813507507,-0.6324555320336759,-99,NA,,213,1,18,0,3,18-29
11808,CHL,Chile,invalid,rule_A_only,0,NORMAL,,0,0,0,0,0,5.0,7.783198902932759,-0.6708203932499369,-99,NA,,213,1,25,1,2,18-29
12112,CHL,Chile,invalid,rule_A_only,0,NORMAL,,0,0,0,0,0,15.0,3.141902499218239,,-99,NA,,213,1,51,1,3,50-59
12150,CHL,Chile,invalid,rule_A_only,4,NORMAL,,0,0,0,0,0,10.0,9.00050969432885,-0.227429413073671,Nose,NA,,213,1,38,1,3,30-39
12280,CHL,Chile,invalid,rule_A_only,0,NORMAL,,0,0,0,0,0,10.0,8.291799019430458,-0.5,-99,NA,,213,1,70,NA,4,60+
12342,CHL,Chile,invalid,rule_A_only,0,NORMAL,,0,0,0,0,0,11.0,4.848962598609932,1.0,-99,NA,,213,1,36,1,3,30-39
12447,CHN,China,invalid,rule_A_only,4,NORMAL,,0,0,0,0,0,4.0,6.389745632482207,-0.04503773491110449,NA,说真话。,,213,1,49,1,4,40-49
12452,CHN,China,invalid,rule_A_only,3,NORMAL,,0,0,0,0,0,6.0,4.080390074579953,0.0,老百姓,NA,,213,1,47,0,4,40-49
12463,CHN,China,invalid,rule_A_only,4,NORMAL,,0,0,0,0,0,3.0,5.240365628399835,0.6363636363636364,人民群众,NA,,213,1,52,1,4,50-59
12469,CHN,China,invalid,rule_A_only,2,NORMAL,,0,0,0,0,0,5.0,5.555528217262182,0.7071067811865476,NA,谦虚,,213,1,21,1,3,18-29
12470,CHN,China,invalid,rule_A_only,2,NORMAL,,0,0,0,0,0,6.0,4.376021276029504,0.6324555320336759,未知,NA,,213,1,44,0,4,40-49
12471,CHN,China,invalid,rule_A_only,4,NORMAL,,0,0,0,0,0,7.0,3.2240244055628686,,NA,贴近百姓,,213,1,40,0,4,40-49
12472,CHN,China,invalid,rule_A_only,5,NORMAL,,0,0,0,0,0,9.0,6.203442005056019,0.6324555320336759,NA,社会责任感,,213,1,28,0,4,18-29
12474,CHN,China,invalid,rule_A_only,4,NORMAL,,0,0,0,0,0,15.0,5.005736366805371,,科研人员,NA,,213,1,53,0,3,50-59
12478,CHN,China,invalid,rule_A_only,2,NORMAL,,0,0,0,0,0,13.0,5.561172136066508,-0.2,NA,真诚,,213,1,36,0,4,30-39
12479,CHN,China,invalid,rule_A_only,2,NORMAL,,0,0,0,0,0,14.0,7.850360594511712,1.0,资本,NA,,213,1,38,0,4,30-39
12480,CHN,China,invalid,rule_A_only,2,NORMAL,,0,0,0,0,0,10.0,3.88437959677428,,大众,NA,,213,1,49,0,4,40-49
12483,CHN,China,invalid,rule_A_only,5,NORMAL,,0,0,0,0,0,15.0,6.133615759791374,0.6324555320336759,NA,实践出真章,,213,1,NA,1,4,NA
12494,CHN,China,invalid,rule_A_only,5,NORMAL,,0,0,0,0,0,6.0,2.900182344430019,1.0,NA,我不太清楚,,213,1,68,0,3,60+
12495,CHN,China,invalid,rule_A_only,3,MEDIUM,odd_even_low,1,0,0,0,1,4.0,6.202623416952595,-1.0,不知道,NA,,213,1,53,1,3,50-59
12499,CHN,China,invalid,rule_A_only,4,NORMAL,,0,0,0,0,0,6.0,4.3167192235563405,-0.5,人民群众,NA,,213,1,26,0,4,18-29
12510,CHN,China,invalid,rule_A_only,3,NORMAL,,0,0,0,0,0,4.0,4.933968766663083,-0.6324555320336759,科学家,NA,,213,1,38,0,4,30-39
12511,CHN,China,invalid,rule_A_only,4,NORMAL,,0,0,0,0,0,9.0,3.548073231952102,-0.31622776601683794,NA,实事求是,,213,1,46,1,3,40-49
12519,CHN,China,invalid,rule_A_only,4,NORMAL,,0,0,0,0,0,12.0,7.623453721698265,0.6432675209026768,NA,努力奋斗,,213,1,54,1,3,50-59
12522,CHN,China,invalid,rule_A_only,2,NORMAL,,0,0,0,0,0,3.0,5.697602437682861,0.5940885257860046,民众,NA,,213,1,49,1,4,40-49
12528,CHN,China,invalid,rule_A_only,2,NORMAL,,0,0,0,0,0,8.0,7.167631834036873,-0.2,NA,科技,,213,1,28,0,4,18-29
12532,CHN,China,invalid,rule_A_only,4,NORMAL,,0,0,0,0,0,9.0,3.531639505578382,-0.2,NA,知识渊博,,213,1,49,1,4,40-49
12533,CHN,China,invalid,rule_A_only,3,NORMAL,,0,0,0,0,0,5.0,4.527742698955047,0.6324555320336759,老百姓,NA,,213,1,65,1,4,60+
12535,CHN,China,invalid,rule_A_only,3,NORMAL,,0,0,0,0,0,13.0,4.825123972995942,,全人类,NA,,213,1,36,0,4,30-39
12537,CHN,China,invalid,rule_A_only,4,NORMAL,,0,0,0,0,0,15.0,3.5613910903819312,0.0,利益阶层,NA,,213,1,56,1,4,50-59
12538,CHN,China,invalid,rule_A_only,2,NORMAL,,0,0,0,0,0,6.0,5.292310289840671,0.4472135954999579,国家,NA,,213,1,63,1,3,60+
12539,CHN,China,invalid,rule_A_only,4,NORMAL,,0,0,0,0,0,4.0,4.721288018491746,-0.31622776601683794,社会大众,NA,,213,1,60,1,4,60+
12543,CHN,China,invalid,rule_A_only,3,NORMAL,,0,0,0,0,0,5.0,5.588400627217671,0.7592566023652966,企业家,NA,,213,1,36,0,4,30-39
12547,CHN,China,invalid,rule_A_only,4,NORMAL,,0,0,0,0,0,7.0,3.629561257597547,0.6324555320336759,一个国家,NA,,213,1,47,1,4,40-49
12548,CHN,China,invalid,rule_A_only,5,NORMAL,,0,0,0,0,0,5.0,6.179936517293257,0.0,NA,道理低线高,,213,1,47,1,4,40-49
12559,CHN,China,invalid,rule_A_only,2,NORMAL,,0,0,0,0,0,5.0,5.323780521211343,0.42008402520840293,商人,NA,,213,1,49,1,4,40-49
12563,CHN,China,invalid,rule_A_only,4,NORMAL,,0,0,0,0,0,13.0,6.383026508208296,1.0,全体公民,NA,,213,1,52,1,4,50-59
12564,CHN,China,invalid,rule_A_only,5,NORMAL,,0,0,0,0,0,14.0,6.303961778447491,-0.5477225575051661,国家和人民,NA,,213,1,45,1,4,40-49
12567,CHN,China,invalid,rule_A_only,4,NORMAL,,0,0,0,0,0,4.0,6.742271850675606,0.5663521139548541,NA,尊重科学,,213,1,51,1,4,50-59
12568,CHN,China,invalid,rule_A_only,2,NORMAL,,0,0,0,0,0,8.0,3.2235985749185696,,人类,NA,,213,1,46,0,4,40-49
12578,CHN,China,invalid,rule_A_only,2,NORMAL,,0,0,0,0,0,4.0,5.387433886921477,0.4338609156373123,人类,NA,,213,1,46,1,3,40-49
12583,CHN,China,invalid,rule_A_only,2,NORMAL,,0,0,0,0,0,4.0,4.361819048510848,-0.4472135954999579,NA,人品,,213,1,45,1,4,40-49
12593,CHN,China,invalid,rule_A_only,3,NORMAL,,0,0,0,0,0,15.0,3.0372870105976015,,不知道,NA,,213,1,50,1,4,50-59
12602,CHN,China,invalid,rule_A_only,5,NORMAL,,0,0,0,0,0,11.0,6.545019357551641,,大众老白姓,NA,,213,1,43,0,4,40-49
12612,CHN,China,invalid,rule_A_only,3,NORMAL,,0,0,0,0,0,5.0,5.192773366433882,0.8727860481775686,资本家,NA,,213,1,37,0,4,30-39
12613,CHN,China,invalid,rule_A_only,2,NORMAL,,0,0,0,0,0,12.0,3.3658621386898995,,NA,事实,,213,1,50,0,4,50-59
12624,CHN,China,invalid,rule_A_only,3,NORMAL,,0,0,0,0,0,11.0,4.660504671970461,,NA,负责任,,213,1,39,0,4,30-39
12626,CHN,China,invalid,rule_A_only,4,NORMAL,,0,0,0,0,0,13.0,4.230599485919921,0.25,NA,专业知识,,213,1,52,1,4,50-59
12629,CHN,China,invalid,rule_A_only,2,NORMAL,,0,0,0,0,0,12.0,4.796694295856635,,国家,NA,,213,1,43,0,4,40-49
12634,CHN,China,invalid,rule_A_only,4,NORMAL,,0,0,0,0,0,8.0,4.4327510288042715,0.0,全体人民,NA,,213,1,45,0,4,40-49
12638,CHN,China,invalid,rule_A_only,5,NORMAL,,0,0,0,0,0,10.0,4.3814662144933,-0.2,NA,术业有专攻,,213,1,40,1,4,40-49
12643,CHN,China,invalid,rule_A_only,3,MEDIUM,odd_even_low,1,0,0,0,1,4.0,5.168714760499304,-1.0,NA,科学家,,213,1,36,1,4,30-39
12644,CHN,China,invalid,rule_A_only,3,NORMAL,,0,0,0,0,0,13.0,4.103782192636092,,NA,责任感,,213,1,35,0,4,30-39
12647,CHN,China,invalid,rule_A_only,2,NORMAL,,0,0,0,0,0,5.0,4.064348119997468,,人民,NA,,213,1,20,1,4,18-29
12657,CHN,China,invalid,rule_A_only,1,NORMAL,,0,0,0,0,0,13.0,5.079105090025429,0.4472135954999579,人,NA,,213,1,67,1,3,60+
12659,CHN,China,invalid,rule_A_only,3,NORMAL,,0,0,0,0,0,5.0,5.206979334884058,,科学家,NA,,213,1,38,1,4,30-39
12668,CHN,China,invalid,rule_A_only,3,NORMAL,,0,0,0,0,0,9.0,3.3233673460049906,0.5,资本家,NA,,213,1,58,1,4,50-59
12676,CHN,China,invalid,rule_A_only,3,NORMAL,,0,0,0,0,0,13.0,3.6341506833333233,,NA,讲真话,,213,1,49,1,4,40-49
12687,CHN,China,invalid,rule_A_only,5,NORMAL,,0,0,0,0,0,12.0,3.540466269011137,,成功的考研,NA,,213,1,31,1,4,30-39
12688,CHN,China,invalid,rule_A_only,3,NORMAL,,0,0,0,0,0,6.0,4.104455242762903,0.25,不好说,NA,,213,1,50,0,4,50-59
12695,CHN,China,invalid,rule_A_only,2,NORMAL,,0,0,0,0,0,4.0,4.937059931698808,0.44172610429938614,专家,NA,,213,1,48,0,3,40-49
12697,CHN,China,invalid,rule_A_only,3,NORMAL,,0,0,0,0,0,5.0,4.530576941505132,-0.6324555320336759,科学家,NA,,213,1,38,0,4,30-39
12698,CHN,China,invalid,rule_A_only,2,NORMAL,,0,0,0,0,0,5.0,4.243045715948588,0.3333333333333333,人类,NA,,213,1,35,0,4,30-39
12704,CHN,China,invalid,rule_A_only,3,NORMAL,,0,0,0,0,0,16.0,4.004194644610341,,责任感,NA,,213,1,37,0,4,30-39
12705,CHN,China,invalid,rule_A_only,4,NORMAL,,0,0,0,0,0,3.0,6.4652588510128375,0.17149858514250882,一般群众,NA,,213,1,NA,1,4,NA
12711,CHN,China,invalid,rule_A_only,3,NORMAL,,0,0,0,0,0,5.0,5.071821734567735,0.4338609156373123,所有人,NA,,213,1,49,1,4,40-49
12713,CHN,China,invalid,rule_A_only,2,NORMAL,,0,0,0,0,0,5.0,4.863109788324334,,自己,NA,,213,1,42,1,4,40-49
12722,CHN,China,invalid,rule_A_only,5,NORMAL,,0,0,0,0,0,4.0,4.85656560021022,-0.31622776601683794,普通老百姓,NA,,213,1,30,0,4,30-39
12725,CHN,China,invalid,rule_A_only,2,NORMAL,,0,0,0,0,0,4.0,4.11197825033745,-0.17149858514250882,NA,真实,,213,1,22,0,4,18-29
12729,CHN,China,invalid,rule_A_only,4,NORMAL,,0,0,0,0,0,8.0,3.2665148042265058,0.2,NA,无私奉献,,213,1,55,0,4,50-59
12742,CHN,China,invalid,rule_A_only,2,NORMAL,,0,0,0,0,0,14.0,3.1678309889491696,,NA,专业,,213,1,38,0,4,30-39
12749,CHN,China,invalid,rule_A_only,3,NORMAL,,0,0,0,0,0,3.0,8.793859857390437,0.34921514788478913,科学家,NA,,213,1,24,1,4,18-29
12750,CHN,China,invalid,rule_A_only,4,NORMAL,,0,0,0,0,0,5.0,4.164264867097629,,相信科学,NA,,213,1,38,1,4,30-39
12751,CHN,China,invalid,rule_A_only,3,NORMAL,,0,0,0,0,0,3.0,5.0899171304479776,,NA,KXJ ,,213,1,38,0,4,30-39
12756,CHN,China,invalid,rule_A_only,2,NORMAL,,0,0,0,0,0,3.0,6.64687497056117,0.2705008904002297,政府,NA,,213,1,33,0,4,30-39
12757,CHN,China,invalid,rule_A_only,3,NORMAL,,0,0,0,0,0,6.0,4.605282401217001,0.5,人类，,NA,,213,1,27,0,4,18-29
12763,CHN,China,invalid,rule_A_only,2,NORMAL,,0,0,0,0,0,5.0,4.680459026167937,-0.6324555320336759,伟大,NA,,213,1,36,0,4,30-39
12766,CHN,China,invalid,rule_A_only,2,NORMAL,,0,0,0,0,0,14.0,3.933801209640916,,人类,NA,,213,1,35,0,4,30-39
12773,CHN,China,invalid,rule_A_only,2,NORMAL,,0,0,0,0,0,8.0,4.47860923727653,-0.31622776601683794,NA,信赖,,213,1,36,0,4,30-39
12775,CHN,China,invalid,rule_A_only,4,NORMAL,,0,0,0,0,0,7.0,4.656315489485725,-0.31622776601683794,NA,信赖科学,,213,1,38,1,4,30-39
12780,CHN,China,invalid,rule_A_only,2,NORMAL,,0,0,0,0,0,3.0,5.942062282724752,-0.31622776601683794,商人,NA,,213,1,28,0,4,18-29
12783,CHN,China,invalid,rule_A_only,0,NORMAL,,0,0,0,0,0,5.0,5.657224941346022,-0.7071067811865476,-99,NA,,213,1,43,0,4,40-49
12787,CHN,China,invalid,rule_A_only,0,NORMAL,,0,0,0,0,0,4.0,6.201792514154693,0.0,-99,NA,,213,1,44,0,4,40-49
12792,CHN,China,invalid,rule_A_only,2,NORMAL,,0,0,0,0,0,8.0,4.864642377029249,,资本,NA,,213,1,45,0,4,40-49
12795,CHN,China,invalid,rule_A_only,4,NORMAL,,0,0,0,0,0,9.0,4.835384447698034,0.2,NA,造福人民,,213,1,54,0,4,50-59
12797,CHN,China,invalid,rule_A_only,2,NORMAL,,0,0,0,0,0,5.0,7.861287034506717,0.0,NA,诚信,,213,1,49,0,3,40-49
12799,CHN,China,invalid,rule_A_only,2,NORMAL,,0,0,0,0,0,14.0,4.064692105251403,,责任,NA,,213,1,35,1,4,30-39
12800,CHN,China,invalid,rule_A_only,2,NORMAL,,0,0,0,0,0,5.0,5.499949330464828,,学生,NA,,213,1,21,0,4,18-29
12801,CHN,China,invalid,rule_A_only,0,NORMAL,,0,0,0,0,0,5.0,6.119382656132101,0.6324555320336759,NA,-99,,213,1,23,1,4,18-29
12811,CHN,China,invalid,rule_A_only,2,NORMAL,,0,0,0,0,0,4.0,5.152228489607436,0.34299717028501764,NA,认知,,213,1,25,1,4,18-29
12813,CHN,China,invalid,rule_A_only,2,NORMAL,,0,0,0,0,0,5.0,5.349957440921894,0.3333333333333333,NA,环境,,213,1,25,0,4,18-29
12819,CHN,China,invalid,rule_A_only,1,NORMAL,,0,0,0,0,0,11.0,3.02866923768595,0.2,人,NA,,213,1,27,0,4,18-29
12820,CHN,China,invalid,rule_A_only,2,NORMAL,,0,0,0,0,0,16.0,5.491555081864625,-0.2,人民,NA,,213,1,19,0,3,18-29
12823,CHN,China,invalid,rule_A_only,0,NORMAL,,0,0,0,0,0,12.0,3.1379801313071294,,-99,NA,,213,1,25,1,4,18-29
12825,CHN,China,invalid,rule_A_only,2,NORMAL,,0,0,0,0,0,12.0,5.804414095862019,0.6123724356957946,富人,NA,,213,1,19,0,4,18-29
12838,CHN,China,invalid,rule_A_only,2,NORMAL,,0,0,0,0,0,5.0,4.148739821886612,-0.31622776601683794,NA,牛逼,,213,1,24,1,4,18-29
12842,CHN,China,invalid,rule_A_only,3,NORMAL,,0,0,0,0,0,3.0,5.391426016267968,0.34299717028501764,NA,诚实。,,213,1,24,1,4,18-29
12870,CHN,China,invalid,rule_A_only,5,NORMAL,,0,0,0,0,0,6.0,4.211381177314631,0.31622776601683794,NA,为人类造福,,213,1,NA,0,4,NA
12872,CHN,China,invalid,rule_A_only,4,NORMAL,,0,0,0,0,0,11.0,3.345249767675694,,资产阶级,NA,,213,1,19,NA,4,18-29
12873,CHN,China,invalid,rule_A_only,2,NORMAL,,0,0,0,0,0,5.0,4.8396865255604915,0.25,NA,国家,,213,1,NA,1,NA,NA
12875,CHN,China,invalid,rule_A_only,3,NORMAL,,0,0,0,0,0,6.0,5.952776663170636,-0.10846522890932808,所有人,NA,,213,1,NA,1,4,NA
12878,CHN,China,invalid,rule_A_only,2,NORMAL,,0,0,0,0,0,6.0,4.706646236664498,-0.25,人类,NA,,213,1,NA,0,4,NA
12881,CHN,China,invalid,rule_A_only,2,NORMAL,,0,0,0,0,0,4.0,4.806995153502447,-0.34299717028501764,人民,NA,,213,1,60,1,1,60+
12882,CHN,China,invalid,rule_A_only,3,NORMAL,,0,0,0,0,0,9.0,5.740800111632099,0.0,NA,准确性,,213,1,NA,1,4,NA
12883,CHN,China,invalid,rule_A_only,2,NORMAL,,0,0,0,0,0,6.0,4.477763030957646,0.31622776601683794,人类,NA,,213,1,NA,1,4,NA
12886,CHN,China,invalid,rule_A_only,2,NORMAL,,0,0,0,0,0,5.0,4.597628463507283,0.31622776601683794,NA,人品,,213,1,NA,0,4,NA
12890,CHN,China,invalid,rule_A_only,2,NORMAL,,0,0,0,0,0,7.0,5.431834793040511,0.6546536707079771,人类,NA,,213,1,61,0,4,60+
12893,CHN,China,invalid,rule_A_only,5,NORMAL,,0,0,0,0,0,7.0,3.7290817349569916,,人类共同体,NA,,213,1,57,0,3,50-59
12898,CHN,China,invalid,rule_A_only,4,NORMAL,,0,0,0,0,0,13.0,5.073215006596976,,NA,实事求是,,213,1,61,0,4,60+
12900,CHN,China,invalid,rule_A_only,3,NORMAL,,0,0,0,0,0,5.0,4.891536079189934,0.0,NA,说实话,,213,1,68,0,4,60+
12903,CHN,China,invalid,rule_A_only,3,NORMAL,,0,0,0,0,0,4.0,4.726666010828689,-0.25,老百姓,NA,,213,1,65,0,4,60+
12904,CHN,China,invalid,rule_A_only,4,NORMAL,,0,0,0,0,0,5.0,7.1988050707752915,0.06565321642986127,NA,研究成果,,213,1,60,1,4,60+
12906,CHN,China,invalid,rule_A_only,4,NORMAL,,0,0,0,0,0,4.0,3.6691291250048983,0.25,生产企业,NA,,213,1,61,1,3,60+
12907,CHN,China,invalid,rule_A_only,3,NORMAL,,0,0,0,0,0,15.0,6.866812317857166,,全人类,NA,,213,1,60,1,3,60+
12911,CHN,China,invalid,rule_A_only,3,NORMAL,,0,0,0,0,0,4.0,5.268415465855111,0.0,老百姓,NA,,213,1,60,1,3,60+
12914,CHN,China,invalid,rule_A_only,2,NORMAL,,0,0,0,0,0,10.0,3.9559172305989216,-0.6324555320336759,NA,品质,,213,1,52,0,4,50-59
12915,CHN,China,invalid,rule_A_only,4,NORMAL,,0,0,0,0,0,11.0,3.997800542810768,0.0,NA,严谨正确,,213,1,60,0,4,60+
12916,CHN,China,invalid,rule_A_only,0,NORMAL,,0,0,0,0,0,7.0,5.469958009293689,0.0,NA,-99,,213,1,62,1,2,60+
12919,CHN,China,invalid,rule_A_only,3,NORMAL,,0,0,0,0,0,5.0,4.101441004162406,-0.31622776601683794,普通人,NA,,213,1,65,0,3,60+
12921,CHN,China,invalid,rule_A_only,5,NORMAL,,0,0,0,0,0,5.0,6.170167986500305,0.0,人工智能。,NA,,213,1,60,1,4,60+
12923,CHN,China,invalid,rule_A_only,2,NORMAL,,0,0,0,0,0,6.0,5.026822878893766,-0.5,大众,NA,,213,1,60,0,3,60+
12933,CHN,China,invalid,rule_A_only,3,NORMAL,,0,0,0,0,0,3.0,5.402807220653293,-0.17149858514250882,NA,陈景润,,213,1,60,1,4,60+
12938,CHN,China,invalid,rule_A_only,2,NORMAL,,0,0,0,0,0,14.0,7.011420650008345,1.0,人类,NA,,213,1,60,0,3,60+
12944,CHN,China,invalid,rule_A_only,2,NORMAL,,0,0,0,0,0,4.0,4.82159975575058,,NA,创新,,213,1,60,0,4,60+
12948,CHN,China,invalid,rule_A_only,5,NORMAL,,0,0,0,0,0,5.0,4.271629792107603,0.0,NA,观点正确性,,213,1,52,0,3,50-59
12954,CHN,China,invalid,rule_A_only,2,NORMAL,,0,0,0,0,0,10.0,5.542536953378191,0.5709136102183887,个人,NA,,213,1,62,0,2,60+
12963,CHN,China,invalid,rule_A_only,0,NORMAL,,0,0,0,0,0,12.0,3.448216270204711,-0.2,-99,NA,,213,1,NA,0,4,NA
12968,CHN,China,invalid,rule_A_only,4,NORMAL,,0,0,0,0,0,4.0,5.196598430939207,0.3872983346207417,NA,服务大众,,213,1,61,1,3,60+
13257,COL,Colombia,invalid,rule_A_only,5,NORMAL,,0,0,0,0,0,8.0,3.1914644487425203,,No se,NA,,213,1,53,0,4,50-59
13578,CRI,Costa Rica,invalid,rule_A_only,0,NORMAL,,0,0,0,0,0,13.0,3.4850917515574165,0.6123724356957946,-99,NA,,213,1,49,1,4,40-49
13641,CRI,Costa Rica,invalid,rule_A_only,0,NORMAL,,0,0,0,0,0,7.0,8.52894562499712,0.7479575920067657,NA,-99,,213,1,28,0,3,18-29
13738,CRI,Costa Rica,invalid,rule_A_only,5,NORMAL,,0,0,0,0,0,12.0,3.967966377019561,0.5,"Todos
",NA,,213,1,48,1,4,40-49
13739,CRI,Costa Rica,invalid,rule_A_only,4,NORMAL,,0,0,0,0,0,5.0,7.792252353774488,0.42008402520840293,"nose
",NA,,213,1,18,1,4,18-29
13764,CRI,Costa Rica,invalid,rule_A_only,5,NORMAL,,0,0,0,0,0,13.0,4.787526564015008,,Todos,NA,,213,1,45,0,3,40-49
13794,CRI,Costa Rica,invalid,rule_A_only,5,NORMAL,,0,0,0,0,0,6.0,5.555332498469689,0.9341987329938275,NA,No se ,,213,1,42,0,3,40-49
14038,CRI,Costa Rica,invalid,rule_A_only,5,NORMAL,,0,0,0,0,0,7.0,4.185305913381721,,Tod@s,NA,,213,1,31,0,4,30-39
14056,CZE,Czech Republic,invalid,rule_A_only,5,NORMAL,,0,0,0,0,0,12.0,4.620664672197203,,Vláda ,NA,,213,1,39,0,3,30-39
14086,CZE,Czech Republic,invalid,rule_A_only,5,NORMAL,,0,0,0,0,0,13.0,6.215478277940845,0.0,Nevím ,NA,,213,1,50,0,3,50-59
14098,CZE,Czech Republic,invalid,rule_A_only,4,NORMAL,,0,0,0,0,0,3.0,8.874963935081446,0.3321819194149599,Stát ,NA,,213,1,37,1,4,30-39
14108,CZE,Czech Republic,invalid,rule_A_only,5,NORMAL,,0,0,0,0,0,6.0,5.22159952012054,-0.15811388300841897,nevím,NA,,213,1,30,0,3,30-39
14125,CZE,Czech Republic,invalid,rule_A_only,5,NORMAL,,0,0,0,0,0,5.0,3.9981835428167978,-0.29277002188455997,VLáda,NA,,213,1,32,1,2,30-39
14130,CZE,Czech Republic,invalid,rule_A_only,2,NORMAL,,0,0,0,0,0,3.0,9.388548356365444,0.7745966692414834,NA,Ne,,213,1,40,1,3,40-49
14148,CZE,Czech Republic,invalid,rule_A_only,5,NORMAL,,0,0,0,0,0,12.0,4.035844288779147,0.4472135954999579,NA,nevím,,213,1,39,1,3,30-39
14158,CZE,Czech Republic,invalid,rule_A_only,3,NORMAL,,0,0,0,0,0,3.0,6.281494984948638,0.31622776601683794,NA,ano,,213,1,46,1,3,40-49
14175,CZE,Czech Republic,invalid,rule_A_only,4,NORMAL,,0,0,0,0,0,13.0,4.729748133929873,,NA,činy,,213,1,28,1,4,18-29
14177,CZE,Czech Republic,invalid,rule_A_only,5,NORMAL,,0,0,0,0,0,4.0,5.0399107812343225,-0.7745966692414834,NA,Nevim,,213,1,19,0,4,18-29
14178,CZE,Czech Republic,invalid,rule_A_only,5,NORMAL,,0,0,0,0,0,5.0,7.367853322944508,-0.6351073488299558,Nevím ,NA,,213,1,35,0,4,30-39
14179,CZE,Czech Republic,invalid,rule_A_only,5,NORMAL,,0,0,0,0,0,10.0,3.62029276557802,,vláda,NA,,213,1,62,1,3,60+
14219,CZE,Czech Republic,invalid,rule_A_only,5,NORMAL,,0,0,0,0,0,14.0,3.3533278631093464,-0.4,Nevím ,NA,,213,1,54,1,3,50-59
14222,CZE,Czech Republic,invalid,rule_A_only,4,NORMAL,,0,0,0,0,0,13.0,5.156136672913393,0.3333333333333333,NA,činy,,213,1,27,1,3,18-29
14241,CZE,Czech Republic,invalid,rule_A_only,5,NORMAL,,0,0,0,0,0,7.0,5.438211468392369,0.31622776601683794,Nevim,NA,,213,1,36,1,3,30-39
14315,CZE,Czech Republic,invalid,rule_A_only,5,MEDIUM,mahalanobis_outlier,1,0,0,1,0,9.0,10.294336997333076,0.23320381162846934,NA,Розум,,213,1,20,2,3,18-29
14318,CZE,Czech Republic,invalid,rule_A_only,3,NORMAL,,0,0,0,0,0,3.0,6.688831171489216,0.227429413073671,Idk,NA,,213,1,22,1,3,18-29
14366,CZE,Czech Republic,invalid,rule_A_only,5,NORMAL,,0,0,0,0,0,15.0,6.301873361621291,,NA,nevím,,213,1,34,0,2,30-39
14394,CZE,Czech Republic,invalid,rule_A_only,5,NORMAL,,0,0,0,0,0,3.0,5.9212148828905145,-0.06142951168339512,firmy,NA,,213,1,58,0,4,50-59
14397,CZE,Czech Republic,invalid,rule_A_only,5,NORMAL,,0,0,0,0,0,10.0,5.189479408296087,-0.29277002188455997,mevím,NA,,213,1,59,0,3,50-59
14423,CZE,Czech Republic,invalid,rule_A_only,5,NORMAL,,0,0,0,0,0,12.0,3.654497356991323,-0.31622776601683794,Vedci,NA,,213,1,51,0,3,50-59
14434,CZE,Czech Republic,invalid,rule_A_only,0,NORMAL,,0,0,0,0,0,3.0,3.9508746124636427,0.3872983346207417,NA,-99,,213,1,27,0,4,18-29
14436,CZE,Czech Republic,invalid,rule_A_only,5,NORMAL,,0,0,0,0,0,10.0,5.520061116193916,0.4472135954999579,NA,důkaz,,213,1,77,1,3,60+
14455,CZE,Czech Republic,invalid,rule_A_only,5,NORMAL,,0,0,0,0,0,14.0,3.647884692321418,,nevím,NA,,213,1,63,0,4,60+
14480,CZE,Czech Republic,invalid,rule_A_only,1,NORMAL,,0,0,0,0,0,5.0,8.866454471238848,0.2857142857142857,.,NA,,213,1,32,0,4,30-39
14485,CZE,Czech Republic,invalid,rule_A_only,5,NORMAL,,0,0,0,0,0,7.0,5.426351865866927,0.4685212856658182,NA,Nevím ,,213,1,58,0,4,50-59
14506,CZE,Czech Republic,invalid,rule_A_only,0,NORMAL,,0,0,0,0,0,12.0,5.309336146958583,,-99,NA,,213,1,57,0,3,50-59
14524,CZE,Czech Republic,invalid,rule_A_only,4,NORMAL,,0,0,0,0,0,5.0,4.163404615794522,0.727606875108999,lidé,NA,,213,1,63,0,4,60+
14532,CZE,Czech Republic,invalid,rule_A_only,5,NORMAL,,0,0,0,0,0,5.0,4.962261163778427,0.4,Nevím ,NA,,213,1,44,0,3,40-49
14534,CZE,Czech Republic,invalid,rule_A_only,0,NORMAL,,0,0,0,0,0,5.0,3.881852543573228,0.13130643285972254,-99,NA,,213,1,40,0,4,40-49
14550,CZE,Czech Republic,invalid,rule_A_only,5,NORMAL,,0,0,0,0,0,16.0,3.5219813100373187,,NA,Fakta,,213,1,45,0,4,40-49
14552,CZE,Czech Republic,invalid,rule_A_only,1,NORMAL,,0,0,0,0,0,6.0,3.467287677392067,-0.6324555320336759,-,NA,,213,1,29,0,2,18-29
14589,DNK,Denmark,invalid,rule_A_only,4,NORMAL,,0,0,0,0,0,7.0,3.647228243724486,,Alle,NA,,213,1,65,1,2,60+
14591,DNK,Denmark,invalid,rule_A_only,4,NORMAL,,0,0,0,0,0,12.0,5.633607768243675,,Alle,NA,,213,1,71,1,4,60+
14594,DNK,Denmark,invalid,rule_A_only,4,NORMAL,,0,0,0,0,0,7.0,7.724212760092316,0.0,Alle,NA,,213,1,75,1,2,60+
14596,DNK,Denmark,invalid,rule_A_only,1,NORMAL,,0,0,0,0,0,7.0,3.871519853162108,0.31622776601683794,NA,.,,213,1,74,1,4,60+
14627,DNK,Denmark,invalid,rule_A_only,3,NORMAL,,0,0,0,0,0,4.0,9.22731325016813,0.0,NA,Pas,,213,1,30,1,3,30-39
14638,DNK,Denmark,invalid,rule_A_only,1,NORMAL,,0,0,0,0,0,13.0,4.694515173150339,0.0,NA,.,,213,1,44,1,4,40-49
14650,DNK,Denmark,invalid,rule_A_only,4,NORMAL,,0,0,0,0,0,7.0,5.556612804931069,0.408248290463863,Alle,NA,,213,1,39,1,4,30-39
14751,DNK,Denmark,invalid,rule_A_only,3,NORMAL,,0,0,0,0,0,14.0,6.671770632338402,0.3779644730092272,NA,pas,,213,1,45,1,3,40-49
14757,DNK,Denmark,invalid,rule_A_only,3,NORMAL,,0,0,0,0,0,5.0,6.467882432098468,0.242535625036333,NA,123,,213,1,34,1,4,30-39
14796,DNK,Denmark,invalid,rule_A_only,0,NORMAL,,0,0,0,0,0,12.0,3.610962221746664,0.7071067811865476,-99,NA,,213,1,41,1,3,40-49
14879,DNK,Denmark,invalid,rule_A_only,0,NORMAL,,0,0,0,0,0,8.0,7.630462355894105,-0.5345224838248488,-99,NA,,213,1,37,0,3,30-39
14891,DNK,Denmark,invalid,rule_A_only,4,NORMAL,,0,0,0,0,0,12.0,4.7651314362706865,,alle,NA,,213,1,42,1,2,40-49
14894,DNK,Denmark,invalid,rule_A_only,5,NORMAL,,0,0,0,0,0,3.0,5.979019020639745,0.10846522890932808,Facts,NA,,213,1,36,1,4,30-39
14940,DNK,Denmark,invalid,rule_A_only,0,NORMAL,,0,0,0,0,0,9.0,3.0113690600157597,0.34299717028501764,NA,-99,,213,1,43,1,4,40-49
14961,DNK,Denmark,invalid,rule_A_only,4,NORMAL,,0,0,0,0,0,12.0,3.7103585126725176,0.4472135954999579,Alle,NA,,213,1,40,1,4,40-49
15015,DNK,Denmark,invalid,rule_A_only,4,NORMAL,,0,0,0,0,0,13.0,5.4350914423051355,0.0,Alle,NA,,213,1,40,0,4,40-49
15016,DNK,Denmark,invalid,rule_A_only,0,NORMAL,,0,0,0,0,0,10.0,4.041423232113703,0.31622776601683794,NA,-99,,213,1,60,1,2,60+
15040,DNK,Denmark,invalid,rule_A_only,0,NORMAL,,0,0,0,0,0,7.0,5.5483362985254985,0.6859943405700353,NA,-99,,213,1,72,1,2,60+
15042,DNK,Denmark,invalid,rule_A_only,4,NORMAL,,0,0,0,0,0,7.0,4.892862321457182,1.0,Alle,NA,,213,1,20,0,3,18-29
15052,DNK,Denmark,invalid,rule_A_only,4,NORMAL,,0,0,0,0,0,6.0,5.690082710537421,,Alle,NA,,213,1,49,1,3,40-49
15055,DNK,Denmark,invalid,rule_A_only,1,NORMAL,,0,0,0,0,0,11.0,5.127770053944759,0.0,👍,NA,,213,1,70,1,3,60+
15069,DNK,Denmark,invalid,rule_A_only,0,NORMAL,,0,0,0,0,0,7.0,,-0.5773502691896258,-99,NA,,213,1,41,1,4,40-49
15079,DNK,Denmark,invalid,rule_A_only,0,NORMAL,,0,0,0,0,0,3.0,5.650704618476223,0.5,-99,NA,,213,1,57,0,2,50-59
15086,DNK,Denmark,invalid,rule_A_only,3,NORMAL,,0,0,0,0,0,13.0,6.193376853623513,-0.227429413073671,NA,Pas,,213,1,44,1,3,40-49
15128,DNK,Denmark,invalid,rule_A_only,4,NORMAL,,0,0,0,0,0,15.0,3.1747890029041943,0.4472135954999579,Alle,NA,,213,1,58,1,4,50-59
15136,DNK,Denmark,invalid,rule_A_only,4,NORMAL,,0,0,0,0,0,13.0,4.442466234677101,0.6324555320336759,Alle,NA,,213,1,34,0,4,30-39
15167,DNK,Denmark,invalid,rule_A_only,4,NORMAL,,0,0,0,0,0,6.0,6.09280340196889,0.5521576303742327,Alle,NA,,213,1,24,1,3,18-29
15201,DNK,Denmark,invalid,rule_A_only,0,NORMAL,,0,0,0,0,0,6.0,6.341989444451577,0.21821789023599236,-99,NA,,213,1,58,1,2,50-59
15211,DNK,Denmark,invalid,rule_A_only,4,NORMAL,,0,0,0,0,0,13.0,4.35262035489537,0.8944271909999159,Alle,NA,,213,1,54,1,4,50-59
15213,DNK,Denmark,invalid,rule_A_only,1,NORMAL,,0,0,0,0,0,12.0,3.591007061734652,1.0,?,NA,,213,1,66,0,4,60+
15230,DNK,Denmark,invalid,rule_A_only,3,NORMAL,,0,0,0,0,0,13.0,8.09244405320247,0.0,Iio,NA,,213,1,39,0,2,30-39
15272,DNK,Denmark,invalid,rule_A_only,0,NORMAL,,0,0,0,0,0,9.0,4.29793230251122,,NA,-99,,213,1,36,0,2,30-39
15302,DNK,Denmark,invalid,rule_A_only,3,NORMAL,,0,0,0,0,0,14.0,3.381829861939744,-0.2,NA,I??,,213,1,41,0,3,40-49
15306,DNK,Denmark,invalid,rule_A_only,1,NORMAL,,0,0,0,0,0,6.0,4.061538725295774,-0.34299717028501764,?,NA,,213,1,71,0,3,60+
15310,DNK,Denmark,invalid,rule_A_only,5,NORMAL,,0,0,0,0,0,16.0,4.124925417069695,0.5773502691896257,NA,Fakta,,213,1,42,1,2,40-49
15321,DNK,Denmark,invalid,rule_A_only,0,NORMAL,,0,0,0,0,0,7.0,3.4563958169020332,0.6324555320336759,-99,NA,,213,1,72,1,2,60+
15322,DNK,Denmark,invalid,rule_A_only,0,NORMAL,,0,0,0,0,0,7.0,4.213427294470807,0.6324555320336759,NA,-99,,213,1,30,0,3,30-39
15331,DNK,Denmark,invalid,rule_A_only,5,NORMAL,,0,0,0,0,0,13.0,9.462751475378717,-0.31622776601683794,Klima,NA,,213,1,57,0,2,50-59
15372,DNK,Denmark,invalid,rule_A_only,4,NORMAL,,0,0,0,0,0,16.0,4.4316343601604355,,Alle,NA,,213,1,42,1,4,40-49
15408,DNK,Denmark,invalid,rule_A_only,0,NORMAL,,0,0,0,0,0,6.0,4.310431576025596,0.6123724356957946,NA,-99,,213,1,38,0,4,30-39
15411,DNK,Denmark,invalid,rule_A_only,1,NORMAL,,0,0,0,0,0,12.0,3.847546063824128,0.7071067811865476,NA,?,,213,1,23,0,3,18-29
15442,DNK,Denmark,invalid,rule_A_only,0,NORMAL,,0,0,0,0,0,16.0,6.789178149273061,0.0,-99,NA,,213,1,26,0,4,18-29
15443,DNK,Denmark,invalid,rule_A_only,5,NORMAL,,0,0,0,0,0,12.0,4.058760773606649,0.31622776601683794,klima,NA,,213,1,76,0,3,60+
15464,DNK,Denmark,invalid,rule_A_only,1,NORMAL,,0,0,0,0,0,13.0,4.495660906446712,0.6030226891555273,NA,?,,213,1,75,1,3,60+
15468,DNK,Denmark,invalid,rule_A_only,1,NORMAL,,0,0,0,0,0,10.0,6.66263724023777,0.0,d,NA,,213,1,30,1,4,30-39
15616,DNK,Denmark,invalid,rule_A_only,4,NORMAL,,0,0,0,0,0,10.0,5.287458541409869,0.8557169633109855,Alle,NA,,213,1,39,0,4,30-39
15633,DNK,Denmark,invalid,rule_A_only,4,NORMAL,,0,0,0,0,0,12.0,4.513943253127815,0.2,Alle,NA,,213,1,40,0,4,40-49
15645,DNK,Denmark,invalid,rule_A_only,4,NORMAL,,0,0,0,0,0,6.0,5.856539667669901,0.15811388300841897,Unge,NA,,213,1,18,0,2,18-29
15653,DNK,Denmark,invalid,rule_A_only,1,NORMAL,,0,0,0,0,0,5.0,4.0139013415879345,0.3872983346207417,X,NA,,213,1,72,0,4,60+
15673,DNK,Denmark,invalid,rule_A_only,1,NORMAL,,0,0,0,0,0,15.0,2.998958570247865,1.0,NA,?,,213,1,59,1,4,50-59
15678,DNK,Denmark,invalid,rule_A_only,0,NORMAL,,0,0,0,0,0,7.0,4.690301013613707,0.29277002188455997,-99,NA,,213,1,44,0,3,40-49
15682,DNK,Denmark,invalid,rule_A_only,4,NORMAL,,0,0,0,0,0,10.0,5.161328785449207,0.17149858514250882,Alle,NA,,213,1,51,1,4,50-59
15692,DNK,Denmark,invalid,rule_A_only,0,NORMAL,,0,0,0,0,0,10.0,5.3682756270070415,0.7071067811865476,-99,NA,,213,1,73,1,2,60+
15694,DNK,Denmark,invalid,rule_A_only,0,NORMAL,,0,0,0,0,0,12.0,5.902410819547134,,NA,NA,,213,1,22,1,2,18-29
15697,DNK,Denmark,invalid,rule_A_only,0,NORMAL,,0,0,0,0,0,12.0,4.122579672627363,-0.31622776601683794,NA,-99,,213,1,50,2,3,50-59
15710,DNK,Denmark,invalid,rule_A_only,2,NORMAL,,0,0,0,0,0,9.0,9.3434327395506,,..,NA,,213,1,20,NA,3,18-29
15730,DNK,Denmark,invalid,rule_A_only,5,NORMAL,,0,0,0,0,0,8.0,4.866707313033432,0.7905694150420948,NA,fakta,,213,1,58,1,3,50-59
15770,DNK,Denmark,invalid,rule_A_only,4,NORMAL,,0,0,0,0,0,11.0,5.378293800581184,0.8944271909999159,Alle,NA,,213,1,65,0,4,60+
15817,EGY,Egypt,invalid,rule_A_only,0,NORMAL,,0,0,0,0,0,3.0,5.435679168334505,0.0,NA,-99,,213,1,35,0,4,30-39
15820,EGY,Egypt,invalid,rule_A_only,3,NORMAL,,0,0,0,0,0,5.0,5.045048843706578,0.0,idk,NA,,213,1,27,1,4,18-29
15900,EGY,Egypt,invalid,rule_A_only,3,NORMAL,,0,0,0,0,0,7.0,7.696396822103402,-0.2809757434745082,NA,123,,213,1,53,1,4,50-59
15974,EGY,Egypt,invalid,rule_A_only,5,MEDIUM,odd_even_low,1,0,0,0,1,4.0,4.128135290028325,-1.0,ممياز ,NA,,213,1,43,0,4,40-49
16009,EGY,Egypt,invalid,rule_A_only,0,NORMAL,,0,0,0,0,0,9.0,9.45879065698974,0.746003846592251,NA,-99,,213,1,37,1,4,30-39
16029,EGY,Egypt,invalid,rule_A_only,5,MEDIUM,odd_even_low,1,0,0,0,1,3.0,4.472137794088111,-1.0,ممياز ,NA,,213,1,43,0,4,40-49
16050,EGY,Egypt,invalid,rule_A_only,5,NORMAL,,0,0,0,0,0,3.0,4.049915632171614,,ممياز ,NA,,213,1,33,0,4,30-39
16153,EGY,Egypt,invalid,rule_A_only,5,NORMAL,,0,0,0,0,0,13.0,7.052076673315523,0.9191450300180578,جيداا,NA,,213,1,29,0,4,18-29
16168,EGY,Egypt,invalid,rule_A_only,5,NORMAL,,0,0,0,0,0,5.0,3.7321924798129054,-0.4472135954999579,NA,تطوره,,213,1,33,0,4,30-39
16186,EGY,Egypt,invalid,rule_A_only,5,MEDIUM,odd_even_low,1,0,0,0,1,4.0,4.834512025653926,-1.0,ممياز,NA,,213,1,33,0,4,30-39
16187,EGY,Egypt,invalid,rule_A_only,5,MEDIUM,odd_even_low,1,0,0,0,1,3.0,4.1326980857985,-1.0,NA,ممياز ,,213,1,43,0,4,40-49
16195,EGY,Egypt,invalid,rule_A_only,5,NORMAL,,0,0,0,0,0,8.0,4.071645589370275,,NA,كل شي ,,213,1,55,0,1,50-59
16212,EGY,Egypt,invalid,rule_A_only,5,NORMAL,,0,0,0,0,0,11.0,8.579968893898828,0.27937211830783126,الشعب,NA,,213,1,51,2,3,50-59
16290,EGY,Egypt,invalid,rule_A_only,4,NORMAL,,0,0,0,0,0,5.0,4.325600443035234,-0.34299717028501764,Good ,NA,,213,1,28,NA,4,18-29
16301,ETH,Ethiopia,invalid,rule_A_only,5,NORMAL,,0,0,0,0,0,5.0,7.721566202714631,0.0,Right ,NA,,213,1,19,1,3,18-29
16377,ETH,Ethiopia,invalid,rule_A_only,4,NORMAL,,0,0,0,0,0,4.0,5.9005026311406255,0.44553233542998427,NA,good,,213,1,27,0,4,18-29
16457,ETH,Ethiopia,invalid,rule_A_only,0,NORMAL,,0,0,0,0,0,9.0,6.275056236588317,0.16222142113076254,-99,NA,,213,1,21,NA,4,18-29
16524,ETH,Ethiopia,invalid,rule_A_only,4,NORMAL,,0,0,0,0,0,8.0,7.126716930535064,0.5855400437691199,NA,Good,,213,1,32,0,4,30-39
16682,ETH,Ethiopia,invalid,rule_A_only,0,NORMAL,,0,0,0,0,0,6.0,8.610723560921642,0.8931977372352651,NA,-99,,213,1,26,NA,4,18-29
16783,ITA,Italy,invalid,rule_A_only,0,NORMAL,,0,0,0,0,0,11.0,4.915785856192859,0.0,-99,NA,,213,1,46,0,3,40-49
16784,ITA,Italy,invalid,rule_A_only,2,NORMAL,,0,0,0,0,0,13.0,8.813215965646142,,Nn,NA,,213,1,45,1,3,40-49
16807,BEL,Belgium,invalid,rule_A_only,4,NORMAL,,0,0,0,0,0,6.0,4.998561139174069,0.41522739926869984,NA,Niet,,213,1,68,0,3,60+
16835,BEL,Belgium,invalid,rule_A_only,0,NORMAL,,0,0,0,0,0,14.0,6.004522271440183,0.17149858514250882,NA,-99,,213,1,28,0,4,18-29
16887,BEL,Belgium,invalid,rule_A_only,0,NORMAL,,0,0,0,0,0,13.0,3.7504645962047882,0.6123724356957946,NA,-99,,213,1,27,0,4,18-29
16963,BEL,Belgium,invalid,rule_A_only,1,NORMAL,,0,0,0,0,0,6.0,7.71802011839392,-0.16609095970747995,/,NA,,213,1,35,1,3,30-39
17007,BEL,Belgium,invalid,rule_A_only,0,NORMAL,,0,0,0,0,0,7.0,2.808586693641759,0.4472135954999579,NA,-99,,213,1,28,0,4,18-29
17038,BEL,Belgium,invalid,rule_A_only,0,NORMAL,,0,0,0,0,0,9.0,4.071494771656151,0.31622776601683794,NA,-99,,213,1,76,0,3,60+
17066,BEL,Belgium,invalid,rule_A_only,0,NORMAL,,0,0,0,0,0,12.0,,,-99,NA,,213,1,27,1,4,18-29
17078,ITA,Italy,invalid,rule_A_only,5,NORMAL,,0,0,0,0,0,16.0,6.819783210509291,0.0,NA,Il CV,,213,1,25,1,3,18-29
17094,ITA,Italy,invalid,rule_A_only,5,NORMAL,,0,0,0,0,0,4.0,6.142444310304727,-0.15877683720748895,Ictus,NA,,213,1,62,1,3,60+
17095,BEL,Belgium,invalid,rule_A_only,0,NORMAL,,0,0,0,0,0,12.0,3.621366813970697,0.5,-99,NA,,213,1,28,0,4,18-29
17105,ITA,Italy,invalid,rule_A_only,0,NORMAL,,0,0,0,0,0,7.0,6.2835894988040675,0.8215838362577491,-99,NA,,213,1,59,1,3,50-59
17124,BEL,Belgium,invalid,rule_A_only,0,NORMAL,,0,0,0,0,0,15.0,7.600432176527953,0.8600131635675317,NA,-99,,213,1,28,0,3,18-29
17131,BEL,Belgium,invalid,rule_A_only,0,NORMAL,,0,0,0,0,0,12.0,5.497778227794565,0.7071067811865476,-99,NA,,213,1,54,0,4,50-59
17161,BEL,Belgium,invalid,rule_A_only,1,NORMAL,,0,0,0,0,0,4.0,5.211407661520948,-0.242535625036333,/,NA,,213,1,23,1,4,18-29
17194,ITA,Italy,invalid,rule_A_only,0,NORMAL,,0,0,0,0,0,6.0,4.759129697845852,0.0,-99,NA,,213,1,34,1,3,30-39
17291,BEL,Belgium,invalid,rule_A_only,0,NORMAL,,0,0,0,0,0,12.0,3.4375389912346117,0.5,NA,-99,,213,1,68,0,4,60+
17297,ITA,Italy,invalid,rule_A_only,5,NORMAL,,0,0,0,0,0,10.0,4.378171638342518,,Tutti,NA,,213,1,24,0,4,18-29
17305,ITA,Italy,invalid,rule_A_only,0,NORMAL,,0,0,0,0,0,5.0,6.073721794435951,0.17149858514250882,-99,NA,,213,1,18,0,3,18-29
17344,BEL,Belgium,invalid,rule_A_only,1,NORMAL,,0,0,0,0,0,7.0,5.675444857861551,0.31622776601683794,/,NA,,213,1,29,0,3,18-29
17361,ITA,Italy,invalid,rule_A_only,5,NORMAL,,0,0,0,0,0,13.0,4.263043207744724,,Tutti,NA,,213,1,60,0,3,60+
17376,ITA,Italy,invalid,rule_A_only,5,NORMAL,,0,0,0,0,0,5.0,3.5539510551982643,0.31622776601683794,tutti,NA,,213,1,74,1,3,60+
17429,ITA,Italy,invalid,rule_A_only,1,NORMAL,,0,0,0,0,0,7.0,4.496579468840838,-0.4472135954999579,.,NA,,213,1,22,1,4,18-29
17451,ITA,Italy,invalid,rule_A_only,5,NORMAL,,0,0,0,0,0,16.0,3.629625506207874,1.0,Tutti,NA,,213,1,22,1,3,18-29
17467,BEL,Belgium,invalid,rule_A_only,0,NORMAL,,0,0,0,0,0,10.0,4.44878893606497,,-99,NA,,213,1,55,0,2,50-59
17487,BEL,Belgium,invalid,rule_A_only,2,NORMAL,,0,0,0,0,0,12.0,6.037646104199264,0.0,"??
",NA,,213,1,48,1,3,40-49
17503,BEL,Belgium,invalid,rule_A_only,0,NORMAL,,0,0,0,0,0,8.0,3.7799544901265705,,-99,NA,,213,1,68,1,3,60+
17548,BEL,Belgium,invalid,rule_A_only,0,NORMAL,,0,0,0,0,0,7.0,3.9949889286069404,0.25,-99,NA,,213,1,43,1,3,40-49
17574,BEL,Belgium,invalid,rule_A_only,0,NORMAL,,0,0,0,0,0,6.0,5.498739875237673,0.08574929257125441,NA,-99,,213,1,76,1,4,60+
17576,BEL,Belgium,invalid,rule_A_only,4,NORMAL,,0,0,0,0,0,5.0,5.126936720783298,,tous,NA,,213,1,32,1,4,30-39
17581,ITA,Italy,invalid,rule_A_only,0,NORMAL,,0,0,0,0,0,13.0,5.114447579830047,0.5477225575051661,NA,-99,,213,1,28,0,4,18-29
17630,BEL,Belgium,invalid,rule_A_only,0,NORMAL,,0,0,0,0,0,8.0,5.75031112855565,0.6432675209026768,-99,NA,,213,1,19,0,3,18-29
17637,BEL,Belgium,invalid,rule_A_only,3,NORMAL,,0,0,0,0,0,12.0,3.9294664419056304,,NA,Nsp,,213,1,32,1,3,30-39
17671,ITA,Italy,invalid,rule_A_only,5,NORMAL,,0,0,0,0,0,8.0,5.898961274082212,0.43301270189221935,Tutti,NA,,213,1,30,1,3,30-39
17685,ITA,Italy,invalid,rule_A_only,0,NORMAL,,0,0,0,0,0,6.0,4.455300026317062,0.4117647058823529,NA,-99,,213,1,51,1,3,50-59
17694,ITA,Italy,invalid,rule_A_only,5,MEDIUM,mahalanobis_outlier,1,0,0,1,0,5.0,9.043803419953965,0.1404878717372541,Molto,NA,,213,1,73,0,3,60+
17705,ITA,Italy,invalid,rule_A_only,5,NORMAL,,0,0,0,0,0,6.0,3.824509232961361,0.31622776601683794,Tutti,NA,,213,1,31,0,4,30-39
17711,ITA,Italy,invalid,rule_A_only,0,NORMAL,,0,0,0,0,0,15.0,4.732471239787584,0.4,-99,NA,,213,1,25,0,4,18-29
17716,DEU,Germany,invalid,rule_A_only,1,NORMAL,,0,0,0,0,0,9.0,5.503697843705128,-0.2,NA,-,,213,1,48,0,3,40-49
17732,ITA,Italy,invalid,rule_A_only,5,NORMAL,,0,0,0,0,0,7.0,5.433783811458924,0.909717652294684,tutti,NA,,213,1,40,1,3,40-49
17746,BEL,Belgium,invalid,rule_A_only,0,NORMAL,,0,0,0,0,0,6.0,4.2748367861244585,0.29277002188455997,NA,-99,,213,1,75,1,3,60+
17781,BEL,Belgium,invalid,rule_A_only,0,NORMAL,,0,0,0,0,0,6.0,4.173871739438052,-0.6324555320336759,-99,NA,,213,1,29,1,4,18-29
17809,BEL,Belgium,invalid,rule_A_only,3,NORMAL,,0,0,0,0,0,11.0,4.61383540167017,0.31622776601683794,Jos,NA,,213,1,28,1,3,18-29
17854,BEL,Belgium,invalid,rule_A_only,1,NORMAL,,0,0,0,0,0,5.0,5.050763629508513,,NA,?,,213,1,62,1,3,60+
17860,ITA,Italy,invalid,rule_A_only,1,NORMAL,,0,0,0,0,0,4.0,7.3684509122746435,0.10846522890932808,.,NA,,213,1,44,1,3,40-49
17880,DEU,Germany,invalid,rule_A_only,0,NORMAL,,0,0,0,0,0,13.0,6.516303791338845,0.07905694150420949,-99,NA,,213,1,50,0,3,50-59
17885,ITA,Italy,invalid,rule_A_only,5,NORMAL,,0,0,0,0,0,5.0,5.7184459737452205,-0.42008402520840293,Tutti,NA,,213,1,35,1,3,30-39
17899,DEU,Germany,invalid,rule_A_only,1,NORMAL,,0,0,0,0,0,3.0,3.507276133690708,0.0,NA,-,,213,1,36,0,3,30-39
17910,ITA,Italy,invalid,rule_A_only,0,NORMAL,,0,0,0,0,0,15.0,5.730048401463297,-0.5423261445466404,NA,-99,,213,1,42,0,3,40-49
18007,ITA,Italy,invalid,rule_A_only,5,NORMAL,,0,0,0,0,0,6.0,4.615782504831777,0.7071067811865476,tutti,NA,,213,1,23,1,3,18-29
18058,DEU,Germany,invalid,rule_A_only,1,NORMAL,,0,0,0,0,0,15.0,4.354007372007167,-0.31622776601683794,_,NA,,213,1,37,1,4,30-39
18061,BEL,Belgium,invalid,rule_A_only,0,NORMAL,,0,0,0,0,0,12.0,3.9764314556706966,0.5477225575051661,-99,NA,,213,1,36,0,4,30-39
18082,BEL,Belgium,invalid,rule_A_only,0,NORMAL,,0,0,0,0,0,6.0,3.8032596082421324,0.4472135954999579,NA,-99,,213,1,61,1,3,60+
18097,ITA,Italy,invalid,rule_A_only,4,NORMAL,,0,0,0,0,0,5.0,3.8479330712005213,0.25,Bene,NA,,213,1,21,1,4,18-29
18109,ITA,Italy,invalid,rule_A_only,5,NORMAL,,0,0,0,0,0,9.0,4.273298538672363,0.4472135954999579,NA,studi,,213,1,43,1,4,40-49
18153,ITA,Italy,invalid,rule_A_only,0,NORMAL,,0,0,0,0,0,12.0,5.4165007207822375,0.0,NA,-99,,213,1,28,0,3,18-29
18182,BEL,Belgium,invalid,rule_A_only,0,NORMAL,,0,0,0,0,0,10.0,2.7666840938471235,1.0,-99,NA,,213,1,47,1,4,40-49
18194,ITA,Italy,invalid,rule_A_only,5,NORMAL,,0,0,0,0,0,6.0,5.14604935695978,0.9561828874675149,Tutti,NA,,213,1,24,0,3,18-29
18233,ITA,Italy,invalid,rule_A_only,0,NORMAL,,0,0,0,0,0,6.0,6.107613918904639,-0.4472135954999579,-99,NA,,213,1,34,1,3,30-39
18244,BEL,Belgium,invalid,rule_A_only,1,NORMAL,,0,0,0,0,0,5.0,8.12327678625555,0.6201736729460423,.,NA,,213,1,29,1,3,18-29
18252,BEL,Belgium,invalid,rule_A_only,0,NORMAL,,0,0,0,0,0,10.0,6.002006869611698,0.5521576303742327,-99,NA,,213,1,29,0,4,18-29
18256,ITA,Italy,invalid,rule_A_only,0,NORMAL,,0,0,0,0,0,12.0,3.9465587087468856,-0.31622776601683794,-99,NA,,213,1,23,0,3,18-29
18270,ITA,Italy,invalid,rule_A_only,1,NORMAL,,0,0,0,0,0,4.0,6.73372040738376,-0.7071067811865476,NA,-,,213,1,23,1,3,18-29
18306,BEL,Belgium,invalid,rule_A_only,1,NORMAL,,0,0,0,0,0,15.0,5.188116874111056,-0.7745966692414834,NA,/,,213,1,24,1,4,18-29
18346,ITA,Italy,invalid,rule_A_only,2,NORMAL,,0,0,0,0,0,5.0,5.002470325576858,0.727606875108999,NA,Du,,213,1,22,0,4,18-29
18361,ITA,Italy,invalid,rule_A_only,1,NORMAL,,0,0,0,0,0,8.0,4.129701097936565,0.0,",",NA,,213,1,64,0,3,60+
18373,BEL,Belgium,invalid,rule_A_only,4,NORMAL,,0,0,0,0,0,16.0,5.9449050248009705,-0.6565321642986127,NA,Data ,,213,1,28,1,4,18-29
18375,ITA,Italy,invalid,rule_A_only,1,NORMAL,,0,0,0,0,0,5.0,5.213457473291135,0.34299717028501764,NA,x,,213,1,29,1,3,18-29
18438,ITA,Italy,invalid,rule_A_only,0,NORMAL,,0,0,0,0,0,4.0,5.980193426401168,0.7938841860374447,NA,-99,,213,1,24,0,3,18-29
18444,ITA,Italy,invalid,rule_A_only,0,NORMAL,,0,0,0,0,0,4.0,6.9112361346962405,0.0,NA,-99,,213,1,44,0,4,40-49
18485,DEU,Germany,invalid,rule_A_only,4,NORMAL,,0,0,0,0,0,10.0,4.280845369492512,,Mega,NA,,213,1,23,1,3,18-29
18492,BEL,Belgium,invalid,rule_A_only,1,NORMAL,,0,0,0,0,0,3.0,8.63499688827111,0.13525044520011484,NA,/,,213,1,26,0,2,18-29
18506,BEL,Belgium,invalid,rule_A_only,0,NORMAL,,0,0,0,0,0,12.0,5.432583726733887,0.0,NA,-99,,213,1,29,0,4,18-29
18536,DEU,Germany,invalid,rule_A_only,3,NORMAL,,0,0,0,0,0,4.0,5.628421520391773,-0.4629100498862757,isj,NA,,213,1,21,0,3,18-29
18558,BEL,Belgium,invalid,rule_A_only,1,NORMAL,,0,0,0,0,0,13.0,3.3605174551558217,,NA,/,,213,1,24,0,4,18-29
18559,BEL,Belgium,invalid,rule_A_only,0,NORMAL,,0,0,0,0,0,12.0,4.4477377342848,-0.31622776601683794,NA,-99,,213,1,47,0,3,40-49
18573,BEL,Belgium,invalid,rule_A_only,4,NORMAL,,0,0,0,0,0,4.0,4.586772967423218,0.4472135954999579,nous,NA,,213,1,52,1,4,50-59
18575,DEU,Germany,invalid,rule_A_only,5,NORMAL,,0,0,0,0,0,6.0,3.6750415750521777,-0.2,Leute,NA,,213,1,55,0,3,50-59
18594,DEU,Germany,invalid,rule_A_only,5,NORMAL,,0,0,0,0,0,5.0,5.196135342958913,-0.15877683720748895,NA,keine,,213,1,24,0,3,18-29
18613,BEL,Belgium,invalid,rule_A_only,0,NORMAL,,0,0,0,0,0,12.0,4.398585656359169,0.4472135954999579,NA,-99,,213,1,29,0,4,18-29
18636,BEL,Belgium,invalid,rule_A_only,1,NORMAL,,0,0,0,0,0,15.0,2.8280623935496285,,-,NA,,213,1,27,1,3,18-29
18664,DEU,Germany,invalid,rule_A_only,5,NORMAL,,0,0,0,0,0,3.0,7.731845557379484,0.2705008904002297,Keine,NA,,213,1,29,0,3,18-29
18665,BEL,Belgium,invalid,rule_A_only,1,NORMAL,,0,0,0,0,0,14.0,3.8645346190695586,,NA,/,,213,1,44,0,4,40-49
18666,ITA,Italy,invalid,rule_A_only,5,NORMAL,,0,0,0,0,0,7.0,2.9001206042647794,,Tutti,NA,,213,1,62,1,3,60+
18682,DEU,Germany,invalid,rule_A_only,0,NORMAL,,0,0,0,0,0,2.0,,,NA,-99,,213,1,NA,1,4,NA
18694,ITA,Italy,invalid,rule_A_only,5,NORMAL,,0,0,0,0,0,5.0,4.257139139771364,0.7905694150420948,NA,Prove,,213,1,22,0,3,18-29
18733,BEL,Belgium,invalid,rule_A_only,0,NORMAL,,0,0,0,0,0,6.0,3.7179615752011888,0.31622776601683794,NA,-99,,213,1,25,0,4,18-29
18760,BEL,Belgium,invalid,rule_A_only,0,NORMAL,,0,0,0,0,0,13.0,4.8968574474356,-0.3333333333333333,NA,-99,,213,1,44,1,4,40-49
18788,DEU,Germany,invalid,rule_A_only,3,NORMAL,,0,0,0,0,0,3.0,8.579130898801036,0.8673649643743679,Nah,NA,,213,1,22,0,4,18-29
18823,DEU,Germany,invalid,rule_A_only,4,NORMAL,,0,0,0,0,0,6.0,4.593632274397732,,Alle,NA,,213,1,35,0,4,30-39
18836,DEU,Germany,invalid,rule_A_only,1,NORMAL,,0,0,0,0,0,16.0,4.26669946761682,-0.6123724356957946,?,NA,,213,1,42,1,4,40-49
18837,ITA,Italy,invalid,rule_A_only,5,NORMAL,,0,0,0,0,0,10.0,5.453378560925318,1.0,tutti,NA,,213,1,33,0,4,30-39
18866,DEU,Germany,invalid,rule_A_only,4,NORMAL,,0,0,0,0,0,13.0,3.634841821604894,,NA,k.a.,,213,1,60,1,3,60+
18886,DEU,Germany,invalid,rule_A_only,3,NORMAL,,0,0,0,0,0,7.0,4.81279756698349,0.0,NA,KGB,,213,1,32,1,3,30-39
18918,ITA,Italy,invalid,rule_A_only,3,NORMAL,,0,0,0,0,0,7.0,6.9846054129758,0.49143609346716094,Noi,NA,,213,1,38,0,4,30-39
18955,BEL,Belgium,invalid,rule_A_only,1,NORMAL,,0,0,0,0,0,12.0,3.7659557002268356,0.2,NA,N,,213,1,45,0,4,40-49
18966,BEL,Belgium,invalid,rule_A_only,0,NORMAL,,0,0,0,0,0,5.0,3.824151521521927,-0.4472135954999579,NA,-99,,213,1,59,1,4,50-59
18983,DEU,Germany,invalid,rule_A_only,0,NORMAL,,0,0,0,0,0,15.0,7.296340710151536,-0.7592566023652966,-99,NA,,213,1,68,0,3,60+
18987,DEU,Germany,invalid,rule_A_only,4,NORMAL,,0,0,0,0,0,11.0,3.662386520770105,0.7071067811865476,Alle,NA,,213,1,50,1,3,50-59
19003,BEL,Belgium,invalid,rule_A_only,1,NORMAL,,0,0,0,0,0,12.0,3.959436597350997,0.7071067811865476,?,NA,,213,1,45,0,4,40-49
19027,ITA,Italy,invalid,rule_A_only,5,NORMAL,,0,0,0,0,0,6.0,4.032188385904941,-0.4472135954999579,tutti,NA,,213,1,19,NA,3,18-29
19036,BEL,Belgium,invalid,rule_A_only,1,NORMAL,,0,0,0,0,0,6.0,6.29242084635027,-0.31622776601683794,/,NA,,213,1,23,1,4,18-29
19040,BEL,Belgium,invalid,rule_A_only,0,NORMAL,,0,0,0,0,0,9.0,4.1619334476638645,1.0,-99,NA,,213,1,64,1,3,60+
19054,DEU,Germany,invalid,rule_A_only,0,NORMAL,,0,0,0,0,0,14.0,5.6317004937391,,NA,-99,,213,1,46,0,3,40-49
19116,DEU,Germany,invalid,rule_A_only,4,NORMAL,,0,0,0,0,0,9.0,7.410811267813839,-0.1724137931034483,Alle,NA,,213,1,24,1,4,18-29
19118,DEU,Germany,invalid,rule_A_only,3,NORMAL,,0,0,0,0,0,15.0,4.022266611294719,0.0,Gut,NA,,213,1,30,1,4,30-39
19120,DEU,Germany,invalid,rule_A_only,3,NORMAL,,0,0,0,0,0,8.0,4.203833966898893,0.2,NA,k.a,,213,1,24,1,3,18-29
19132,BEL,Belgium,invalid,rule_A_only,0,NORMAL,,0,0,0,0,0,11.0,3.195418033132925,,-99,NA,,213,1,51,1,4,50-59
19188,BEL,Belgium,invalid,rule_A_only,0,NORMAL,,0,0,0,0,0,15.0,5.01356362739477,0.10846522890932808,-99,NA,,213,1,31,0,4,30-39
19192,BEL,Belgium,invalid,rule_A_only,0,NORMAL,,0,0,0,0,0,12.0,3.2884490289647847,,-99,NA,,213,1,69,0,4,60+
19193,ITA,Italy,invalid,rule_A_only,1,NORMAL,,0,0,0,0,0,7.0,4.039172427397508,0.8,.,NA,,213,1,26,0,4,18-29
19249,BEL,Belgium,invalid,rule_A_only,4,NORMAL,,0,0,0,0,0,9.0,5.145629017121659,0.2,NA,Info ,,213,1,59,1,3,50-59
19283,DEU,Germany,invalid,rule_A_only,3,NORMAL,,0,0,0,0,0,9.0,4.787299369776055,,gut,NA,,213,1,37,0,4,30-39
19299,BEL,Belgium,invalid,rule_A_only,0,NORMAL,,0,0,0,0,0,12.0,3.500674432055274,-0.6324555320336759,NA,-99,,213,1,55,0,4,50-59
19301,BEL,Belgium,invalid,rule_A_only,4,NORMAL,,0,0,0,0,0,10.0,8.062812523301679,,NA,Niet,,213,1,48,1,3,40-49
19320,ITA,Italy,invalid,rule_A_only,5,NORMAL,,0,0,0,0,0,12.0,3.170034031536163,-0.6123724356957946,Tutti,NA,,213,1,48,0,3,40-49
19393,BEL,Belgium,invalid,rule_A_only,0,NORMAL,,0,0,0,0,0,9.0,3.166668246203119,,-99,NA,,213,1,61,0,3,60+
19400,BEL,Belgium,invalid,rule_A_only,1,NORMAL,,0,0,0,0,0,7.0,3.119050366422917,,?,NA,,213,1,69,0,3,60+
19402,DEU,Germany,invalid,rule_A_only,4,NORMAL,,0,0,0,0,0,14.0,5.019202910970226,0.34299717028501764,Alle,NA,,213,1,20,1,3,18-29
19412,ITA,Italy,invalid,rule_A_only,5,NORMAL,,0,0,0,0,0,5.0,5.775256999334656,0.6123724356957946,tutti,NA,,213,1,57,1,3,50-59
19436,ITA,Italy,invalid,rule_A_only,5,NORMAL,,0,0,0,0,0,11.0,4.44595577985169,0.0,Tutti,NA,,213,1,36,0,3,30-39
19518,DEU,Germany,invalid,rule_A_only,0,NORMAL,,0,0,0,0,0,3.0,5.556145025248814,-0.4472135954999579,NA,-99,,213,1,29,1,4,18-29
19526,BEL,Belgium,invalid,rule_A_only,4,NORMAL,,0,0,0,0,0,10.0,5.509590970229637,0.3333333333333333,NA,Stat,,213,1,38,0,4,30-39
19540,ITA,Italy,invalid,rule_A_only,5,NORMAL,,0,0,0,0,0,8.0,4.673552080054108,0.31622776601683794,tutti,NA,,213,1,56,1,3,50-59
19594,BEL,Belgium,invalid,rule_A_only,0,NORMAL,,0,0,0,0,0,15.0,4.015453898381242,,-99,NA,,213,1,39,1,3,30-39
19643,ITA,Italy,invalid,rule_A_only,5,NORMAL,,0,0,0,0,0,7.0,5.6363725942133405,,Tutti,NA,,213,1,57,2,3,50-59
19651,ITA,Italy,invalid,rule_A_only,5,NORMAL,,0,0,0,0,0,15.0,4.643573303062779,0.31622776601683794,tutti,NA,,213,1,45,1,3,40-49
19669,BEL,Belgium,invalid,rule_A_only,1,NORMAL,,0,0,0,0,0,10.0,4.00948391991734,0.4117647058823529,/,NA,,213,1,33,0,4,30-39
19672,BEL,Belgium,invalid,rule_A_only,5,NORMAL,,0,0,0,0,0,13.0,5.69117824932975,0.4472135954999579,NA,niets,,213,1,59,1,4,50-59
19692,ITA,Italy,invalid,rule_A_only,5,NORMAL,,0,0,0,0,0,8.0,6.128951471322532,0.4338609156373123,Tutti,NA,,213,1,45,0,3,40-49
19702,ITA,Italy,invalid,rule_A_only,5,NORMAL,,0,0,0,0,0,12.0,6.07192357750503,0.0,Tutti,NA,,213,1,37,0,3,30-39
19714,BEL,Belgium,invalid,rule_A_only,0,NORMAL,,0,0,0,0,0,13.0,4.303204310869438,0.31622776601683794,-99,NA,,213,1,55,0,3,50-59
19716,BEL,Belgium,invalid,rule_A_only,0,NORMAL,,0,0,0,0,0,7.0,3.053260644018138,,-99,NA,,213,1,58,1,3,50-59
19723,BEL,Belgium,invalid,rule_A_only,0,NORMAL,,0,0,0,0,0,7.0,7.28534135985342,-0.42008402520840293,NA,-99,,213,1,19,1,3,18-29
19738,ITA,Italy,invalid,rule_A_only,5,NORMAL,,0,0,0,0,0,9.0,3.961694127596138,-0.25,Tutti,NA,,213,1,48,1,3,40-49
19768,BEL,Belgium,invalid,rule_A_only,0,NORMAL,,0,0,0,0,0,12.0,2.893977734397195,,NA,-99,,213,1,70,0,4,60+
19793,BEL,Belgium,invalid,rule_A_only,0,NORMAL,,0,0,0,0,0,12.0,3.234139030287087,0.7071067811865476,NA,-99,,213,1,41,1,3,40-49
19813,BEL,Belgium,invalid,rule_A_only,0,NORMAL,,0,0,0,0,0,12.0,6.044532851765278,0.6030226891555273,NA,-99,,213,1,39,1,3,30-39
19823,ITA,Italy,invalid,rule_A_only,5,NORMAL,,0,0,0,0,0,8.0,7.9518591909819465,-0.5,Tutti,NA,,213,1,42,0,4,40-49
19835,BEL,Belgium,invalid,rule_A_only,1,NORMAL,,0,0,0,0,0,14.0,3.0046778343485796,,NA,/,,213,1,42,0,3,40-49
19838,BEL,Belgium,invalid,rule_A_only,1,NORMAL,,0,0,0,0,0,3.0,8.328477931784446,0.7745966692414834,NA,g,,213,1,33,1,4,30-39
19866,DEU,Germany,invalid,rule_A_only,0,NORMAL,,0,0,0,0,0,8.0,6.199957684395126,0.6123724356957946,-99,NA,,213,1,31,1,4,30-39
19870,BEL,Belgium,invalid,rule_A_only,0,NORMAL,,0,0,0,0,0,14.0,3.912670363569121,,-99,NA,,213,1,44,1,3,40-49
19886,DEU,Germany,invalid,rule_A_only,1,NORMAL,,0,0,0,0,0,13.0,4.346479344299769,0.7071067811865476,NA,?,,213,1,64,2,3,60+
19888,BEL,Belgium,invalid,rule_A_only,5,NORMAL,,0,0,0,0,0,8.0,5.983829564159434,0.6324555320336759,NA,Tests,,213,1,40,1,4,40-49
19912,BEL,Belgium,invalid,rule_A_only,4,NORMAL,,0,0,0,0,0,4.0,6.8452152751704665,1.0,NA,Niks,,213,1,35,1,4,30-39
19927,ITA,Italy,invalid,rule_A_only,5,NORMAL,,0,0,0,0,0,5.0,4.620790890164053,-0.4472135954999579,Tutti,NA,,213,1,37,0,3,30-39
20024,BEL,Belgium,invalid,rule_A_only,1,NORMAL,,0,0,0,0,0,13.0,5.683017085334369,0.17149858514250882,?,NA,,213,1,48,1,4,40-49
20035,ITA,Italy,invalid,rule_A_only,5,NORMAL,,0,0,0,0,0,6.0,5.512436697229112,1.0,NA,Studi,,213,1,39,0,3,30-39
20091,BEL,Belgium,invalid,rule_A_only,0,NORMAL,,0,0,0,0,0,5.0,5.544744512430261,0.7312724241271307,NA,-99,,213,1,39,0,3,30-39
20123,DEU,Germany,invalid,rule_A_only,1,NORMAL,,0,0,0,0,0,12.0,5.576041023818182,0.42008402520840293,-,NA,,213,1,54,1,3,50-59
20155,ITA,Italy,invalid,rule_A_only,0,NORMAL,,0,0,0,0,0,12.0,3.040581679335965,,-99,NA,,213,1,32,0,3,30-39
20183,DEU,Germany,invalid,rule_A_only,0,NORMAL,,0,0,0,0,0,16.0,3.3505152205080098,0.6324555320336759,-99,NA,,213,1,38,1,3,30-39
20184,BEL,Belgium,invalid,rule_A_only,1,NORMAL,,0,0,0,0,0,6.0,6.565872624137027,0.7938841860374447,/,NA,,213,1,35,0,3,30-39
20194,DEU,Germany,invalid,rule_A_only,1,NORMAL,,0,0,0,0,0,15.0,5.831591881185105,0.0,NA,-,,213,1,39,1,4,30-39
20231,BEL,Belgium,invalid,rule_A_only,4,NORMAL,,0,0,0,0,0,13.0,5.583344587288057,0.4629100498862757,Nous,NA,,213,1,61,1,3,60+
20251,DEU,Germany,invalid,rule_A_only,0,NORMAL,,0,0,0,0,0,12.0,4.134806191223463,,NA,-99,,213,1,56,1,3,50-59
20295,ITA,Italy,invalid,rule_A_only,0,NORMAL,,0,0,0,0,0,5.0,8.477286121635782,0.3554093266554554,-99,NA,,213,1,30,NA,3,30-39
20297,DEU,Germany,invalid,rule_A_only,0,NORMAL,,0,0,0,0,0,12.0,5.225139814942417,0.7592566023652966,NA,-99,,213,1,82,1,4,60+
20307,DEU,Germany,invalid,rule_A_only,0,NORMAL,,0,0,0,0,0,14.0,8.297759633466852,0.6324555320336759,NA,-99,,213,1,58,0,3,50-59
20308,BEL,Belgium,invalid,rule_A_only,1,NORMAL,,0,0,0,0,0,12.0,7.344222563520242,0.6333004963811236,.,NA,,213,1,25,0,2,18-29
20316,BEL,Belgium,invalid,rule_A_only,0,NORMAL,,0,0,0,0,0,15.0,3.318879391598668,,NA,-99,,213,1,47,1,4,40-49
20317,DEU,Germany,invalid,rule_A_only,0,NORMAL,,0,0,0,0,0,7.0,3.7175431261556606,0.0,-99,NA,,213,1,48,0,3,40-49
20446,DEU,Germany,invalid,rule_A_only,4,NORMAL,,0,0,0,0,0,12.0,2.5865206211967444,,alle,NA,,213,1,33,0,4,30-39
20478,BEL,Belgium,invalid,rule_A_only,0,NORMAL,,0,0,0,0,0,12.0,4.783023352280596,0.0,NA,-99,,213,1,57,0,3,50-59
20523,BEL,Belgium,invalid,rule_A_only,0,NORMAL,,0,0,0,0,0,12.0,4.601988318853551,,-99,NA,,213,1,56,1,4,50-59
20535,BEL,Belgium,invalid,rule_A_only,0,NORMAL,,0,0,0,0,0,4.0,4.926605590827233,0.6470588235294118,-99,NA,,213,1,37,0,3,30-39
20540,BEL,Belgium,invalid,rule_A_only,4,NORMAL,,0,0,0,0,0,13.0,4.384230289652258,,Nous,NA,,213,1,45,0,3,40-49
20541,DEU,Germany,invalid,rule_A_only,2,NORMAL,,0,0,0,0,0,8.0,3.979498346637406,,ka,NA,,213,1,72,1,3,60+
20644,BEL,Belgium,invalid,rule_A_only,0,NORMAL,,0,0,0,0,0,12.0,2.727459971181366,,-99,NA,,213,1,44,0,4,40-49
20646,BEL,Belgium,invalid,rule_A_only,0,NORMAL,,0,0,0,0,0,9.0,3.893304567477422,1.0,-99,NA,,213,1,45,1,4,40-49
20747,BEL,Belgium,invalid,rule_A_only,3,NORMAL,,0,0,0,0,0,12.0,3.4782695965790333,0.4472135954999579,Nvt,NA,,213,1,42,0,3,40-49
20755,BEL,Belgium,invalid,rule_A_only,0,NORMAL,,0,0,0,0,0,7.0,4.217056777750797,0.6123724356957946,NA,-99,,213,1,50,1,3,50-59
20778,BEL,Belgium,invalid,rule_A_only,0,NORMAL,,0,0,0,0,0,9.0,4.298914698379097,,NA,-99,,213,1,37,0,3,30-39
20826,BEL,Belgium,invalid,rule_A_only,3,NORMAL,,0,0,0,0,0,5.0,9.476630597215003,-0.13055824196677338,Oui,NA,,213,1,33,0,4,30-39
20836,BEL,Belgium,invalid,rule_A_only,3,NORMAL,,0,0,0,0,0,16.0,4.034113036583841,,NSP,NA,,213,1,61,0,3,60+
20880,BEL,Belgium,invalid,rule_A_only,0,NORMAL,,0,0,0,0,0,7.0,4.490851047130767,0.31622776601683794,-99,NA,,213,1,48,0,3,40-49
20886,DEU,Germany,invalid,rule_A_only,1,NORMAL,,0,0,0,0,0,4.0,4.916233215605557,0.058823529411764705,NA,-,,213,1,27,1,4,18-29
20913,DEU,Germany,invalid,rule_A_only,4,NORMAL,,0,0,0,0,0,12.0,4.751055109676539,0.5423261445466404,Alle,NA,,213,1,31,1,4,30-39
20939,BEL,Belgium,invalid,rule_A_only,0,NORMAL,,0,0,0,0,0,7.0,6.6084662218430745,-0.49541508402214945,NA,-99,,213,1,32,1,4,30-39
20942,NLD,Netherlands,invalid,rule_A_only,0,NORMAL,,0,0,0,0,0,12.0,4.945175601281986,0.29277002188455997,NA,-99,,213,1,31,1,3,30-39
20948,BEL,Belgium,invalid,rule_A_only,0,NORMAL,,0,0,0,0,0,10.0,5.676906895566656,0.07312724241271307,-99,NA,,213,1,55,0,2,50-59
21002,BEL,Belgium,invalid,rule_A_only,0,NORMAL,,0,0,0,0,0,10.0,5.890758671142565,0.6788335930269978,NA,-99,,213,1,34,1,2,30-39
21037,BEL,Belgium,invalid,rule_A_only,1,NORMAL,,0,0,0,0,0,15.0,4.955258163914119,0.0,NA,/,,213,1,35,1,3,30-39
21180,ESP,Spain,invalid,rule_A_only,1,NORMAL,,0,0,0,0,0,7.0,3.814346049458068,-0.10846522890932808,S,NA,,213,1,28,0,4,18-29
21201,BEL,Belgium,invalid,rule_A_only,0,NORMAL,,0,0,0,0,0,5.0,4.2868462301954064,,-99,NA,,213,1,52,0,3,50-59
21218,BEL,Belgium,invalid,rule_A_only,0,NORMAL,,0,0,0,0,0,12.0,5.024148145048268,1.0,-99,NA,,213,1,46,1,4,40-49
21241,NLD,Netherlands,invalid,rule_A_only,1,NORMAL,,0,0,0,0,0,6.0,6.320997364158671,0.0,NA,x,,213,1,25,1,4,18-29
21251,ESP,Spain,invalid,rule_A_only,5,NORMAL,,0,0,0,0,0,12.0,4.415171303224242,-0.6324555320336759,NA,no sé,,213,1,52,0,3,50-59
21288,ESP,Spain,invalid,rule_A_only,0,NORMAL,,0,0,0,0,0,5.0,5.191085838403062,-0.08304547985373997,NA,-99,,213,1,21,0,3,18-29
21338,BEL,Belgium,invalid,rule_A_only,0,NORMAL,,0,0,0,0,0,14.0,4.357285529473944,0.25,NA,-99,,213,1,54,0,3,50-59
21368,ESP,Spain,invalid,rule_A_only,0,NORMAL,,0,0,0,0,0,12.0,4.4208821251770685,0.4,NA,-99,,213,1,39,1,3,30-39
21381,ESP,Spain,invalid,rule_A_only,5,NORMAL,,0,0,0,0,0,16.0,3.0317926131113935,,No se,NA,,213,1,56,1,3,50-59
21402,BEL,Belgium,invalid,rule_A_only,4,NORMAL,,0,0,0,0,0,9.0,4.989130541323137,0.0,tous,NA,,213,1,30,0,4,30-39
21417,NLD,Netherlands,invalid,rule_A_only,4,NORMAL,,0,0,0,0,0,16.0,6.353728104686966,0.7071067811865476,NA,niet,,213,1,55,0,3,50-59
21450,ESP,Spain,invalid,rule_A_only,0,NORMAL,,0,0,0,0,0,6.0,6.232747770560659,0.2251886745555225,NA,-99,,213,1,48,1,3,40-49
21488,NLD,Netherlands,invalid,rule_A_only,0,NORMAL,,0,0,0,0,0,13.0,4.8224459663775905,0.4472135954999579,-99,NA,,213,1,68,0,3,60+
21664,NLD,Netherlands,invalid,rule_A_only,0,NORMAL,,0,0,0,0,0,8.0,4.443010656627149,0.3333333333333333,NA,-99,,213,1,20,0,4,18-29
21686,BEL,Belgium,invalid,rule_A_only,4,NORMAL,,0,0,0,0,0,6.0,5.785035167263942,-0.31622776601683794,TOUS,NA,,213,1,35,0,4,30-39
21712,ESP,Spain,invalid,rule_A_only,4,NORMAL,,0,0,0,0,0,4.0,7.184833426765544,0.0,Vcxx,NA,,213,1,22,1,4,18-29
21768,BEL,Belgium,invalid,rule_A_only,4,NORMAL,,0,0,0,0,0,5.0,6.24910421920803,0.0,NA,Rien,,213,1,56,0,3,50-59
21794,BEL,Belgium,invalid,rule_A_only,1,NORMAL,,0,0,0,0,0,11.0,4.912092341122561,0.0,NA,? ,,213,1,43,0,4,40-49
21828,BEL,Belgium,invalid,rule_A_only,4,NORMAL,,0,0,0,0,0,4.0,8.54920728750392,-0.18938850476964256,NA,Prix,,213,1,32,0,4,30-39
21856,ESP,Spain,invalid,rule_A_only,5,NORMAL,,0,0,0,0,0,5.0,5.7857972389816625,0.2,NA,No se,,213,1,56,0,3,50-59
21865,DEU,Germany,invalid,rule_A_only,0,NORMAL,,0,0,0,0,0,15.0,4.233363889933321,0.6324555320336759,NA,-99,,213,1,34,0,3,30-39
21889,ESP,Spain,invalid,rule_A_only,5,NORMAL,,0,0,0,0,0,12.0,2.944353108744583,,No se,NA,,213,1,47,0,4,40-49
21901,NLD,Netherlands,invalid,rule_A_only,3,NORMAL,,0,0,0,0,0,5.0,6.025863543712408,,NA,gee,,213,1,23,1,3,18-29
21906,NLD,Netherlands,invalid,rule_A_only,0,NORMAL,,0,0,0,0,0,5.0,4.332935354897371,0.5252257314388902,NA,-99,,213,1,35,1,4,30-39
21914,NLD,Netherlands,invalid,rule_A_only,0,NORMAL,,0,0,0,0,0,13.0,5.383657128993215,0.30151134457776363,-99,NA,,213,1,42,1,3,40-49
21919,NLD,Netherlands,invalid,rule_A_only,4,NORMAL,,0,0,0,0,0,6.0,5.009026072078524,0.8304547985373997,Mens,NA,,213,1,19,0,3,18-29
21955,DEU,Germany,invalid,rule_A_only,1,NORMAL,,0,0,0,0,0,9.0,4.771161079785306,0.42640143271122083,NA,?,,213,1,42,0,3,40-49
21959,CYP,Cyprus,invalid,rule_A_only,1,NORMAL,,0,0,0,0,0,4.0,4.2843463076961195,-0.10846522890932808,.,NA,,213,1,26,1,3,18-29
21984,DEU,Germany,invalid,rule_A_only,1,NORMAL,,0,0,0,0,0,12.0,2.9622474358965567,,-,NA,,213,1,47,0,3,40-49
22023,FIN,Finland,invalid,rule_A_only,0,NORMAL,,0,0,0,0,0,7.0,4.779109907505146,0.7071067811865476,-99,NA,,213,1,27,0,3,18-29
22045,DEU,Germany,invalid,rule_A_only,4,NORMAL,,0,0,0,0,0,13.0,6.15039055198939,0.9682458365518541,Alle,NA,,213,1,29,0,4,18-29
22067,FIN,Finland,invalid,rule_A_only,0,NORMAL,,0,0,0,0,0,5.0,4.503616394661802,0.0,NA,-99,,213,1,78,0,4,60+
22112,NLD,Netherlands,invalid,rule_A_only,3,NORMAL,,0,0,0,0,0,4.0,5.262062689605585,0.6123724356957946,NA,Nvt,,213,1,48,1,4,40-49
22122,CYP,Cyprus,invalid,rule_A_only,0,NORMAL,,0,0,0,0,0,3.0,6.70239075854375,0.0,-99,NA,,213,1,34,0,4,30-39
22164,ESP,Spain,invalid,rule_A_only,5,NORMAL,,0,0,0,0,0,6.0,6.1016324612469,0.31622776601683794,Todos,NA,,213,1,42,1,4,40-49
22177,ESP,Spain,invalid,rule_A_only,3,NORMAL,,0,0,0,0,0,2.0,5.250601994731856,0.0,Qué ,NA,,213,1,37,0,4,30-39
22191,DEU,Germany,invalid,rule_A_only,4,NORMAL,,0,0,0,0,0,4.0,7.571904925584697,0.5330017908890261,NA,info,,213,1,49,0,4,40-49
22197,FIN,Finland,invalid,rule_A_only,0,NORMAL,,0,0,0,0,0,15.0,4.158412539276844,0.5570860145311557,-99,NA,,213,1,55,0,3,50-59
22223,NLD,Netherlands,invalid,rule_A_only,0,NORMAL,,0,0,0,0,0,9.0,4.337968454161476,0.29277002188455997,NA,-99,,213,1,46,1,3,40-49
22226,NLD,Netherlands,invalid,rule_A_only,0,NORMAL,,0,0,0,0,0,12.0,5.672267811981844,0.5,-99,NA,,213,1,38,1,4,30-39
22307,DEU,Germany,invalid,rule_A_only,1,NORMAL,,0,0,0,0,0,4.0,5.536952575169374,0.10846522890932808,NA,-,,213,1,24,1,3,18-29
22357,ESP,Spain,invalid,rule_A_only,5,NORMAL,,0,0,0,0,0,11.0,4.025255644578335,,Todos ,NA,,213,1,48,0,4,40-49
22367,FIN,Finland,invalid,rule_A_only,1,NORMAL,,0,0,0,0,0,15.0,3.3916759982803444,0.6123724356957946,?,NA,,213,1,50,1,3,50-59
22372,FIN,Finland,invalid,rule_A_only,0,NORMAL,,0,0,0,0,0,8.0,4.324257461122936,0.7071067811865476,NA,-99,,213,1,66,1,3,60+
22375,FIN,Finland,invalid,rule_A_only,0,NORMAL,,0,0,0,0,0,4.0,,,-99,NA,,213,1,58,0,4,50-59
22385,FIN,Finland,invalid,rule_A_only,0,NORMAL,,0,0,0,0,0,10.0,4.017499300978987,0.4472135954999579,NA,-99,,213,1,60,1,4,60+
22390,DEU,Germany,invalid,rule_A_only,1,NORMAL,,0,0,0,0,0,10.0,6.624890783706232,-0.5423261445466404,NA,.,,213,1,29,0,3,18-29
22391,ESP,Spain,invalid,rule_A_only,4,NORMAL,,0,0,0,0,0,10.0,7.594043261602585,-0.12156613477096616,NA,nada,,213,1,25,1,3,18-29
22424,DEU,Germany,invalid,rule_A_only,1,NORMAL,,0,0,0,0,0,4.0,4.367570352146817,0.7938841860374447,?,NA,,213,1,58,1,4,50-59
22437,DEU,Germany,invalid,rule_A_only,0,NORMAL,,0,0,0,0,0,8.0,4.488805150656158,-0.2,NA,-99,,213,1,36,0,4,30-39
22453,DEU,Germany,invalid,rule_A_only,3,NORMAL,,0,0,0,0,0,6.0,4.397513412390026,,k.a,NA,,213,1,41,1,4,40-49
22472,DEU,Germany,invalid,rule_A_only,4,NORMAL,,0,0,0,0,0,5.0,8.297668084961943,0.0,NA,Naja,,213,1,22,0,4,18-29
22482,DEU,Germany,invalid,rule_A_only,0,NORMAL,,0,0,0,0,0,3.0,5.900811763425293,-0.2970442628930023,NA,-99,,213,1,24,0,4,18-29
22483,ESP,Spain,invalid,rule_A_only,4,NORMAL,,0,0,0,0,0,6.0,5.335010596022933,-0.058823529411764705,Nose,NA,,213,1,31,1,3,30-39
22524,DEU,Germany,invalid,rule_A_only,1,NORMAL,,0,0,0,0,0,15.0,2.3713375724206314,0.31622776601683794,NA,"
?",,213,1,40,0,3,40-49
22540,ESP,Spain,invalid,rule_A_only,5,NORMAL,,0,0,0,0,0,16.0,6.215778061899113,,Todos,NA,,213,1,36,0,4,30-39
22579,NLD,Netherlands,invalid,rule_A_only,0,NORMAL,,0,0,0,0,0,4.0,4.413345646022436,0.4763305116224668,-99,NA,,213,1,19,0,4,18-29
22606,BEL,Belgium,invalid,rule_A_only,0,NORMAL,,0,0,0,0,0,7.0,6.748144060241185,0.3872983346207417,NA,-99,,213,1,47,1,4,40-49
22637,DEU,Germany,invalid,rule_A_only,1,NORMAL,,0,0,0,0,0,3.0,5.793280381537793,,.,NA,,213,1,29,1,4,18-29
22639,ESP,Spain,invalid,rule_A_only,5,NORMAL,,0,0,0,0,0,12.0,5.302228091718868,0.7071067811865476,NA,no se,,213,1,63,0,3,60+
22653,ESP,Spain,invalid,rule_A_only,0,NORMAL,,0,0,0,0,0,8.0,5.8567169635311505,0.5423261445466404,-99,NA,,213,1,24,0,3,18-29
22689,DEU,Germany,invalid,rule_A_only,5,NORMAL,,0,0,0,0,0,9.0,4.2392794961136655,0.5,Jeder,NA,,213,1,26,0,4,18-29
22701,NLD,Netherlands,invalid,rule_A_only,0,NORMAL,,0,0,0,0,0,5.0,5.0447389754972995,-0.5423261445466404,-99,NA,,213,1,34,1,4,30-39
22763,DEU,Germany,invalid,rule_A_only,0,NORMAL,,0,0,0,0,0,12.0,3.298385706820837,,NA,-99,,213,1,47,0,3,40-49
22771,DEU,Germany,invalid,rule_A_only,0,NORMAL,,0,0,0,0,0,9.0,3.8755942829834393,0.0,-99,NA,,213,1,65,0,3,60+
22784,BEL,Belgium,invalid,rule_A_only,5,NORMAL,,0,0,0,0,0,13.0,3.8468168445532434,0.4472135954999579,NA,niets,,213,1,54,1,3,50-59
22796,BEL,Belgium,invalid,rule_A_only,0,NORMAL,,0,0,0,0,0,8.0,2.9102333384991486,,NA,-99,,213,1,53,1,4,50-59
22865,FIN,Finland,invalid,rule_A_only,3,NORMAL,,0,0,0,0,0,16.0,3.357617181637646,,NA,EOS,,213,1,38,1,4,30-39
22868,DEU,Germany,invalid,rule_A_only,0,NORMAL,,0,0,0,0,0,10.0,5.1343892533026825,0.7905694150420948,NA,-99,,213,1,26,0,4,18-29
22879,DEU,Germany,invalid,rule_A_only,0,NORMAL,,0,0,0,0,0,9.0,8.695258776457935,0.19518001458970663,NA,-99,,213,1,55,1,3,50-59
22892,DEU,Germany,invalid,rule_A_only,4,NORMAL,,0,0,0,0,0,9.0,3.432636660777706,0.7745966692414834,alle,NA,,213,1,51,0,3,50-59
22895,ESP,Spain,invalid,rule_A_only,0,NORMAL,,0,0,0,0,0,3.0,5.34055892443314,0.8574929257125441,NA,-99,,213,1,42,1,2,40-49
22903,NLD,Netherlands,invalid,rule_A_only,0,NORMAL,,0,0,0,0,0,14.0,3.03008181006174,,NA,-99,,213,1,75,0,3,60+
22921,ESP,Spain,invalid,rule_A_only,4,NORMAL,,0,0,0,0,0,11.0,6.936914124954505,0.3713906763541038,Nose,NA,,213,1,20,0,3,18-29
22952,DEU,Germany,invalid,rule_A_only,2,NORMAL,,0,0,0,0,0,3.0,6.727620097669152,-0.21693045781865616,NA,Ka,,213,1,18,1,3,18-29
23002,FIN,Finland,invalid,rule_A_only,3,NORMAL,,0,0,0,0,0,16.0,2.5614629311953383,,Eos ,NA,,213,1,41,0,4,40-49
23036,DEU,Germany,invalid,rule_A_only,2,NORMAL,,0,0,0,0,0,7.0,4.2134915426834905,,NA,ka,,213,1,47,1,3,40-49
23044,FIN,Finland,invalid,rule_A_only,1,NORMAL,,0,0,0,0,0,7.0,3.6209196940549186,0.4472135954999579,-,NA,,213,1,48,0,2,40-49
23047,FIN,Finland,invalid,rule_A_only,0,NORMAL,,0,0,0,0,0,5.0,7.979143149071807,-0.7427813527082076,-99,NA,,213,1,42,1,3,40-49
23090,FIN,Finland,invalid,rule_A_only,0,NORMAL,,0,0,0,0,0,12.0,3.163837840452486,,-99,NA,,213,1,48,1,3,40-49
23092,IRL,Ireland,invalid,rule_A_only,1,NORMAL,,0,0,0,0,0,5.0,5.738581646156185,0.34299717028501764,NA,Y,,213,1,33,1,4,30-39
23108,FIN,Finland,invalid,rule_A_only,0,NORMAL,,0,0,0,0,0,15.0,5.3207445209726,0.0,-99,NA,,213,1,54,0,3,50-59
23118,FIN,Finland,invalid,rule_A_only,0,NORMAL,,0,0,0,0,0,9.0,2.9370625080160866,0.4472135954999579,-99,NA,,213,1,67,0,3,60+
23127,FIN,Finland,invalid,rule_A_only,5,NORMAL,,0,0,0,0,0,15.0,3.928579684140071,,NA,tieto,,213,1,53,1,3,50-59
23130,FIN,Finland,invalid,rule_A_only,0,NORMAL,,0,0,0,0,0,5.0,6.59670732568524,0.1856953381770519,NA,-99,,213,1,55,1,2,50-59
23137,FIN,Finland,invalid,rule_A_only,0,NORMAL,,0,0,0,0,0,12.0,6.315728004475106,-0.41522739926869984,-99,NA,,213,1,39,1,3,30-39
23160,FIN,Finland,invalid,rule_A_only,1,NORMAL,,0,0,0,0,0,7.0,5.453793181750169,-0.29277002188455997,-,NA,,213,1,50,0,4,50-59
23166,FIN,Finland,invalid,rule_A_only,0,NORMAL,,0,0,0,0,0,5.0,5.4756172236590706,-0.25,-99,NA,,213,1,31,0,3,30-39
23181,FIN,Finland,invalid,rule_A_only,0,NORMAL,,0,0,0,0,0,6.0,4.90163703238917,0.0,NA,-99,,213,1,67,0,3,60+
23205,FIN,Finland,invalid,rule_A_only,0,NORMAL,,0,0,0,0,0,8.0,4.869797570543726,0.8401680504168059,-99,NA,,213,1,36,1,3,30-39
23237,FIN,Finland,invalid,rule_A_only,1,NORMAL,,0,0,0,0,0,10.0,3.4013163530291295,,-,NA,,213,1,54,1,2,50-59
23246,FIN,Finland,invalid,rule_A_only,0,NORMAL,,0,0,0,0,0,4.0,5.116549009897681,0.0,-99,NA,,213,1,32,0,4,30-39
23247,DEU,Germany,invalid,rule_A_only,3,NORMAL,,0,0,0,0,0,8.0,3.6139519653994814,,K.a,NA,,213,1,24,1,3,18-29
23278,FIN,Finland,invalid,rule_A_only,3,NORMAL,,0,0,0,0,0,7.0,3.234307894365336,0.8944271909999159,NA,Eos,,213,1,68,0,2,60+
23297,IRL,Ireland,invalid,rule_A_only,5,NORMAL,,0,0,0,0,0,4.0,6.49826369628662,-0.5773502691896257,NA,Facts,,213,1,40,0,4,40-49
23339,FIN,Finland,invalid,rule_A_only,0,NORMAL,,0,0,0,0,0,7.0,4.894640798786166,-0.31622776601683794,NA,-99,,213,1,43,1,4,40-49
23397,DEU,Germany,invalid,rule_A_only,3,NORMAL,,0,0,0,0,0,14.0,4.183803694457772,-0.31622776601683794,Gut,NA,,213,1,34,1,3,30-39
23436,IRL,Ireland,invalid,rule_A_only,1,NORMAL,,0,0,0,0,0,16.0,2.6576066119646033,-0.31622776601683794,NA,N,,213,1,38,1,4,30-39
23445,FIN,Finland,invalid,rule_A_only,0,NORMAL,,0,0,0,0,0,12.0,8.075909531969588,,-99,NA,,213,1,64,0,3,60+
23477,IRL,Ireland,invalid,rule_A_only,0,NORMAL,,0,0,0,0,0,6.0,3.8413614156684277,0.4472135954999579,NA,-99,,213,1,19,0,3,18-29
23524,FIN,Finland,invalid,rule_A_only,0,NORMAL,,0,0,0,0,0,12.0,4.560187375199373,,-99,NA,,213,1,68,1,2,60+
23528,FIN,Finland,invalid,rule_A_only,0,NORMAL,,0,0,0,0,0,11.0,4.4171212707728,,NA,-99,,213,1,39,0,3,30-39
23551,FIN,Finland,invalid,rule_A_only,0,NORMAL,,0,0,0,0,0,6.0,5.567534088946431,0.10846522890932808,NA,-99,,213,1,46,1,3,40-49
23568,DEU,Germany,invalid,rule_A_only,0,NORMAL,,0,0,0,0,0,13.0,6.021814924026017,,-99,NA,,213,1,19,1,3,18-29
23574,FIN,Finland,invalid,rule_A_only,3,NORMAL,,0,0,0,0,0,4.0,7.195123499799079,0.9733285267845753,eos,NA,,213,1,74,1,2,60+
23595,FIN,Finland,invalid,rule_A_only,0,NORMAL,,0,0,0,0,0,13.0,4.177481799652122,,-99,NA,,213,1,68,0,2,60+
23628,DEU,Germany,invalid,rule_A_only,1,NORMAL,,0,0,0,0,0,7.0,6.5765315762858165,0.3152641443777315,L,NA,,213,1,19,1,3,18-29
23637,DEU,Germany,invalid,rule_A_only,1,NORMAL,,0,0,0,0,0,5.0,3.4732784793138336,0.3333333333333333,-,NA,,213,1,26,0,4,18-29
23643,ESP,Spain,invalid,rule_A_only,5,NORMAL,,0,0,0,0,0,6.0,4.0571354902796335,0.7071067811865476,no se,NA,,213,1,28,0,4,18-29
23646,IRL,Ireland,invalid,rule_A_only,5,NORMAL,,0,0,0,0,0,4.0,5.204265495547259,-0.5477225575051661,NA,Truth,,213,1,50,0,3,50-59
23676,FIN,Finland,invalid,rule_A_only,3,NORMAL,,0,0,0,0,0,6.0,5.16932923499,0.5477225575051661,eos,NA,,213,1,53,1,3,50-59
23685,FIN,Finland,invalid,rule_A_only,0,NORMAL,,0,0,0,0,0,7.0,8.057787776660776,0.2,-99,NA,,213,1,42,0,4,40-49
23720,FIN,Finland,invalid,rule_A_only,0,NORMAL,,0,0,0,0,0,14.0,3.8162602869754236,,NA,-99,,213,1,37,0,4,30-39
23732,DEU,Germany,invalid,rule_A_only,1,NORMAL,,0,0,0,0,0,3.0,8.769974880952276,0.0,NA,.,,213,1,35,1,3,30-39
23747,FIN,Finland,invalid,rule_A_only,0,NORMAL,,0,0,0,0,0,8.0,4.793732521817896,0.7592566023652966,NA,-99,,213,1,57,1,3,50-59
23775,IRL,Ireland,invalid,rule_A_only,0,NORMAL,,0,0,0,0,0,5.0,5.7148576445263695,0.7071067811865476,-99,NA,,213,1,47,0,4,40-49
23847,FIN,Finland,invalid,rule_A_only,0,NORMAL,,0,0,0,0,0,7.0,3.539095104919641,-0.4472135954999579,NA,-99,,213,1,23,0,4,18-29
23910,FIN,Finland,invalid,rule_A_only,1,NORMAL,,0,0,0,0,0,12.0,6.7298174203285415,-0.7745966692414834,-,NA,,213,1,61,1,3,60+
23915,FIN,Finland,invalid,rule_A_only,3,NORMAL,,0,0,0,0,0,15.0,3.7874481415072285,,NA,eos,,213,1,46,0,2,40-49
23970,ESP,Spain,invalid,rule_A_only,3,NORMAL,,0,0,0,0,0,12.0,4.065647113518113,0.7071067811865476,N/S,NA,,213,1,41,1,3,40-49
23980,FIN,Finland,invalid,rule_A_only,0,NORMAL,,0,0,0,0,0,9.0,4.7391425577354225,0.29411764705882354,-99,NA,,213,1,52,0,3,50-59
24027,FIN,Finland,invalid,rule_A_only,1,NORMAL,,0,0,0,0,0,7.0,4.198229151851659,-0.4472135954999579,.,NA,,213,1,61,0,4,60+
24069,FIN,Finland,invalid,rule_A_only,0,NORMAL,,0,0,0,0,0,9.0,4.37055187809288,0.0,-99,NA,,213,1,56,1,3,50-59
24113,FIN,Finland,invalid,rule_A_only,1,NORMAL,,0,0,0,0,0,13.0,7.340216209752299,0.0,?,NA,,213,1,53,0,2,50-59
24131,DEU,Germany,invalid,rule_A_only,5,NORMAL,,0,0,0,0,0,9.0,4.341627694384762,,NA,"i.ol,",,213,1,42,1,3,40-49
24142,FIN,Finland,invalid,rule_A_only,0,NORMAL,,0,0,0,0,0,12.0,4.549641669395898,1.0,NA,-99,,213,1,66,1,3,60+
24145,DEU,Germany,invalid,rule_A_only,4,NORMAL,,0,0,0,0,0,12.0,4.170185997482656,,Alke,NA,,213,1,63,0,4,60+
24153,FIN,Finland,invalid,rule_A_only,1,NORMAL,,0,0,0,0,0,6.0,5.1760809093471165,-0.41522739926869984,!,NA,,213,1,63,1,4,60+
24154,ESP,Spain,invalid,rule_A_only,5,NORMAL,,0,0,0,0,0,16.0,8.77176282141696,,NA,no se,,213,1,62,1,3,60+
24195,CYP,Cyprus,invalid,rule_A_only,1,NORMAL,,0,0,0,0,0,9.0,5.676985152869684,-0.6470588235294118,NA,Ο ,,213,1,27,1,4,18-29
24214,DEU,Germany,invalid,rule_A_only,4,NORMAL,,0,0,0,0,0,15.0,3.1995157595483303,-0.4472135954999579,NA,k.sa,,213,1,30,0,3,30-39
24244,FIN,Finland,invalid,rule_A_only,0,NORMAL,,0,0,0,0,0,8.0,4.702258168838764,,-99,NA,,213,1,31,0,4,30-39
24264,CYP,Cyprus,invalid,rule_A_only,0,NORMAL,,0,0,0,0,0,4.0,7.422635002138212,0.13968605915391563,-99,NA,,213,1,26,0,4,18-29
24282,FIN,Finland,invalid,rule_A_only,0,NORMAL,,0,0,0,0,0,3.0,5.182652865412969,0.3333333333333333,-99,NA,,213,1,48,1,3,40-49
24287,FIN,Finland,invalid,rule_A_only,4,NORMAL,,0,0,0,0,0,5.0,4.1084958766171535,0.6123724356957946,NA,data,,213,1,41,1,4,40-49
24322,FIN,Finland,invalid,rule_A_only,5,NORMAL,,0,0,0,0,0,7.0,6.689198757028772,0.42008402520840293,NA,Lähde,,213,1,42,0,3,40-49
24327,IRL,Ireland,invalid,rule_A_only,1,NORMAL,,0,0,0,0,0,7.0,5.7394246136086196,-0.29411764705882354,NA,.,,213,1,28,1,3,18-29
24331,CYP,Cyprus,invalid,rule_A_only,5,NORMAL,,0,0,0,0,0,7.0,4.3681742897059594,-0.10846522890932808,Λιγοι,NA,,213,1,46,1,4,40-49
24349,FIN,Finland,invalid,rule_A_only,0,NORMAL,,0,0,0,0,0,5.0,5.589949789204423,-0.6324555320336759,-99,NA,,213,1,32,0,4,30-39
24387,FIN,Finland,invalid,rule_A_only,0,NORMAL,,0,0,0,0,0,12.0,3.288501278290002,,-99,NA,,213,1,59,0,2,50-59
24393,FIN,Finland,invalid,rule_A_only,3,NORMAL,,0,0,0,0,0,14.0,5.883176215503729,,usa,NA,,213,1,34,1,4,30-39
24402,FIN,Finland,invalid,rule_A_only,5,NORMAL,,0,0,0,0,0,8.0,5.711010890797225,0.4472135954999579,NA,Lähde,,213,1,57,0,3,50-59
24500,DEU,Germany,invalid,rule_A_only,4,NORMAL,,0,0,0,0,0,12.0,4.929224175252192,-0.31622776601683794,K.A.,NA,,213,1,78,1,3,60+
24510,CYP,Cyprus,invalid,rule_A_only,3,NORMAL,,0,0,0,0,0,9.0,5.417473661471415,0.31622776601683794,Nai,NA,,213,1,47,1,3,40-49
24537,CYP,Cyprus,invalid,rule_A_only,2,NORMAL,,0,0,0,0,0,5.0,8.324524624288106,0.8783100656536799, Ωω,NA,,213,1,36,1,4,30-39
24624,FIN,Finland,invalid,rule_A_only,5,NORMAL,,0,0,0,0,0,15.0,5.432746017110722,0.816496580927726,NA,Tieto,,213,1,65,0,3,60+
24633,CYP,Cyprus,invalid,rule_A_only,4,NORMAL,,0,0,0,0,0,7.0,5.591338326139861,0.0,Ολοι,NA,,213,1,36,0,4,30-39
24724,FIN,Finland,invalid,rule_A_only,0,NORMAL,,0,0,0,0,0,7.0,4.827865010188663,,NA,-99,,213,1,44,1,3,40-49
24782,FIN,Finland,invalid,rule_A_only,0,NORMAL,,0,0,0,0,0,10.0,5.119359649146418,,NA,-99,,213,1,28,1,3,18-29
24800,FIN,Finland,invalid,rule_A_only,1,NORMAL,,0,0,0,0,0,12.0,5.499683513454835,-0.7745966692414834,NA,-,,213,1,27,1,3,18-29
24819,FIN,Finland,invalid,rule_A_only,0,NORMAL,,0,0,0,0,0,5.0,5.941698659598969,0.29411764705882354,NA,-99,,213,1,19,0,3,18-29
24821,FIN,Finland,invalid,rule_A_only,5,NORMAL,,0,0,0,0,0,3.0,5.44015046462624,0.29277002188455997,NA,Löhde,,213,1,26,0,3,18-29
24841,FIN,Finland,invalid,rule_A_only,0,NORMAL,,0,0,0,0,0,7.0,4.070280912380001,0.4472135954999579,NA,-99,,213,1,24,0,3,18-29
24867,DEU,Germany,invalid,rule_A_only,2,NORMAL,,0,0,0,0,0,7.0,7.971724218553036,-0.1846372364689991,NA,nö,,213,1,56,1,3,50-59
24947,DEU,Germany,invalid,rule_A_only,4,NORMAL,,0,0,0,0,0,7.0,4.53631449107079,0.2,Alle,NA,,213,1,66,1,3,60+
24950,DEU,Germany,invalid,rule_A_only,5,NORMAL,,0,0,0,0,0,10.0,5.45121229993987,0.13130643285972254,K. A. ,NA,,213,1,48,0,3,40-49
24991,FIN,Finland,invalid,rule_A_only,5,NORMAL,,0,0,0,0,0,9.0,5.460969417386784,0.0,NA,lähde,,213,1,38,1,4,30-39
25014,FIN,Finland,invalid,rule_A_only,1,NORMAL,,0,0,0,0,0,13.0,9.169903735032284,-0.3333333333333333,NA,-,,213,1,24,1,3,18-29
25032,FIN,Finland,invalid,rule_A_only,0,NORMAL,,0,0,0,0,0,7.0,5.396192287859453,,-99,NA,,213,1,43,0,4,40-49
25055,ESP,Spain,invalid,rule_A_only,5,NORMAL,,0,0,0,0,0,13.0,4.133579152703486,,NA,No se,,213,1,67,1,3,60+
25107,DEU,Germany,invalid,rule_A_only,1,NORMAL,,0,0,0,0,0,8.0,6.870539034881281,0.4338609156373123,-,NA,,213,1,50,1,3,50-59
25142,IRL,Ireland,invalid,rule_A_only,3,NORMAL,,0,0,0,0,0,10.0,3.3642232169851662,,NA,N/A,,213,1,61,1,4,60+
25156,FIN,Finland,invalid,rule_A_only,0,NORMAL,,0,0,0,0,0,8.0,4.908039411713084,0.5,-99,NA,,213,1,36,0,3,30-39
25157,IRL,Ireland,invalid,rule_A_only,5,NORMAL,,0,0,0,0,0,11.0,3.176183372236674,,we do,NA,,213,1,64,0,4,60+
25181,IRL,Ireland,invalid,rule_A_only,4,NORMAL,,0,0,0,0,0,12.0,4.515496490207974,0.5940885257860046,NA,pass,,213,1,80,1,3,60+
25200,DEU,Germany,invalid,rule_A_only,4,NORMAL,,0,0,0,0,0,15.0,4.013237921883264,,Alle ,NA,,213,1,57,0,3,50-59
25228,DEU,Germany,invalid,rule_A_only,3,NORMAL,,0,0,0,0,0,13.0,4.241836963143468,0.2,Gut,NA,,213,1,30,1,4,30-39
25229,CYP,Cyprus,invalid,rule_A_only,0,NORMAL,,0,0,0,0,0,3.0,4.172694052946784,0.0, ,NA,,213,1,28,0,4,18-29
25240,DEU,Germany,invalid,rule_A_only,4,NORMAL,,0,0,0,0,0,5.0,3.862021652513973,0.2,Alle ,NA,,213,1,19,1,3,18-29
25247,FIN,Finland,invalid,rule_A_only,1,NORMAL,,0,0,0,0,0,5.0,4.606936846771292,0.7071067811865476,NA,U,,213,1,22,1,3,18-29
25253,DEU,Germany,invalid,rule_A_only,0,NORMAL,,0,0,0,0,0,13.0,7.9817617399357745,0.31622776601683794,-99,NA,,213,1,35,1,3,30-39
25265,DEU,Germany,invalid,rule_A_only,0,NORMAL,,0,0,0,0,0,12.0,2.685356452354889,,-99,NA,,213,1,43,1,3,40-49
25304,SVN,Slovenia,invalid,rule_A_only,5,NORMAL,,0,0,0,0,0,12.0,3.4754559432702528,,Nevem,NA,,213,1,39,1,3,30-39
25309,DEU,Germany,invalid,rule_A_only,4,NORMAL,,0,0,0,0,0,6.0,7.621423367732209,0.7745966692414834,alle,NA,,213,1,48,2,4,40-49
25329,CYP,Cyprus,invalid,rule_A_only,4,NORMAL,,0,0,0,0,0,9.0,4.127671390260241,,ΟΛΟΙ,NA,,213,1,63,1,4,60+
25355,DEU,Germany,invalid,rule_A_only,0,NORMAL,,0,0,0,0,0,10.0,7.771266942963536,0.8875203139603666,-99,NA,,213,1,36,1,3,30-39
25367,DEU,Germany,invalid,rule_A_only,5,NORMAL,,0,0,0,0,0,5.0,5.749189755719673,-0.31622776601683794,NA,Nicht ,,213,1,27,1,4,18-29
25467,FIN,Finland,invalid,rule_A_only,0,NORMAL,,0,0,0,0,0,3.0,8.222800170057594,0.8944271909999159,NA,-99,,213,1,36,0,3,30-39
25560,DEU,Germany,invalid,rule_A_only,5,NORMAL,,0,0,0,0,0,15.0,7.891856271959207,0.15877683720748895,Jeder,NA,,213,1,57,1,3,50-59
25573,IRL,Ireland,invalid,rule_A_only,0,NORMAL,,0,0,0,0,0,7.0,3.8782925198965144,0.9258200997725514,NA,na,,213,1,47,1,3,40-49
25592,FIN,Finland,invalid,rule_A_only,1,NORMAL,,0,0,0,0,0,9.0,3.8373094864053185,0.31622776601683794,NA,-,,213,1,26,1,3,18-29
25639,DEU,Germany,invalid,rule_A_only,0,NORMAL,,0,0,0,0,0,11.0,,,-99,NA,,213,1,45,1,3,40-49
25669,DEU,Germany,invalid,rule_A_only,5,NORMAL,,0,0,0,0,0,13.0,3.5261851250659153,,Keine,NA,,213,1,25,1,3,18-29
25725,DEU,Germany,invalid,rule_A_only,5,NORMAL,,0,0,0,0,0,4.0,6.509319311998545,-0.3333333333333333,Nicht,NA,,213,1,27,1,4,18-29
25727,FIN,Finland,invalid,rule_A_only,0,NORMAL,,0,0,0,0,0,9.0,6.873470437258938,0.15811388300841897,-99,NA,,213,1,23,1,3,18-29
25744,DEU,Germany,invalid,rule_A_only,5,NORMAL,,0,0,0,0,0,5.0,5.983860845932542,0.31622776601683794,NA,Nicht,,213,1,27,1,4,18-29
25745,DEU,Germany,invalid,rule_A_only,0,NORMAL,,0,0,0,0,0,12.0,4.826161332662203,,-99,NA,,213,1,51,0,3,50-59
25746,DEU,Germany,invalid,rule_A_only,0,NORMAL,,0,0,0,0,0,12.0,4.758961536943551,,NA,-99,,213,1,19,1,3,18-29
25813,DEU,Germany,invalid,rule_A_only,5,NORMAL,,0,0,0,0,0,10.0,5.422681575099133,,NA,Facts,,213,1,25,0,4,18-29
25823,DEU,Germany,invalid,rule_A_only,0,NORMAL,,0,0,0,0,0,4.0,3.444769167923615,0.25,NA,-99,,213,1,67,1,3,60+
25866,DEU,Germany,invalid,rule_A_only,5,NORMAL,,0,0,0,0,0,11.0,5.050887417687134,,Jeder,NA,,213,1,56,0,3,50-59
25877,DEU,Germany,invalid,rule_A_only,4,NORMAL,,0,0,0,0,0,7.0,4.445712398382399,-0.6123724356957946,Alle,NA,,213,1,43,1,3,40-49
25939,SVN,Slovenia,invalid,rule_A_only,3,NORMAL,,0,0,0,0,0,16.0,6.303218848844686,0.8574929257125441,oce,NA,,213,1,25,2,3,18-29
26032,GRC,Greece,invalid,rule_A_only,4,NORMAL,,0,0,0,0,0,3.0,5.704252208539009,0.10846522890932808,Ολοι,NA,,213,1,54,0,4,50-59
26034,DEU,Germany,invalid,rule_A_only,1,NORMAL,,0,0,0,0,0,14.0,3.4656812292440597,0.31622776601683794,-,NA,,213,1,58,1,3,50-59
26068,GRC,Greece,invalid,rule_A_only,3,NORMAL,,0,0,0,0,0,3.0,5.6107823185639045,0.4472135954999579,Ναι,NA,,213,1,26,0,4,18-29
26170,GRC,Greece,invalid,rule_A_only,4,NORMAL,,0,0,0,0,0,7.0,4.951017342570643,,Όλοι ,NA,,213,1,27,0,4,18-29
26174,GRC,Greece,invalid,rule_A_only,4,NORMAL,,0,0,0,0,0,3.0,6.4601876791281345,-0.125,ΟΛΟΙ,NA,,213,1,57,0,4,50-59
26193,DEU,Germany,invalid,rule_A_only,0,NORMAL,,0,0,0,0,0,12.0,5.23969923879272,0.6546536707079771,NA,-99,,213,1,64,0,3,60+
26236,DEU,Germany,invalid,rule_A_only,0,NORMAL,,0,0,0,0,0,10.0,5.2928304244888995,0.4472135954999579,-99,NA,,213,1,24,0,3,18-29
26240,DEU,Germany,invalid,rule_A_only,4,NORMAL,,0,0,0,0,0,12.0,3.66640962823556,-0.25,alle,NA,,213,1,70,NA,3,60+
26315,GRC,Greece,invalid,rule_A_only,1,NORMAL,,0,0,0,0,0,7.0,8.10025743858991,0.3872983346207417,NA,-,,213,1,56,1,3,50-59
26326,SVN,Slovenia,invalid,rule_A_only,0,NORMAL,,0,0,0,0,0,10.0,6.185254828378216,0.0,NA,-99,,213,1,40,0,3,40-49
26386,SVN,Slovenia,invalid,rule_A_only,5,NORMAL,,0,0,0,0,0,16.0,9.61255765119175,0.6592342530872155,Noben,NA,,213,1,30,1,3,30-39
26415,IRL,Ireland,invalid,rule_A_only,2,NORMAL,,0,0,0,0,0,6.0,4.372829448659892,0.31622776601683794,"hH

",NA,,213,1,78,1,4,60+
26419,IRL,Ireland,invalid,rule_A_only,4,NORMAL,,0,0,0,0,0,12.0,6.776221245880527,,NA,Data,,213,1,52,1,3,50-59
26431,GRC,Greece,invalid,rule_A_only,0,NORMAL,,0,0,0,0,0,12.0,5.7166367453789615,1.0,-99,NA,,213,1,21,0,4,18-29
26490,FIN,Finland,invalid,rule_A_only,0,NORMAL,,0,0,0,0,0,9.0,4.774917385100924,0.7071067811865476,NA,-99,,213,1,31,1,4,30-39
26493,DEU,Germany,invalid,rule_A_only,1,NORMAL,,0,0,0,0,0,4.0,4.587116088173906,0.4,/,NA,,213,1,23,0,3,18-29
26577,DEU,Germany,invalid,rule_A_only,0,NORMAL,,0,0,0,0,0,5.0,5.706312992823742,0.4763305116224668,-99,NA,,213,1,42,1,4,40-49
26619,SVN,Slovenia,invalid,rule_A_only,0,NORMAL,,0,0,0,0,0,12.0,3.564220386232049,-0.29277002188455997,-99,NA,,213,1,34,0,4,30-39
26629,NLD,Netherlands,invalid,rule_A_only,0,NORMAL,,0,0,0,0,0,13.0,4.257665842654993,0.4338609156373123,NA,-99,,213,1,58,0,3,50-59
26697,DEU,Germany,invalid,rule_A_only,3,NORMAL,,0,0,0,0,0,13.0,3.4157952174077564,0.4472135954999579,NA,Nix,,213,1,65,1,3,60+
26725,ESP,Spain,invalid,rule_A_only,0,NORMAL,,0,0,0,0,0,12.0,7.473448414480354,0.25,-99,NA,,213,1,62,0,3,60+
26786,DEU,Germany,invalid,rule_A_only,0,NORMAL,,0,0,0,0,0,6.0,4.7655240884124845,0.5,-99,NA,,213,1,58,1,3,50-59
26793,DEU,Germany,invalid,rule_A_only,0,NORMAL,,0,0,0,0,0,12.0,5.478624350272042,0.9191450300180578,NA,-99,,213,1,31,0,4,30-39
26807,FIN,Finland,invalid,rule_A_only,0,NORMAL,,0,0,0,0,0,6.0,6.570803440211588,0.5,NA,-99,,213,1,30,0,3,30-39
26820,DEU,Germany,invalid,rule_A_only,2,NORMAL,,0,0,0,0,0,12.0,4.390182297269555,,..,NA,,213,1,61,NA,2,60+
26839,NLD,Netherlands,invalid,rule_A_only,0,NORMAL,,0,0,0,0,0,4.0,4.427057183454521,0.4472135954999579,-99,NA,,213,1,25,0,4,18-29
26888,DEU,Germany,invalid,rule_A_only,0,NORMAL,,0,0,0,0,0,11.0,4.937336719795247,,NA,-99,,213,1,61,1,3,60+
26943,DEU,Germany,invalid,rule_A_only,1,NORMAL,,0,0,0,0,0,12.0,5.313866471834884,0.9258200997725514,-,NA,,213,1,38,1,3,30-39
26960,GRC,Greece,invalid,rule_A_only,0,NORMAL,,0,0,0,0,0,3.0,8.322783296693375,0.3779644730092272,NA,-99,,213,1,23,1,3,18-29
26977,SVN,Slovenia,invalid,rule_A_only,2,NORMAL,,0,0,0,0,0,4.0,5.361717447285402,-0.4629100498862757,NA,Nv,,213,1,31,0,3,30-39
27083,GRC,Greece,invalid,rule_A_only,0,NORMAL,,0,0,0,0,0,5.0,5.122436239605421,-0.31622776601683794,-99,NA,,213,1,27,0,3,18-29
27114,DEU,Germany,invalid,rule_A_only,2,NORMAL,,0,0,0,0,0,9.0,3.6217964397466686,,//,NA,,213,1,20,1,3,18-29
27117,SVN,Slovenia,invalid,rule_A_only,3,NORMAL,,0,0,0,0,0,9.0,6.292043304702569,0.04503773491110449,NA,Ker,,213,1,22,NA,3,18-29
27127,DEU,Germany,invalid,rule_A_only,5,NORMAL,,0,0,0,0,0,3.0,5.910917587745308,0.21693045781865616,NA,Daten,,213,1,27,1,4,18-29
27133,SVN,Slovenia,invalid,rule_A_only,0,NORMAL,,0,0,0,0,0,7.0,4.411924811035006,0.6859943405700353,NA,-99,,213,1,18,0,3,18-29
27140,DEU,Germany,invalid,rule_A_only,0,NORMAL,,0,0,0,0,0,8.0,4.206006204437426,0.31622776601683794,NA,-99,,213,1,44,0,3,40-49
27148,GRC,Greece,invalid,rule_A_only,0,NORMAL,,0,0,0,0,0,3.0,4.809281685870268,0.6324555320336759,-99,NA,,213,1,38,1,3,30-39
27157,GRC,Greece,invalid,rule_A_only,4,NORMAL,,0,0,0,0,0,3.0,5.888280821081201,-0.6333004963811236,Ολοι,NA,,213,1,31,1,3,30-39
27177,NLD,Netherlands,invalid,rule_A_only,0,NORMAL,,0,0,0,0,0,6.0,5.064833568753393,0.4117647058823529,-99,NA,,213,1,19,0,3,18-29
27181,GRC,Greece,invalid,rule_A_only,5,NORMAL,,0,0,0,0,0,5.0,5.7303480421924,0.5,NA,Πάθος ,,213,1,36,1,3,30-39
27198,DEU,Germany,invalid,rule_A_only,1,NORMAL,,0,0,0,0,0,12.0,4.778923258999544,-0.5773502691896257,NA,-,,213,1,24,1,4,18-29
27209,DEU,Germany,invalid,rule_A_only,1,NORMAL,,0,0,0,0,0,5.0,4.206364242483747,0.816496580927726,/,NA,,213,1,41,0,3,40-49
27215,DEU,Germany,invalid,rule_A_only,0,NORMAL,,0,0,0,0,0,3.0,4.879051829615255,-0.1,NA,-99,,213,1,37,1,4,30-39
27245,DEU,Germany,invalid,rule_A_only,0,NORMAL,,0,0,0,0,0,6.0,4.219203268921242,-0.4472135954999579,NA,-99,,213,1,42,1,3,40-49
27249,FIN,Finland,invalid,rule_A_only,5,NORMAL,,0,0,0,0,0,6.0,4.487089536581558,0.5423261445466404,NA,Lähde,,213,1,29,1,4,18-29
27251,SVN,Slovenia,invalid,rule_A_only,4,NORMAL,,0,0,0,0,0,10.0,4.1674608787703695,1.0,NA,trud,,213,1,43,1,4,40-49
27264,GRC,Greece,invalid,rule_A_only,0,NORMAL,,0,0,0,0,0,6.0,4.9895026658013375,,-99,NA,,213,1,32,0,3,30-39
27281,GRC,Greece,invalid,rule_A_only,0,NORMAL,,0,0,0,0,0,13.0,6.663298323544458,0.4379678718553378,NA,-99,,213,1,35,1,3,30-39
27315,DEU,Germany,invalid,rule_A_only,1,NORMAL,,0,0,0,0,0,12.0,5.191788583046059,,?,NA,,213,1,36,0,4,30-39
27325,GRC,Greece,invalid,rule_A_only,0,NORMAL,,0,0,0,0,0,7.0,7.0070039761450005,0.6546536707079771,NA,-99,,213,1,40,1,3,40-49
27336,GRC,Greece,invalid,rule_A_only,3,NORMAL,,0,0,0,0,0,5.0,5.219422385289565,0.6324555320336759,Nai,NA,,213,1,47,1,3,40-49
27359,SVN,Slovenia,invalid,rule_A_only,4,NORMAL,,0,0,0,0,0,9.0,5.6665092243056385,1.0,NA,100%,,213,1,42,0,3,40-49
27369,SVN,Slovenia,invalid,rule_A_only,5,NORMAL,,0,0,0,0,0,10.0,8.491557978313937,-0.48890120703870477,NA,Nevem,,213,1,26,1,2,18-29
27377,SVN,Slovenia,invalid,rule_A_only,5,NORMAL,,0,0,0,0,0,5.0,6.5987822029699865,0.0,NA,lulek,,213,1,22,1,3,18-29
27393,DEU,Germany,invalid,rule_A_only,0,NORMAL,,0,0,0,0,0,12.0,6.208024686602892,0.9258200997725514,-99,NA,,213,1,44,1,3,40-49
27452,SVN,Slovenia,invalid,rule_A_only,0,NORMAL,,0,0,0,0,0,10.0,10.225491445911521,-0.31622776601683794,NA,-99,,213,1,24,1,3,18-29
27605,DEU,Germany,invalid,rule_A_only,3,NORMAL,,0,0,0,0,0,12.0,6.628497734509262,,NA,N/a,,213,1,45,1,3,40-49
27622,DEU,Germany,invalid,rule_A_only,4,NORMAL,,0,0,0,0,0,5.0,4.532761606424285,0.10846522890932808,Alle ,NA,,213,1,56,0,3,50-59
27643,DEU,Germany,invalid,rule_A_only,5,NORMAL,,0,0,0,0,0,16.0,7.429066114196634,0.26111648393354675,Jeder,NA,,213,1,22,0,3,18-29
27658,DEU,Germany,invalid,rule_A_only,0,NORMAL,,0,0,0,0,0,7.0,4.024623310367002,-0.4,-99,NA,,213,1,47,1,3,40-49
27730,DEU,Germany,invalid,rule_A_only,4,NORMAL,,0,0,0,0,0,12.0,5.2691631778093,-0.5773502691896257,alle,NA,,213,1,20,0,3,18-29
27750,DEU,Germany,invalid,rule_A_only,3,NORMAL,,0,0,0,0,0,14.0,3.781720843685156,,NA,nix,,213,1,41,0,3,40-49
27759,DEU,Germany,invalid,rule_A_only,0,NORMAL,,0,0,0,0,0,12.0,3.483199146521209,0.0,NA,-99,,213,1,40,0,4,40-49
27780,DEU,Germany,invalid,rule_A_only,1,NORMAL,,0,0,0,0,0,13.0,3.702791021357485,,".
",NA,,213,1,38,1,3,30-39
27812,DEU,Germany,invalid,rule_A_only,1,NORMAL,,0,0,0,0,0,7.0,6.463653868390836,0.8304547985373997,NA,/,,213,1,36,0,4,30-39
27823,DEU,Germany,invalid,rule_A_only,0,NORMAL,,0,0,0,0,0,4.0,8.734144404689504,0.0,NA,-99,,213,1,37,1,4,30-39
27827,FIN,Finland,invalid,rule_A_only,3,NORMAL,,0,0,0,0,0,5.0,8.348299607150475,0.7156780854205468,usa,NA,,213,1,33,1,3,30-39
27862,DEU,Germany,invalid,rule_A_only,1,NORMAL,,0,0,0,0,0,13.0,5.331164414481164,0.31622776601683794,NA,.,,213,1,42,0,3,40-49
27872,SVN,Slovenia,invalid,rule_A_only,5,NORMAL,,0,0,0,0,0,2.0,9.023271218496305,-0.4120816918460671,NA,nevem,,213,1,20,0,4,18-29
27887,DEU,Germany,invalid,rule_A_only,3,NORMAL,,0,0,0,0,0,4.0,6.035630003253068,0.7071067811865476,Gut,NA,,213,1,34,1,4,30-39
27916,DEU,Germany,invalid,rule_A_only,0,NORMAL,,0,0,0,0,0,9.0,3.782350946632088,1.0,-99,NA,,213,1,38,0,3,30-39
27934,DEU,Germany,invalid,rule_A_only,0,NORMAL,,0,0,0,0,0,6.0,5.228530570785875,,NA,-99,,213,1,54,0,3,50-59
27972,DEU,Germany,invalid,rule_A_only,0,NORMAL,,0,0,0,0,0,5.0,5.064048511878307,-0.6324555320336759,NA,-99,,213,1,33,1,4,30-39
27985,DEU,Germany,invalid,rule_A_only,3,NORMAL,,0,0,0,0,0,5.0,5.53082346054339,-0.4472135954999579,NA,gut,,213,1,37,0,4,30-39
27990,DEU,Germany,invalid,rule_A_only,0,NORMAL,,0,0,0,0,0,15.0,2.7362219950231546,,-99,NA,,213,1,68,1,3,60+
27993,DEU,Germany,invalid,rule_A_only,2,NORMAL,,0,0,0,0,0,14.0,4.478602940893488,,NA,ka,,213,1,47,1,3,40-49
28015,DEU,Germany,invalid,rule_A_only,0,NORMAL,,0,0,0,0,0,13.0,3.400867036858228,0.31622776601683794,NA,-99,,213,1,48,0,3,40-49
28025,DEU,Germany,invalid,rule_A_only,1,NORMAL,,0,0,0,0,0,12.0,2.97561054194243,0.7071067811865476,?,NA,,213,1,60,0,3,60+
28043,NLD,Netherlands,invalid,rule_A_only,0,NORMAL,,0,0,0,0,0,4.0,5.822341909296052,0.5423261445466404,NA,-99,,213,1,63,0,4,60+
28057,DEU,Germany,invalid,rule_A_only,5,NORMAL,,0,0,0,0,0,5.0,3.574620648408904,-0.7071067811865476,k. A.,NA,,213,1,62,1,4,60+
28083,ESP,Spain,invalid,rule_A_only,5,NORMAL,,0,0,0,0,0,12.0,5.270348171106662,0.6324555320336759,No sé,NA,,213,1,60,0,3,60+
28146,FIN,Finland,invalid,rule_A_only,3,NORMAL,,0,0,0,0,0,13.0,4.32595298711528,,eos,NA,,213,1,22,1,4,18-29
28173,DEU,Germany,invalid,rule_A_only,3,NORMAL,,0,0,0,0,0,5.0,4.137658542650175,,NA,k.a,,213,1,41,1,4,40-49
28213,FIN,Finland,invalid,rule_A_only,3,NORMAL,,0,0,0,0,0,5.0,7.729142422999978,0.8711871219403557,Eos,NA,,213,1,37,1,4,30-39
28260,DEU,Germany,invalid,rule_A_only,0,NORMAL,,0,0,0,0,0,4.0,5.536030927778962,-0.7071067811865476,-99,NA,,213,1,29,1,4,18-29
28263,DEU,Germany,invalid,rule_A_only,5,NORMAL,,0,0,0,0,0,3.0,6.868440977300996,-0.3872983346207417,Niche,NA,,213,1,27,1,4,18-29
28288,DEU,Germany,invalid,rule_A_only,4,NORMAL,,0,0,0,0,0,6.0,7.88343181422219,-0.7135060680126758,Kaum ,NA,,213,1,18,0,3,18-29
28344,DEU,Germany,invalid,rule_A_only,0,NORMAL,,0,0,0,0,0,15.0,3.1982944926453167,,NA,-99,,213,1,40,0,3,40-49
28352,DEU,Germany,invalid,rule_A_only,0,NORMAL,,0,0,0,0,0,12.0,3.1417312130877693,0.6123724356957946,NA,-99,,213,1,47,0,3,40-49
28377,DEU,Germany,invalid,rule_A_only,4,NORMAL,,0,0,0,0,0,4.0,6.581278715280181,-0.34299717028501764,Geld ,NA,,213,1,29,0,3,18-29
28396,DEU,Germany,invalid,rule_A_only,0,NORMAL,,0,0,0,0,0,3.0,7.227625784249863,-0.2251886745555225,-99,NA,,213,1,44,1,3,40-49
28422,DEU,Germany,invalid,rule_A_only,3,NORMAL,,0,0,0,0,0,15.0,3.8144996362283954,-0.31622776601683794,NA,k a,,213,1,62,0,3,60+
28470,NLD,Netherlands,invalid,rule_A_only,5,NORMAL,,0,0,0,0,0,10.0,6.052283275793177,0.0,NA,Niets ,,213,1,58,1,2,50-59
28481,DEU,Germany,invalid,rule_A_only,5,NORMAL,,0,0,0,0,0,4.0,6.881747325774287,0.485071250072666,Keinr,NA,,213,1,30,1,3,30-39
28484,DEU,Germany,invalid,rule_A_only,3,NORMAL,,0,0,0,0,0,10.0,3.325010771043027,-0.5,NA,Gut,,213,1,34,1,3,30-39
28519,SVN,Slovenia,invalid,rule_A_only,0,NORMAL,,0,0,0,0,0,6.0,4.337993480224042,0.25,NA,-99,,213,1,68,0,4,60+
28523,SVN,Slovenia,invalid,rule_A_only,3,NORMAL,,0,0,0,0,0,12.0,4.22804798158273,0.8944271909999159,Vsi,NA,,213,1,41,0,4,40-49
28528,NLD,Netherlands,invalid,rule_A_only,0,NORMAL,,0,0,0,0,0,6.0,3.5094169023543094,0.2,NA,-99,,213,1,32,0,4,30-39
28540,DEU,Germany,invalid,rule_A_only,4,NORMAL,,0,0,0,0,0,5.0,8.979724429091371,0.23570226039551584,Alle ,NA,,213,1,23,0,4,18-29
28544,DEU,Germany,invalid,rule_A_only,0,NORMAL,,0,0,0,0,0,10.0,4.789512722857613,0.0,-99,NA,,213,1,57,0,3,50-59
28568,SVN,Slovenia,invalid,rule_A_only,3,NORMAL,,0,0,0,0,0,10.0,2.6451559866793963,0.2,Vsi,NA,,213,1,49,0,3,40-49
28589,SVN,Slovenia,invalid,rule_A_only,3,NORMAL,,0,0,0,0,0,5.0,5.889452651603425,-0.4472135954999579,vsi,NA,,213,1,61,1,4,60+
28592,DEU,Germany,invalid,rule_A_only,4,NORMAL,,0,0,0,0,0,8.0,2.8914606190426335,1.0,Alle,NA,,213,1,25,1,3,18-29
28598,DEU,Germany,invalid,rule_A_only,0,NORMAL,,0,0,0,0,0,13.0,5.332817561594987,,-99,NA,,213,1,22,0,3,18-29
28600,SVN,Slovenia,invalid,rule_A_only,1,NORMAL,,0,0,0,0,0,5.0,4.0827442022407885,-0.31622776601683794,NA,/,,213,1,65,1,3,60+
28604,DEU,Germany,invalid,rule_A_only,0,NORMAL,,0,0,0,0,0,5.0,5.249587310806302,-0.6324555320336759,-99,NA,,213,1,31,0,4,30-39
28625,DEU,Germany,invalid,rule_A_only,0,NORMAL,,0,0,0,0,0,6.0,5.1704373997686,0.25,-99,NA,,213,1,65,1,3,60+
28669,NLD,Netherlands,invalid,rule_A_only,1,NORMAL,,0,0,0,0,0,3.0,5.346926530670894,0.816496580927726,NA,?,,213,1,61,1,3,60+
28687,FIN,Finland,invalid,rule_A_only,0,NORMAL,,0,0,0,0,0,9.0,3.6190643616333524,0.4472135954999579,-99,NA,,213,1,37,0,3,30-39
28732,FIN,Finland,invalid,rule_A_only,0,NORMAL,,0,0,0,0,0,7.0,6.2789141535637425,0.29277002188455997,-99,NA,,213,1,47,0,3,40-49
28746,SVN,Slovenia,invalid,rule_A_only,4,NORMAL,,0,0,0,0,0,12.0,5.977921598343451,0.8727860481775686,Vsi.,NA,,213,1,71,1,4,60+
28759,DEU,Germany,invalid,rule_A_only,4,NORMAL,,0,0,0,0,0,5.0,4.763896186184791,0.6324555320336759,NA,Vhhh,,213,1,22,1,3,18-29
28766,FIN,Finland,invalid,rule_A_only,0,NORMAL,,0,0,0,0,0,9.0,6.264536326410111,-0.5773502691896257,-99,NA,,213,1,27,1,4,18-29
28894,DEU,Germany,invalid,rule_A_only,4,NORMAL,,0,0,0,0,0,6.0,5.16175825057771,0.4338609156373123,alle,NA,,213,1,50,1,3,50-59
28903,SVN,Slovenia,invalid,rule_A_only,3,NORMAL,,0,0,0,0,0,12.0,5.171026300043195,-0.6123724356957946,vsi,NA,,213,1,62,0,3,60+
28907,SVN,Slovenia,invalid,rule_A_only,5,NORMAL,,0,0,0,0,0,16.0,6.175356275437582,0.8669214468630108,NA,nevem,,213,1,57,1,3,50-59
28925,DEU,Germany,invalid,rule_A_only,4,NORMAL,,0,0,0,0,0,9.0,3.643137117979295,,NA,Nein,,213,1,38,1,4,30-39
28946,DEU,Germany,invalid,rule_A_only,0,NORMAL,,0,0,0,0,0,15.0,4.183743311902276,0.31622776601683794,NA,-99,,213,1,36,0,3,30-39
29023,DEU,Germany,invalid,rule_A_only,5,NORMAL,,0,0,0,0,0,3.0,5.815545451931758,0.2,NA,Keine,,213,1,41,1,4,40-49
29039,SVN,Slovenia,invalid,rule_A_only,0,NORMAL,,0,0,0,0,0,12.0,5.00310762183048,0.4338609156373123,-99,NA,,213,1,50,0,3,50-59
29044,DEU,Germany,invalid,rule_A_only,0,NORMAL,,0,0,0,0,0,12.0,5.637301397880278,-0.5773502691896257,-99,NA,,213,1,35,1,3,30-39
29092,DEU,Germany,invalid,rule_A_only,0,NORMAL,,0,0,0,0,0,8.0,,,-99,NA,,213,1,63,1,3,60+
29094,DEU,Germany,invalid,rule_A_only,1,NORMAL,,0,0,0,0,0,7.0,3.8459702224639614,1.0,NA,-,,213,1,40,1,3,40-49
29101,DEU,Germany,invalid,rule_A_only,0,NORMAL,,0,0,0,0,0,12.0,4.652362432954685,,NA,-99,,213,1,36,0,3,30-39
29181,DEU,Germany,invalid,rule_A_only,0,NORMAL,,0,0,0,0,0,12.0,4.596258876305505,1.0,NA,-99,,213,1,46,0,3,40-49
29193,DEU,Germany,invalid,rule_A_only,3,NORMAL,,0,0,0,0,0,12.0,5.01989665652378,0.0,NA,Okr,,213,1,22,0,3,18-29
29205,DEU,Germany,invalid,rule_A_only,0,NORMAL,,0,0,0,0,0,8.0,5.323518859512546,0.6078306738548308,-99,NA,,213,1,74,1,3,60+
29222,DEU,Germany,invalid,rule_A_only,4,NORMAL,,0,0,0,0,0,13.0,7.061712407120044,0.25,Alle,NA,,213,1,42,0,4,40-49
29300,DEU,Germany,invalid,rule_A_only,5,NORMAL,,0,0,0,0,0,12.0,4.44419205508258,,Keine,NA,,213,1,30,0,4,30-39
29382,NLD,Netherlands,invalid,rule_A_only,0,NORMAL,,0,0,0,0,0,6.0,5.310708323872216,0.6123724356957946,-99,NA,,213,1,65,0,4,60+
29473,DEU,Germany,invalid,rule_A_only,0,NORMAL,,0,0,0,0,0,12.0,5.55993106554602,0.4,-99,NA,,213,1,23,0,4,18-29
29474,DEU,Germany,invalid,rule_A_only,0,NORMAL,,0,0,0,0,0,15.0,3.8177609953315073,,NA,-99,,213,1,54,0,3,50-59
29487,DEU,Germany,invalid,rule_A_only,0,NORMAL,,0,0,0,0,0,16.0,4.710139729892698,-0.2,-99,NA,,213,1,19,0,3,18-29
29535,DEU,Germany,invalid,rule_A_only,0,NORMAL,,0,0,0,0,0,16.0,3.845066791556419,0.25,-99,NA,,213,1,63,0,3,60+
29559,DEU,Germany,invalid,rule_A_only,5,NORMAL,,0,0,0,0,0,3.0,8.102077337763367,0.9805806756909201,Danke,NA,,213,1,18,1,3,18-29
29595,DEU,Germany,invalid,rule_A_only,0,NORMAL,,0,0,0,0,0,3.0,6.32060509263371,0.6470588235294118,NA,-99,,213,1,28,0,3,18-29
29602,DEU,Germany,invalid,rule_A_only,0,NORMAL,,0,0,0,0,0,8.0,4.055540725131239,-0.7071067811865476,NA,-99,,213,1,37,0,4,30-39
29630,DEU,Germany,invalid,rule_A_only,0,NORMAL,,0,0,0,0,0,13.0,4.6307582473691395,,-99,NA,,213,1,26,1,3,18-29
29643,DEU,Germany,invalid,rule_A_only,2,NORMAL,,0,0,0,0,0,12.0,4.940378152841412,-0.31622776601683794,Vg,NA,,213,1,21,1,3,18-29
29681,DEU,Germany,invalid,rule_A_only,2,NORMAL,,0,0,0,0,0,10.0,5.2457086344940524,-0.10846522890932808,NA,Kp,,213,1,27,0,3,18-29
29689,DEU,Germany,invalid,rule_A_only,2,NORMAL,,0,0,0,0,0,12.0,3.879823836040127,0.4472135954999579,ka,NA,,213,1,63,0,3,60+
29698,DEU,Germany,invalid,rule_A_only,0,NORMAL,,0,0,0,0,0,12.0,5.572321370343026,0.0,-99,NA,,213,1,40,1,3,40-49
29733,DEU,Germany,invalid,rule_A_only,4,NORMAL,,0,0,0,0,0,3.0,5.046957130899607,,Good ,NA,,213,1,25,1,4,18-29
29751,DEU,Germany,invalid,rule_A_only,3,NORMAL,,0,0,0,0,0,5.0,5.787546026199805,,NA,Gut,,213,1,32,1,4,30-39
29771,DEU,Germany,invalid,rule_A_only,1,NORMAL,,0,0,0,0,0,10.0,3.891987622386917,,NA,/,,213,1,20,1,3,18-29
29808,DEU,Germany,invalid,rule_A_only,5,NORMAL,,0,0,0,0,0,3.0,7.272670276416569,-0.06741998624632421,NA,Niche,,213,1,39,1,4,30-39
29831,DEU,Germany,invalid,rule_A_only,0,NORMAL,,0,0,0,0,0,12.0,4.446573115766105,0.5423261445466404,NA,-99,,213,1,61,0,4,60+
29881,DEU,Germany,invalid,rule_A_only,1,NORMAL,,0,0,0,0,0,15.0,5.265491588042809,-0.3535533905932738,-,NA,,213,1,29,0,3,18-29
29975,DEU,Germany,invalid,rule_A_only,1,NORMAL,,0,0,0,0,0,5.0,6.52212310384444,0.6984302957695782,/,NA,,213,1,23,0,3,18-29
29993,DEU,Germany,invalid,rule_A_only,4,NORMAL,,0,0,0,0,0,12.0,3.871802188965925,,alle,NA,,213,1,49,1,3,40-49
30000,DEU,Germany,invalid,rule_A_only,1,NORMAL,,0,0,0,0,0,4.0,7.782829582348086,0.4629100498862757,NA,-,,213,1,29,1,3,18-29
30007,DEU,Germany,invalid,rule_A_only,4,NORMAL,,0,0,0,0,0,13.0,4.313954570180023,1.0,Alle,NA,,213,1,55,1,4,50-59
30009,DEU,Germany,invalid,rule_A_only,0,NORMAL,,0,0,0,0,0,10.0,5.197525529968163,0.6546536707079771,NA,-99,,213,1,27,1,3,18-29
30033,DEU,Germany,invalid,rule_A_only,2,NORMAL,,0,0,0,0,0,6.0,4.8989117560336055,0.6123724356957946,NA,JA,,213,1,25,1,3,18-29
30116,DEU,Germany,invalid,rule_A_only,3,NORMAL,,0,0,0,0,0,5.0,7.815165334476367,-0.1846372364689991,Nee,NA,,213,1,30,1,3,30-39
30166,DEU,Germany,invalid,rule_A_only,4,NORMAL,,0,0,0,0,0,15.0,2.8875325727135728,,ALLE,NA,,213,1,37,0,3,30-39
30182,DEU,Germany,invalid,rule_A_only,0,NORMAL,,0,0,0,0,0,8.0,7.894384130774268,0.6546536707079771,NA,-99,,213,1,65,NA,3,60+
30210,DEU,Germany,invalid,rule_A_only,4,NORMAL,,0,0,0,0,0,8.0,4.3864197617123555,-0.34299717028501764,alle,NA,,213,1,56,1,4,50-59
30215,DEU,Germany,invalid,rule_A_only,0,NORMAL,,0,0,0,0,0,7.0,5.733723614784412,0.6859943405700353,NA,-99,,213,1,39,0,3,30-39
30231,DEU,Germany,invalid,rule_A_only,2,NORMAL,,0,0,0,0,0,4.0,6.4263105708618475,-0.4763305116224668,Ka,NA,,213,1,19,1,3,18-29
30233,DEU,Germany,invalid,rule_A_only,2,NORMAL,,0,0,0,0,0,12.0,5.6028794239021815,,..,NA,,213,1,27,0,3,18-29
30243,DEU,Germany,invalid,rule_A_only,3,NORMAL,,0,0,0,0,0,3.0,8.005574275989131,0.5855400437691199,Nee,NA,,213,1,30,1,3,30-39
30324,SVN,Slovenia,invalid,rule_A_only,2,NORMAL,,0,0,0,0,0,3.0,4.755601735556536,0.42008402520840293,Pk,NA,,213,1,33,0,3,30-39
30343,DEU,Germany,invalid,rule_A_only,1,NORMAL,,0,0,0,0,0,4.0,7.780415415448581,0.4472135954999579,NA,-,,213,1,36,1,4,30-39
30385,DEU,Germany,invalid,rule_A_only,0,NORMAL,,0,0,0,0,0,7.0,5.571480438619147,0.8944271909999159,-99,NA,,213,1,64,NA,3,60+
30467,DEU,Germany,invalid,rule_A_only,5,NORMAL,,0,0,0,0,0,6.0,5.946738402608599,0.0,aggah,NA,,213,1,28,0,4,18-29
30477,DEU,Germany,invalid,rule_A_only,1,NORMAL,,0,0,0,0,0,9.0,5.476844832543067,0.4472135954999579,NA,-,,213,1,56,1,3,50-59
30484,DEU,Germany,invalid,rule_A_only,5,NORMAL,,0,0,0,0,0,15.0,3.235714656930337,0.4472135954999579,jeder,NA,,213,1,41,1,3,40-49
30505,DEU,Germany,invalid,rule_A_only,2,NORMAL,,0,0,0,0,0,6.0,5.069812667436659,0.7071067811865476,Ja,NA,,213,1,31,0,4,30-39
30507,NLD,Netherlands,invalid,rule_A_only,0,NORMAL,,0,0,0,0,0,4.0,4.842451763124365,0.816496580927726,-99,NA,,213,1,27,0,4,18-29
30552,DEU,Germany,invalid,rule_A_only,4,NORMAL,,0,0,0,0,0,8.0,5.528024894513144,,alle,NA,,213,1,35,1,4,30-39
30590,DEU,Germany,invalid,rule_A_only,2,NORMAL,,0,0,0,0,0,15.0,3.432554478350765,,NA,Ka,,213,1,33,1,3,30-39
30595,DEU,Germany,invalid,rule_A_only,3,NORMAL,,0,0,0,0,0,12.0,5.212009717742215,,Mmh,NA,,213,1,38,0,3,30-39
30597,DEU,Germany,invalid,rule_A_only,1,NORMAL,,0,0,0,0,0,12.0,5.210582836134412,0.9135002783911397,-,NA,,213,1,31,0,4,30-39
30600,DEU,Germany,invalid,rule_A_only,0,NORMAL,,0,0,0,0,0,16.0,4.599831361592835,-0.2,-99,NA,,213,1,59,0,3,50-59
30609,DEU,Germany,invalid,rule_A_only,0,NORMAL,,0,0,0,0,0,13.0,3.517791039801343,,NA,-99,,213,1,40,0,4,40-49
30610,DEU,Germany,invalid,rule_A_only,5,NORMAL,,0,0,0,0,0,3.0,5.187116535536942,-0.25,NA,Nicht ,,213,1,27,1,4,18-29
30629,DEU,Germany,invalid,rule_A_only,0,NORMAL,,0,0,0,0,0,12.0,5.476457648260802,,NA,-99,,213,1,41,0,4,40-49
30677,DEU,Germany,invalid,rule_A_only,0,NORMAL,,0,0,0,0,0,3.0,,,-99,NA,,213,1,47,1,3,40-49
30700,DEU,Germany,invalid,rule_A_only,4,NORMAL,,0,0,0,0,0,16.0,3.639383380447435,0.4472135954999579,Alle,NA,,213,1,55,1,3,50-59
30713,DEU,Germany,invalid,rule_A_only,0,NORMAL,,0,0,0,0,0,7.0,4.091267331855362,,-99,NA,,213,1,NA,0,3,NA
30716,DEU,Germany,invalid,rule_A_only,1,NORMAL,,0,0,0,0,0,12.0,6.562966089931312,-0.13130643285972254,NA,?,,213,1,55,1,3,50-59
30737,DEU,Germany,invalid,rule_A_only,5,NORMAL,,0,0,0,0,0,7.0,4.531023911771424,-0.6324555320336759,NA,keine,,213,1,67,0,3,60+
30781,DEU,Germany,invalid,rule_A_only,4,NORMAL,,0,0,0,0,0,12.0,4.488265714118758,,alle,NA,,213,1,59,1,3,50-59
30786,DEU,Germany,invalid,rule_A_only,2,NORMAL,,0,0,0,0,0,12.0,5.318593237092727,0.8,NA,Ka,,213,1,48,1,3,40-49
30792,DEU,Germany,invalid,rule_A_only,0,NORMAL,,0,0,0,0,0,12.0,4.798512350187294,0.408248290463863,NA,-99,,213,1,24,0,3,18-29
30796,DEU,Germany,invalid,rule_A_only,0,NORMAL,,0,0,0,0,0,7.0,4.0244221181278155,0.8944271909999159,-99,NA,,213,1,24,0,3,18-29
30826,DEU,Germany,invalid,rule_A_only,0,NORMAL,,0,0,0,0,0,8.0,5.6540923056003765,-0.21693045781865616,    ,NA,,213,1,57,0,3,50-59
30873,DEU,Germany,invalid,rule_A_only,2,NORMAL,,0,0,0,0,0,4.0,5.252318692088962,-0.4472135954999579,NA,ka,,213,1,39,1,4,30-39
30893,DEU,Germany,invalid,rule_A_only,4,NORMAL,,0,0,0,0,0,12.0,5.395383352603834,0.25,Alle ,NA,,213,1,50,0,3,50-59
30903,DEU,Germany,invalid,rule_A_only,0,NORMAL,,0,0,0,0,0,9.0,5.220339090739799,0.034482758620689655,-99,NA,,213,1,50,1,3,50-59
30921,DEU,Germany,invalid,rule_A_only,0,NORMAL,,0,0,0,0,0,5.0,6.221399520856829,,NA,-99,,213,1,33,1,4,30-39
30928,DEU,Germany,invalid,rule_A_only,0,NORMAL,,0,0,0,0,0,3.0,5.941241818309472,-0.6859943405700353,-99,NA,,213,1,24,1,4,18-29
30933,DEU,Germany,invalid,rule_A_only,5,NORMAL,,0,0,0,0,0,7.0,4.921449809398706,-0.25,NA,keine,,213,1,55,1,3,50-59
30935,DEU,Germany,invalid,rule_A_only,0,NORMAL,,0,0,0,0,0,9.0,5.052800925235681,0.42008402520840293,NA,-99,,213,1,34,0,3,30-39
30937,DEU,Germany,invalid,rule_A_only,0,NORMAL,,0,0,0,0,0,12.0,5.216901548248784,,NA,-99,,213,1,58,1,3,50-59
30949,DEU,Germany,invalid,rule_A_only,0,NORMAL,,0,0,0,0,0,12.0,2.1483005262457615,,-99,NA,,213,1,36,0,3,30-39
30979,DEU,Germany,invalid,rule_A_only,4,NORMAL,,0,0,0,0,0,7.0,5.569433154122222,0.31622776601683794,NA,Nice ,,213,1,39,1,3,30-39
31026,DEU,Germany,invalid,rule_A_only,2,NORMAL,,0,0,0,0,0,12.0,7.431176700081582,0.5303300858899107,NA,??,,213,1,61,1,3,60+
31031,DEU,Germany,invalid,rule_A_only,0,NORMAL,,0,0,0,0,0,5.0,5.447385236843479,0.17149858514250882,-99,NA,,213,1,33,0,3,30-39
31065,DEU,Germany,invalid,rule_A_only,2,NORMAL,,0,0,0,0,0,7.0,3.497708984759104,-0.6324555320336759,NA,Ja,,213,1,39,1,3,30-39
31069,DEU,Germany,invalid,rule_A_only,5,NORMAL,,0,0,0,0,0,10.0,5.967898176480718,,Jeder,NA,,213,1,68,0,3,60+
31087,DEU,Germany,invalid,rule_A_only,2,NORMAL,,0,0,0,0,0,12.0,3.9693852448828655,0.6324555320336759,NA,ka,,213,1,30,1,4,30-39
31089,DEU,Germany,invalid,rule_A_only,4,NORMAL,,0,0,0,0,0,6.0,5.625138119398267,0.5855400437691199,Alle,NA,,213,1,72,1,4,60+
31110,DEU,Germany,invalid,rule_A_only,0,NORMAL,,0,0,0,0,0,13.0,3.669212500309951,0.0,-99,NA,,213,1,31,0,4,30-39
31214,DEU,Germany,invalid,rule_A_only,0,NORMAL,,0,0,0,0,0,10.0,3.7080569102250855,0.7745966692414834,-99,NA,,213,1,45,0,3,40-49
31244,DEU,Germany,invalid,rule_A_only,0,NORMAL,,0,0,0,0,0,4.0,5.868758049975557,0.17149858514250882,-99,NA,,213,1,23,0,4,18-29
31296,DEU,Germany,invalid,rule_A_only,3,NORMAL,,0,0,0,0,0,3.0,4.753913045330874,,NA,gut,,213,1,37,0,4,30-39
31314,DEU,Germany,invalid,rule_A_only,4,NORMAL,,0,0,0,0,0,14.0,3.967278671617662,,NA,Isso,,213,1,45,0,4,40-49
31357,DEU,Germany,invalid,rule_A_only,0,NORMAL,,0,0,0,0,0,8.0,6.369862087411694,-0.36469840431289846,-99,NA,,213,1,32,1,3,30-39
31364,DEU,Germany,invalid,rule_A_only,1,NORMAL,,0,0,0,0,0,13.0,4.345625473319138,,NA,-,,213,1,34,1,4,30-39
31367,DEU,Germany,invalid,rule_A_only,1,NORMAL,,0,0,0,0,0,8.0,4.6868344715498695,,NA,-,,213,1,56,0,3,50-59
31384,DEU,Germany,invalid,rule_A_only,2,NORMAL,,0,0,0,0,0,8.0,6.201843178789681,0.8509629433967631,NA,Ja,,213,1,28,0,4,18-29
31386,DEU,Germany,invalid,rule_A_only,1,NORMAL,,0,0,0,0,0,12.0,3.8999936424188704,,/,NA,,213,1,26,0,4,18-29
31438,DEU,Germany,invalid,rule_A_only,0,NORMAL,,0,0,0,0,0,12.0,3.3521147244163507,,NA,-99,,213,1,33,0,4,30-39
31468,DEU,Germany,invalid,rule_A_only,0,NORMAL,,0,0,0,0,0,9.0,5.405173154455144,0.8,NA,-99,,213,1,30,0,4,30-39
31506,DEU,Germany,invalid,rule_A_only,1,NORMAL,,0,0,0,0,0,6.0,4.3612255084135665,0.7071067811865476,?,NA,,213,1,67,1,3,60+
31527,DEU,Germany,invalid,rule_A_only,0,NORMAL,,0,0,0,0,0,12.0,5.143525295229581,0.10660035817780521,NA,-99,,213,1,35,0,3,30-39
31577,DEU,Germany,invalid,rule_A_only,1,NORMAL,,0,0,0,0,0,3.0,7.783303055762575,0.0,NA,-,,213,1,57,1,3,50-59
31586,DEU,Germany,invalid,rule_A_only,2,NORMAL,,0,0,0,0,0,3.0,9.585454825375924,0.727606875108999,NA,ka,,213,1,24,0,3,18-29
31651,DEU,Germany,invalid,rule_A_only,0,NORMAL,,0,0,0,0,0,4.0,5.136435561525093,-0.7905694150420948,-99,NA,,213,1,26,0,3,18-29
31674,DEU,Germany,invalid,rule_A_only,2,NORMAL,,0,0,0,0,0,12.0,5.5288981754210065,0.7592566023652966,Ka,NA,,213,1,30,1,4,30-39
31698,DEU,Germany,invalid,rule_A_only,0,NORMAL,,0,0,0,0,0,12.0,5.355492356464581,0.17149858514250882,-99,NA,,213,1,58,1,3,50-59
31712,DEU,Germany,invalid,rule_A_only,3,NORMAL,,0,0,0,0,0,6.0,5.147580060817453,-0.25,NA,Ruf,,213,1,78,0,3,60+
31773,DEU,Germany,invalid,rule_A_only,0,NORMAL,,0,0,0,0,0,6.0,5.845993610719505,-0.42008402520840293,NA,-99,,213,1,72,0,3,60+
31841,DEU,Germany,invalid,rule_A_only,0,NORMAL,,0,0,0,0,0,9.0,4.8005415691156115,0.5,NA,-99,,213,1,82,1,4,60+
31869,DEU,Germany,invalid,rule_A_only,4,NORMAL,,0,0,0,0,0,6.0,5.8730860456227765,0.3216337604513384,Alle,NA,,213,1,59,1,3,50-59
31885,DEU,Germany,invalid,rule_A_only,5,NORMAL,,0,0,0,0,0,4.0,4.2997247944959875,0.4629100498862757,jeder,NA,,213,1,42,1,4,40-49
31899,DEU,Germany,invalid,rule_A_only,5,NORMAL,,0,0,0,0,0,8.0,4.9748760354189425,0.29277002188455997,Jeder,NA,,213,1,69,1,3,60+
31902,DEU,Germany,invalid,rule_A_only,0,NORMAL,,0,0,0,0,0,4.0,5.17924892580078,-0.2,NA,-99,,213,1,35,1,3,30-39
31944,DEU,Germany,invalid,rule_A_only,5,NORMAL,,0,0,0,0,0,12.0,2.851504696638988,,firmn,NA,,213,1,69,1,3,60+
31997,DEU,Germany,invalid,rule_A_only,0,NORMAL,,0,0,0,0,0,5.0,4.6897392141908565,0.8401680504168059,NA,-99,,213,1,24,0,4,18-29
32005,DEU,Germany,invalid,rule_A_only,3,NORMAL,,0,0,0,0,0,12.0,7.177882791254895,-0.2,NA,Gut,,213,1,37,0,4,30-39
32016,GRC,Greece,invalid,rule_A_only,0,NORMAL,,0,0,0,0,0,12.0,3.6909282275475674,,NA,-99,,213,1,24,0,4,18-29
32117,DEU,Germany,invalid,rule_A_only,4,NORMAL,,0,0,0,0,0,7.0,4.135976472706761,,Alle,NA,,213,1,35,0,4,30-39
32135,DEU,Germany,invalid,rule_A_only,0,NORMAL,,0,0,0,0,0,13.0,3.602077977258463,,None ,NA,,213,1,61,1,4,60+
32151,DEU,Germany,invalid,rule_A_only,4,NORMAL,,0,0,0,0,0,10.0,5.075743005689665,,Alle,NA,,213,1,47,1,3,40-49
32156,DEU,Germany,invalid,rule_A_only,0,NORMAL,,0,0,0,0,0,6.0,4.8621910023326835,0.8574929257125441,NA,-99,,213,1,63,0,3,60+
32169,GRC,Greece,invalid,rule_A_only,5,NORMAL,,0,0,0,0,0,14.0,4.28369532419978,,NA,Πηγές ,,213,1,32,1,3,30-39
32172,DEU,Germany,invalid,rule_A_only,5,MEDIUM,mahalanobis_outlier,1,0,0,1,0,13.0,10.685967367306079,0.5640760748177662,NA,Alles,,213,1,58,1,3,50-59
32181,DEU,Germany,invalid,rule_A_only,4,NORMAL,,0,0,0,0,0,8.0,3.420222738685624,0.2,Alle,NA,,213,1,55,1,4,50-59
32202,DEU,Germany,invalid,rule_A_only,4,NORMAL,,0,0,0,0,0,6.0,5.636562949575782,0.0,alle,NA,,213,1,38,1,4,30-39
32204,DEU,Germany,invalid,rule_A_only,0,NORMAL,,0,0,0,0,0,8.0,4.987037825484618,0.0,-99,NA,,213,1,21,1,3,18-29
32211,DEU,Germany,invalid,rule_A_only,5,NORMAL,,0,0,0,0,0,7.0,5.66504386417267,-0.5,NA,alles,,213,1,55,1,4,50-59
32219,DEU,Germany,invalid,rule_A_only,4,NORMAL,,0,0,0,0,0,12.0,5.209084012454571,,Alle ,NA,,213,1,72,1,3,60+
32257,DEU,Germany,invalid,rule_A_only,4,NORMAL,,0,0,0,0,0,12.0,4.148434256523831,0.7071067811865476,Alle,NA,,213,1,36,1,3,30-39
32263,NLD,Netherlands,invalid,rule_A_only,3,NORMAL,,0,0,0,0,0,8.0,5.671419679056746,1.0,Nvt,NA,,213,1,29,0,4,18-29
32288,NLD,Netherlands,invalid,rule_A_only,4,NORMAL,,0,0,0,0,0,4.0,4.9124227439566175,0.25,NA,geen,,213,1,45,1,4,40-49
32299,DEU,Germany,invalid,rule_A_only,4,NORMAL,,0,0,0,0,0,7.0,4.757523195262113,0.31622776601683794,"Alle 
",NA,,213,1,27,0,3,18-29
32310,DEU,Germany,invalid,rule_A_only,0,NORMAL,,0,0,0,0,0,10.0,2.9843925207345907,,-99,NA,,213,1,39,0,3,30-39
32332,DEU,Germany,invalid,rule_A_only,0,NORMAL,,0,0,0,0,0,12.0,5.789521390810079,,-99,NA,,213,1,21,1,3,18-29
32335,DEU,Germany,invalid,rule_A_only,4,NORMAL,,0,0,0,0,0,12.0,4.928575177890531,0.8783100656536799,NA,K.A.,,213,1,45,0,4,40-49
32347,DEU,Germany,invalid,rule_A_only,0,NORMAL,,0,0,0,0,0,4.0,4.631763576551969,0.7745966692414834,NA,-99,,213,1,42,1,4,40-49
32409,DEU,Germany,invalid,rule_A_only,4,NORMAL,,0,0,0,0,0,4.0,5.05997914678524,0.0,NA,viel,,213,1,34,1,3,30-39
32421,DEU,Germany,invalid,rule_A_only,0,NORMAL,,0,0,0,0,0,15.0,4.045913068122331,,-99,NA,,213,1,41,0,3,40-49
32441,DEU,Germany,invalid,rule_A_only,3,NORMAL,,0,0,0,0,0,6.0,4.746430485343332,-0.7071067811865476,NA,Gut,,213,1,30,1,4,30-39
32444,DEU,Germany,invalid,rule_A_only,5,NORMAL,,0,0,0,0,0,8.0,4.160899154751486,-0.31622776601683794,NA,Titul ,,213,1,42,1,4,40-49
32447,DEU,Germany,invalid,rule_A_only,4,NORMAL,,0,0,0,0,0,9.0,4.09482190838962,,alle,NA,,213,1,70,0,3,60+
32451,DEU,Germany,invalid,rule_A_only,5,NORMAL,,0,0,0,0,0,12.0,6.3928509332688614,1.0,NA,Keine,,213,1,46,0,4,40-49
32482,DEU,Germany,invalid,rule_A_only,4,NORMAL,,0,0,0,0,0,9.0,9.314744437382181,0.0,NA,alle,,213,1,40,1,4,40-49
32485,DEU,Germany,invalid,rule_A_only,0,NORMAL,,0,0,0,0,0,8.0,3.6235001333104355,0.7071067811865476,NA,-99,,213,1,43,0,3,40-49
32505,DEU,Germany,invalid,rule_A_only,0,NORMAL,,0,0,0,0,0,4.0,5.6185048901979,0.0,NA,-99,,213,1,29,1,4,18-29
32551,DEU,Germany,invalid,rule_A_only,1,NORMAL,,0,0,0,0,0,13.0,4.876710071752382,-0.2,X,NA,,213,1,28,0,3,18-29
32571,DEU,Germany,invalid,rule_A_only,1,NORMAL,,0,0,0,0,0,10.0,4.99889179604728,0.0,-,NA,,213,1,32,1,3,30-39
32580,DEU,Germany,invalid,rule_A_only,0,NORMAL,,0,0,0,0,0,14.0,3.902921833233067,,NA,-99,,213,1,26,0,2,18-29
32607,DEU,Germany,invalid,rule_A_only,1,NORMAL,,0,0,0,0,0,11.0,4.954112774435238,,NA,-,,213,1,28,1,4,18-29
32609,DEU,Germany,invalid,rule_A_only,3,NORMAL,,0,0,0,0,0,6.0,6.971578674963806,0.6030226891555273,NA,…..,,213,1,36,0,3,30-39
32613,DEU,Germany,invalid,rule_A_only,0,NORMAL,,0,0,0,0,0,6.0,4.384732164744997,-0.6324555320336759,NA,-99,,213,1,59,0,3,50-59
32668,DEU,Germany,invalid,rule_A_only,3,NORMAL,,0,0,0,0,0,10.0,5.412946227184711,0.242535625036333,NA,nix,,213,1,28,1,3,18-29
32671,DEU,Germany,invalid,rule_A_only,1,NORMAL,,0,0,0,0,0,6.0,4.212888354779967,-0.2,NA,.,,213,1,21,0,3,18-29
32691,DEU,Germany,invalid,rule_A_only,0,NORMAL,,0,0,0,0,0,3.0,5.252012665717154,,NA,-99,,213,1,30,0,3,30-39
32698,DEU,Germany,invalid,rule_A_only,1,NORMAL,,0,0,0,0,0,13.0,4.013978281754977,-0.7071067811865476,/,NA,,213,1,26,0,3,18-29
32707,DEU,Germany,invalid,rule_A_only,4,NORMAL,,0,0,0,0,0,8.0,4.164311630853814,0.4472135954999579,Alle,NA,,213,1,42,0,3,40-49
32753,DEU,Germany,invalid,rule_A_only,0,NORMAL,,0,0,0,0,0,12.0,3.7142180454252576,0.6324555320336759,-99,NA,,213,1,42,0,3,40-49
32765,DEU,Germany,invalid,rule_A_only,0,NORMAL,,0,0,0,0,0,4.0,5.614951469482675,0.6432675209026768,-99,NA,,213,1,27,0,4,18-29
32789,DEU,Germany,invalid,rule_A_only,2,NORMAL,,0,0,0,0,0,4.0,5.252553020158421,0.4,NA,ja ,,213,1,46,0,3,40-49
32815,DEU,Germany,invalid,rule_A_only,4,NORMAL,,0,0,0,0,0,6.0,7.96846480550187,-0.289121654791456,Alle,NA,,213,1,41,0,3,40-49
32816,DEU,Germany,invalid,rule_A_only,5,NORMAL,,0,0,0,0,0,16.0,4.096888697806551,,jeder,NA,,213,1,28,0,4,18-29
32831,DEU,Germany,invalid,rule_A_only,0,NORMAL,,0,0,0,0,0,12.0,3.4135131381490136,0.6324555320336759,-99,NA,,213,1,35,0,3,30-39
32847,DEU,Germany,invalid,rule_A_only,0,NORMAL,,0,0,0,0,0,11.0,5.4293257465771125,-0.6324555320336759,-99,NA,,213,1,26,0,3,18-29
32890,DEU,Germany,invalid,rule_A_only,4,NORMAL,,0,0,0,0,0,4.0,7.830180830633531,-0.37670528747840887,NA,Kdkd,,213,1,30,1,3,30-39
32897,DEU,Germany,invalid,rule_A_only,3,NORMAL,,0,0,0,0,0,10.0,4.38646795519421,0.31622776601683794,Xyz,NA,,213,1,47,0,4,40-49
32898,DEU,Germany,invalid,rule_A_only,0,NORMAL,,0,0,0,0,0,13.0,5.823223547254495,0.7385489458759964,-99,NA,,213,1,35,0,3,30-39
32901,DEU,Germany,invalid,rule_A_only,0,NORMAL,,0,0,0,0,0,6.0,4.456904746373087,0.31622776601683794,NA,-99,,213,1,41,1,4,40-49
32908,DEU,Germany,invalid,rule_A_only,0,NORMAL,,0,0,0,0,0,14.0,3.983753522757799,,-99,NA,,213,1,46,1,3,40-49
32911,DEU,Germany,invalid,rule_A_only,4,NORMAL,,0,0,0,0,0,12.0,4.081890037665098,1.0,NA,k.a.,,213,1,60,1,3,60+
32958,DEU,Germany,invalid,rule_A_only,0,NORMAL,,0,0,0,0,0,12.0,4.842653470684338,0.6123724356957946,NA,-99,,213,1,43,0,3,40-49
32981,DEU,Germany,invalid,rule_A_only,0,NORMAL,,0,0,0,0,0,13.0,4.874039116538979,0.31622776601683794,-99,NA,,213,1,24,0,3,18-29
33086,GRC,Greece,invalid,rule_A_only,0,NORMAL,,0,0,0,0,0,6.0,4.781306962489641,0.0,-99,NA,,213,1,75,1,4,60+
33105,GRC,Greece,invalid,rule_A_only,0,NORMAL,,0,0,0,0,0,6.0,3.9866685258622994,-0.2,-99,NA,,213,1,60,1,4,60+
33185,GRC,Greece,invalid,rule_A_only,0,NORMAL,,0,0,0,0,0,15.0,5.90231782932961,0.0,-99,NA,,213,1,62,1,4,60+
33216,DEU,Germany,invalid,rule_A_only,4,NORMAL,,0,0,0,0,0,11.0,3.3722274094383256,0.727606875108999,NA,geht ,,213,1,28,0,4,18-29
33224,GRC,Greece,invalid,rule_A_only,4,NORMAL,,0,0,0,0,0,5.0,4.380511733773553,-0.7071067811865476,Όλοι,NA,,213,1,41,1,4,40-49
33226,DEU,Germany,invalid,rule_A_only,0,NORMAL,,0,0,0,0,0,10.0,4.471522266365143,-0.4338609156373123,NA,-99,,213,1,53,1,3,50-59
33276,DEU,Germany,invalid,rule_A_only,4,NORMAL,,0,0,0,0,0,6.0,5.713921321575914,0.3535533905932738,Alle,NA,,213,1,56,1,3,50-59
33333,DEU,Germany,invalid,rule_A_only,0,NORMAL,,0,0,0,0,0,13.0,5.296770069492509,1.0,-99,NA,,213,1,30,1,4,30-39
33364,DEU,Germany,invalid,rule_A_only,0,NORMAL,,0,0,0,0,0,12.0,6.183441023109729,0.727606875108999,-99,NA,,213,1,60,1,3,60+
33365,DEU,Germany,invalid,rule_A_only,2,NORMAL,,0,0,0,0,0,3.0,8.192128841151735,0.0,NA,--,,213,1,32,1,4,30-39
33429,GRC,Greece,invalid,rule_A_only,3,NORMAL,,0,0,0,0,0,12.0,4.28253752038939,-0.4472135954999579,ΕΓΩ,NA,,213,1,42,1,4,40-49
33476,GRC,Greece,invalid,rule_A_only,0,NORMAL,,0,0,0,0,0,5.0,8.382461394752038,-0.2970442628930023,NA,-99,,213,1,NA,0,2,NA
33488,DEU,Germany,invalid,rule_A_only,5,NORMAL,,0,0,0,0,0,10.0,4.86472829134101,,Jeder,NA,,213,1,34,0,3,30-39
33548,DEU,Germany,invalid,rule_A_only,4,NORMAL,,0,0,0,0,0,5.0,4.472552656866953,0.0,NA,Weiß ,,213,1,50,1,3,50-59
33587,DEU,Germany,invalid,rule_A_only,1,NORMAL,,0,0,0,0,0,12.0,4.145282286133833,,NA,.,,213,1,47,0,3,40-49
33641,DEU,Germany,invalid,rule_A_only,4,NORMAL,,0,0,0,0,0,12.0,4.384654865471502,0.6123724356957946,Alle,NA,,213,1,36,0,3,30-39
33646,DEU,Germany,invalid,rule_A_only,1,NORMAL,,0,0,0,0,0,12.0,4.112899916831749,-0.7592566023652966,-,NA,,213,1,53,1,3,50-59
33652,DEU,Germany,invalid,rule_A_only,4,NORMAL,,0,0,0,0,0,12.0,4.67212250223137,0.8401680504168059,Alle,NA,,213,1,39,0,4,30-39
33694,DEU,Germany,invalid,rule_A_only,0,NORMAL,,0,0,0,0,0,12.0,3.5217791841013097,1.0,NA,-99,,213,1,30,1,4,30-39
33712,DEU,Germany,invalid,rule_A_only,4,NORMAL,,0,0,0,0,0,5.0,5.2672267678551545,0.2,Alle,NA,,213,1,27,0,4,18-29
33737,GRC,Greece,invalid,rule_A_only,0,NORMAL,,0,0,0,0,0,8.0,3.3616329938386964,,NA,-99,,213,1,53,0,2,50-59
33774,DEU,Germany,invalid,rule_A_only,0,NORMAL,,0,0,0,0,0,16.0,2.8626673767020816,,NA,-99,,213,1,39,0,4,30-39
33822,GRC,Greece,invalid,rule_A_only,4,NORMAL,,0,0,0,0,0,16.0,5.910541373616799,0.4472135954999579,Όλοι ,NA,,213,1,30,1,4,30-39
33826,DEU,Germany,invalid,rule_A_only,1,NORMAL,,0,0,0,0,0,12.0,3.8930480601623048,0.3872983346207417,-,NA,,213,1,35,0,4,30-39
33861,DEU,Germany,invalid,rule_A_only,5,NORMAL,,0,0,0,0,0,6.0,4.477866851883278,0.10846522890932808,NA,Keine ,,213,1,49,0,3,40-49
33956,DEU,Germany,invalid,rule_A_only,2,NORMAL,,0,0,0,0,0,3.0,6.794333944448258,0.3216337604513384,NA,ok,,213,1,27,1,4,18-29
33963,DEU,Germany,invalid,rule_A_only,4,NORMAL,,0,0,0,0,0,9.0,7.131681037504859,-0.5976143046671968,NA,Nein,,213,1,39,1,4,30-39
33982,DEU,Germany,invalid,rule_A_only,3,NORMAL,,0,0,0,0,0,6.0,4.686394670943989,,gut,NA,,213,1,34,0,3,30-39
33986,DEU,Germany,invalid,rule_A_only,0,NORMAL,,0,0,0,0,0,15.0,3.4208305517958886,0.31622776601683794,-99,NA,,213,1,47,0,3,40-49
34005,DEU,Germany,invalid,rule_A_only,4,NORMAL,,0,0,0,0,0,5.0,3.7826689040990984,0.0,Alle ,NA,,213,1,48,0,3,40-49
34029,DEU,Germany,invalid,rule_A_only,0,NORMAL,,0,0,0,0,0,11.0,3.477629468364987,,NA,-99,,213,1,42,1,3,40-49
34068,DEU,Germany,invalid,rule_A_only,4,NORMAL,,0,0,0,0,0,5.0,4.010608666127093,0.0,Alle,NA,,213,1,55,1,3,50-59
34133,DEU,Germany,invalid,rule_A_only,4,NORMAL,,0,0,0,0,0,3.0,8.264888952802185,-0.3731012536223182,NA,jtrg,,213,1,22,1,3,18-29
34134,AUT,Austria,invalid,rule_A_only,4,NORMAL,,0,0,0,0,0,12.0,8.771254850016883,0.13525044520011484,Alle,NA,,213,1,60,0,4,60+
34138,DEU,Germany,invalid,rule_A_only,2,NORMAL,,0,0,0,0,0,5.0,6.687812508343664,0.31622776601683794,Kp,NA,,213,1,22,1,3,18-29
34160,DEU,Germany,invalid,rule_A_only,4,NORMAL,,0,0,0,0,0,12.0,4.0648192518067985,-0.6324555320336759,alle,NA,,213,1,45,1,4,40-49
34174,DEU,Germany,invalid,rule_A_only,2,NORMAL,,0,0,0,0,0,4.0,7.73606592018434,-0.26111648393354675,NA,ok,,213,1,26,1,3,18-29
34197,AUT,Austria,invalid,rule_A_only,4,NORMAL,,0,0,0,0,0,6.0,7.359154816182021,0.8,Alle,NA,,213,1,51,0,3,50-59
34201,DEU,Germany,invalid,rule_A_only,1,NORMAL,,0,0,0,0,0,5.0,5.189980496611805,0.31622776601683794,t,NA,,213,1,NA,1,4,NA
34225,AUT,Austria,invalid,rule_A_only,0,NORMAL,,0,0,0,0,0,14.0,3.4055546899604994,0.6324555320336759,NA,-99,,213,1,43,0,2,40-49
34246,FRA,France,invalid,rule_A_only,1,NORMAL,,0,0,0,0,0,12.0,4.409102003473935,0.31622776601683794,NA,. ,,213,1,37,0,4,30-39
34317,NLD,Netherlands,invalid,rule_A_only,1,NORMAL,,0,0,0,0,0,9.0,9.800635842883864,0.9429903335828895,J,NA,,213,1,19,1,2,18-29
34335,FRA,France,invalid,rule_A_only,5,NORMAL,,0,0,0,0,0,12.0,4.0394567546454,,homme,NA,,213,1,27,1,4,18-29
34365,AUT,Austria,invalid,rule_A_only,5,NORMAL,,0,0,0,0,0,12.0,8.30247398156384,-0.227429413073671,keine,NA,,213,1,53,NA,2,50-59
34372,DEU,Germany,invalid,rule_A_only,1,NORMAL,,0,0,0,0,0,4.0,5.337151953971669,0.5477225575051661,NA,-,,213,1,30,0,4,30-39
34381,DEU,Germany,invalid,rule_A_only,1,NORMAL,,0,0,0,0,0,6.0,4.72728699045319,-0.4472135954999579,NA,I,,213,1,27,1,4,18-29
34391,DEU,Germany,invalid,rule_A_only,0,NORMAL,,0,0,0,0,0,5.0,4.275676288285788,0.4472135954999579,NA,-99,,213,1,71,1,3,60+
34399,AUT,Austria,invalid,rule_A_only,2,NORMAL,,0,0,0,0,0,10.0,3.2034205453471234,,Vh,NA,,213,1,60,0,4,60+
34433,DEU,Germany,invalid,rule_A_only,3,NORMAL,,0,0,0,0,0,6.0,5.0045595507757055,0.4472135954999579,NA,Nix,,213,1,24,1,4,18-29
34479,AUT,Austria,invalid,rule_A_only,4,NORMAL,,0,0,0,0,0,4.0,4.912638591311067,0.42008402520840293,Alle,NA,,213,1,68,1,3,60+
34480,DEU,Germany,invalid,rule_A_only,0,NORMAL,,0,0,0,0,0,13.0,3.578844526699213,,-99,NA,,213,1,27,1,3,18-29
34484,AUT,Austria,invalid,rule_A_only,0,NORMAL,,0,0,0,0,0,4.0,7.192421244682334,-0.13130643285972254,NA,-99,,213,1,31,0,4,30-39
34495,AUT,Austria,invalid,rule_A_only,1,NORMAL,,0,0,0,0,0,5.0,5.332059013141894,0.9191450300180578,NA,?,,213,1,54,1,3,50-59
34505,AUT,Austria,invalid,rule_A_only,4,NORMAL,,0,0,0,0,0,5.0,3.237928199618004,,NA,k.a.,,213,1,63,1,3,60+
34508,AUT,Austria,invalid,rule_A_only,0,NORMAL,,0,0,0,0,0,4.0,4.823351727514067,0.5854905538443584,NA,-99,,213,1,61,1,3,60+
34526,AUT,Austria,invalid,rule_A_only,2,NORMAL,,0,0,0,0,0,6.0,3.800037170464752,,NA,Ka,,213,1,34,1,3,30-39
34537,DEU,Germany,invalid,rule_A_only,4,NORMAL,,0,0,0,0,0,4.0,5.78291262736719,0.08304547985373997,Alle,NA,,213,1,26,1,3,18-29
34542,DEU,Germany,invalid,rule_A_only,2,NORMAL,,0,0,0,0,0,7.0,6.356673294805683,-0.18938850476964256,Ka,NA,,213,1,19,1,3,18-29
34563,AUT,Austria,invalid,rule_A_only,5,NORMAL,,0,0,0,0,0,4.0,3.036352137932714,0.10846522890932808,jeder,NA,,213,1,28,1,4,18-29
34566,DEU,Germany,invalid,rule_A_only,1,NORMAL,,0,0,0,0,0,3.0,7.81230389652948,0.5222329678670935,-,NA,,213,1,23,1,3,18-29
34593,AUT,Austria,invalid,rule_A_only,0,NORMAL,,0,0,0,0,0,14.0,6.4823775226525004,-0.21821789023599236,NA,-99,,213,1,45,1,3,40-49
34628,AUT,Austria,invalid,rule_A_only,4,NORMAL,,0,0,0,0,0,15.0,6.375667935822698,0.7071067811865476,Alle ,NA,,213,1,52,0,3,50-59
34642,DEU,Germany,invalid,rule_A_only,0,NORMAL,,0,0,0,0,0,3.0,7.021314075194784,,-99,NA,,213,1,21,1,3,18-29
34653,FRA,France,invalid,rule_A_only,4,NORMAL,,0,0,0,0,0,15.0,6.96725110549631,0.6324555320336759,nspp,NA,,213,1,63,0,3,60+
34656,DEU,Germany,invalid,rule_A_only,3,NORMAL,,0,0,0,0,0,3.0,7.872193500863952,-0.6,NA,Git,,213,1,28,1,3,18-29
34698,AUT,Austria,invalid,rule_A_only,4,NORMAL,,0,0,0,0,0,7.0,5.3732169586020655,0.727606875108999,Alle,NA,,213,1,69,1,4,60+
34712,DEU,Germany,invalid,rule_A_only,0,NORMAL,,0,0,0,0,0,5.0,4.98564847665037,0.5423261445466404,NA,Na,,213,1,22,1,3,18-29
34717,DEU,Germany,invalid,rule_A_only,0,NORMAL,,0,0,0,0,0,12.0,6.670234015714707,0.5,NA,-99,,213,1,72,NA,3,60+
34742,DEU,Germany,invalid,rule_A_only,1,NORMAL,,0,0,0,0,0,5.0,3.5567231746361765,0.5,-,NA,,213,1,26,0,4,18-29
34770,AUT,Austria,invalid,rule_A_only,5,NORMAL,,0,0,0,0,0,12.0,5.782763972119204,,NA,Alles,,213,1,45,1,3,40-49
34776,NLD,Netherlands,invalid,rule_A_only,0,NORMAL,,0,0,0,0,0,5.0,8.255551275865052,-0.5855400437691199,NA,-99,,213,1,32,1,4,30-39
34798,NLD,Netherlands,invalid,rule_A_only,1,NORMAL,,0,0,0,0,0,7.0,4.551293427144204,0.7071067811865476,q,NA,,213,1,60,1,3,60+
34810,FRA,France,invalid,rule_A_only,4,NORMAL,,0,0,0,0,0,13.0,6.918044060161546,0.7905694150420948,NA,Rien ,,213,1,45,0,4,40-49
34878,NLD,Netherlands,invalid,rule_A_only,0,NORMAL,,0,0,0,0,0,16.0,8.419865380378585,-0.11043152607484653,NA,-99,,213,1,35,1,3,30-39
34917,FRA,France,invalid,rule_A_only,0,NORMAL,,0,0,0,0,0,15.0,5.757212009263644,0.25,NA,-99,,213,1,29,1,3,18-29
34955,FRA,France,invalid,rule_A_only,0,NORMAL,,0,0,0,0,0,6.0,3.6872529949677295,,NA,-99,,213,1,65,0,3,60+
34974,FRA,France,invalid,rule_A_only,0,NORMAL,,0,0,0,0,0,7.0,3.5339489991098847,-0.4472135954999579,-99,NA,,213,1,38,0,4,30-39
35008,FRA,France,invalid,rule_A_only,3,NORMAL,,0,0,0,0,0,12.0,6.267203558606444,0.19425717247145283,NA,ras,,213,1,50,1,3,50-59
35072,FRA,France,invalid,rule_A_only,4,NORMAL,,0,0,0,0,0,12.0,4.461702032632982,0.5,NA,Rien ,,213,1,63,1,3,60+
35083,FRA,France,invalid,rule_A_only,0,NORMAL,,0,0,0,0,0,12.0,4.321042616827893,,-99,NA,,213,1,46,0,4,40-49
35084,FRA,France,invalid,rule_A_only,0,NORMAL,,0,0,0,0,0,7.0,3.7442238681724023,,-99,NA,,213,1,57,0,4,50-59
35096,FRA,France,invalid,rule_A_only,4,NORMAL,,0,0,0,0,0,12.0,3.9965851801453756,0.6324555320336759,NOUS,NA,,213,1,59,0,3,50-59
35102,FRA,France,invalid,rule_A_only,0,NORMAL,,0,0,0,0,0,13.0,5.687919637149983,,NA,-99,,213,1,42,0,3,40-49
35108,FRA,France,invalid,rule_A_only,0,NORMAL,,0,0,0,0,0,10.0,5.182168150485129,0.15811388300841897,-99,NA,,213,1,56,NA,3,50-59
35130,FRA,France,invalid,rule_A_only,0,NORMAL,,0,0,0,0,0,6.0,8.387953877596319,0.6928203230275508,-99,NA,,213,1,27,0,3,18-29
35174,FRA,France,invalid,rule_A_only,3,NORMAL,,0,0,0,0,0,12.0,3.6360367787799497,,NA,Jsp,,213,1,54,1,3,50-59
35187,FRA,France,invalid,rule_A_only,2,NORMAL,,0,0,0,0,0,14.0,3.5047563410799305,-0.25,NA,??,,213,1,67,0,3,60+
35205,FRA,France,invalid,rule_A_only,5,NORMAL,,0,0,0,0,0,13.0,4.717259988755337,,Néant ,NA,,213,1,35,1,3,30-39
35253,FRA,France,invalid,rule_A_only,0,NORMAL,,0,0,0,0,0,13.0,3.3046541097364313,0.31622776601683794,-99,NA,,213,1,49,0,4,40-49
35262,FRA,France,invalid,rule_A_only,3,NORMAL,,0,0,0,0,0,12.0,3.4870534418359553,0.4472135954999579,NA,ras,,213,1,54,1,4,50-59
35278,FRA,France,invalid,rule_A_only,0,NORMAL,,0,0,0,0,0,8.0,4.1737072875133165,0.31622776601683794,-99,NA,,213,1,66,1,3,60+
35286,FRA,France,invalid,rule_A_only,4,NORMAL,,0,0,0,0,0,13.0,6.933715678302428,,NA,tout,,213,1,51,0,4,50-59
35381,FRA,France,invalid,rule_A_only,0,NORMAL,,0,0,0,0,0,5.0,4.467526163293599,0.242535625036333,-99,NA,,213,1,41,0,3,40-49
35407,FRA,France,invalid,rule_A_only,3,NORMAL,,0,0,0,0,0,15.0,3.599588656032515,0.6324555320336759,NA,nsp,,213,1,33,1,4,30-39
35419,FRA,France,invalid,rule_A_only,0,NORMAL,,0,0,0,0,0,10.0,3.1729671336766114,,-99,NA,,213,1,59,1,4,50-59
35441,FRA,France,invalid,rule_A_only,3,NORMAL,,0,0,0,0,0,4.0,3.879907000476045,-0.4472135954999579,bof,NA,,213,1,67,1,3,60+
35470,FRA,France,invalid,rule_A_only,3,NORMAL,,0,0,0,0,0,7.0,4.969520088077571,0.3216337604513384,Nsp,NA,,213,1,27,0,4,18-29
35473,FRA,France,invalid,rule_A_only,3,NORMAL,,0,0,0,0,0,12.0,4.916939775821276,0.25,Jsp,NA,,213,1,48,1,4,40-49
35474,NLD,Netherlands,invalid,rule_A_only,0,NORMAL,,0,0,0,0,0,11.0,4.156698238349862,-0.7071067811865476,-99,NA,,213,1,31,0,3,30-39
35497,FRA,France,invalid,rule_A_only,0,NORMAL,,0,0,0,0,0,14.0,8.209719813774262,0.9185586535436918,NA,-99,,213,1,48,0,4,40-49
35509,FRA,France,invalid,rule_A_only,1,NORMAL,,0,0,0,0,0,12.0,4.420994722662308,0.4472135954999579,.,NA,,213,1,68,0,3,60+
35519,AUT,Austria,invalid,rule_A_only,1,NORMAL,,0,0,0,0,0,7.0,5.803186492651289,0.7071067811865476,NA,-,,213,1,56,1,3,50-59
35532,AUT,Austria,invalid,rule_A_only,0,NORMAL,,0,0,0,0,0,8.0,4.835761177889263,-0.6324555320336759,-99,NA,,213,1,28,1,4,18-29
35535,FRA,France,invalid,rule_A_only,0,NORMAL,,0,0,0,0,0,5.0,4.21740960529391,,-99,NA,,213,1,18,NA,3,18-29
35567,FRA,France,invalid,rule_A_only,0,NORMAL,,0,0,0,0,0,6.0,6.321075764374275,0.5477225575051661,NA,-99,,213,1,37,1,3,30-39
35611,FRA,France,invalid,rule_A_only,0,NORMAL,,0,0,0,0,0,5.0,4.2246026833785315,0.31622776601683794,NA,-99,,213,1,27,1,4,18-29
35617,FRA,France,invalid,rule_A_only,0,NORMAL,,0,0,0,0,0,12.0,5.562096744578148,-0.31622776601683794,-99,NA,,213,1,34,0,3,30-39
35619,FRA,France,invalid,rule_A_only,1,NORMAL,,0,0,0,0,0,7.0,6.273975745728128,,NA,C,,213,1,64,0,3,60+
35700,FRA,France,invalid,rule_A_only,0,NORMAL,,0,0,0,0,0,15.0,5.7604467797575305,,-99,NA,,213,1,27,0,4,18-29
35746,AUT,Austria,invalid,rule_A_only,5,NORMAL,,0,0,0,0,0,3.0,8.11871848704108,0.3380617018914066,Jeder,NA,,213,1,24,0,3,18-29
35753,FRA,France,invalid,rule_A_only,3,NORMAL,,0,0,0,0,0,14.0,5.339160169639259,-0.10846522890932808,jsp,NA,,213,1,31,0,4,30-39
35766,FRA,France,invalid,rule_A_only,3,NORMAL,,0,0,0,0,0,9.0,4.137124576586969,,nsp,NA,,213,1,28,1,4,18-29
35889,FRA,France,invalid,rule_A_only,0,NORMAL,,0,0,0,0,0,12.0,4.11185254916873,,-99,NA,,213,1,57,1,3,50-59
35962,FRA,France,invalid,rule_A_only,3,NORMAL,,0,0,0,0,0,5.0,4.812213762025681,0.2,NA,car,,213,1,31,1,4,30-39
35966,AUT,Austria,invalid,rule_A_only,4,NORMAL,,0,0,0,0,0,8.0,5.509012088633838,0.8783100656536799,NA,Okay ,,213,1,52,0,4,50-59
35967,AUT,Austria,invalid,rule_A_only,0,NORMAL,,0,0,0,0,0,7.0,8.151935926945088,-0.4912339811438,-99,NA,,213,1,53,NA,3,50-59
35971,FRA,France,invalid,rule_A_only,3,NORMAL,,0,0,0,0,0,12.0,5.1786175543182225,,NA,nsp,,213,1,59,0,3,50-59
35977,AUT,Austria,invalid,rule_A_only,0,NORMAL,,0,0,0,0,0,10.0,4.474009550570371,,NA,-99,,213,1,36,0,3,30-39
35989,AUT,Austria,invalid,rule_A_only,5,NORMAL,,0,0,0,0,0,16.0,6.137077828623838,,Jeder,NA,,213,1,48,0,4,40-49
36001,FRA,France,invalid,rule_A_only,4,NORMAL,,0,0,0,0,0,6.0,3.834524900922635,-0.2,NA,rien ,,213,1,26,0,4,18-29
36020,FRA,France,invalid,rule_A_only,0,NORMAL,,0,0,0,0,0,12.0,3.2216771312987147,0.4472135954999579,NA,-99,,213,1,26,0,4,18-29
36041,AUT,Austria,invalid,rule_A_only,0,NORMAL,,0,0,0,0,0,10.0,4.983196774730729,0.7071067811865476,-99,NA,,213,1,48,0,3,40-49
36126,AUT,Austria,invalid,rule_A_only,1,NORMAL,,0,0,0,0,0,12.0,4.946364199687583,,NA,H,,213,1,26,1,2,18-29
36180,AUT,Austria,invalid,rule_A_only,5,NORMAL,,0,0,0,0,0,6.0,4.682468601985696,0.4338609156373123,NA,Wenig,,213,1,67,1,3,60+
36183,FRA,France,invalid,rule_A_only,1,NORMAL,,0,0,0,0,0,12.0,5.878086939024039,0.33421342287388955,?,NA,,213,1,28,0,4,18-29
36201,FRA,France,invalid,rule_A_only,0,NORMAL,,0,0,0,0,0,14.0,5.286726466807944,0.34299717028501764,-99,NA,,213,1,29,0,4,18-29
36206,AUT,Austria,invalid,rule_A_only,0,NORMAL,,0,0,0,0,0,14.0,3.199232444524562,,-99,NA,,213,1,58,0,3,50-59
36216,AUT,Austria,invalid,rule_A_only,5,NORMAL,,0,0,0,0,0,12.0,4.101071402934563,0.8944271909999159,NA,xfghk,,213,1,48,1,3,40-49
36238,AUT,Austria,invalid,rule_A_only,5,NORMAL,,0,0,0,0,0,15.0,6.7738266713231265,,NA,Hallo,,213,1,40,1,4,40-49
36243,AUT,Austria,invalid,rule_A_only,2,NORMAL,,0,0,0,0,0,12.0,4.453569501859582,-0.31622776601683794,NA,KA,,213,1,25,0,3,18-29
36245,FRA,France,invalid,rule_A_only,4,NORMAL,,0,0,0,0,0,15.0,5.748692821769228,,Bien,NA,,213,1,40,1,4,40-49
36256,AUT,Austria,invalid,rule_A_only,4,NORMAL,,0,0,0,0,0,13.0,4.297492016129045,-0.6324555320336759,Alle,NA,,213,1,61,1,3,60+
36276,AUT,Austria,invalid,rule_A_only,0,NORMAL,,0,0,0,0,0,4.0,5.449129119634624,0.3321819194149599,-99,NA,,213,1,35,0,3,30-39
36308,FRA,France,invalid,rule_A_only,3,NORMAL,,0,0,0,0,0,9.0,3.855698704108019,0.25,RAS,NA,,213,1,45,1,4,40-49
36324,AUT,Austria,invalid,rule_A_only,0,NORMAL,,0,0,0,0,0,6.0,6.8377542758061205,-0.6859943405700353,-99,NA,,213,1,40,1,4,40-49
36329,AUT,Austria,invalid,rule_A_only,2,NORMAL,,0,0,0,0,0,3.0,8.080072567947175,0.6285872661926204,NA,.. ,,213,1,37,1,3,30-39
36364,FRA,France,invalid,rule_A_only,1,NORMAL,,0,0,0,0,0,4.0,5.435579584140133,,NA,?,,213,1,51,0,3,50-59
36367,FRA,France,invalid,rule_A_only,3,NORMAL,,0,0,0,0,0,6.0,5.764539108538745,0.34299717028501764,Ras,NA,,213,1,39,0,4,30-39
36396,AUT,Austria,invalid,rule_A_only,0,NORMAL,,0,0,0,0,0,12.0,5.606936572705922,0.4685212856658182,NA,-99,,213,1,36,1,4,30-39
36414,AUT,Austria,invalid,rule_A_only,1,NORMAL,,0,0,0,0,0,10.0,4.7926982506575895,0.4472135954999579,NA,-,,213,1,44,1,4,40-49
36419,FRA,France,invalid,rule_A_only,0,NORMAL,,0,0,0,0,0,8.0,4.883461063800526,,-99,NA,,213,1,60,1,3,60+
36457,AUT,Austria,invalid,rule_A_only,0,NORMAL,,0,0,0,0,0,6.0,4.843371736061465,0.0,-99,NA,,213,1,35,1,4,30-39
36458,AUT,Austria,invalid,rule_A_only,0,NORMAL,,0,0,0,0,0,6.0,4.700237899248306,0.6859943405700353,NA,-99,,213,1,40,1,4,40-49
36474,AUT,Austria,invalid,rule_A_only,4,NORMAL,,0,0,0,0,0,5.0,6.017570264769611,0.06565321642986127,K. A ,NA,,213,1,58,0,3,50-59
36490,AUT,Austria,invalid,rule_A_only,1,NORMAL,,0,0,0,0,0,12.0,3.808895263655176,,NA,-,,213,1,50,0,4,50-59
36494,AUT,Austria,invalid,rule_A_only,5,NORMAL,,0,0,0,0,0,12.0,3.8133807766519343,0.4472135954999579,Jeder,NA,,213,1,29,0,3,18-29
36526,AUT,Austria,invalid,rule_A_only,3,NORMAL,,0,0,0,0,0,15.0,4.112909334858681,,NA,nix,,213,1,40,0,4,40-49
36530,FRA,France,invalid,rule_A_only,0,NORMAL,,0,0,0,0,0,5.0,4.2021527327749,0.5773502691896258,-99,NA,,213,1,24,0,3,18-29
36558,FRA,France,invalid,rule_A_only,3,NORMAL,,0,0,0,0,0,10.0,5.455262649014192,0.25,Nsp,NA,,213,1,36,1,3,30-39
36560,FRA,France,invalid,rule_A_only,3,NORMAL,,0,0,0,0,0,10.0,5.774923172079898,-0.4472135954999579,NA,Jsp,,213,1,25,0,4,18-29
36569,FRA,France,invalid,rule_A_only,0,NORMAL,,0,0,0,0,0,11.0,6.668207027451917,0.0,-99,NA,,213,1,20,0,4,18-29
36632,FRA,France,invalid,rule_A_only,2,NORMAL,,0,0,0,0,0,12.0,3.5617994311340793,,Xx,NA,,213,1,67,0,4,60+
36649,FRA,France,invalid,rule_A_only,5,NORMAL,,0,0,0,0,0,6.0,4.203063072982993,-0.4472135954999579,Bgyjj,NA,,213,1,20,1,4,18-29
36692,FRA,France,invalid,rule_A_only,4,NORMAL,,0,0,0,0,0,12.0,5.398808653159601,,NA,rien,,213,1,45,1,4,40-49
36696,AUT,Austria,invalid,rule_A_only,0,NORMAL,,0,0,0,0,0,7.0,4.070070984444995,0.5,NA,-99,,213,1,49,0,4,40-49
36699,FRA,France,invalid,rule_A_only,0,NORMAL,,0,0,0,0,0,14.0,2.6976958949698684,,-99,NA,,213,1,37,1,3,30-39
36728,FRA,France,invalid,rule_A_only,0,NORMAL,,0,0,0,0,0,8.0,5.820130682581661,-0.4472135954999579,-99,NA,,213,1,22,1,4,18-29
36746,FRA,France,invalid,rule_A_only,5,MEDIUM,mahalanobis_outlier,1,0,0,1,0,3.0,10.123466540721799,-0.45514956368175624,Vjkkk,NA,,213,1,29,0,4,18-29
36749,FRA,France,invalid,rule_A_only,0,NORMAL,,0,0,0,0,0,10.0,4.87494124561961,,-99,NA,,213,1,28,0,4,18-29
36766,FRA,France,invalid,rule_A_only,3,NORMAL,,0,0,0,0,0,6.0,7.636038966976197,0.5345224838248488,NA,Non,,213,1,25,0,4,18-29
36775,FRA,France,invalid,rule_A_only,2,NORMAL,,0,0,0,0,0,11.0,3.217875383347798,,..,NA,,213,1,36,0,4,30-39
36786,AUT,Austria,invalid,rule_A_only,0,NORMAL,,0,0,0,0,0,14.0,3.5528039321378837,,-99,NA,,213,1,43,0,3,40-49
36795,FRA,France,invalid,rule_A_only,0,NORMAL,,0,0,0,0,0,6.0,5.348101257422502,0.2,NA, ,,213,1,36,0,4,30-39
36821,FRA,France,invalid,rule_A_only,0,NORMAL,,0,0,0,0,0,6.0,5.016393644739996,0.8696263565463043,NA,-99,,213,1,35,1,3,30-39
36864,FRA,France,invalid,rule_A_only,0,NORMAL,,0,0,0,0,0,7.0,4.233939009596151,0.5773502691896257,-99,NA,,213,1,26,1,4,18-29
36871,FRA,France,invalid,rule_A_only,4,NORMAL,,0,0,0,0,0,16.0,6.59815518255654,0.5423261445466404,NA,Rien,,213,1,36,1,4,30-39
36874,FRA,France,invalid,rule_A_only,1,NORMAL,,0,0,0,0,0,6.0,4.196131274145186,0.727606875108999,/,NA,,213,1,42,1,4,40-49
36967,FRA,France,invalid,rule_A_only,0,NORMAL,,0,0,0,0,0,14.0,4.5893495475232555,0.7071067811865476,-99,NA,,213,1,53,0,4,50-59
37050,FRA,France,invalid,rule_A_only,0,NORMAL,,0,0,0,0,0,12.0,5.466940064316048,0.875,-99,NA,,213,1,37,1,3,30-39
37066,FRA,France,invalid,rule_A_only,3,NORMAL,,0,0,0,0,0,13.0,6.661434772837169,0.6123724356957946,NA,Nsp,,213,1,34,1,3,30-39
37080,FRA,France,invalid,rule_A_only,3,NORMAL,,0,0,0,0,0,14.0,3.999068263969622,,nsp,NA,,213,1,37,0,3,30-39
37098,AUT,Austria,invalid,rule_A_only,1,NORMAL,,0,0,0,0,0,9.0,8.958057356801586,0.14625448482542613,C,NA,,213,1,22,1,3,18-29
37107,FRA,France,invalid,rule_A_only,0,NORMAL,,0,0,0,0,0,15.0,5.42622653054141,,-99,NA,,213,1,37,1,4,30-39
37122,FRA,France,invalid,rule_A_only,0,NORMAL,,0,0,0,0,0,11.0,4.7226021388685115,0.0,-99,NA,,213,1,65,0,3,60+
37125,FRA,France,invalid,rule_A_only,5,NORMAL,,0,0,0,0,0,12.0,4.61240466492363,-0.7071067811865476,Néant ,NA,,213,1,37,1,3,30-39
37134,FRA,France,invalid,rule_A_only,3,NORMAL,,0,0,0,0,0,13.0,4.338177367459795,0.242535625036333,nsp,NA,,213,1,49,0,4,40-49
37158,FRA,France,invalid,rule_A_only,3,NORMAL,,0,0,0,0,0,13.0,4.8767251607030815,0.4629100498862757,NA,ras,,213,1,67,0,3,60+
37161,FRA,France,invalid,rule_A_only,1,NORMAL,,0,0,0,0,0,15.0,3.299956070150817,0.7071067811865476,NA,a,,213,1,42,1,4,40-49
37192,FRA,France,invalid,rule_A_only,0,NORMAL,,0,0,0,0,0,3.0,5.549720448961295,-0.2970442628930023,-99,NA,,213,1,46,1,4,40-49
37216,FRA,France,invalid,rule_A_only,0,NORMAL,,0,0,0,0,0,8.0,3.3597731613318933,,-99,NA,,213,1,66,NA,3,60+
37227,FRA,France,invalid,rule_A_only,0,NORMAL,,0,0,0,0,0,12.0,3.836714687540167,,-99,NA,,213,1,68,0,3,60+
37231,NLD,Netherlands,invalid,rule_A_only,0,NORMAL,,0,0,0,0,0,6.0,5.796363925779416,0.3333333333333333,-99,NA,,213,1,41,0,3,40-49
37274,FRA,France,invalid,rule_A_only,0,NORMAL,,0,0,0,0,0,12.0,4.651782436136514,-0.15811388300841897,NA,-99,,213,1,54,0,3,50-59
37293,FRA,France,invalid,rule_A_only,0,NORMAL,,0,0,0,0,0,5.0,4.8280867735532755,0.0,-99,NA,,213,1,39,1,4,30-39
37306,FRA,France,invalid,rule_A_only,4,NORMAL,,0,0,0,0,0,14.0,4.174665922972903,,TOUS,NA,,213,1,38,0,4,30-39
37358,FRA,France,invalid,rule_A_only,1,NORMAL,,0,0,0,0,0,13.0,6.030805427179081,0.7592566023652966,.,NA,,213,1,50,1,4,50-59
37425,FRA,France,invalid,rule_A_only,0,NORMAL,,0,0,0,0,0,8.0,5.462467387605397,-0.10846522890932808,-99,NA,,213,1,45,0,3,40-49
37430,FRA,France,invalid,rule_A_only,3,NORMAL,,0,0,0,0,0,9.0,4.254450105410085,0.7592566023652966,NA,Ras ,,213,1,54,0,3,50-59
37455,FRA,France,invalid,rule_A_only,5,NORMAL,,0,0,0,0,0,16.0,4.099497194356495,,santé,NA,,213,1,42,0,4,40-49
37484,NLD,Netherlands,invalid,rule_A_only,4,NORMAL,,0,0,0,0,0,13.0,8.287378590878632,0.7770286898858113,NA,niet,,213,1,60,1,3,60+
37502,AUT,Austria,invalid,rule_A_only,1,NORMAL,,0,0,0,0,0,6.0,3.3189424481428897,0.6324555320336759,0,NA,,213,1,67,1,2,60+
37505,NLD,Netherlands,invalid,rule_A_only,0,NORMAL,,0,0,0,0,0,6.0,5.826013050148638,0.5477225575051661,-99,NA,,213,1,42,0,4,40-49
37509,AUT,Austria,invalid,rule_A_only,0,NORMAL,,0,0,0,0,0,4.0,4.599252422449047,0.75,NA,-99,,213,1,49,0,3,40-49
37510,AUT,Austria,invalid,rule_A_only,4,NORMAL,,0,0,0,0,0,8.0,6.07756288000513,0.17149858514250882,Alle,NA,,213,1,57,0,4,50-59
37513,NLD,Netherlands,invalid,rule_A_only,0,NORMAL,,0,0,0,0,0,6.0,6.412875321530688,0.7656414934887764,NA,-99,,213,1,58,0,3,50-59
37534,AUT,Austria,invalid,rule_A_only,0,NORMAL,,0,0,0,0,0,7.0,4.720555655910346,0.25,-99,NA,,213,1,26,NA,2,18-29
37556,AUT,Austria,invalid,rule_A_only,1,NORMAL,,0,0,0,0,0,15.0,2.7812430670530772,0.31622776601683794,NA,-,,213,1,40,0,4,40-49
37589,SVK,Slovakia,invalid,rule_A_only,3,NORMAL,,0,0,0,0,0,8.0,5.925840898295245,0.7592566023652966,NA,Nic,,213,1,35,1,4,30-39
37594,SVK,Slovakia,invalid,rule_A_only,0,NORMAL,,0,0,0,0,0,5.0,4.3448252194284995,-0.2,NA,-99,,213,1,39,1,3,30-39
37630,SVK,Slovakia,invalid,rule_A_only,5,NORMAL,,0,0,0,0,0,11.0,2.6990743269380695,,ľudom,NA,,213,1,66,1,3,60+
37634,SVK,Slovakia,invalid,rule_A_only,3,NORMAL,,0,0,0,0,0,7.0,4.421351310074811,0.4472135954999579,Sav,NA,,213,1,57,1,3,50-59
37643,SVK,Slovakia,invalid,rule_A_only,0,NORMAL,,0,0,0,0,0,13.0,5.220727699463477,0.0,NA,-99,,213,1,29,0,4,18-29
37652,SVK,Slovakia,invalid,rule_A_only,1,NORMAL,,0,0,0,0,0,12.0,4.4571959998494375,,N,NA,,213,1,30,1,3,30-39
37669,SVK,Slovakia,invalid,rule_A_only,5,NORMAL,,0,0,0,0,0,5.0,4.685705498427063,-0.31622776601683794,NA,Dôkaz ,,213,1,46,1,3,40-49
37682,SVK,Slovakia,invalid,rule_A_only,5,NORMAL,,0,0,0,0,0,12.0,7.088694450487627,0.27386127875258304,NA,titul,,213,1,46,1,3,40-49
37701,SVK,Slovakia,invalid,rule_A_only,3,NORMAL,,0,0,0,0,0,9.0,4.943405108113282,,NA,nic,,213,1,51,1,2,50-59
37786,SVK,Slovakia,invalid,rule_A_only,5,MEDIUM,mahalanobis_outlier,1,0,0,1,0,5.0,9.125868438063327,-0.7592566023652966,Ludom,NA,,213,1,24,1,2,18-29
37865,SVK,Slovakia,invalid,rule_A_only,1,NORMAL,,0,0,0,0,0,11.0,4.4954127545767335,0.8574929257125441,.,NA,,213,1,60,1,3,60+
37883,SVK,Slovakia,invalid,rule_A_only,0,NORMAL,,0,0,0,0,0,7.0,7.46362467795538,0.45226701686664544, ,NA,,213,1,26,0,4,18-29
37931,SVK,Slovakia,invalid,rule_A_only,5,NORMAL,,0,0,0,0,0,12.0,3.3357418105522347,,Ludom,NA,,213,1,46,0,4,40-49
37932,SVK,Slovakia,invalid,rule_A_only,5,NORMAL,,0,0,0,0,0,6.0,6.827899469501174,0.0,NA,Skuma ,,213,1,31,NA,2,30-39
37993,NLD,Netherlands,invalid,rule_A_only,0,NORMAL,,0,0,0,0,0,4.0,3.595601191380883,0.0,-99,NA,,213,1,53,1,3,50-59
38010,NLD,Netherlands,invalid,rule_A_only,0,NORMAL,,0,0,0,0,0,4.0,6.74070767283952,0.5330017908890261,NA,-99,,213,1,57,1,3,50-59
38149,SVK,Slovakia,invalid,rule_A_only,5,NORMAL,,0,0,0,0,0,5.0,5.317914353099611,0.0,Ludom,NA,,213,1,39,0,3,30-39
38197,NLD,Netherlands,invalid,rule_A_only,5,NORMAL,,0,0,0,0,0,10.0,6.575638403603097,-0.6123724356957946,NA,Hghhi,,213,1,23,2,4,18-29
38219,NLD,Netherlands,invalid,rule_A_only,1,NORMAL,,0,0,0,0,0,3.0,6.539212317480479,-0.5477225575051661,NA,C,,213,1,31,1,2,30-39
38294,NLD,Netherlands,invalid,rule_A_only,0,NORMAL,,0,0,0,0,0,14.0,3.828380331148755,-0.4,-99,NA,,213,1,68,0,3,60+
38296,NLD,Netherlands,invalid,rule_A_only,0,NORMAL,,0,0,0,0,0,5.0,5.717826013448599,0.5,NA,-99,,213,1,32,0,3,30-39
38301,NLD,Netherlands,invalid,rule_A_only,0,NORMAL,,0,0,0,0,0,5.0,4.449337834160373,0.6324555320336759,-99,NA,,213,1,45,0,3,40-49
38309,GRC,Greece,invalid,rule_A_only,0,NORMAL,,0,0,0,0,0,6.0,,0.7745966692414834,-99,NA,,213,1,63,0,3,60+
38324,GRC,Greece,invalid,rule_A_only,1,NORMAL,,0,0,0,0,0,15.0,3.3705571161735435,-0.4472135954999579,NA,.,,213,1,60,1,3,60+
38335,NLD,Netherlands,invalid,rule_A_only,0,NORMAL,,0,0,0,0,0,10.0,2.623609712314183,1.0,NA,-99,,213,1,58,0,3,50-59
38338,NLD,Netherlands,invalid,rule_A_only,0,NORMAL,,0,0,0,0,0,6.0,3.365610459971296,0.2,-99,NA,,213,1,56,0,3,50-59
38340,NLD,Netherlands,invalid,rule_A_only,0,NORMAL,,0,0,0,0,0,10.0,5.065614041809667,0.9284766908852594,-99,NA,,213,1,45,0,3,40-49
38351,GRC,Greece,invalid,rule_A_only,0,NORMAL,,0,0,0,0,0,12.0,4.226393343977126,1.0,-99,NA,,213,1,60,1,3,60+
38352,GRC,Greece,invalid,rule_A_only,0,NORMAL,,0,0,0,0,0,4.0,6.8894645481906585,-0.08304547985373997,NA,-99,,213,1,25,0,2,18-29
38378,GRC,Greece,invalid,rule_A_only,0,NORMAL,,0,0,0,0,0,4.0,6.042981384866945,0.3779644730092272,-99,NA,,213,1,65,0,2,60+
38391,NLD,Netherlands,invalid,rule_A_only,0,NORMAL,,0,0,0,0,0,7.0,3.609041450085833,0.7071067811865476,-99,NA,,213,1,38,0,3,30-39
38404,NLD,Netherlands,invalid,rule_A_only,0,NORMAL,,0,0,0,0,0,6.0,5.529215425954309,0.7385489458759964,NA,-99,,213,1,38,0,3,30-39
38425,NLD,Netherlands,invalid,rule_A_only,1,NORMAL,,0,0,0,0,0,10.0,3.896844342121616,0.0,.,NA,,213,1,45,0,3,40-49
38449,NLD,Netherlands,invalid,rule_A_only,0,NORMAL,,0,0,0,0,0,7.0,4.836768913603501,0.6324555320336759,-99,NA,,213,1,48,0,3,40-49
38454,NLD,Netherlands,invalid,rule_A_only,1,NORMAL,,0,0,0,0,0,13.0,3.063879093879607,0.6123724356957946,NA,-,,213,1,43,1,3,40-49
38481,GRC,Greece,invalid,rule_A_only,0,NORMAL,,0,0,0,0,0,4.0,4.848700911818815,-0.6324555320336759,-99,NA,,213,1,74,0,2,60+
38498,GRC,Greece,invalid,rule_A_only,0,NORMAL,,0,0,0,0,0,4.0,4.972138579296274,0.0,NA,-99,,213,1,68,0,2,60+
38499,GRC,Greece,invalid,rule_A_only,1,NORMAL,,0,0,0,0,0,15.0,9.33392113663881,,NA,Ξ,,213,1,28,1,3,18-29
38603,PRT,Portugal,invalid,rule_A_only,2,NORMAL,,0,0,0,0,0,15.0,3.636919231956197,0.25,*,*,,213,1,54,0,4,50-59
38695,PRT,Portugal,invalid,rule_A_only,2,NORMAL,,0,0,0,0,0,7.0,4.916991448369148,-0.17149858514250882,. ,. ,,213,1,25,0,3,18-29
39092,GBR,United Kingdom,invalid,rule_A_only,0,NORMAL,,0,0,0,0,0,6.0,3.8311445930305603,0.5773502691896257,NA,-99,,213,1,69,0,3,60+
39289,GBR,United Kingdom,invalid,rule_A_only,0,NORMAL,,0,0,0,0,0,15.0,4.931993230277047,,NA,-99,,213,1,48,1,4,40-49
39335,GBR,United Kingdom,invalid,rule_A_only,2,NORMAL,,0,0,0,0,0,8.0,4.756843502478813,-0.2,NA,no,,213,1,33,1,4,30-39
39336,GBR,United Kingdom,invalid,rule_A_only,2,NORMAL,,0,0,0,0,0,4.0,4.867446635483563,0.4472135954999579,no,NA,,213,1,33,1,4,30-39
39399,GBR,United Kingdom,invalid,rule_A_only,3,NORMAL,,0,0,0,0,0,12.0,4.807920188618989,0.5854905538443584,n/a,NA,,213,1,28,0,3,18-29
39482,GBR,United Kingdom,invalid,rule_A_only,3,NORMAL,,0,0,0,0,0,15.0,7.6532491234213005,1.0, nza,NA,,213,1,39,0,3,30-39
39506,GBR,United Kingdom,invalid,rule_A_only,0,NORMAL,,0,0,0,0,0,12.0,4.267625674355522,0.6123724356957946,-99,NA,,213,1,27,0,4,18-29
39517,GBR,United Kingdom,invalid,rule_A_only,4,NORMAL,,0,0,0,0,0,3.0,5.6617565966774865,-0.4472135954999579,NA,cool,,213,1,43,1,4,40-49
39522,GBR,United Kingdom,invalid,rule_A_only,3,NORMAL,,0,0,0,0,0,13.0,4.671878847234943,0.0,NA,N/A,,213,1,30,0,4,30-39
39527,GBR,United Kingdom,invalid,rule_A_only,3,NORMAL,,0,0,0,0,0,7.0,5.4670768529859775,,NA,Fun,,213,1,22,1,4,18-29
39553,GBR,United Kingdom,invalid,rule_A_only,5,MEDIUM,mahalanobis_outlier,1,0,0,1,0,3.0,10.37804354000498,0.8295795604949601,NA,Logic,,213,1,NA,0,NA,NA
39557,GBR,United Kingdom,invalid,rule_A_only,0,NORMAL,,0,0,0,0,0,15.0,4.784052280394627,,NA,-99,,213,1,51,0,3,50-59
39559,GBR,United Kingdom,invalid,rule_A_only,3,NORMAL,,0,0,0,0,0,3.0,9.063472160570647,0.31900813481115786,Fun,NA,,213,1,33,0,4,30-39
39577,GBR,United Kingdom,invalid,rule_A_only,1,NORMAL,,0,0,0,0,0,16.0,3.5662260980648233,,NA,.,,213,1,48,1,4,40-49
39594,GBR,United Kingdom,invalid,rule_A_only,5,NORMAL,,0,0,0,0,0,4.0,4.631518238330557,-0.25,NA,ZXCVB,,213,1,32,1,4,30-39
39641,GBR,United Kingdom,invalid,rule_A_only,5,NORMAL,,0,0,0,0,0,14.0,3.982882689409712,,NA,proof,,213,1,32,0,4,30-39
39690,GBR,United Kingdom,invalid,rule_A_only,0,NORMAL,,0,0,0,0,0,13.0,4.730024305288892,1.0,NA,-99,,213,1,51,0,3,50-59
39705,GBR,United Kingdom,invalid,rule_A_only,1,NORMAL,,0,0,0,0,0,6.0,7.667473635323504,-0.5,0,NA,,213,1,34,1,4,30-39
39734,GBR,United Kingdom,invalid,rule_A_only,0,NORMAL,,0,0,0,0,0,15.0,4.940388536171166,0.5,-99,NA,,213,1,61,0,3,60+
39737,GBR,United Kingdom,invalid,rule_A_only,1,NORMAL,,0,0,0,0,0,4.0,6.187693999154849,-0.6324555320336759,NA,0,,213,1,32,1,4,30-39
39760,GBR,United Kingdom,invalid,rule_A_only,0,NORMAL,,0,0,0,0,0,10.0,6.4248532850862,,-99,NA,,213,1,44,0,4,40-49
39767,GBR,United Kingdom,invalid,rule_A_only,3,NORMAL,,0,0,0,0,0,8.0,3.193223590733119,,NA,N/a,,213,1,56,1,4,50-59
39777,GBR,United Kingdom,invalid,rule_A_only,2,NORMAL,,0,0,0,0,0,10.0,3.4153025919528344,1.0,NA,DK,,213,1,67,1,3,60+
39789,GBR,United Kingdom,invalid,rule_A_only,1,NORMAL,,0,0,0,0,0,4.0,8.1588169249316,-0.5,0,NA,,213,1,34,1,4,30-39
39841,GBR,United Kingdom,invalid,rule_A_only,1,NORMAL,,0,0,0,0,0,7.0,4.33274232552958,0.31622776601683794,NA,F,,213,1,71,1,4,60+
39926,GBR,United Kingdom,invalid,rule_A_only,2,NORMAL,,0,0,0,0,0,12.0,4.0507581092249865,,dk,NA,,213,1,75,0,3,60+
40011,GBR,United Kingdom,invalid,rule_A_only,0,NORMAL,,0,0,0,0,0,12.0,4.959363168852203,-0.31622776601683794,-99,NA,,213,1,45,0,3,40-49
40043,GBR,United Kingdom,invalid,rule_A_only,0,NORMAL,,0,0,0,0,0,8.0,8.200579502820151,0.7829920680273971,NA,-99,,213,1,34,NA,3,30-39
40194,GBR,United Kingdom,invalid,rule_A_only,4,NORMAL,,0,0,0,0,0,5.0,5.038312744462441,0.31622776601683794,NA,Good ,,213,1,27,1,4,18-29
40510,GBR,United Kingdom,invalid,rule_A_only,0,NORMAL,,0,0,0,0,0,4.0,7.493775967975839,-0.4889012070387047,None,NA,,213,1,28,1,4,18-29
40747,GBR,United Kingdom,invalid,rule_A_only,1,NORMAL,,0,0,0,0,0,12.0,4.27684254754585,,NA,.,,213,1,37,0,4,30-39
41053,GBR,United Kingdom,invalid,rule_A_only,4,NORMAL,,0,0,0,0,0,5.0,8.528562544141813,0.5798207565938075,Ease,NA,,213,1,23,1,4,18-29
41057,GBR,United Kingdom,invalid,rule_A_only,3,NORMAL,,0,0,0,0,0,5.0,6.827540948516851,-0.5773502691896257,N/A,NA,,213,1,29,1,4,18-29
41078,GEO,Georgia,invalid,rule_A_only,0,NORMAL,,0,0,0,0,0,4.0,5.367200833258155,0.242535625036333,-99,NA,,213,1,26,1,3,18-29
41089,GEO,Georgia,invalid,rule_A_only,4,NORMAL,,0,0,0,0,0,6.0,5.0203431128036815,0.6324555320336759,Люди,NA,,213,1,NA,0,2,NA
41133,GEO,Georgia,invalid,rule_A_only,5,NORMAL,,0,0,0,0,0,11.0,9.305431071066037,0.030082841879809342,NA,не68н,,213,1,19,0,3,18-29
41150,GEO,Georgia,invalid,rule_A_only,4,NORMAL,,0,0,0,0,0,13.0,5.15538960020688,,NA,Evet,,213,1,NA,0,2,NA
41178,GEO,Georgia,invalid,rule_A_only,3,NORMAL,,0,0,0,0,0,14.0,5.093948594547633,-0.7745966692414834,все,NA,,213,1,43,1,4,40-49
41180,GEO,Georgia,invalid,rule_A_only,4,NORMAL,,0,0,0,0,0,12.0,6.27489650770022,-0.2,NA,опыт,,213,1,NA,1,2,NA
41221,GEO,Georgia,invalid,rule_A_only,5,MEDIUM,mahalanobis_outlier,1,0,0,1,0,10.0,9.565819910491465,0.31622776601683794,Gffhh,NA,,213,1,NA,0,4,NA
41326,GEO,Georgia,invalid,rule_A_only,1,NORMAL,,0,0,0,0,0,10.0,4.779856845244148,0.0,NA,2,,213,1,41,0,3,40-49
41369,GEO,Georgia,invalid,rule_A_only,5,NORMAL,,0,0,0,0,0,3.0,7.2312869332996845,0.1608168802256692,NA,kanıt,,213,1,22,1,4,18-29
41422,GEO,Georgia,invalid,rule_A_only,5,NORMAL,,0,0,0,0,0,7.0,5.52414266639317,0.2,NA,Güven,,213,1,55,0,3,50-59
41435,GEO,Georgia,invalid,rule_A_only,1,NORMAL,,0,0,0,0,0,9.0,3.908036032146754,0.6324555320336759,-,NA,,213,1,51,1,3,50-59
41468,GEO,Georgia,invalid,rule_A_only,3,NORMAL,,0,0,0,0,0,7.0,4.594238216568545,-0.25,gut,NA,,213,1,61,1,4,60+
41501,GEO,Georgia,invalid,rule_A_only,5,NORMAL,,0,0,0,0,0,14.0,3.581215639169078,0.0,народ,NA,,213,1,61,0,4,60+
41504,GEO,Georgia,invalid,rule_A_only,3,NORMAL,,0,0,0,0,0,4.0,4.583320649696497,0.08304547985373997,NA,İYİ,,213,1,67,0,1,60+
41509,GEO,Georgia,invalid,rule_A_only,0,NORMAL,,0,0,0,0,0,13.0,8.736813552432892,0.2370227315699886,NA,-99,,213,1,NA,0,2,NA
41559,GEO,Georgia,invalid,rule_A_only,3,NORMAL,,0,0,0,0,0,9.0,7.926347448248235,0.6546536707079771,все,NA,,213,1,59,0,3,50-59
41916,GHA,Ghana,invalid,rule_A_only,0,NORMAL,,0,0,0,0,0,9.0,3.89506477590431,,-99,NA,,213,1,36,0,4,30-39
41962,GHA,Ghana,invalid,rule_A_only,0,NORMAL,,0,0,0,0,0,11.0,4.279526864945594,,NA,-99,,213,1,19,0,4,18-29
42016,GHA,Ghana,invalid,rule_A_only,0,NORMAL,,0,0,0,0,0,9.0,5.623742675810408,-0.5,-99,NA,,213,1,35,1,4,30-39
42105,HKG,Hong Kong,invalid,rule_A_only,4,NORMAL,,0,0,0,0,0,10.0,6.236748700962792,,NA,實驗數據,,213,1,32,0,4,30-39
42106,HKG,Hong Kong,invalid,rule_A_only,3,NORMAL,,0,0,0,0,0,10.0,4.677727911270546,0.8783100656536799,不清楚 ,NA,,213,1,32,0,4,30-39
42108,HKG,Hong Kong,invalid,rule_A_only,2,NORMAL,,0,0,0,0,0,3.0,5.5096420657279035,-0.3872983346207417,公眾,NA,,213,1,23,1,4,18-29
42119,HKG,Hong Kong,invalid,rule_A_only,2,NORMAL,,0,0,0,0,0,13.0,5.120662772470635,-0.17149858514250882,人類,NA,,213,1,39,0,4,30-39
42121,HKG,Hong Kong,invalid,rule_A_only,2,NORMAL,,0,0,0,0,0,6.0,5.011800868501262,,沒有,NA,,213,1,31,1,4,30-39
42122,HKG,Hong Kong,invalid,rule_A_only,2,NORMAL,,0,0,0,0,0,7.0,3.9624191398948843,0.4472135954999579,政府,NA,,213,1,33,1,4,30-39
42123,HKG,Hong Kong,invalid,rule_A_only,4,NORMAL,,0,0,0,0,0,7.0,4.373560090902508,0.5423261445466404,NA,科學實驗,,213,1,50,0,3,50-59
42124,HKG,Hong Kong,invalid,rule_A_only,2,NORMAL,,0,0,0,0,0,9.0,3.7113294510966472,,百姓,NA,,213,1,32,1,4,30-39
42125,HKG,Hong Kong,invalid,rule_A_only,0,NORMAL,,0,0,0,0,0,16.0,2.650771459371369,,NA,none,,213,1,44,1,3,40-49
42126,HKG,Hong Kong,invalid,rule_A_only,2,NORMAL,,0,0,0,0,0,5.0,5.339169835225007,0.7592566023652966,政權,NA,,213,1,38,1,3,30-39
42131,HKG,Hong Kong,invalid,rule_A_only,0,NORMAL,,0,0,0,0,0,6.0,5.8719901240989,,na,NA,,213,1,30,1,4,30-39
42136,HKG,Hong Kong,invalid,rule_A_only,0,NORMAL,,0,0,0,0,0,4.0,5.588045282015183,0.1856953381770519,NA,-99,,213,1,66,1,3,60+
42138,HKG,Hong Kong,invalid,rule_A_only,2,NORMAL,,0,0,0,0,0,13.0,5.737585531913237,,NA,沒有,,213,1,20,1,4,18-29
42139,HKG,Hong Kong,invalid,rule_A_only,4,NORMAL,,0,0,0,0,0,5.0,4.646762140610159,-0.17149858514250882,廣大市民,NA,,213,1,39,1,4,30-39
42144,HKG,Hong Kong,invalid,rule_A_only,2,NORMAL,,0,0,0,0,0,16.0,6.262579108364133,-0.2,NA,成就,,213,1,29,1,3,18-29
42156,HKG,Hong Kong,invalid,rule_A_only,5,NORMAL,,0,0,0,0,0,5.0,4.3819662131135395,0.15811388300841897,NA,有數據支持,,213,1,43,1,4,40-49
42158,HKG,Hong Kong,invalid,rule_A_only,2,NORMAL,,0,0,0,0,0,13.0,2.896834202231672,,NA,數字,,213,1,29,0,4,18-29
42160,HKG,Hong Kong,invalid,rule_A_only,3,NORMAL,,0,0,0,0,0,9.0,3.626662221489337,-0.2,全人類,NA,,213,1,63,1,3,60+
42165,HKG,Hong Kong,invalid,rule_A_only,3,NORMAL,,0,0,0,0,0,7.0,4.105839031757751,-0.2,NA,想不到,,213,1,48,0,3,40-49
42169,HKG,Hong Kong,invalid,rule_A_only,0,NORMAL,,0,0,0,0,0,7.0,6.369779750319625,0.7745966692414834,NA,-99,,213,1,28,0,4,18-29
42172,HKG,Hong Kong,invalid,rule_A_only,4,NORMAL,,0,0,0,0,0,3.0,5.835058665941384,0.2,NA,數據分析,,213,1,35,1,4,30-39
42173,HKG,Hong Kong,invalid,rule_A_only,2,NORMAL,,0,0,0,0,0,6.0,6.760362087865525,0.5813183589761798,人類,NA,,213,1,22,0,4,18-29
42174,HKG,Hong Kong,invalid,rule_A_only,2,NORMAL,,0,0,0,0,0,9.0,5.569227476420989,0.7071067811865476,市民,NA,,213,1,26,0,4,18-29
42175,HKG,Hong Kong,invalid,rule_A_only,4,NORMAL,,0,0,0,0,0,12.0,6.979770376463424,0.0,NA,科研成果,,213,1,53,1,4,50-59
42179,HKG,Hong Kong,invalid,rule_A_only,4,NORMAL,,0,0,0,0,0,11.0,4.7119819546912085,0.9284766908852594,NA,過往數據,,213,1,33,1,4,30-39
42180,HKG,Hong Kong,invalid,rule_A_only,5,NORMAL,,0,0,0,0,0,5.0,5.802332028028446,-0.34299717028501764,human,NA,,213,1,57,0,3,50-59
42185,HKG,Hong Kong,invalid,rule_A_only,2,NORMAL,,0,0,0,0,0,5.0,4.9840783706744975,0.5773502691896257,人類,NA,,213,1,30,1,4,30-39
42190,HKG,Hong Kong,invalid,rule_A_only,5,NORMAL,,0,0,0,0,0,5.0,5.145163492414871,0.8944271909999159,Human,NA,,213,1,57,1,3,50-59
42195,HKG,Hong Kong,invalid,rule_A_only,3,NORMAL,,0,0,0,0,0,11.0,3.814869412525528,-0.2,NA,有證據,,213,1,58,0,3,50-59
42200,HKG,Hong Kong,invalid,rule_A_only,0,NORMAL,,0,0,0,0,0,9.0,4.052010345699527,0.25,NA,NA,,213,1,49,1,3,40-49
42201,HKG,Hong Kong,invalid,rule_A_only,1,NORMAL,,0,0,0,0,0,13.0,4.739743100543159,-0.5,無,NA,,213,1,38,1,3,30-39
42204,HKG,Hong Kong,invalid,rule_A_only,4,NORMAL,,0,0,0,0,0,4.0,5.971606397104879,,NA,good,,213,1,34,0,3,30-39
42206,HKG,Hong Kong,invalid,rule_A_only,2,NORMAL,,0,0,0,0,0,12.0,4.887256577388463,0.4629100498862757,國家,NA,,213,1,50,0,4,50-59
42209,HKG,Hong Kong,invalid,rule_A_only,4,NORMAL,,0,0,0,0,0,6.0,3.782746155352281,-0.3333333333333333,沒有興趣,NA,,213,1,38,0,3,30-39
42212,HKG,Hong Kong,invalid,rule_A_only,2,NORMAL,,0,0,0,0,0,5.0,4.343023056642882,-0.31622776601683794,公司,NA,,213,1,27,1,4,18-29
42215,HKG,Hong Kong,invalid,rule_A_only,5,NORMAL,,0,0,0,0,0,3.0,5.622360080838444,,NA,有數據支持,,213,1,35,1,4,30-39
42219,HKG,Hong Kong,invalid,rule_A_only,2,NORMAL,,0,0,0,0,0,7.0,4.757318957060471,0.3333333333333333,NA,數據,,213,1,25,0,4,18-29
42221,HKG,Hong Kong,invalid,rule_A_only,2,NORMAL,,0,0,0,0,0,7.0,4.15253008001492,,人類,NA,,213,1,30,1,3,30-39
42231,HKG,Hong Kong,invalid,rule_A_only,4,NORMAL,,0,0,0,0,0,6.0,4.178815025134344,,NA,解決問題,,213,1,56,1,3,50-59
42232,HKG,Hong Kong,invalid,rule_A_only,2,NORMAL,,0,0,0,0,0,7.0,4.062286171896853,0.6324555320336759,NA,事實,,213,1,26,1,4,18-29
42237,HKG,Hong Kong,invalid,rule_A_only,5,NORMAL,,0,0,0,0,0,6.0,7.1969267477967875,-0.11043152607484653,NA,有數據支撐,,213,1,23,1,4,18-29
42241,HKG,Hong Kong,invalid,rule_A_only,4,NORMAL,,0,0,0,0,0,11.0,6.586713226682501,-0.722185380728474,NA,研究結果,,213,1,41,1,4,40-49
42244,HKG,Hong Kong,invalid,rule_A_only,5,NORMAL,,0,0,0,0,0,4.0,4.542697100063082,0.4472135954999579,NA,有實質驗證,,213,1,57,0,4,50-59
42248,HKG,Hong Kong,invalid,rule_A_only,2,NORMAL,,0,0,0,0,0,16.0,6.58529199243667,0.125,人類,NA,,213,1,41,1,3,40-49
42258,HKG,Hong Kong,invalid,rule_A_only,2,NORMAL,,0,0,0,0,0,14.0,9.397115053468221,0.9438798074485389,NA,文獻,,213,1,34,1,4,30-39
42260,HKG,Hong Kong,invalid,rule_A_only,2,NORMAL,,0,0,0,0,0,13.0,4.66926490368175,,NA,實力,,213,1,40,1,4,40-49
42265,HKG,Hong Kong,invalid,rule_A_only,2,NORMAL,,0,0,0,0,0,3.0,5.898074822113043,-0.34299717028501764,人類,NA,,213,1,58,0,3,50-59
42274,HKG,Hong Kong,invalid,rule_A_only,0,NORMAL,,0,0,0,0,0,12.0,4.399170301048105,,-99,NA,,213,1,21,1,4,18-29
42282,HKG,Hong Kong,invalid,rule_A_only,3,NORMAL,,0,0,0,0,0,3.0,5.964286490099977,0.2,科學家,NA,,213,1,39,1,4,30-39
42283,HKG,Hong Kong,invalid,rule_A_only,3,NORMAL,,0,0,0,0,0,10.0,3.0758512747277136,1.0,NA,有貢獻,,213,1,39,1,4,30-39
42286,HKG,Hong Kong,invalid,rule_A_only,2,NORMAL,,0,0,0,0,0,7.0,3.1311536266520656,,大眾,NA,,213,1,39,0,4,30-39
42287,HKG,Hong Kong,invalid,rule_A_only,5,NORMAL,,0,0,0,0,0,5.0,4.987059338056611,0.17149858514250882,NA,專業、真實,,213,1,50,1,4,50-59
42289,HKG,Hong Kong,invalid,rule_A_only,2,NORMAL,,0,0,0,0,0,7.0,4.971977753929456,-0.31622776601683794,人民,NA,,213,1,25,1,4,18-29
42291,HKG,Hong Kong,invalid,rule_A_only,1,NORMAL,,0,0,0,0,0,12.0,8.958437567814482,-0.31622776601683794,NA,x,,213,1,65,1,3,60+
42298,HKG,Hong Kong,invalid,rule_A_only,2,NORMAL,,0,0,0,0,0,10.0,6.438574703118004,,人類,NA,,213,1,57,0,3,50-59
42301,HKG,Hong Kong,invalid,rule_A_only,2,NORMAL,,0,0,0,0,0,5.0,5.702826020515547,-0.242535625036333,No,NA,,213,1,53,1,3,50-59
42305,HKG,Hong Kong,invalid,rule_A_only,5,NORMAL,,0,0,0,0,0,6.0,4.721131426970452,-0.3333333333333333,human,NA,,213,1,34,0,4,30-39
42306,HKG,Hong Kong,invalid,rule_A_only,5,NORMAL,,0,0,0,0,0,11.0,7.675802494327127,0.6757246285173463,富農 地主,NA,,213,1,31,1,4,30-39
42310,HKG,Hong Kong,invalid,rule_A_only,2,NORMAL,,0,0,0,0,0,4.0,8.392538538152095,-0.13957263155977062,NA,態度,,213,1,21,0,4,18-29
42322,HKG,Hong Kong,invalid,rule_A_only,5,NORMAL,,0,0,0,0,0,4.0,4.674282745253884,0.7592566023652966,NA,有實驗數據,,213,1,35,1,4,30-39
42327,HKG,Hong Kong,invalid,rule_A_only,0,NORMAL,,0,0,0,0,0,12.0,4.235622130527678,0.0,-99,NA,,213,1,44,1,4,40-49
42328,HKG,Hong Kong,invalid,rule_A_only,3,NORMAL,,0,0,0,0,0,12.0,2.910071098084122,0.2,受益人,NA,,213,1,43,0,3,40-49
42334,HKG,Hong Kong,invalid,rule_A_only,2,NORMAL,,0,0,0,0,0,12.0,3.5658712494275915,,NA,沒有,,213,1,40,0,4,40-49
42341,HKG,Hong Kong,invalid,rule_A_only,5,NORMAL,,0,0,0,0,0,5.0,6.252039884442213,-0.15811388300841897,NA,有真憑實據,,213,1,37,1,4,30-39
42342,HKG,Hong Kong,invalid,rule_A_only,4,NORMAL,,0,0,0,0,0,10.0,3.6283482890040255,0.4629100498862757,NA,勇於實驗,,213,1,31,1,4,30-39
42345,HKG,Hong Kong,invalid,rule_A_only,2,NORMAL,,0,0,0,0,0,7.0,4.638833851706314,-0.5,人民,NA,,213,1,39,0,4,30-39
42346,HKG,Hong Kong,invalid,rule_A_only,2,NORMAL,,0,0,0,0,0,10.0,3.7696079941081804,,NA,可靠,,213,1,40,1,4,40-49
42352,HKG,Hong Kong,invalid,rule_A_only,0,NORMAL,,0,0,0,0,0,10.0,3.789382051778042,0.25,NA,-99,,213,1,59,1,3,50-59
42356,HKG,Hong Kong,invalid,rule_A_only,3,NORMAL,,0,0,0,0,0,12.0,3.9617048970796156,,沒想到,NA,,213,1,40,0,3,40-49
42359,HKG,Hong Kong,invalid,rule_A_only,2,NORMAL,,0,0,0,0,0,13.0,5.087805987899318,0.4472135954999579,NA,no,,213,1,40,1,3,40-49
42360,HKG,Hong Kong,invalid,rule_A_only,2,NORMAL,,0,0,0,0,0,5.0,5.335949311937047,0.0,"藥廠
",NA,,213,1,32,0,4,30-39
42364,HKG,Hong Kong,invalid,rule_A_only,3,NORMAL,,0,0,0,0,0,13.0,7.109820603454079,0.0,"有錢人
",NA,,213,1,32,0,4,30-39
42368,HKG,Hong Kong,invalid,rule_A_only,1,NORMAL,,0,0,0,0,0,6.0,6.210937797312178,0.34299717028501764,人,NA,,213,1,37,0,4,30-39
42370,HKG,Hong Kong,invalid,rule_A_only,2,NORMAL,,0,0,0,0,0,11.0,4.580942120367992,0.6123724356957946,人類,NA,,213,1,28,1,4,18-29
42371,HKG,Hong Kong,invalid,rule_A_only,4,NORMAL,,0,0,0,0,0,7.0,4.547196607919501,0.25,NA,REAL,,213,1,29,1,4,18-29
42378,HKG,Hong Kong,invalid,rule_A_only,3,NORMAL,,0,0,0,0,0,6.0,5.758327210015228,0.5855400437691199,不知道,NA,,213,1,30,0,4,30-39
42379,HKG,Hong Kong,invalid,rule_A_only,2,NORMAL,,0,0,0,0,0,4.0,5.836822568472981,0.0,NA,沒有,,213,1,29,1,4,18-29
42382,HKG,Hong Kong,invalid,rule_A_only,5,NORMAL,,0,0,0,0,0,10.0,7.150769876385885,-0.2,NA,科學變現實,,213,1,30,0,4,30-39
42397,HKG,Hong Kong,invalid,rule_A_only,2,NORMAL,,0,0,0,0,0,4.0,5.714559885427168,0.0,人類,NA,,213,1,45,1,3,40-49
42398,HKG,Hong Kong,invalid,rule_A_only,3,NORMAL,,0,0,0,0,0,12.0,3.835930761428394,0.31622776601683794,科學家,NA,,213,1,42,1,3,40-49
42400,HKG,Hong Kong,invalid,rule_A_only,2,NORMAL,,0,0,0,0,0,5.0,5.483656723861978,0.08304547985373997,政府,NA,,213,1,22,0,4,18-29
42401,HKG,Hong Kong,invalid,rule_A_only,5,NORMAL,,0,0,0,0,0,7.0,7.62727037089472,-0.1336306209562122,NA,全部都沒有,,213,1,40,1,4,40-49
42403,HKG,Hong Kong,invalid,rule_A_only,4,NORMAL,,0,0,0,0,0,12.0,5.034557467492849,0.6123724356957946,科研進步,NA,,213,1,33,1,3,30-39
42406,HKG,Hong Kong,invalid,rule_A_only,4,NORMAL,,0,0,0,0,0,5.0,4.002188123570986,0.8401680504168059,NA,研究成果,,213,1,52,0,4,50-59
42407,HKG,Hong Kong,invalid,rule_A_only,2,NORMAL,,0,0,0,0,0,8.0,3.6237829296590336,,人類,NA,,213,1,40,0,4,40-49
42411,HKG,Hong Kong,invalid,rule_A_only,2,NORMAL,,0,0,0,0,0,6.0,4.92615232770941,0.8401680504168059,唔知,NA,,213,1,38,0,3,30-39
42413,HKG,Hong Kong,invalid,rule_A_only,2,NORMAL,,0,0,0,0,0,8.0,5.364448686576974,0.6123724356957946,NA,數據,,213,1,39,1,4,30-39
42416,HKG,Hong Kong,invalid,rule_A_only,5,NORMAL,,0,0,0,0,0,7.0,4.018046249426036,-0.4472135954999579,NA,證明和證據,,213,1,21,0,4,18-29
42420,HKG,Hong Kong,invalid,rule_A_only,2,NORMAL,,0,0,0,0,0,5.0,4.692239326075382,-0.6123724356957946,NA,驗證,,213,1,21,0,3,18-29
42421,HKG,Hong Kong,invalid,rule_A_only,2,NORMAL,,0,0,0,0,0,14.0,2.9289789985593493,,市民,NA,,213,1,35,1,4,30-39
42434,HKG,Hong Kong,invalid,rule_A_only,2,NORMAL,,0,0,0,0,0,5.0,4.807951282331919,0.8677218312746247,美國,NA,,213,1,52,1,4,50-59
42445,HKG,Hong Kong,invalid,rule_A_only,3,NORMAL,,0,0,0,0,0,4.0,5.810239500001716,0.5773502691896257,全人類,NA,,213,1,21,1,4,18-29
42450,HKG,Hong Kong,invalid,rule_A_only,3,NORMAL,,0,0,0,0,0,10.0,6.221182199798371,1.0,不知道,NA,,213,1,35,0,3,30-39
42451,HKG,Hong Kong,invalid,rule_A_only,2,NORMAL,,0,0,0,0,0,16.0,2.87250650092001,,NA,數據,,213,1,31,1,4,30-39
42455,HKG,Hong Kong,invalid,rule_A_only,3,NORMAL,,0,0,0,0,0,5.0,4.976909190828067,0.7,所有人,NA,,213,1,30,1,4,30-39
42456,HKG,Hong Kong,invalid,rule_A_only,3,NORMAL,,0,0,0,0,0,4.0,4.5811286412855345,-0.4629100498862757,NA,nil,,213,1,53,1,4,50-59
42461,HKG,Hong Kong,invalid,rule_A_only,4,NORMAL,,0,0,0,0,0,4.0,5.5140315735196,-0.25,"研發人員
",NA,,213,1,63,0,3,60+
42462,HKG,Hong Kong,invalid,rule_A_only,2,NORMAL,,0,0,0,0,0,9.0,3.764234899804894,0.4472135954999579,NA,學歷,,213,1,36,0,4,30-39
42466,HKG,Hong Kong,invalid,rule_A_only,2,NORMAL,,0,0,0,0,0,10.0,5.602901168744458,0.2,NA,報告,,213,1,32,1,3,30-39
42467,HKG,Hong Kong,invalid,rule_A_only,4,NORMAL,,0,0,0,0,0,7.0,6.394002982651337,0.15877683720748895,增長知識,NA,,213,1,31,1,4,30-39
42468,HKG,Hong Kong,invalid,rule_A_only,4,NORMAL,,0,0,0,0,0,5.0,4.977305677922038,-0.3872983346207417,沒有得益,NA,,213,1,41,1,4,40-49
42472,HKG,Hong Kong,invalid,rule_A_only,2,NORMAL,,0,0,0,0,0,5.0,3.892527665996826,,人類,NA,,213,1,30,0,4,30-39
42475,HKG,Hong Kong,invalid,rule_A_only,0,NORMAL,,0,0,0,0,0,7.0,4.191780172111259,0.25,NA,-99,,213,1,27,1,4,18-29
42482,HKG,Hong Kong,invalid,rule_A_only,2,NORMAL,,0,0,0,0,0,4.0,4.678411510974759,0.625,NA,為人,,213,1,31,1,4,30-39
42483,HKG,Hong Kong,invalid,rule_A_only,1,NORMAL,,0,0,0,0,0,7.0,5.896540754203113,0.31622776601683794,/,NA,,213,1,27,0,4,18-29
42490,HKG,Hong Kong,invalid,rule_A_only,0,NORMAL,,0,0,0,0,0,12.0,4.981220447738235,0.15811388300841897,-99,NA,,213,1,29,1,4,18-29
42491,HKG,Hong Kong,invalid,rule_A_only,5,NORMAL,,0,0,0,0,0,7.0,5.337127863279738,0.0,晬一緜人類,NA,,213,1,33,1,3,30-39
42492,HKG,Hong Kong,invalid,rule_A_only,3,NORMAL,,0,0,0,0,0,15.0,2.2613481471315997,,科學家,NA,,213,1,42,0,4,40-49
42495,HKG,Hong Kong,invalid,rule_A_only,2,NORMAL,,0,0,0,0,0,15.0,2.8057396640444368,,NA,數據,,213,1,23,0,4,18-29
42498,HKG,Hong Kong,invalid,rule_A_only,2,NORMAL,,0,0,0,0,0,16.0,8.083933290034903,-0.3429971702850177,NA,誠實,,213,1,22,1,4,18-29
42503,HKG,Hong Kong,invalid,rule_A_only,4,NORMAL,,0,0,0,0,0,8.0,3.637935165607266,0.0,NA,實驗數據,,213,1,44,0,3,40-49
42505,HKG,Hong Kong,invalid,rule_A_only,5,NORMAL,,0,0,0,0,0,14.0,3.2704913062258125,,Human,NA,,213,1,32,0,4,30-39
42509,HKG,Hong Kong,invalid,rule_A_only,5,NORMAL,,0,0,0,0,0,12.0,6.568267162447223,0.4120816918460671,NA,money,,213,1,28,1,4,18-29
42518,HKG,Hong Kong,invalid,rule_A_only,2,NORMAL,,0,0,0,0,0,5.0,4.06644869481705,0.4338609156373123,商人,NA,,213,1,49,0,4,40-49
42522,HKG,Hong Kong,invalid,rule_A_only,2,NORMAL,,0,0,0,0,0,6.0,7.11096053632462,0.5,人類,NA,,213,1,67,0,3,60+
42535,HKG,Hong Kong,invalid,rule_A_only,2,NORMAL,,0,0,0,0,0,6.0,4.868584117044591,0.25,商人,NA,,213,1,51,0,4,50-59
42537,HKG,Hong Kong,invalid,rule_A_only,2,NORMAL,,0,0,0,0,0,8.0,3.385729785889059,-0.4472135954999579,市民,NA,,213,1,52,1,3,50-59
42538,HKG,Hong Kong,invalid,rule_A_only,3,NORMAL,,0,0,0,0,0,12.0,5.25477263130664,0.408248290463863,NA,不知道,,213,1,66,0,3,60+
42541,HKG,Hong Kong,invalid,rule_A_only,4,NORMAL,,0,0,0,0,0,8.0,3.5604492354606645,-0.31622776601683794,大衆市民,NA,,213,1,58,1,4,50-59
42549,HKG,Hong Kong,invalid,rule_A_only,2,NORMAL,,0,0,0,0,0,7.0,4.308095494090554,0.5,大眾,NA,,213,1,61,1,3,60+
42553,HKG,Hong Kong,invalid,rule_A_only,4,NORMAL,,0,0,0,0,0,15.0,4.286485222208405,0.31622776601683794,所有人民,NA,,213,1,48,1,4,40-49
42554,HKG,Hong Kong,invalid,rule_A_only,3,NORMAL,,0,0,0,0,0,4.0,5.261456877631027,0.15811388300841897,全人類,NA,,213,1,60,1,4,60+
42559,HKG,Hong Kong,invalid,rule_A_only,2,NORMAL,,0,0,0,0,0,8.0,4.190925110649029,0.0,商家,NA,,213,1,46,0,4,40-49
42563,HKG,Hong Kong,invalid,rule_A_only,5,NORMAL,,0,0,0,0,0,6.0,4.9757609063189,0.7006490497453707,NA,資訊準確性,,213,1,45,1,4,40-49
42568,HKG,Hong Kong,invalid,rule_A_only,4,NORMAL,,0,0,0,0,0,4.0,5.087260640479877,0.0,NA,數據採集,,213,1,62,1,3,60+
42569,HKG,Hong Kong,invalid,rule_A_only,0,NORMAL,,0,0,0,0,0,9.0,2.7464288035232483,,-99,NA,,213,1,61,1,4,60+
42570,HKG,Hong Kong,invalid,rule_A_only,0,NORMAL,,0,0,0,0,0,5.0,4.1632883814482975,,"none
",NA,,213,1,60,0,3,60+
42574,HKG,Hong Kong,invalid,rule_A_only,2,NORMAL,,0,0,0,0,0,4.0,6.429499407743266,0.49541508402214945,NA,經驗,,213,1,20,1,3,18-29
42575,HKG,Hong Kong,invalid,rule_A_only,3,NORMAL,,0,0,0,0,0,10.0,4.909558510736587,0.31622776601683794,不了解,NA,,213,1,59,1,2,50-59
42577,HKG,Hong Kong,invalid,rule_A_only,4,NORMAL,,0,0,0,0,0,5.0,4.468499833226697,0.25,未來-代,NA,,213,1,48,0,4,40-49
42581,HKG,Hong Kong,invalid,rule_A_only,3,NORMAL,,0,0,0,0,0,6.0,3.8536907025437888,0.0,NA,有理據,,213,1,44,0,3,40-49
42582,HKG,Hong Kong,invalid,rule_A_only,4,NORMAL,,0,0,0,0,0,5.0,4.297839059251813,-0.5773502691896257,NA,資訊準確,,213,1,45,1,4,40-49
42584,HKG,Hong Kong,invalid,rule_A_only,2,NORMAL,,0,0,0,0,0,8.0,3.430229566252097,0.2,人們,NA,,213,1,56,0,3,50-59
42587,HKG,Hong Kong,invalid,rule_A_only,4,NORMAL,,0,0,0,0,0,12.0,4.544935127958722,0.8,NA,學術基礎,,213,1,55,1,4,50-59
42589,HKG,Hong Kong,invalid,rule_A_only,0,NORMAL,,0,0,0,0,0,12.0,6.902264505424998,-0.17149858514250882,-99,NA,,213,1,58,0,4,50-59
42591,HKG,Hong Kong,invalid,rule_A_only,0,NORMAL,,0,0,0,0,0,8.0,4.3016924751738985,0.2,Na,NA,,213,1,NA,0,4,NA
42594,HKG,Hong Kong,invalid,rule_A_only,4,NORMAL,,0,0,0,0,0,12.0,3.3099614188082094,,改善生活,NA,,213,1,61,0,3,60+
42605,HKG,Hong Kong,invalid,rule_A_only,4,NORMAL,,0,0,0,0,0,4.0,7.879592582812748,1.0,所有人類,NA,,213,1,55,0,4,50-59
42609,HKG,Hong Kong,invalid,rule_A_only,2,NORMAL,,0,0,0,0,0,10.0,4.834853998449497,,市民,NA,,213,1,52,0,4,50-59
42611,HKG,Hong Kong,invalid,rule_A_only,5,NORMAL,,0,0,0,0,0,6.0,5.1095154768664885,-0.3333333333333333,NA,有數據支持,,213,1,49,0,3,40-49
42617,HKG,Hong Kong,invalid,rule_A_only,2,NORMAL,,0,0,0,0,0,13.0,3.2311225240313246,,人類,NA,,213,1,24,1,3,18-29
42619,HKG,Hong Kong,invalid,rule_A_only,2,NORMAL,,0,0,0,0,0,13.0,5.81596411643227,0.9128709291752769,約廠,NA,,213,1,61,0,3,60+
42621,HKG,Hong Kong,invalid,rule_A_only,2,NORMAL,,0,0,0,0,0,5.0,4.982383701100843,0.3333333333333333,人類,NA,,213,1,52,0,4,50-59
42622,HKG,Hong Kong,invalid,rule_A_only,2,NORMAL,,0,0,0,0,0,4.0,4.652569096686965,0.25,NA,成就,,213,1,54,0,3,50-59
42624,HKG,Hong Kong,invalid,rule_A_only,2,NORMAL,,0,0,0,0,0,7.0,4.481278838465163,0.4472135954999579,研究,NA,,213,1,72,1,2,60+
42625,HKG,Hong Kong,invalid,rule_A_only,4,NORMAL,,0,0,0,0,0,9.0,6.145903705908349,0.31622776601683794,NA,有點信賴,,213,1,64,1,3,60+
42632,HKG,Hong Kong,invalid,rule_A_only,5,NORMAL,,0,0,0,0,0,7.0,3.2079576694226986,0.4472135954999579,human,NA,,213,1,NA,1,4,NA
42635,HKG,Hong Kong,invalid,rule_A_only,0,NORMAL,,0,0,0,0,0,5.0,4.713177158709964,-0.4472135954999579,na,NA,,213,1,58,1,4,50-59
42639,HKG,Hong Kong,invalid,rule_A_only,4,NORMAL,,0,0,0,0,0,9.0,3.209816927501045,,NA,Good,,213,1,58,1,3,50-59
42647,HKG,Hong Kong,invalid,rule_A_only,2,NORMAL,,0,0,0,0,0,5.0,5.930042320780293,0.4763305116224668,NA,理性,,213,1,22,1,4,18-29
42654,HKG,Hong Kong,invalid,rule_A_only,0,NORMAL,,0,0,0,0,0,12.0,1.9471962832691716,,NA,-99,,213,1,50,1,4,50-59
42661,HKG,Hong Kong,invalid,rule_A_only,5,NORMAL,,0,0,0,0,0,6.0,6.0484804044126115,-0.4472135954999579,思考有纙輯,NA,,213,1,60,1,3,60+
42667,HKG,Hong Kong,invalid,rule_A_only,2,NORMAL,,0,0,0,0,0,7.0,4.963963377066153,0.7071067811865476,NA,忠誠,,213,1,62,0,3,60+
42676,HKG,Hong Kong,invalid,rule_A_only,3,NORMAL,,0,0,0,0,0,7.0,4.051852357045008,0.25,唔知道,NA,,213,1,62,1,2,60+
42682,HKG,Hong Kong,invalid,rule_A_only,4,NORMAL,,0,0,0,0,0,10.0,6.147045029488233,0.3535533905932738,NA,科學發明,,213,1,20,1,4,18-29
42685,HKG,Hong Kong,invalid,rule_A_only,2,NORMAL,,0,0,0,0,0,9.0,4.490547281638173,0.4472135954999579,人類,NA,,213,1,62,0,3,60+
42688,HKG,Hong Kong,invalid,rule_A_only,5,NORMAL,,0,0,0,0,0,10.0,2.7243042507196433,,NA,冇政治立場,,213,1,62,0,3,60+
42709,HUN,Hungary,invalid,rule_A_only,5,NORMAL,,0,0,0,0,0,15.0,6.750032992700703,0.7745966692414834,NA,Tudás ,,213,1,43,0,3,40-49
42737,HUN,Hungary,invalid,rule_A_only,5,NORMAL,,0,0,0,0,0,7.0,6.039457084537718,0.4496179869976355,Passz,NA,,213,1,36,1,4,30-39
42758,HUN,Hungary,invalid,rule_A_only,1,NORMAL,,0,0,0,0,0,9.0,5.121426857494519,,NA,x,,213,1,48,1,3,40-49
42759,HUN,Hungary,invalid,rule_A_only,3,NORMAL,,0,0,0,0,0,13.0,4.9752005535791115,,usa,NA,,213,1,34,1,3,30-39
42877,HUN,Hungary,invalid,rule_A_only,3,NORMAL,,0,0,0,0,0,16.0,3.0833488401590503,,NA,Jah,,213,1,37,1,3,30-39
42888,HUN,Hungary,invalid,rule_A_only,0,NORMAL,,0,0,0,0,0,9.0,3.096516127986914,,NA,-99,,213,1,28,1,4,18-29
42891,HUN,Hungary,invalid,rule_A_only,0,NORMAL,,0,0,0,0,0,7.0,4.948709249415888,0.5477225575051661,-99,NA,,213,1,38,1,2,30-39
43069,HUN,Hungary,invalid,rule_A_only,4,NORMAL,,0,0,0,0,0,5.0,5.603733898635779,0.42008402520840293,Pasz,NA,,213,1,30,0,2,30-39
43105,HUN,Hungary,invalid,rule_A_only,0,NORMAL,,0,0,0,0,0,16.0,5.843402924858419,0.3872983346207417,NA,-99,,213,1,34,1,4,30-39
43201,HUN,Hungary,invalid,rule_A_only,1,NORMAL,,0,0,0,0,0,11.0,8.40987274713089,0.31622776601683794,NA,0,,213,1,70,1,2,60+
43202,HUN,Hungary,invalid,rule_A_only,0,NORMAL,,0,0,0,0,0,7.0,4.9678475568978095,0.2,NA,-99,,213,1,49,1,3,40-49
43477,IDN,Indonesia,invalid,rule_A_only,5,NORMAL,,0,0,0,0,0,13.0,6.752288096294265,0.8574929257125441,NA,Bukti,,213,1,36,0,4,30-39
43624,IDN,Indonesia,invalid,rule_A_only,5,NORMAL,,0,0,0,0,0,6.0,4.322634574751887,0.5,media,NA,,213,1,44,0,4,40-49
43640,IDN,Indonesia,invalid,rule_A_only,5,NORMAL,,0,0,0,0,0,8.0,3.8952192904675575,-0.4472135954999579,NA,jujur,,213,1,44,1,4,40-49
43913,IDN,Indonesia,invalid,rule_A_only,2,NORMAL,,0,0,0,0,0,6.0,5.162391768610028,0.7592566023652966,NA,ya,,213,1,58,1,4,50-59
43930,IDN,Indonesia,invalid,rule_A_only,5,VERIFY,,0,0,0,0,0,5.0,5.423264808753607,0.31622776601683794,NA,dapat,,213,3,23,1,4,18-29
44481,IDN,Indonesia,invalid,rule_A_only,4,NORMAL,,0,0,0,0,0,8.0,5.023214751906393,-0.2,NA,ragu,,213,1,46,0,3,40-49
44814,IDN,Indonesia,invalid,rule_A_only,5,NORMAL,,0,0,0,0,0,12.0,5.092013515303439,0.7071067811865476,NA,Bukti,,213,1,35,1,3,30-39
44937,IDN,Indonesia,invalid,rule_A_only,5,NORMAL,,0,0,0,0,0,4.0,6.388588547040149,-0.5,NA,Jujur,,213,1,36,1,4,30-39
45389,ISR,Israel,invalid,rule_A_only,5,NORMAL,,0,0,0,0,0,6.0,4.25351147144034,,NA,השכלה,,213,1,43,1,3,40-49
45391,ISR,Israel,invalid,rule_A_only,4,NORMAL,,0,0,0,0,0,14.0,3.0496256653289984,,כולם,NA,,213,1,46,0,4,40-49
45417,ISR,Israel,invalid,rule_A_only,5,NORMAL,,0,0,0,0,0,15.0,4.464413148514561,0.0,כולנו,NA,,213,1,46,0,3,40-49
45428,ISR,Israel,invalid,rule_A_only,0,NORMAL,,0,0,0,0,0,9.0,7.377348368578254,0.0,-99,NA,,213,1,65,0,3,60+
45430,ISR,Israel,invalid,rule_A_only,5,NORMAL,,0,0,0,0,0,7.0,3.2527679475711166,-0.31622776601683794,רפואה,NA,,213,1,63,0,4,60+
45455,ISR,Israel,invalid,rule_A_only,5,NORMAL,,0,0,0,0,0,16.0,7.922565596543799,0.8534918135881966,ממשלה,NA,,213,1,22,0,4,18-29
45618,ISR,Israel,invalid,rule_A_only,5,NORMAL,,0,0,0,0,0,6.0,5.616911854495134,0.9258200997725514,כולנו,NA,,213,1,22,0,3,18-29
45672,ISR,Israel,invalid,rule_A_only,5,NORMAL,,0,0,0,0,0,6.0,6.320926915400934,0.9284766908852594,העולם,NA,,213,1,33,0,4,30-39
45691,ISR,Israel,invalid,rule_A_only,5,NORMAL,,0,0,0,0,0,8.0,3.812362356263596,0.6324555320336759,NA,נסיון,,213,1,30,0,3,30-39
45711,ISR,Israel,invalid,rule_A_only,5,NORMAL,,0,0,0,0,0,12.0,5.170609751780511,0.2970442628930023,היקום,NA,,213,1,50,1,4,50-59
45737,ISR,Israel,invalid,rule_A_only,4,NORMAL,,0,0,0,0,0,11.0,3.5748325217345003,,כולם,NA,,213,1,32,1,4,30-39
45820,ISR,Israel,invalid,rule_A_only,5,NORMAL,,0,0,0,0,0,9.0,4.658192607045244,-0.31622776601683794,כולנו,NA,,213,1,35,0,4,30-39
45838,ISR,Israel,invalid,rule_A_only,1,NORMAL,,0,0,0,0,0,6.0,4.409258544562213,0.5,.,NA,,213,1,32,0,3,30-39
45841,ISR,Israel,invalid,rule_A_only,5,NORMAL,,0,0,0,0,0,6.0,5.785491678855688,0.21693045781865616,אנחנו,NA,,213,1,25,1,3,18-29
45862,ISR,Israel,invalid,rule_A_only,5,NORMAL,,0,0,0,0,0,6.0,6.85315376937399,0.9712858623572641,NA,ביסוס,,213,1,30,0,3,30-39
45902,ISR,Israel,invalid,rule_A_only,0,NORMAL,,0,0,0,0,0,8.0,5.9509306682515275,,NA,-99,,213,1,34,1,4,30-39
45947,ISR,Israel,invalid,rule_A_only,0,NORMAL,,0,0,0,0,0,3.0,7.20618960587731,0.0,NA,-99,,213,1,37,1,3,30-39
46058,ISR,Israel,invalid,rule_A_only,5,NORMAL,,0,0,0,0,0,3.0,7.501018927256062,0.8333094209864272,אנחנו,NA,,213,1,46,1,3,40-49
46109,ISR,Israel,invalid,rule_A_only,1,NORMAL,,0,0,0,0,0,16.0,6.752926775740974,0.8711871219403557,NA,?,,213,1,54,1,4,50-59
46196,ISR,Israel,invalid,rule_A_only,5,NORMAL,,0,0,0,0,0,8.0,4.529563094110344,-0.2,NA,ניסוי,,213,1,60,2,3,60+
46199,ISR,Israel,invalid,rule_A_only,4,NORMAL,,0,0,0,0,0,12.0,3.8837314563736745,0.4472135954999579,כולם,NA,,213,1,46,1,4,40-49
46256,ISR,Israel,invalid,rule_A_only,5,NORMAL,,0,0,0,0,0,6.0,4.949576006328482,0.34299717028501764,NA,כללים,,213,1,20,1,3,18-29
46277,ISR,Israel,invalid,rule_A_only,5,NORMAL,,0,0,0,0,0,11.0,4.24092635594386,0.25,חברות,NA,,213,1,48,1,4,40-49
46311,ISR,Israel,invalid,rule_A_only,0,NORMAL,,0,0,0,0,0,15.0,6.723762512079552,-0.21821789023599236,NA,-99,,213,1,55,1,3,50-59
46314,ISR,Israel,invalid,rule_A_only,5,NORMAL,,0,0,0,0,0,10.0,9.213251238784423,-0.7385489458759964,העולם,NA,,213,1,27,1,4,18-29
46325,ISR,Israel,invalid,rule_A_only,1,NORMAL,,0,0,0,0,0,5.0,4.654051547441672,0.7071067811865476,NA,.,,213,1,25,1,3,18-29
46334,ISR,Israel,invalid,rule_A_only,0,NORMAL,,0,0,0,0,0,5.0,6.449850293976908,-0.15877683720748895,NA,-99,,213,1,25,1,4,18-29
46441,IND,India,invalid,rule_A_only,3,NORMAL,,0,0,0,0,0,5.0,5.395158152330564,-0.4472135954999579,NA,Yes,,213,1,53,0,3,50-59
46570,IND,India,invalid,rule_A_only,4,NORMAL,,0,0,0,0,0,5.0,5.1040636264619454,0.0,NA,Work,,213,1,40,0,4,40-49
46587,IND,India,invalid,rule_A_only,2,NORMAL,,0,0,0,0,0,12.0,10.440855283978465,,NA,ok,,213,1,36,2,3,30-39
46592,IND,India,invalid,rule_A_only,5,NORMAL,,0,0,0,0,0,13.0,6.768640519283234,,NA,Right,,213,1,40,1,4,40-49
46630,IND,India,invalid,rule_A_only,5,NORMAL,,0,0,0,0,0,3.0,4.256941641728862,-0.4472135954999579,NA,truth,,213,1,33,1,4,30-39
46871,JPN,Japan,invalid,rule_A_only,5,NORMAL,,0,0,0,0,0,12.0,5.740184001783387,0.3152641443777315,NA,わからない,,213,1,35,0,4,30-39
46876,JPN,Japan,invalid,rule_A_only,2,NORMAL,,0,0,0,0,0,10.0,6.29180622334778,0.5809475019311126,人間,NA,,213,1,21,0,4,18-29
46877,JPN,Japan,invalid,rule_A_only,5,NORMAL,,0,0,0,0,0,7.0,3.7633458436128135,-0.5,NA,わからない,,213,1,28,1,4,18-29
46878,JPN,Japan,invalid,rule_A_only,5,NORMAL,,0,0,0,0,0,6.0,4.682835925676939,0.6984302957695782,分からない,NA,,213,1,32,0,3,30-39
46882,JPN,Japan,invalid,rule_A_only,5,NORMAL,,0,0,0,0,0,6.0,6.171447922006918,0.3321819194149599,分からない,NA,,213,1,39,1,4,30-39
46883,JPN,Japan,invalid,rule_A_only,5,NORMAL,,0,0,0,0,0,10.0,5.3819325463550785,0.31622776601683794,分からない,NA,,213,1,32,1,3,30-39
46897,JPN,Japan,invalid,rule_A_only,5,NORMAL,,0,0,0,0,0,4.0,4.514872180111842,0.8401680504168059,医療従事者,NA,,213,1,20,0,4,18-29
46901,JPN,Japan,invalid,rule_A_only,5,NORMAL,,0,0,0,0,0,5.0,6.114266882678606,0.4,わからない,NA,,213,1,30,0,3,30-39
46903,JPN,Japan,invalid,rule_A_only,5,NORMAL,,0,0,0,0,0,4.0,7.045740531273894,-0.29411764705882354,NA,結果、実績,,213,1,27,0,3,18-29
46917,JPN,Japan,invalid,rule_A_only,3,NORMAL,,0,0,0,0,0,8.0,3.5648633310969573,0.2,NA,正確さ,,213,1,51,0,4,50-59
46920,JPN,Japan,invalid,rule_A_only,4,NORMAL,,0,0,0,0,0,5.0,5.451967699543089,0.5222329678670935,NA,研究内容,,213,1,20,0,4,18-29
46925,JPN,Japan,invalid,rule_A_only,5,NORMAL,,0,0,0,0,0,13.0,2.9747584143162737,,わからない,NA,,213,1,74,0,3,60+
46937,JPN,Japan,invalid,rule_A_only,3,NORMAL,,0,0,0,0,0,7.0,7.654637190419469,-0.6439209162167847,NA,正確さ,,213,1,24,0,4,18-29
46938,JPN,Japan,invalid,rule_A_only,2,NORMAL,,0,0,0,0,0,12.0,5.106636780610162,0.7385489458759964,人間,NA,,213,1,41,1,4,40-49
46944,JPN,Japan,invalid,rule_A_only,2,NORMAL,,0,0,0,0,0,12.0,2.6313196895067446,,NA,根拠,,213,1,34,0,4,30-39
46952,JPN,Japan,invalid,rule_A_only,3,NORMAL,,0,0,0,0,0,12.0,5.409427490506333,0.4,全人類,NA,,213,1,56,0,4,50-59
46953,JPN,Japan,invalid,rule_A_only,5,NORMAL,,0,0,0,0,0,6.0,3.073263786151136,0.6324555320336759,NA,経験と知識,,213,1,42,1,4,40-49
46954,JPN,Japan,invalid,rule_A_only,5,NORMAL,,0,0,0,0,0,12.0,6.303450349828429,-0.2626128657194451,わからない,NA,,213,1,32,1,4,30-39
46962,JPN,Japan,invalid,rule_A_only,5,NORMAL,,0,0,0,0,0,14.0,2.757033653095613,1.0,わからない,NA,,213,1,50,0,3,50-59
46975,JPN,Japan,invalid,rule_A_only,2,NORMAL,,0,0,0,0,0,12.0,7.9727559338885765,0.0,人間,NA,,213,1,26,0,4,18-29
46978,JPN,Japan,invalid,rule_A_only,5,NORMAL,,0,0,0,0,0,12.0,3.279254634028782,,分からなあ,NA,,213,1,55,0,3,50-59
46986,JPN,Japan,invalid,rule_A_only,2,NORMAL,,0,0,0,0,0,10.0,6.29191862237234,-0.31622776601683794,NA,安心,,213,1,21,1,4,18-29
46989,JPN,Japan,invalid,rule_A_only,3,NORMAL,,0,0,0,0,0,4.0,8.607060675801478,,金持ち,NA,,213,1,31,0,4,30-39
46992,JPN,Japan,invalid,rule_A_only,4,NORMAL,,0,0,0,0,0,12.0,6.401485438147295,0.3692744729379982,大学教授,NA,,213,1,68,0,4,60+
47000,JPN,Japan,invalid,rule_A_only,3,NORMAL,,0,0,0,0,0,4.0,6.210436789825394,0.5773502691896257,NA,探求心,,213,1,47,2,4,40-49
47007,JPN,Japan,invalid,rule_A_only,5,NORMAL,,0,0,0,0,0,10.0,7.534249225902339,0.4629100498862757,NA,熱心なこと,,213,1,42,0,4,40-49
47008,JPN,Japan,invalid,rule_A_only,4,NORMAL,,0,0,0,0,0,12.0,4.957030332418601,0.0,一般民衆,NA,,213,1,63,0,4,60+
47009,JPN,Japan,invalid,rule_A_only,5,NORMAL,,0,0,0,0,0,13.0,4.868682746990892,0.8677218312746247,わからない,NA,,213,1,65,0,4,60+
47010,JPN,Japan,invalid,rule_A_only,4,NORMAL,,0,0,0,0,0,8.0,7.706990559476708,0.1,特にない,NA,,213,1,29,0,3,18-29
47014,JPN,Japan,invalid,rule_A_only,5,NORMAL,,0,0,0,0,0,11.0,5.237463820822326,0.31622776601683794,分からない,NA,,213,1,26,0,4,18-29
47018,JPN,Japan,invalid,rule_A_only,3,NORMAL,,0,0,0,0,0,10.0,3.876453971418587,0.7,NA,正直さ,,213,1,60,0,4,60+
47020,JPN,Japan,invalid,rule_A_only,2,NORMAL,,0,0,0,0,0,12.0,3.0521629983386815,,人間,NA,,213,1,58,0,3,50-59
47030,JPN,Japan,invalid,rule_A_only,4,NORMAL,,0,0,0,0,0,12.0,5.3344172122416325,0.6123724356957946,NA,特になし,,213,1,68,0,3,60+
47043,JPN,Japan,invalid,rule_A_only,5,NORMAL,,0,0,0,0,0,6.0,6.293628357942038,0.6943650748294136,NA,分からない,,213,1,47,0,4,40-49
47057,JPN,Japan,invalid,rule_A_only,2,NORMAL,,0,0,0,0,0,3.0,5.4009740711335406,0.8958280175293669,NA,熱意,,213,1,32,1,4,30-39
47058,JPN,Japan,invalid,rule_A_only,5,NORMAL,,0,0,0,0,0,3.0,4.204553614876519,0.5,NA,実績とIQ,,213,1,35,0,3,30-39
47062,JPN,Japan,invalid,rule_A_only,2,NORMAL,,0,0,0,0,0,10.0,6.7128398929799635,-0.242535625036333,NA,根拠,,213,1,43,1,4,40-49
47063,JPN,Japan,invalid,rule_A_only,2,NORMAL,,0,0,0,0,0,5.0,6.682669026323111,0.11197850219117086,NA,なし,,213,1,36,0,4,30-39
47073,JPN,Japan,invalid,rule_A_only,3,NORMAL,,0,0,0,0,0,14.0,6.63949799163713,,NA,反ワク,,213,1,42,1,4,40-49
47079,JPN,Japan,invalid,rule_A_only,2,NORMAL,,0,0,0,0,0,15.0,6.2765568363899265,0.5773502691896257,患者,NA,,213,1,37,0,4,30-39
47081,JPN,Japan,invalid,rule_A_only,2,NORMAL,,0,0,0,0,0,6.0,6.657581527611265,0.42008402520840293,NA,実績,,213,1,26,0,4,18-29
47082,JPN,Japan,invalid,rule_A_only,2,NORMAL,,0,0,0,0,0,10.0,5.524368333618934,0.0,人類,NA,,213,1,65,0,3,60+
47087,JPN,Japan,invalid,rule_A_only,2,NORMAL,,0,0,0,0,0,12.0,7.361300961447808,0.768273325346536,NA,信頼,,213,1,34,1,4,30-39
47088,JPN,Japan,invalid,rule_A_only,3,NORMAL,,0,0,0,0,0,9.0,4.740340341924837,0.3872983346207417,全人類,NA,,213,1,29,1,4,18-29
47089,JPN,Japan,invalid,rule_A_only,5,NORMAL,,0,0,0,0,0,13.0,4.865024539629945,0.6565321642986127,NA,確たる物証,,213,1,50,0,4,50-59
47091,JPN,Japan,invalid,rule_A_only,3,NORMAL,,0,0,0,0,0,5.0,5.760015976324068,0.6984302957695782,NA,探究心,,213,1,36,1,4,30-39
47101,JPN,Japan,invalid,rule_A_only,5,NORMAL,,0,0,0,0,0,14.0,2.8747158272595104,,わからない,NA,,213,1,66,0,3,60+
47102,JPN,Japan,invalid,rule_A_only,5,NORMAL,,0,0,0,0,0,15.0,4.54542746917474,-0.31622776601683794,NA,わからない,,213,1,25,1,4,18-29
47107,JPN,Japan,invalid,rule_A_only,3,NORMAL,,0,0,0,0,0,12.0,3.1196500940435,0.2,NA,誠実さ,,213,1,42,0,4,40-49
47108,JPN,Japan,invalid,rule_A_only,5,NORMAL,,0,0,0,0,0,15.0,7.902752084094245,-0.13259870882635919,NA,実績と経験,,213,1,29,1,3,18-29
47112,JPN,Japan,invalid,rule_A_only,4,NORMAL,,0,0,0,0,0,10.0,4.090143540003191,0.17149858514250882,特になし,NA,,213,1,20,0,3,18-29
47116,JPN,Japan,invalid,rule_A_only,4,NORMAL,,0,0,0,0,0,10.0,5.918454548239576,0.6565321642986127,製薬会社,NA,,213,1,55,1,3,50-59
47119,JPN,Japan,invalid,rule_A_only,5,NORMAL,,0,0,0,0,0,9.0,2.647471589707161,1.0,科学者たち,NA,,213,1,79,1,4,60+
47132,JPN,Japan,invalid,rule_A_only,4,NORMAL,,0,0,0,0,0,8.0,4.006476945969575,0.4629100498862757,人間です,NA,,213,1,33,1,4,30-39
47136,JPN,Japan,invalid,rule_A_only,2,NORMAL,,0,0,0,0,0,5.0,5.453051176540101,-0.10846522890932808,患者,NA,,213,1,41,1,4,40-49
47137,JPN,Japan,invalid,rule_A_only,3,NORMAL,,0,0,0,0,0,5.0,5.34579173112139,-0.10846522890932808,研究者,NA,,213,1,22,0,4,18-29
47142,JPN,Japan,invalid,rule_A_only,3,NORMAL,,0,0,0,0,0,3.0,7.083004747769061,-0.21821789023599236,NA,人間性,,213,1,37,1,4,30-39
47143,JPN,Japan,invalid,rule_A_only,2,NORMAL,,0,0,0,0,0,10.0,4.637018853928921,0.6324555320336759,NA,実績,,213,1,24,0,4,18-29
47149,JPN,Japan,invalid,rule_A_only,5,NORMAL,,0,0,0,0,0,12.0,4.3894345177167775,,NA,社会的常識,,213,1,66,0,4,60+
47151,JPN,Japan,invalid,rule_A_only,5,NORMAL,,0,0,0,0,0,9.0,3.7534349241302154,,わからない,NA,,213,1,60,0,4,60+
47152,JPN,Japan,invalid,rule_A_only,5,NORMAL,,0,0,0,0,0,11.0,3.681947731579535,,わからない,NA,,213,1,21,0,4,18-29
47156,JPN,Japan,invalid,rule_A_only,3,NORMAL,,0,0,0,0,0,6.0,3.3377031885973723,,全人類,NA,,213,1,37,0,4,30-39
47158,JPN,Japan,invalid,rule_A_only,5,NORMAL,,0,0,0,0,0,4.0,4.666016163488968,0.15811388300841897,NA,地道な努力,,213,1,46,0,4,40-49
47159,JPN,Japan,invalid,rule_A_only,5,NORMAL,,0,0,0,0,0,3.0,7.972033606950439,-0.6546536707079771,NA,真摯な態度,,213,1,43,0,4,40-49
47160,JPN,Japan,invalid,rule_A_only,3,NORMAL,,0,0,0,0,0,15.0,4.386858313878776,0.0,NA,信頼感,,213,1,41,1,3,40-49
47166,JPN,Japan,invalid,rule_A_only,4,NORMAL,,0,0,0,0,0,8.0,4.174426931664416,0.0,NA,特になし,,213,1,44,1,4,40-49
47170,JPN,Japan,invalid,rule_A_only,3,NORMAL,,0,0,0,0,0,8.0,4.942887383527112,,民間人,NA,,213,1,28,0,4,18-29
47176,JPN,Japan,invalid,rule_A_only,5,NORMAL,,0,0,0,0,0,8.0,3.744934466153573,0.31622776601683794,人類すべて,NA,,213,1,42,1,4,40-49
47184,JPN,Japan,invalid,rule_A_only,4,NORMAL,,0,0,0,0,0,9.0,4.290667626325431,,労働世代,NA,,213,1,23,0,4,18-29
47190,JPN,Japan,invalid,rule_A_only,1,NORMAL,,0,0,0,0,0,6.0,4.445913099942488,0.0,、,NA,,213,1,25,1,4,18-29
47191,JPN,Japan,invalid,rule_A_only,5,NORMAL,,0,0,0,0,0,7.0,5.3812941317770315,0.0,NA,分からない,,213,1,54,0,3,50-59
47205,JPN,Japan,invalid,rule_A_only,3,NORMAL,,0,0,0,0,0,5.0,7.674939879719381,-0.2705008904002297,NA,確実性,,213,1,30,0,4,30-39
47212,JPN,Japan,invalid,rule_A_only,2,NORMAL,,0,0,0,0,0,4.0,5.207645054614811,0.6788335930269978,NA,実績,,213,1,24,1,4,18-29
47219,JPN,Japan,invalid,rule_A_only,3,NORMAL,,0,0,0,0,0,5.0,4.526834244367033,0.4472135954999579,NA,誠実さ,,213,1,27,0,4,18-29
47221,JPN,Japan,invalid,rule_A_only,5,NORMAL,,0,0,0,0,0,4.0,6.009953544049309,0.5587442366156625,わからない,NA,,213,1,33,0,4,30-39
47223,JPN,Japan,invalid,rule_A_only,3,NORMAL,,0,0,0,0,0,12.0,5.524796123533666,,NA,発想力,,213,1,33,1,3,30-39
47226,JPN,Japan,invalid,rule_A_only,5,NORMAL,,0,0,0,0,0,10.0,4.97453409612706,0.4472135954999579,NA,わからない,,213,1,33,0,4,30-39
47230,JPN,Japan,invalid,rule_A_only,5,NORMAL,,0,0,0,0,0,7.0,5.9764171189901685,-0.5477225575051661,NA,知識と経験,,213,1,28,0,4,18-29
47231,JPN,Japan,invalid,rule_A_only,5,NORMAL,,0,0,0,0,0,10.0,6.236102934060382,-0.4330927930243002,分からない,NA,,213,1,42,1,3,40-49
47237,JPN,Japan,invalid,rule_A_only,4,NORMAL,,0,0,0,0,0,16.0,7.798021291420831,0.1856953381770519,自分自身,NA,,213,1,32,1,4,30-39
47243,JPN,Japan,invalid,rule_A_only,5,NORMAL,,0,0,0,0,0,10.0,3.49966479345091,0.5,分からない,NA,,213,1,43,1,3,40-49
47254,JPN,Japan,invalid,rule_A_only,3,NORMAL,,0,0,0,0,0,7.0,5.394974414774243,-0.242535625036333,研究者,NA,,213,1,40,0,4,40-49
47256,JPN,Japan,invalid,rule_A_only,2,NORMAL,,0,0,0,0,0,16.0,9.393850518221202,0.5436061923007246,人間,NA,,213,1,44,0,3,40-49
47268,JPN,Japan,invalid,rule_A_only,5,NORMAL,,0,0,0,0,0,4.0,9.100555472447038,0.43852900965351466,NA,わからない,,213,1,36,1,4,30-39
47273,JPN,Japan,invalid,rule_A_only,5,NORMAL,,0,0,0,0,0,8.0,3.3455993286286914,0.31622776601683794,分からない,NA,,213,1,44,0,4,40-49
47275,JPN,Japan,invalid,rule_A_only,4,NORMAL,,0,0,0,0,0,16.0,5.598670842522292,1.0,病気の人,NA,,213,1,42,0,4,40-49
47280,JPN,Japan,invalid,rule_A_only,5,NORMAL,,0,0,0,0,0,6.0,3.7760933155280876,0.6123724356957946,わからない,NA,,213,1,22,0,4,18-29
47284,JPN,Japan,invalid,rule_A_only,4,NORMAL,,0,0,0,0,0,15.0,5.627965321403485,,特になし,NA,,213,1,36,0,4,30-39
47289,JPN,Japan,invalid,rule_A_only,5,NORMAL,,0,0,0,0,0,12.0,3.8356841585013606,0.7745966692414834,わからない,NA,,213,1,56,1,4,50-59
47290,JPN,Japan,invalid,rule_A_only,4,NORMAL,,0,0,0,0,0,7.0,6.290143369298453,-0.31622776601683794,特になし,NA,,213,1,26,NA,4,18-29
47295,JPN,Japan,invalid,rule_A_only,4,NORMAL,,0,0,0,0,0,6.0,4.563714207559794,0.0,NA,研究成果,,213,1,28,0,4,18-29
47298,JPN,Japan,invalid,rule_A_only,5,NORMAL,,0,0,0,0,0,6.0,4.5133776892085,0.4472135954999579,わからない,NA,,213,1,19,0,4,18-29
47299,JPN,Japan,invalid,rule_A_only,5,NORMAL,,0,0,0,0,0,4.0,6.931904212863274,0.4472135954999579,NA,わからない,,213,1,37,1,4,30-39
47309,JPN,Japan,invalid,rule_A_only,2,NORMAL,,0,0,0,0,0,7.0,2.8460535229466375,-0.6324555320336759,NA,根拠,,213,1,32,1,4,30-39
47315,JPN,Japan,invalid,rule_A_only,1,NORMAL,,0,0,0,0,0,12.0,4.768620871618189,0.0,?,NA,,213,1,51,1,4,50-59
47317,JPN,Japan,invalid,rule_A_only,3,NORMAL,,0,0,0,0,0,12.0,5.45971752807659,0.5423261445466404,いない,NA,,213,1,26,1,1,18-29
47326,JPN,Japan,invalid,rule_A_only,2,NORMAL,,0,0,0,0,0,12.0,5.059229158027917,-0.4,人間,NA,,213,1,44,0,4,40-49
47333,JPN,Japan,invalid,rule_A_only,5,NORMAL,,0,0,0,0,0,7.0,4.876902902821181,0.0,NA,わからない,,213,1,34,1,4,30-39
47335,JPN,Japan,invalid,rule_A_only,2,NORMAL,,0,0,0,0,0,6.0,4.678003593696906,,無し,NA,,213,1,28,1,4,18-29
47336,JPN,Japan,invalid,rule_A_only,2,NORMAL,,0,0,0,0,0,4.0,7.46819416599618,0.7905694150420948,人間,NA,,213,1,42,0,4,40-49
47339,JPN,Japan,invalid,rule_A_only,2,NORMAL,,0,0,0,0,0,9.0,8.364148734708285,0.6123724356957946,NA,知性,,213,1,21,1,3,18-29
47340,JPN,Japan,invalid,rule_A_only,5,NORMAL,,0,0,0,0,0,12.0,4.312633820359546,0.7453559924999299,とくになし,NA,,213,1,37,1,4,30-39
47343,JPN,Japan,invalid,rule_A_only,2,NORMAL,,0,0,0,0,0,6.0,6.35125607612499,-0.6324555320336759,患者,NA,,213,1,33,1,4,30-39
47347,JPN,Japan,invalid,rule_A_only,3,NORMAL,,0,0,0,0,0,12.0,4.1420429901478695,-0.17149858514250882,全人類,NA,,213,1,43,1,4,40-49
47351,JPN,Japan,invalid,rule_A_only,4,NORMAL,,0,0,0,0,0,4.0,6.297505129934819,0.7656414934887764,NA,偽りなく,,213,1,34,1,4,30-39
47355,JPN,Japan,invalid,rule_A_only,5,NORMAL,,0,0,0,0,0,6.0,4.663163740440749,0.32826608214930636,うかばない,NA,,213,1,44,1,4,40-49
47361,JPN,Japan,invalid,rule_A_only,3,NORMAL,,0,0,0,0,0,12.0,4.592043117655145,-0.06984302957695782,富裕層,NA,,213,1,39,1,4,30-39
47362,JPN,Japan,invalid,rule_A_only,5,NORMAL,,0,0,0,0,0,16.0,5.348505103431347,0.0,NA,科学的根拠,,213,1,42,1,4,40-49
47364,JPN,Japan,invalid,rule_A_only,3,NORMAL,,0,0,0,0,0,5.0,5.649519286665064,-0.34299717028501764,利用者,NA,,213,1,42,1,4,40-49
47365,JPN,Japan,invalid,rule_A_only,2,NORMAL,,0,0,0,0,0,6.0,3.5253897068332063,0.3872983346207417,NA,人望,,213,1,36,0,4,30-39
47369,JPN,Japan,invalid,rule_A_only,2,NORMAL,,0,0,0,0,0,11.0,7.162173900663765,-0.4472135954999579,人間,NA,,213,1,20,0,4,18-29
47375,JPN,Japan,invalid,rule_A_only,2,NORMAL,,0,0,0,0,0,10.0,3.6132073388032473,1.0,企業,NA,,213,1,62,0,4,60+
47377,JPN,Japan,invalid,rule_A_only,5,NORMAL,,0,0,0,0,0,10.0,6.968953872728499,0.6,分からない,NA,,213,1,32,1,4,30-39
47381,JPN,Japan,invalid,rule_A_only,5,NORMAL,,0,0,0,0,0,7.0,5.866978574137902,-0.227429413073671,NA,正確な根拠,,213,1,21,0,4,18-29
47387,JPN,Japan,invalid,rule_A_only,5,NORMAL,,0,0,0,0,0,7.0,4.796577253324693,0.6859943405700353,わからない,NA,,213,1,34,1,3,30-39
47396,JPN,Japan,invalid,rule_A_only,2,NORMAL,,0,0,0,0,0,10.0,5.405829740673609,0.6,なし,NA,,213,1,24,1,4,18-29
47404,JPN,Japan,invalid,rule_A_only,5,NORMAL,,0,0,0,0,0,13.0,6.224757932771465,0.13483997249264842,NA,わからない,,213,1,36,0,4,30-39
47407,JPN,Japan,invalid,rule_A_only,3,NORMAL,,0,0,0,0,0,7.0,5.825590824494006,0.7385489458759964,消費者,NA,,213,1,43,0,4,40-49
47415,JPN,Japan,invalid,rule_A_only,4,NORMAL,,0,0,0,0,0,10.0,6.430851574723676,0.41522739926869984,特になし,NA,,213,1,34,1,4,30-39
47420,JPN,Japan,invalid,rule_A_only,5,NORMAL,,0,0,0,0,0,10.0,4.393401097280606,0.4338609156373123,わからない,NA,,213,1,20,0,4,18-29
47432,JPN,Japan,invalid,rule_A_only,2,NORMAL,,0,0,0,0,0,7.0,6.124538636824332,-0.6324555320336759,人間,NA,,213,1,33,1,4,30-39
47438,JPN,Japan,invalid,rule_A_only,2,NORMAL,,0,0,0,0,0,4.0,4.73876075212189,0.6324555320336759,NA,誠実,,213,1,41,0,4,40-49
47445,JPN,Japan,invalid,rule_A_only,3,NORMAL,,0,0,0,0,0,5.0,6.059215024896771,,政治家,NA,,213,1,47,1,4,40-49
47468,JPN,Japan,invalid,rule_A_only,3,NORMAL,,0,0,0,0,0,12.0,3.8394041863095665,0.31622776601683794,NA,誠実さ,,213,1,44,0,3,40-49
47470,JPN,Japan,invalid,rule_A_only,5,NORMAL,,0,0,0,0,0,13.0,4.0160423735408095,-0.7745966692414834,NA,エビデンス,,213,1,41,1,4,40-49
47480,JPN,Japan,invalid,rule_A_only,5,NORMAL,,0,0,0,0,0,6.0,3.210833210950808,0.31622776601683794,NA,地道な研究,,213,1,43,1,4,40-49
47483,JPN,Japan,invalid,rule_A_only,3,NORMAL,,0,0,0,0,0,4.0,4.913459563305598,-0.31622776601683794,NA,真面目,,213,1,35,0,4,30-39
47490,JPN,Japan,invalid,rule_A_only,3,NORMAL,,0,0,0,0,0,9.0,4.978074755248317,0.6324555320336759,NA,誠実さ,,213,1,53,0,4,50-59
47491,JPN,Japan,invalid,rule_A_only,1,NORMAL,,0,0,0,0,0,6.0,3.1301348587029874,,人,NA,,213,1,62,1,4,60+
47492,JPN,Japan,invalid,rule_A_only,5,NORMAL,,0,0,0,0,0,13.0,6.182965588891681,-0.6551724137931034,医療関係者,NA,,213,1,46,1,3,40-49
47497,JPN,Japan,invalid,rule_A_only,3,NORMAL,,0,0,0,0,0,11.0,5.515357067143571,0.25,NA,信頼性,,213,1,56,0,4,50-59
47513,JPN,Japan,invalid,rule_A_only,4,NORMAL,,0,0,0,0,0,12.0,3.051061024123101,0.31622776601683794,特になし,NA,,213,1,62,0,4,60+
47517,JPN,Japan,invalid,rule_A_only,3,NORMAL,,0,0,0,0,0,6.0,7.385184848296922,,NA,人格者,,213,1,52,1,4,50-59
47522,JPN,Japan,invalid,rule_A_only,2,NORMAL,,0,0,0,0,0,4.0,3.3076202869851965,0.41522739926869984,大衆,NA,,213,1,36,1,4,30-39
47528,JPN,Japan,invalid,rule_A_only,2,NORMAL,,0,0,0,0,0,12.0,5.480887272486444,0.6123724356957946,人間,NA,,213,1,55,0,4,50-59
47532,JPN,Japan,invalid,rule_A_only,3,NORMAL,,0,0,0,0,0,14.0,3.2875562850673994,-0.2,NA,誠実さ,,213,1,64,1,3,60+
47538,JPN,Japan,invalid,rule_A_only,2,NORMAL,,0,0,0,0,0,7.0,3.900642624440371,0.0,人間,NA,,213,1,46,1,3,40-49
47539,JPN,Japan,invalid,rule_A_only,3,NORMAL,,0,0,0,0,0,7.0,4.591700784989291,0.0,富裕層,NA,,213,1,62,0,3,60+
47543,JPN,Japan,invalid,rule_A_only,5,NORMAL,,0,0,0,0,0,5.0,4.1572641711327245,0.408248290463863,わからない,NA,,213,1,63,0,4,60+
47553,JPN,Japan,invalid,rule_A_only,5,NORMAL,,0,0,0,0,0,13.0,5.259373560378783,0.7592566023652966,今の私たち,NA,,213,1,69,1,3,60+
47558,JPN,Japan,invalid,rule_A_only,5,NORMAL,,0,0,0,0,0,15.0,3.7141279620735728,0.0,NA,わからない,,213,1,64,1,4,60+
47563,JPN,Japan,invalid,rule_A_only,3,NORMAL,,0,0,0,0,0,6.0,6.824805245426247,0.44172610429938614,NA,探究心,,213,1,55,1,3,50-59
47566,JPN,Japan,invalid,rule_A_only,3,NORMAL,,0,0,0,0,0,12.0,3.2426293639850523,,皆さん,NA,,213,1,57,0,4,50-59
47574,JPN,Japan,invalid,rule_A_only,4,NORMAL,,0,0,0,0,0,7.0,5.391022695022491,-0.6324555320336759,NA,誠実さ、,,213,1,52,1,4,50-59
47581,JPN,Japan,invalid,rule_A_only,5,NORMAL,,0,0,0,0,0,7.0,4.935753312184293,0.4472135954999579,全ての人々,NA,,213,1,62,1,3,60+
47582,JPN,Japan,invalid,rule_A_only,4,NORMAL,,0,0,0,0,0,6.0,5.97931890687861,0.058823529411764705,NA,特になし,,213,1,45,1,3,40-49
47584,JPN,Japan,invalid,rule_A_only,3,NORMAL,,0,0,0,0,0,8.0,2.742656531545101,0.31622776601683794,NA,謙虚さ,,213,1,62,0,4,60+
47585,JPN,Japan,invalid,rule_A_only,5,NORMAL,,0,0,0,0,0,13.0,4.124025886743055,,わからない,NA,,213,1,55,1,4,50-59
47587,JPN,Japan,invalid,rule_A_only,2,NORMAL,,0,0,0,0,0,8.0,9.79712692770771,,NA,なし,,213,1,57,1,4,50-59
47588,JPN,Japan,invalid,rule_A_only,4,NORMAL,,0,0,0,0,0,11.0,6.128498045049374,0.8401680504168059,科学者。,NA,,213,1,34,1,4,30-39
47589,JPN,Japan,invalid,rule_A_only,3,NORMAL,,0,0,0,0,0,6.0,6.351151505566425,-0.15877683720748895,傷病者,NA,,213,1,22,1,4,18-29
47595,JPN,Japan,invalid,rule_A_only,4,NORMAL,,0,0,0,0,0,11.0,6.167196255866607,,全ての人,NA,,213,1,66,1,4,60+
47600,JPN,Japan,invalid,rule_A_only,5,NORMAL,,0,0,0,0,0,8.0,5.910763158353789,0.6546536707079771,NA,わからない,,213,1,21,1,4,18-29
47601,JPN,Japan,invalid,rule_A_only,5,NORMAL,,0,0,0,0,0,12.0,6.286196341186276,0.7592566023652966,NA,エビデンス,,213,1,44,1,4,40-49
47607,JPN,Japan,invalid,rule_A_only,3,NORMAL,,0,0,0,0,0,10.0,5.6027009705766595,-0.058823529411764705,NA,独創性,,213,1,58,1,4,50-59
47611,JPN,Japan,invalid,rule_A_only,2,NORMAL,,0,0,0,0,0,8.0,5.83224929250365,-0.6859943405700353,NA,常識,,213,1,73,1,4,60+
47612,JPN,Japan,invalid,rule_A_only,5,NORMAL,,0,0,0,0,0,8.0,4.4066276726538804,0.25,わからない,NA,,213,1,55,1,4,50-59
47617,JPN,Japan,invalid,rule_A_only,4,NORMAL,,0,0,0,0,0,6.0,6.602809472614189,-0.3779644730092272,物理学者,NA,,213,1,60,1,3,60+
47621,JPN,Japan,invalid,rule_A_only,5,NORMAL,,0,0,0,0,0,14.0,3.913959004851147,0.7905694150420948,わからない,NA,,213,1,54,1,4,50-59
47629,JPN,Japan,invalid,rule_A_only,3,NORMAL,,0,0,0,0,0,9.0,4.641408793667055,0.42008402520840293,NA,誠実さ,,213,1,55,1,4,50-59
47636,JPN,Japan,invalid,rule_A_only,2,NORMAL,,0,0,0,0,0,15.0,4.9320015639234835,,NA,努力,,213,1,59,1,4,50-59
47638,JPN,Japan,invalid,rule_A_only,2,NORMAL,,0,0,0,0,0,6.0,5.341197868185676,0.6333004963811236,NA,根気,,213,1,60,0,4,60+
47645,JPN,Japan,invalid,rule_A_only,3,NORMAL,,0,0,0,0,0,7.0,3.1333613772356337,,高齢者,NA,,213,1,63,1,3,60+
47648,JPN,Japan,invalid,rule_A_only,5,NORMAL,,0,0,0,0,0,12.0,6.372509447432674,0.8783100656536799,NA,性格の良さ,,213,1,62,0,4,60+
47651,JPN,Japan,invalid,rule_A_only,5,NORMAL,,0,0,0,0,0,9.0,4.416671213423591,0.29277002188455997,わからない,NA,,213,1,53,0,3,50-59
47656,JPN,Japan,invalid,rule_A_only,4,NORMAL,,0,0,0,0,0,7.0,6.82350526987696,-0.7905694150420948,特に無し,NA,,213,1,53,0,3,50-59
47669,JPN,Japan,invalid,rule_A_only,5,NORMAL,,0,0,0,0,0,10.0,5.412314359955682,-0.6432675209026768,トヨタ社長,NA,,213,1,46,1,4,40-49
47675,JPN,Japan,invalid,rule_A_only,2,NORMAL,,0,0,0,0,0,10.0,3.7174298756143833,0.4338609156373123,NA,実績,,213,1,59,0,4,50-59
47678,JPN,Japan,invalid,rule_A_only,5,NORMAL,,0,0,0,0,0,14.0,3.742545271602631,,分からない,NA,,213,1,50,0,4,50-59
47680,JPN,Japan,invalid,rule_A_only,3,NORMAL,,0,0,0,0,0,8.0,4.328105948211746,0.31622776601683794,資本家,NA,,213,1,69,1,4,60+
47683,JPN,Japan,invalid,rule_A_only,2,NORMAL,,0,0,0,0,0,13.0,5.502878113460278,0.6565321642986127,なし,NA,,213,1,53,1,3,50-59
47691,JPN,Japan,invalid,rule_A_only,2,NORMAL,,0,0,0,0,0,8.0,7.720534719009605,-0.227429413073671,NA,真実,,213,1,57,1,3,50-59
47692,JPN,Japan,invalid,rule_A_only,3,NORMAL,,0,0,0,0,0,12.0,2.9465396353370368,0.2,NA,研究心,,213,1,57,1,4,50-59
47694,JPN,Japan,invalid,rule_A_only,4,MEDIUM,mahalanobis_outlier,1,0,0,1,0,10.0,11.974352729463753,1.0,NA,"はったり
",,213,1,63,1,3,60+
47701,JPN,Japan,invalid,rule_A_only,2,NORMAL,,0,0,0,0,0,8.0,4.604051023711791,0.816496580927726,人間,NA,,213,1,56,1,4,50-59
47702,JPN,Japan,invalid,rule_A_only,2,NORMAL,,0,0,0,0,0,10.0,3.610177010022984,0.727606875108999,病人,NA,,213,1,76,1,4,60+
47703,JPN,Japan,invalid,rule_A_only,3,NORMAL,,0,0,0,0,0,6.0,5.476471771742864,0.7071067811865476,NA,探求心,,213,1,76,1,4,60+
47704,JPN,Japan,invalid,rule_A_only,3,NORMAL,,0,0,0,0,0,12.0,5.7824767455959885,0.7905694150420948,NA,誠実さ,,213,1,56,1,4,50-59
47707,JPN,Japan,invalid,rule_A_only,5,MEDIUM,mahalanobis_outlier,1,0,0,1,0,15.0,10.029947608346966,-0.280056016805602,医療関係者,NA,,213,1,74,0,4,60+
47708,JPN,Japan,invalid,rule_A_only,2,NORMAL,,0,0,0,0,0,12.0,4.221370641652155,,NA,無欲　,,213,1,53,1,4,50-59
47714,JPN,Japan,invalid,rule_A_only,5,NORMAL,,0,0,0,0,0,13.0,3.447507205813436,0.7071067811865476,NA,真摯な姿勢,,213,1,60,0,4,60+
47715,JPN,Japan,invalid,rule_A_only,4,NORMAL,,0,0,0,0,0,12.0,5.9450080766850935,0.34299717028501764,特に無し,NA,,213,1,57,1,4,50-59
47729,JPN,Japan,invalid,rule_A_only,2,NORMAL,,0,0,0,0,0,15.0,3.0305416354373658,,NA,倫理,,213,1,67,1,4,60+
47730,JPN,Japan,invalid,rule_A_only,4,NORMAL,,0,0,0,0,0,8.0,6.544815229512015,-0.05521576303742327,お金持ち,NA,,213,1,45,1,3,40-49
47732,JPN,Japan,invalid,rule_A_only,4,NORMAL,,0,0,0,0,0,5.0,4.782997932822191,0.8783100656536799,特にない,NA,,213,1,74,1,3,60+
47735,JPN,Japan,invalid,rule_A_only,5,NORMAL,,0,0,0,0,0,10.0,4.6110846387725015,0.0,わからない,NA,,213,1,74,1,4,60+
47743,JPN,Japan,invalid,rule_A_only,5,NORMAL,,0,0,0,0,0,6.0,4.571785906718888,-0.10846522890932808,NA,生真面目さ,,213,1,64,1,4,60+
47746,JPN,Japan,invalid,rule_A_only,5,NORMAL,,0,0,0,0,0,10.0,4.154684756203346,0.0,NA,分からない,,213,1,48,0,3,40-49
47747,JPN,Japan,invalid,rule_A_only,3,NORMAL,,0,0,0,0,0,12.0,8.13336387200182,0.09697622757528539,NA,理解力,,213,1,47,1,4,40-49
47750,JPN,Japan,invalid,rule_A_only,5,NORMAL,,0,0,0,0,0,6.0,4.862831995732681,0.10846522890932808,わからない,NA,,213,1,50,0,4,50-59
47758,JPN,Japan,invalid,rule_A_only,2,NORMAL,,0,0,0,0,0,10.0,4.629586804192015,0.6324555320336759,なし,NA,,213,1,70,0,3,60+
47762,JPN,Japan,invalid,rule_A_only,4,NORMAL,,0,0,0,0,0,12.0,5.248761508311053,0.8944271909999159,わからん,NA,,213,1,42,1,3,40-49
47763,JPN,Japan,invalid,rule_A_only,4,NORMAL,,0,0,0,0,0,12.0,3.4264054657545375,-0.6324555320336759,NA,特になし,,213,1,28,1,4,18-29
47766,JPN,Japan,invalid,rule_A_only,5,NORMAL,,0,0,0,0,0,10.0,4.005566815615235,0.4472135954999579,わからない,NA,,213,1,51,0,3,50-59
47770,JPN,Japan,invalid,rule_A_only,4,NORMAL,,0,0,0,0,0,14.0,2.537254976303053,1.0,NA,特になし,,213,1,58,1,4,50-59
47771,JPN,Japan,invalid,rule_A_only,4,NORMAL,,0,0,0,0,0,12.0,3.607293023860529,0.7071067811865476,国民全体,NA,,213,1,73,0,4,60+
47773,JPN,Japan,invalid,rule_A_only,1,NORMAL,,0,0,0,0,0,10.0,3.328969905875812,0.4,人,NA,,213,1,44,1,4,40-49
47775,JPN,Japan,invalid,rule_A_only,5,NORMAL,,0,0,0,0,0,4.0,4.859623520611494,0.8557169633109855,NA,潔白、実績,,213,1,28,1,4,18-29
47778,JPN,Japan,invalid,rule_A_only,3,NORMAL,,0,0,0,0,0,10.0,3.073581640048847,,NA,"真面目
",,213,1,57,1,4,50-59
47780,JPN,Japan,invalid,rule_A_only,3,NORMAL,,0,0,0,0,0,8.0,6.0943861711106875,,先進国,NA,,213,1,29,1,4,18-29
47784,JPN,Japan,invalid,rule_A_only,4,NORMAL,,0,0,0,0,0,3.0,8.806607848833208,-0.11980845957463075,山上徹也,NA,,213,1,29,1,3,18-29
47786,JPN,Japan,invalid,rule_A_only,2,NORMAL,,0,0,0,0,0,5.0,6.5764429272503095,,NA,実績,,213,1,22,1,4,18-29
47788,JPN,Japan,invalid,rule_A_only,4,NORMAL,,0,0,0,0,0,5.0,5.621665871028295,,エジソン,NA,,213,1,23,1,4,18-29
47790,JPN,Japan,invalid,rule_A_only,5,NORMAL,,0,0,0,0,0,7.0,4.566487792134944,0.5477225575051661,わからない,NA,,213,1,57,0,4,50-59
47794,JPN,Japan,invalid,rule_A_only,5,NORMAL,,0,0,0,0,0,6.0,4.853883824870341,0.15811388300841897,NA,"論文の執筆
",,213,1,28,1,4,18-29
47795,JPN,Japan,invalid,rule_A_only,3,NORMAL,,0,0,0,0,0,12.0,5.720092020463109,0.7592566023652966,科学者,NA,,213,1,54,1,3,50-59
47801,JPN,Japan,invalid,rule_A_only,4,NORMAL,,0,0,0,0,0,5.0,7.932460660656086,-0.4375,NA,特になし,,213,1,29,1,2,18-29
47816,JPN,Japan,invalid,rule_A_only,2,NORMAL,,0,0,0,0,0,10.0,5.561185905230647,0.4472135954999579,NA,"信頼
",,213,1,48,1,3,40-49
47828,JPN,Japan,invalid,rule_A_only,5,NORMAL,,0,0,0,0,0,10.0,3.168990053096448,,NA,わからない,,213,1,48,0,4,40-49
47834,JPN,Japan,invalid,rule_A_only,2,NORMAL,,0,0,0,0,0,6.0,7.153819419857288,0.9904048953654893,NA,実績,,213,1,27,1,4,18-29
47835,JPN,Japan,invalid,rule_A_only,5,NORMAL,,0,0,0,0,0,11.0,4.958007002533408,0.8215838362577491,分からない,NA,,213,1,50,0,4,50-59
47837,JPN,Japan,invalid,rule_A_only,2,NORMAL,,0,0,0,0,0,12.0,4.378600698953601,-0.10846522890932808,ない,NA,,213,1,22,1,4,18-29
47848,JPN,Japan,invalid,rule_A_only,2,NORMAL,,0,0,0,0,0,12.0,3.880706625006789,-0.4629100498862757,NA,根拠,,213,1,50,1,4,50-59
47860,JPN,Japan,invalid,rule_A_only,5,NORMAL,,0,0,0,0,0,13.0,4.073275073715781,0.7071067811865476,分からない,NA,,213,1,54,0,4,50-59
47874,KEN,Kenya,invalid,rule_A_only,2,NORMAL,,0,0,0,0,0,10.0,8.586546108629491,1.0,NA,ty,,213,1,55,1,4,50-59
47971,KEN,Kenya,invalid,rule_A_only,0,NORMAL,,0,0,0,0,0,15.0,2.9552130419297726,,NA,-99,,213,1,43,1,4,40-49
48158,KEN,Kenya,invalid,rule_A_only,0,NORMAL,,0,0,0,0,0,5.0,5.0704646660369495,0.6324555320336759,NA,-99,,213,1,41,1,4,40-49
48221,KEN,Kenya,invalid,rule_A_only,5,MEDIUM,mahalanobis_outlier,1,0,0,1,0,11.0,9.64557034517262,0.4520892878477706,NA,Facts,,213,1,18,1,3,18-29
48376,KOR,South Korea,invalid,rule_A_only,4,NORMAL,,0,0,0,0,0,7.0,4.575535383215406,0.3872983346207417,본인자신,NA,,213,1,57,1,4,50-59
48377,KOR,South Korea,invalid,rule_A_only,2,NORMAL,,0,0,0,0,0,12.0,4.40771607176367,0.34299717028501764,NA,실험,,213,1,20,0,3,18-29
48420,KOR,South Korea,invalid,rule_A_only,3,NORMAL,,0,0,0,0,0,4.0,4.916377428781997,-0.4338609156373123,노동자,NA,,213,1,30,1,4,30-39
48426,KOR,South Korea,invalid,rule_A_only,4,NORMAL,,0,0,0,0,0,6.0,4.450360960536358,0.0,모든국민,NA,,213,1,46,0,4,40-49
48429,KOR,South Korea,invalid,rule_A_only,0,NORMAL,,0,0,0,0,0,9.0,4.647314568444017,-0.7071067811865476,-99,NA,,213,1,40,0,3,40-49
48435,KOR,South Korea,invalid,rule_A_only,3,NORMAL,,0,0,0,0,0,2.0,7.713019717418716,0.0,NA,신뢰성,,213,1,41,1,4,40-49
48450,KOR,South Korea,invalid,rule_A_only,2,NORMAL,,0,0,0,0,0,5.0,4.877956814004576,-0.31622776601683794,NA,없음,,213,1,54,1,4,50-59
48451,KOR,South Korea,invalid,rule_A_only,2,NORMAL,,0,0,0,0,0,6.0,6.332653258188945,0.5813183589761798,NA,모름,,213,1,24,1,3,18-29
48452,KOR,South Korea,invalid,rule_A_only,0,NORMAL,,0,0,0,0,0,4.0,4.189366273917955,0.8944271909999159,NA,-99,,213,1,24,0,3,18-29
48457,KOR,South Korea,invalid,rule_A_only,5,NORMAL,,0,0,0,0,0,6.0,4.6801152733925155,-0.6324555320336759,모든 인류,NA,,213,1,22,1,4,18-29
48458,KOR,South Korea,invalid,rule_A_only,4,MEDIUM,mahalanobis_outlier,1,0,0,1,0,10.0,9.31627509492246,0.588683436707244,NA,관심없음,,213,1,48,0,4,40-49
48466,KOR,South Korea,invalid,rule_A_only,2,NORMAL,,0,0,0,0,0,4.0,4.602998386069618,0.43301270189221935,기업,NA,,213,1,46,0,4,40-49
48471,KOR,South Korea,invalid,rule_A_only,2,NORMAL,,0,0,0,0,0,4.0,5.37997190544427,1.0,인간,NA,,213,1,42,1,4,40-49
48479,KOR,South Korea,invalid,rule_A_only,3,NORMAL,,0,0,0,0,0,12.0,2.8785346096145497,0.7071067811865476,기업가,NA,,213,1,61,1,4,60+
48480,KOR,South Korea,invalid,rule_A_only,5,NORMAL,,0,0,0,0,0,5.0,5.091570070543568,0.0,NA,특별히없다 ,,213,1,52,1,3,50-59
48487,KOR,South Korea,invalid,rule_A_only,5,NORMAL,,0,0,0,0,0,12.0,4.353970950222329,0.8660254037844387,NA,믿음과노력,,213,1,65,0,3,60+
48494,KOR,South Korea,invalid,rule_A_only,4,NORMAL,,0,0,0,0,0,6.0,5.944297471920655,0.9135002783911397,기업인들,NA,,213,1,50,1,4,50-59
48495,KOR,South Korea,invalid,rule_A_only,4,NORMAL,,0,0,0,0,0,3.0,6.877689634437074,0.21320071635561044,MZ세대,NA,,213,1,60,1,4,60+
48496,KOR,South Korea,invalid,rule_A_only,2,NORMAL,,0,0,0,0,0,6.0,4.399614262666415,0.6565321642986127,NA,신뢰,,213,1,56,1,4,50-59
48505,KOR,South Korea,invalid,rule_A_only,0,NORMAL,,0,0,0,0,0,11.0,4.714921127923941,0.5773502691896257,NA,-99,,213,1,39,0,4,30-39
48506,KOR,South Korea,invalid,rule_A_only,5,NORMAL,,0,0,0,0,0,5.0,4.347556591826311,0.3333333333333333,NA,공부 연구,,213,1,48,0,4,40-49
48510,KOR,South Korea,invalid,rule_A_only,5,NORMAL,,0,0,0,0,0,12.0,3.7777507189870545,0.5,일반 시민,NA,,213,1,54,0,3,50-59
48514,KOR,South Korea,invalid,rule_A_only,4,NORMAL,,0,0,0,0,0,9.0,4.837211744386567,-0.10846522890932808,NA,의견없음,,213,1,62,1,3,60+
48516,KOR,South Korea,invalid,rule_A_only,3,NORMAL,,0,0,0,0,0,3.0,5.202905230575129,-0.10846522890932808,코로나 ,NA,,213,1,49,0,4,40-49
48518,KOR,South Korea,invalid,rule_A_only,0,NORMAL,,0,0,0,0,0,9.0,4.566774792647972,0.909717652294684,NA,-99,,213,1,26,1,4,18-29
48520,KOR,South Korea,invalid,rule_A_only,0,NORMAL,,0,0,0,0,0,5.0,4.646959526197546,0.31622776601683794,NA,-99,,213,1,48,1,4,40-49
48527,KOR,South Korea,invalid,rule_A_only,5,NORMAL,,0,0,0,0,0,6.0,7.185229254290829,-0.31622776601683794,NA,자연의이치,,213,1,66,1,3,60+
48531,KOR,South Korea,invalid,rule_A_only,4,NORMAL,,0,0,0,0,0,4.0,4.100828321069255,-0.31622776601683794,엠지세대,NA,,213,1,38,0,4,30-39
48542,KOR,South Korea,invalid,rule_A_only,4,NORMAL,,0,0,0,0,0,3.0,5.804764183075545,-0.3492151478847891,가진자들,NA,,213,1,52,0,4,50-59
48558,KOR,South Korea,invalid,rule_A_only,2,NORMAL,,0,0,0,0,0,4.0,4.94362856379008,0.42008402520840293,NA,없음,,213,1,62,1,3,60+
48563,KOR,South Korea,invalid,rule_A_only,0,NORMAL,,0,0,0,0,0,7.0,6.123349391288093,0.6030226891555273,-99,NA,,213,1,50,0,4,50-59
48566,KOR,South Korea,invalid,rule_A_only,2,NORMAL,,0,0,0,0,0,6.0,5.9167938237506625,-0.2,환자,NA,,213,1,80,0,3,60+
48568,KOR,South Korea,invalid,rule_A_only,4,NORMAL,,0,0,0,0,0,6.0,7.263176353508906,0.7071067811865476,사람..,NA,,213,1,81,1,3,60+
48571,KOR,South Korea,invalid,rule_A_only,3,NORMAL,,0,0,0,0,0,9.0,2.753173986592255,,과학자,NA,,213,1,40,0,4,40-49
48584,KOR,South Korea,invalid,rule_A_only,4,NORMAL,,0,0,0,0,0,5.0,5.4687437740777085,-0.6565321642986127,투자자들,NA,,213,1,31,1,4,30-39
48599,KOR,South Korea,invalid,rule_A_only,3,NORMAL,,0,0,0,0,0,12.0,3.6651928000795935,-0.5773502691896257,일반인 ,NA,,213,1,53,1,4,50-59
48603,KOR,South Korea,invalid,rule_A_only,4,NORMAL,,0,0,0,0,0,6.0,7.226085698370006,0.3535533905932738,NA,통계학적,,213,1,53,0,4,50-59
48608,KOR,South Korea,invalid,rule_A_only,3,NORMAL,,0,0,0,0,0,12.0,4.695273818965259,0.5570860145311557,농업인,NA,,213,1,55,0,3,50-59
48610,KOR,South Korea,invalid,rule_A_only,0,NORMAL,,0,0,0,0,0,5.0,4.648468564885992,0.7656414934887764,NA,-99,,213,1,49,0,4,40-49
48615,KOR,South Korea,invalid,rule_A_only,5,NORMAL,,0,0,0,0,0,15.0,5.833970129678742,0.5,우리 모두,NA,,213,1,45,1,4,40-49
48622,KOR,South Korea,invalid,rule_A_only,2,NORMAL,,0,0,0,0,0,6.0,4.0429855120296505,0.31622776601683794,NA,믿음,,213,1,64,1,3,60+
48628,KOR,South Korea,invalid,rule_A_only,3,NORMAL,,0,0,0,0,0,8.0,4.710317168836925,0.0,NA,신뢰감,,213,1,24,1,4,18-29
48629,KOR,South Korea,invalid,rule_A_only,2,NORMAL,,0,0,0,0,0,5.0,6.103927456241667,0.31622776601683794,없음,NA,,213,1,66,0,3,60+
48640,KOR,South Korea,invalid,rule_A_only,4,NORMAL,,0,0,0,0,0,10.0,3.358136975378264,,전 인류,NA,,213,1,55,0,4,50-59
48642,KOR,South Korea,invalid,rule_A_only,2,NORMAL,,0,0,0,0,0,8.0,4.259833778514636,1.0,인간,NA,,213,1,64,1,4,60+
48643,KOR,South Korea,invalid,rule_A_only,3,NORMAL,,0,0,0,0,0,7.0,3.972533944527887,0.6324555320336759,NA,믿는것,,213,1,64,0,4,60+
48664,KOR,South Korea,invalid,rule_A_only,4,NORMAL,,0,0,0,0,0,9.0,5.024496544713305,0.0,모르겠다,NA,,213,1,69,0,4,60+
48670,KOR,South Korea,invalid,rule_A_only,0,NORMAL,,0,0,0,0,0,5.0,3.705039054453812,0.34299717028501764,-99,NA,,213,1,48,0,4,40-49
48685,KOR,South Korea,invalid,rule_A_only,3,NORMAL,,0,0,0,0,0,15.0,4.14413848468623,-0.25,과학자,NA,,213,1,53,0,3,50-59
48689,KOR,South Korea,invalid,rule_A_only,3,NORMAL,,0,0,0,0,0,7.0,3.540824665216617,,부자들,NA,,213,1,62,1,4,60+
48690,KOR,South Korea,invalid,rule_A_only,3,NORMAL,,0,0,0,0,0,5.0,4.105994649673648,-0.5,과학자,NA,,213,1,51,0,3,50-59
48703,KOR,South Korea,invalid,rule_A_only,5,NORMAL,,0,0,0,0,0,15.0,5.708504764717712,0.13483997249264842,의료종사자,NA,,213,1,44,1,4,40-49
48707,KOR,South Korea,invalid,rule_A_only,2,NORMAL,,0,0,0,0,0,5.0,4.63426204147706,0.0,모두,NA,,213,1,24,0,4,18-29
48718,KOR,South Korea,invalid,rule_A_only,3,NORMAL,,0,0,0,0,0,4.0,5.057095435628668,0.31622776601683794,후세대,NA,,213,1,34,0,4,30-39
48721,KOR,South Korea,invalid,rule_A_only,4,NORMAL,,0,0,0,0,0,16.0,5.49686080252756,-0.2,없습니다,NA,,213,1,28,1,4,18-29
48727,KOR,South Korea,invalid,rule_A_only,2,NORMAL,,0,0,0,0,0,6.0,4.00463590615511,0.0,사람,NA,,213,1,36,0,4,30-39
48736,KOR,South Korea,invalid,rule_A_only,2,NORMAL,,0,0,0,0,0,12.0,3.5501798933042172,0.7071067811865476,NA,실험,,213,1,76,0,4,60+
48745,KOR,South Korea,invalid,rule_A_only,3,NORMAL,,0,0,0,0,0,13.0,5.136237400807303,0.408248290463863,젊은이,NA,,213,1,68,0,4,60+
48752,KOR,South Korea,invalid,rule_A_only,2,NORMAL,,0,0,0,0,0,7.0,5.213630056378118,0.0,사람,NA,,213,1,36,0,4,30-39
48757,KOR,South Korea,invalid,rule_A_only,5,NORMAL,,0,0,0,0,0,11.0,5.616792683045597,0.7071067811865476,우리 모두,NA,,213,1,33,1,4,30-39
48761,KOR,South Korea,invalid,rule_A_only,2,NORMAL,,0,0,0,0,0,6.0,5.167147677960434,-0.4472135954999579,국민,NA,,213,1,33,0,4,30-39
48764,KOR,South Korea,invalid,rule_A_only,5,NORMAL,,0,0,0,0,0,6.0,5.811007459185577,1.0,NA,사회적이슈,,213,1,20,0,4,18-29
48769,KOR,South Korea,invalid,rule_A_only,3,NORMAL,,0,0,0,0,0,12.0,5.124506988327284,1.0,국민들,NA,,213,1,26,1,4,18-29
48787,KOR,South Korea,invalid,rule_A_only,2,NORMAL,,0,0,0,0,0,10.0,3.9892400696507186,,NA,팩트,,213,1,36,1,4,30-39
48805,KOR,South Korea,invalid,rule_A_only,2,NORMAL,,0,0,0,0,0,4.0,7.218859332888187,0.6324555320336759,의사,NA,,213,1,39,0,3,30-39
48818,KOR,South Korea,invalid,rule_A_only,2,NORMAL,,0,0,0,0,0,5.0,5.072917378196535,-0.4472135954999579,부자,NA,,213,1,26,0,4,18-29
48830,KOR,South Korea,invalid,rule_A_only,4,NORMAL,,0,0,0,0,0,4.0,6.2784643205162585,-0.8660254037844387,NA,좋습니다 ,,213,1,29,1,4,18-29
48835,KOR,South Korea,invalid,rule_A_only,0,NORMAL,,0,0,0,0,0,10.0,3.3150433713942835,,-99,NA,,213,1,24,0,4,18-29
48839,KOR,South Korea,invalid,rule_A_only,2,NORMAL,,0,0,0,0,0,6.0,4.860776735198576,-0.4472135954999579,국민,NA,,213,1,63,1,4,60+
48845,KOR,South Korea,invalid,rule_A_only,0,NORMAL,,0,0,0,0,0,6.0,6.010196215861754,0.6546536707079771,NA,-99,,213,1,21,1,4,18-29
48851,KOR,South Korea,invalid,rule_A_only,5,NORMAL,,0,0,0,0,0,12.0,4.855080566057865,,잘모르겠음,NA,,213,1,30,0,4,30-39
48855,KOR,South Korea,invalid,rule_A_only,3,NORMAL,,0,0,0,0,0,8.0,4.65115298674319,0.0,NA,과학자,,213,1,29,0,4,18-29
48860,KOR,South Korea,invalid,rule_A_only,2,NORMAL,,0,0,0,0,0,4.0,6.267695941237914,-0.5855400437691199,국민,NA,,213,1,39,1,4,30-39
48867,KOR,South Korea,invalid,rule_A_only,2,NORMAL,,0,0,0,0,0,3.0,6.202638517699006,-0.408248290463863,기업,NA,,213,1,39,0,4,30-39
48919,KAZ,Kazakhstan,invalid,rule_A_only,5,NORMAL,,0,0,0,0,0,10.0,4.966478352454076,0.5477225575051661,NA,Опыты,,213,1,22,1,4,18-29
48965,KAZ,Kazakhstan,invalid,rule_A_only,4,NORMAL,,0,0,0,0,0,15.0,3.1298266144338442,,Люди,NA,,213,1,40,0,4,40-49
48969,KAZ,Kazakhstan,invalid,rule_A_only,4,NORMAL,,0,0,0,0,0,5.0,4.5970303207862235,0.5773502691896257,NA,опыт,,213,1,50,0,4,50-59
48970,KAZ,Kazakhstan,invalid,rule_A_only,4,NORMAL,,0,0,0,0,0,8.0,4.137749894811645,0.5,NA,Труд,,213,1,36,1,4,30-39
48981,KAZ,Kazakhstan,invalid,rule_A_only,4,NORMAL,,0,0,0,0,0,6.0,3.5855953161156062,-0.2,NA,цель,,213,1,27,0,4,18-29
49042,KAZ,Kazakhstan,invalid,rule_A_only,2,NORMAL,,0,0,0,0,0,15.0,6.860244499062079,0.4,NA,Да,,213,1,43,0,3,40-49
49066,KAZ,Kazakhstan,invalid,rule_A_only,0,NORMAL,,0,0,0,0,0,13.0,5.970955043797962,,-99,NA,,213,1,62,0,3,60+
49232,KAZ,Kazakhstan,invalid,rule_A_only,5,NORMAL,,0,0,0,0,0,9.0,4.702664243911549,-0.4,NA,Факты,,213,1,25,0,3,18-29
49277,KAZ,Kazakhstan,invalid,rule_A_only,0,NORMAL,,0,0,0,0,0,12.0,3.6425419112461395,0.9258200997725514,NA,-99,,213,1,52,1,4,50-59
49293,KAZ,Kazakhstan,invalid,rule_A_only,5,NORMAL,,0,0,0,0,0,7.0,4.141183325008348,0.2,NA,Факты,,213,1,49,0,4,40-49
49367,KAZ,Kazakhstan,invalid,rule_A_only,5,NORMAL,,0,0,0,0,0,8.0,4.721508784244352,0.6324555320336759,NA,Факты,,213,1,30,0,3,30-39
49384,KAZ,Kazakhstan,invalid,rule_A_only,3,NORMAL,,0,0,0,0,0,6.0,3.4913160446383302,0.5,мир,NA,,213,1,42,1,4,40-49
49403,MAR,Morocco,invalid,rule_A_only,5,NORMAL,,0,0,0,0,0,5.0,3.9940574162686215,-0.10846522890932808,البشر,NA,,213,1,36,1,4,30-39
49440,MAR,Morocco,invalid,rule_A_only,3,NORMAL,,0,0,0,0,0,12.0,6.288231240535244,,انا,NA,,213,1,37,1,3,30-39
49591,MAR,Morocco,invalid,rule_A_only,5,NORMAL,,0,0,0,0,0,6.0,6.277253340454117,-0.6123724356957946,NA,صناعي ,,213,1,22,2,4,18-29
49608,MAR,Morocco,invalid,rule_A_only,5,NORMAL,,0,0,0,0,0,12.0,2.8793924924405547,,NA,great,,213,1,25,1,4,18-29
49674,MAR,Morocco,invalid,rule_A_only,3,NORMAL,,0,0,0,0,0,6.0,6.597593872946715,0.8990229253768994,Ghj,NA,,213,1,30,1,4,30-39
49733,MAR,Morocco,invalid,rule_A_only,0,NORMAL,,0,0,0,0,0,5.0,7.992451807632226,0.4264014327112209,NA,-99,,213,1,28,NA,4,18-29
49771,MAR,Morocco,invalid,rule_A_only,4,NORMAL,,0,0,0,0,0,15.0,6.1310954864122245,-0.29277002188455997,الكل,NA,,213,1,34,0,4,30-39
49800,MAR,Morocco,invalid,rule_A_only,3,NORMAL,,0,0,0,0,0,4.0,6.420648616042591,0.4472135954999579,NA,امي,,213,1,18,2,3,18-29
49828,MAR,Morocco,invalid,rule_A_only,0,NORMAL,,0,0,0,0,0,10.0,4.42478200266751,0.5683985600588051,NA,-99,,213,1,38,0,4,30-39
49852,MAR,Morocco,invalid,rule_A_only,5,NORMAL,,0,0,0,0,0,9.0,3.8366073534296787,,NA,نجاحه,,213,1,40,1,3,40-49
50037,MEX,Mexico,invalid,rule_A_only,5,NORMAL,,0,0,0,0,0,5.0,5.188864115743652,0.7647058823529411,Todos,NA,,213,1,42,1,4,40-49
50464,MYS,Malaysia,invalid,rule_A_only,0,NORMAL,,0,0,0,0,0,13.0,4.178792133860899,0.0,NA,-99,,213,1,45,1,4,40-49
50508,MYS,Malaysia,invalid,rule_A_only,5,NORMAL,,0,0,0,0,0,7.0,4.540794779881081,0.5,NA,Jujur,,213,1,70,1,4,60+
50531,MYS,Malaysia,invalid,rule_A_only,5,NORMAL,,0,0,0,0,0,13.0,4.305002190410882,-0.4472135954999579,Takde,NA,,213,1,40,0,4,40-49
50553,MYS,Malaysia,invalid,rule_A_only,0,NORMAL,,0,0,0,0,0,6.0,2.881841509027965,,NA,-99,,213,1,50,1,4,50-59
50575,MYS,Malaysia,invalid,rule_A_only,5,NORMAL,,0,0,0,0,0,12.0,3.7424350387122183,,Cikgu,NA,,213,1,18,1,4,18-29
50576,MYS,Malaysia,invalid,rule_A_only,4,NORMAL,,0,0,0,0,0,4.0,4.949669127727263,0.6859943405700353,Saya,NA,,213,1,27,1,4,18-29
50589,MYS,Malaysia,invalid,rule_A_only,0,NORMAL,,0,0,0,0,0,12.0,2.7779593746751625,,NA,-99,,213,1,38,0,4,30-39
50591,MYS,Malaysia,invalid,rule_A_only,0,NORMAL,,0,0,0,0,0,13.0,,,NA,-99,,213,1,24,1,4,18-29
50622,MYS,Malaysia,invalid,rule_A_only,0,NORMAL,,0,0,0,0,0,12.0,3.5346249359521598,,-99,NA,,213,1,42,0,4,40-49
50644,MYS,Malaysia,invalid,rule_A_only,0,NORMAL,,0,0,0,0,0,6.0,3.269618568934209,,NA,-99,,213,1,42,0,3,40-49
50658,MYS,Malaysia,invalid,rule_A_only,0,NORMAL,,0,0,0,0,0,13.0,2.6937838952776,,-99,NA,,213,1,33,0,3,30-39
50662,MYS,Malaysia,invalid,rule_A_only,2,NORMAL,,0,0,0,0,0,5.0,7.409914529313299,-0.4472135954999579,人民,NA,,213,1,45,1,3,40-49
50676,MYS,Malaysia,invalid,rule_A_only,2,NORMAL,,0,0,0,0,0,8.0,3.6734677907578255,1.0,Ya,NA,,213,1,21,1,4,18-29
50701,MYS,Malaysia,invalid,rule_A_only,0,NORMAL,,0,0,0,0,0,7.0,4.9283704053689625,,-99,NA,,213,1,38,0,4,30-39
50720,MYS,Malaysia,invalid,rule_A_only,5,MEDIUM,mahalanobis_outlier,1,0,0,1,0,3.0,9.972639555831488,0.20385887657505022,NA,Rajin,,213,1,28,0,4,18-29
50730,MYS,Malaysia,invalid,rule_A_only,4,NORMAL,,0,0,0,0,0,10.0,4.050558107681216,0.7071067811865476,Awam,NA,,213,1,68,1,3,60+
50782,MYS,Malaysia,invalid,rule_A_only,0,NORMAL,,0,0,0,0,0,7.0,5.078050704710242,-0.7745966692414834,NA,-99,,213,1,50,0,4,50-59
50808,MYS,Malaysia,invalid,rule_A_only,5,NORMAL,,0,0,0,0,0,10.0,2.8342524722088775,,NA,Bukti,,213,1,26,0,4,18-29
50812,MYS,Malaysia,invalid,rule_A_only,0,NORMAL,,0,0,0,0,0,10.0,5.372356147453206,-0.6324555320336759,-99,NA,,213,1,20,1,3,18-29
50823,MYS,Malaysia,invalid,rule_A_only,1,NORMAL,,0,0,0,0,0,13.0,3.6596376064287166,-0.31622776601683794,-,NA,,213,1,36,0,3,30-39
50825,MYS,Malaysia,invalid,rule_A_only,5,NORMAL,,0,0,0,0,0,3.0,5.038404073137791,0.42008402520840293,NA,logic,,213,1,20,0,4,18-29
50863,MYS,Malaysia,invalid,rule_A_only,1,NORMAL,,0,0,0,0,0,12.0,2.486224694956581,,.,NA,,213,1,41,1,4,40-49
50864,MYS,Malaysia,invalid,rule_A_only,0,NORMAL,,0,0,0,0,0,8.0,8.483970621568044,0.36115755925730764,-99,NA,,213,1,33,NA,3,30-39
50940,MYS,Malaysia,invalid,rule_A_only,0,NORMAL,,0,0,0,0,0,6.0,4.908118504002264,0.4472135954999579,-99,NA,,213,1,38,1,4,30-39
50969,MYS,Malaysia,invalid,rule_A_only,0,NORMAL,,0,0,0,0,0,7.0,5.445990799367436,0.0,NA ,NA,,213,1,50,1,3,50-59
51006,MYS,Malaysia,invalid,rule_A_only,0,NORMAL,,0,0,0,0,0,8.0,3.022681601204604,,NA,-99,,213,1,35,1,4,30-39
51090,MYS,Malaysia,invalid,rule_A_only,5,NORMAL,,0,0,0,0,0,4.0,4.188856185987853,,NA,Fakta,,213,1,38,0,4,30-39
51102,MYS,Malaysia,invalid,rule_A_only,0,NORMAL,,0,0,0,0,0,10.0,4.4181780971411335,,NA,-99,,213,1,54,1,3,50-59
51124,MYS,Malaysia,invalid,rule_A_only,0,NORMAL,,0,0,0,0,0,6.0,5.48825339888285,-0.4472135954999579,-99,NA,,213,1,31,0,4,30-39
51233,MYS,Malaysia,invalid,rule_A_only,2,NORMAL,,0,0,0,0,0,16.0,2.5385151881091783,,NA,Ok,,213,1,NA,0,3,NA
51237,MYS,Malaysia,invalid,rule_A_only,5,NORMAL,,0,0,0,0,0,5.0,4.858951621509015,,NA,Bukti,,213,1,34,0,4,30-39
51256,MYS,Malaysia,invalid,rule_A_only,0,NORMAL,,0,0,0,0,0,10.0,3.602745317973181,0.6324555320336759,NA,-99,,213,1,31,0,3,30-39
51257,MYS,Malaysia,invalid,rule_A_only,0,NORMAL,,0,0,0,0,0,8.0,4.89931034313168,0.7905694150420948,NA,-99,,213,1,70,1,4,60+
51306,MYS,Malaysia,invalid,rule_A_only,5,NORMAL,,0,0,0,0,0,5.0,4.817635079091164,0.5345224838248488,NA,Bukti,,213,1,NA,NA,3,NA
51330,MYS,Malaysia,invalid,rule_A_only,4,NORMAL,,0,0,0,0,0,4.0,5.319235860403467,,NA,suka,,213,1,72,1,3,60+
51345,MYS,Malaysia,invalid,rule_A_only,5,NORMAL,,0,0,0,0,0,7.0,4.817145646967023,0.058823529411764705,Youth,NA,,213,1,56,1,4,50-59
51359,MYS,Malaysia,invalid,rule_A_only,0,NORMAL,,0,0,0,0,0,7.0,4.227849416434976,-0.25,NA,-99,,213,1,61,NA,3,60+
51397,MYS,Malaysia,invalid,rule_A_only,5,NORMAL,,0,0,0,0,0,11.0,4.474495566388407,0.6324555320336759,Tiada,NA,,213,1,55,1,3,50-59
51422,MYS,Malaysia,invalid,rule_A_only,0,NORMAL,,0,0,0,0,0,12.0,3.50643718254208,,NA,-99,,213,1,33,2,4,30-39
51440,MYS,Malaysia,invalid,rule_A_only,0,NORMAL,,0,0,0,0,0,12.0,3.018745994139877,,-99,NA,,213,1,43,0,4,40-49
51442,MYS,Malaysia,invalid,rule_A_only,0,NORMAL,,0,0,0,0,0,6.0,5.009185722998825,-0.17149858514250882,-99,NA,,213,1,20,1,3,18-29
51470,MYS,Malaysia,invalid,rule_A_only,3,NORMAL,,0,0,0,0,0,3.0,4.418802058095572,0.17149858514250882,Idk ,NA,,213,1,39,0,4,30-39
51796,NGA,Nigeria,invalid,rule_A_only,5,NORMAL,,0,0,0,0,0,7.0,3.5912488680571255,,NA,Facts ,,213,1,37,0,4,30-39
51850,NGA,Nigeria,invalid,rule_A_only,5,NORMAL,,0,0,0,0,0,15.0,4.431609204579022,-0.25,NA,Facts ,,213,1,31,1,4,30-39
51864,NGA,Nigeria,invalid,rule_A_only,5,NORMAL,,0,0,0,0,0,9.0,7.6413402476698415,0.13483997249264842,Human ,NA,,213,1,20,NA,3,18-29
51954,NGA,Nigeria,invalid,rule_A_only,0,NORMAL,,0,0,0,0,0,10.0,5.575507900709097,0.5773502691896257,-99,NA,,213,1,30,0,4,30-39
52270,NGA,Nigeria,invalid,rule_A_only,5,NORMAL,,0,0,0,0,0,7.0,6.025656392850658,-0.4482758620689655,NA,proof,,213,1,19,1,3,18-29
53009,NIC,Nicaragua,invalid,rule_A_only,0,NORMAL,,0,0,0,0,0,12.0,3.4667135236056335,,NA,-99,,213,1,30,NA,4,30-39
53016,NOR,Norway,invalid,rule_A_only,0,NORMAL,,0,0,0,0,0,12.0,7.337669637700185,-0.2,-99,NA,,213,1,NA,1,3,NA
53018,NOR,Norway,invalid,rule_A_only,4,NORMAL,,0,0,0,0,0,12.0,5.403045349555194,-0.6859943405700353,Alle,NA,,213,1,55,0,4,50-59
53019,NOR,Norway,invalid,rule_A_only,5,NORMAL,,0,0,0,0,0,10.0,5.9114655988237566,0.36563621206356534,NA,Bevis,,213,1,23,0,3,18-29
53042,NOR,Norway,invalid,rule_A_only,5,NORMAL,,0,0,0,0,0,15.0,3.7592565649518734,,NA,Flink,,213,1,25,1,4,18-29
53044,NOR,Norway,invalid,rule_A_only,4,NORMAL,,0,0,0,0,0,15.0,5.630234064997637,,Alle,NA,,213,1,35,0,4,30-39
53064,NOR,Norway,invalid,rule_A_only,4,NORMAL,,0,0,0,0,0,7.0,3.9486398081634397,0.4472135954999579,Alle,NA,,213,1,20,0,3,18-29
53065,NOR,Norway,invalid,rule_A_only,4,NORMAL,,0,0,0,0,0,11.0,4.88737368250195,0.4472135954999579,Alle ,NA,,213,1,34,1,3,30-39
53068,NOR,Norway,invalid,rule_A_only,4,NORMAL,,0,0,0,0,0,7.0,3.8119935556361604,0.6123724356957946,Alle,NA,,213,1,27,0,4,18-29
53070,NOR,Norway,invalid,rule_A_only,0,NORMAL,,0,0,0,0,0,6.0,7.075460647459348,0.9135002783911397,NA,-99,,213,1,47,0,3,40-49
53093,NOR,Norway,invalid,rule_A_only,5,NORMAL,,0,0,0,0,0,8.0,4.703542091339481,-0.31622776601683794,NA,Flink,,213,1,25,1,4,18-29
53098,NOR,Norway,invalid,rule_A_only,4,NORMAL,,0,0,0,0,0,11.0,3.822018278951094,0.4472135954999579,Alle,NA,,213,1,33,1,4,30-39
53111,NOR,Norway,invalid,rule_A_only,5,NORMAL,,0,0,0,0,0,7.0,6.153021527409641,0.5,NA,Bevis,,213,1,57,1,3,50-59
53120,NOR,Norway,invalid,rule_A_only,0,NORMAL,,0,0,0,0,0,12.0,4.42868355359521,0.0,NA,-99,,213,1,37,1,3,30-39
53133,NOR,Norway,invalid,rule_A_only,0,NORMAL,,0,0,0,0,0,9.0,5.6100559899477975,0.3333333333333333,-99,NA,,213,1,36,0,3,30-39
53141,NOR,Norway,invalid,rule_A_only,0,NORMAL,,0,0,0,0,0,9.0,4.016276946228039,0.6123724356957946,NA,-99,,213,1,39,0,4,30-39
53144,NOR,Norway,invalid,rule_A_only,2,NORMAL,,0,0,0,0,0,12.0,5.58720943932173,0.0,NA,Vi,,213,1,35,0,3,30-39
53160,NOR,Norway,invalid,rule_A_only,2,NORMAL,,0,0,0,0,0,14.0,5.354781934850393,,NA,fr,,213,1,32,2,4,30-39
53185,NOR,Norway,invalid,rule_A_only,0,NORMAL,,0,0,0,0,0,7.0,3.639899062928308,0.6324555320336759,NA,-99,,213,1,64,1,4,60+
53199,NOR,Norway,invalid,rule_A_only,4,NORMAL,,0,0,0,0,0,6.0,7.35444942227395,0.4629100498862757,Alle,NA,,213,1,40,1,3,40-49
53212,NOR,Norway,invalid,rule_A_only,3,NORMAL,,0,0,0,0,0,12.0,6.339031539617711,0.4472135954999579,NA,bra,,213,1,56,1,2,50-59
53273,NOR,Norway,invalid,rule_A_only,5,NORMAL,,0,0,0,0,0,10.0,4.537049719994971,0.6324555320336759,NA,Flink,,213,1,25,1,4,18-29
53301,NOR,Norway,invalid,rule_A_only,0,NORMAL,,0,0,0,0,0,15.0,4.633957872550417,-0.10846522890932808,NA,-99,,213,1,50,1,3,50-59
53305,NOR,Norway,invalid,rule_A_only,0,NORMAL,,0,0,0,0,0,14.0,4.240360758291025,0.4472135954999579,NA,-99,,213,1,44,1,3,40-49
53349,NOR,Norway,invalid,rule_A_only,5,NORMAL,,0,0,0,0,0,10.0,3.986972221283669,0.8215838362577491,Alle.  ,NA,,213,1,50,1,3,50-59
53367,NOR,Norway,invalid,rule_A_only,4,NORMAL,,0,0,0,0,0,13.0,5.026297048333897,0.9201575383978459,Alle,NA,,213,1,47,1,3,40-49
53385,NOR,Norway,invalid,rule_A_only,4,NORMAL,,0,0,0,0,0,6.0,6.153418336619781,0.30151134457776363,Alle,NA,,213,1,44,1,3,40-49
53408,NOR,Norway,invalid,rule_A_only,0,NORMAL,,0,0,0,0,0,13.0,5.80290880760979,,NA,-99,,213,1,36,1,3,30-39
53411,NOR,Norway,invalid,rule_A_only,5,NORMAL,,0,0,0,0,0,8.0,5.909540633492419,1.0,NA,Fakta,,213,1,38,0,4,30-39
53412,NOR,Norway,invalid,rule_A_only,0,NORMAL,,0,0,0,0,0,4.0,8.718274171641164,-0.6868028197434451,-99,NA,,213,1,21,1,3,18-29
53420,NOR,Norway,invalid,rule_A_only,3,NORMAL,,0,0,0,0,0,6.0,4.3707057348813425,0.4472135954999579,Yes,NA,,213,1,NA,1,4,NA
53431,NOR,Norway,invalid,rule_A_only,0,NORMAL,,0,0,0,0,0,7.0,5.877796262755203,0.5,NA,-99,,213,1,50,0,3,50-59
53475,NOR,Norway,invalid,rule_A_only,5,NORMAL,,0,0,0,0,0,13.0,3.826115391106234,0.6859943405700353,Masse,NA,,213,1,40,0,3,40-49
53477,NOR,Norway,invalid,rule_A_only,3,NORMAL,,0,0,0,0,0,10.0,4.627485058479443,-0.3535533905932738,NA,alt,,213,1,51,0,2,50-59
53481,NOR,Norway,invalid,rule_A_only,4,NORMAL,,0,0,0,0,0,12.0,4.18042884816547,,Alle,NA,,213,1,59,0,3,50-59
53599,NZL,New Zealand,invalid,rule_A_only,0,NORMAL,,0,0,0,0,0,4.0,6.315047092159801,0.727606875108999,-99,NA,,213,1,26,0,3,18-29
53808,NZL,New Zealand,invalid,rule_A_only,3,NORMAL,,0,0,0,0,0,5.0,6.3585728811146085,-0.6470588235294118,idk,NA,,213,1,27,1,4,18-29
53838,NZL,New Zealand,invalid,rule_A_only,4,NORMAL,,0,0,0,0,0,9.0,3.2132949726369557,0.31622776601683794,NA,Data,,213,1,40,0,4,40-49
53860,NZL,New Zealand,invalid,rule_A_only,5,NORMAL,,0,0,0,0,0,10.0,4.3437448725773224,,NA,Facts,,213,1,48,0,3,40-49
53869,NZL,New Zealand,invalid,rule_A_only,0,NORMAL,,0,0,0,0,0,3.0,8.038118090715738,0.5426095162342934,-99,NA,,213,1,23,1,4,18-29
53879,NZL,New Zealand,invalid,rule_A_only,3,NORMAL,,0,0,0,0,0,13.0,6.982320897569732,,NA,nil,,213,1,58,1,3,50-59
53884,NZL,New Zealand,invalid,rule_A_only,0,NORMAL,,0,0,0,0,0,4.0,4.506733670759424,-0.3333333333333333,-99,NA,,213,1,33,1,4,30-39
53886,NZL,New Zealand,invalid,rule_A_only,0,NORMAL,,0,0,0,0,0,5.0,3.7982034385213304,0.5,-99,NA,,213,1,35,1,4,30-39
53905,NZL,New Zealand,invalid,rule_A_only,5,NORMAL,,0,0,0,0,0,15.0,4.808750855673148,0.5423261445466404,NA,tests,,213,1,35,1,4,30-39
53935,NZL,New Zealand,invalid,rule_A_only,0,NORMAL,,0,0,0,0,0,4.0,4.29657806170598,0.31622776601683794,-99,NA,,213,1,31,1,4,30-39
53941,NZL,New Zealand,invalid,rule_A_only,3,NORMAL,,0,0,0,0,0,5.0,3.6193024499802564,,NA,Idk,,213,1,26,1,4,18-29
53983,NZL,New Zealand,invalid,rule_A_only,2,NORMAL,,0,0,0,0,0,6.0,8.19082914492603,0.8696263565463043,dk,NA,,213,1,29,1,4,18-29
53984,NZL,New Zealand,invalid,rule_A_only,3,NORMAL,,0,0,0,0,0,11.0,5.108002964161038,,All,NA,,213,1,41,1,4,40-49
54013,NZL,New Zealand,invalid,rule_A_only,5,NORMAL,,0,0,0,0,0,6.0,4.148741172265624,1.0,NA,major,,213,1,41,1,4,40-49
54160,NZL,New Zealand,invalid,rule_A_only,0,NORMAL,,0,0,0,0,0,4.0,4.414727400468496,,NA,-99,,213,1,31,0,4,30-39
54161,NZL,New Zealand,invalid,rule_A_only,0,NORMAL,,0,0,0,0,0,4.0,4.320805742042577,0.6123724356957946,-99,NA,,213,1,23,0,4,18-29
54162,NZL,New Zealand,invalid,rule_A_only,0,NORMAL,,0,0,0,0,0,3.0,4.7106077853608594,-0.25,NA,-99,,213,1,32,0,4,30-39
54163,NZL,New Zealand,invalid,rule_A_only,0,NORMAL,,0,0,0,0,0,3.0,4.0641701673479504,,NA,-99,,213,1,25,0,4,18-29
54164,NZL,New Zealand,invalid,rule_A_only,0,NORMAL,,0,0,0,0,0,3.0,3.970677491998811,,-99,NA,,213,1,26,0,4,18-29
54165,NZL,New Zealand,invalid,rule_A_only,0,NORMAL,,0,0,0,0,0,5.0,5.163443471232424,0.0,-99,NA,,213,1,36,0,4,30-39
54167,NZL,New Zealand,invalid,rule_A_only,0,NORMAL,,0,0,0,0,0,3.0,4.674888207991542,0.0,NA,-99,,213,1,32,0,4,30-39
54168,NZL,New Zealand,invalid,rule_A_only,0,NORMAL,,0,0,0,0,0,3.0,5.020590550235544,-0.6324555320336759,-99,NA,,213,1,30,1,4,30-39
54179,NZL,New Zealand,invalid,rule_A_only,0,NORMAL,,0,0,0,0,0,3.0,5.091095119090604,0.29277002188455997,NA,-99,,213,1,41,0,4,40-49
54184,NZL,New Zealand,invalid,rule_A_only,0,NORMAL,,0,0,0,0,0,5.0,4.894287067475457,,-99,NA,,213,1,34,0,4,30-39
54185,NZL,New Zealand,invalid,rule_A_only,0,NORMAL,,0,0,0,0,0,7.0,4.10912056114653,,-99,NA,,213,1,31,0,4,30-39
54186,NZL,New Zealand,invalid,rule_A_only,0,NORMAL,,0,0,0,0,0,4.0,4.7253453880685194,0.29277002188455997,NA,-99,,213,1,35,0,4,30-39
54187,NZL,New Zealand,invalid,rule_A_only,0,NORMAL,,0,0,0,0,0,4.0,4.5987420699803305,0.5,NA,-99,,213,1,33,0,4,30-39
54188,NZL,New Zealand,invalid,rule_A_only,0,NORMAL,,0,0,0,0,0,3.0,5.381630673692438,0.0,-99,NA,,213,1,27,0,4,18-29
54198,NZL,New Zealand,invalid,rule_A_only,0,NORMAL,,0,0,0,0,0,4.0,6.154591387605078,,NA,-99,,213,1,37,0,4,30-39
54199,NZL,New Zealand,invalid,rule_A_only,0,NORMAL,,0,0,0,0,0,4.0,6.349176544995232,-0.5855400437691199,-99,NA,,213,1,33,1,4,30-39
54200,NZL,New Zealand,invalid,rule_A_only,0,NORMAL,,0,0,0,0,0,3.0,6.033600004438046,-0.7592566023652966,-99,NA,,213,1,35,0,4,30-39
54201,NZL,New Zealand,invalid,rule_A_only,0,NORMAL,,0,0,0,0,0,5.0,6.900234878860986,0.4472135954999579,NA,-99,,213,1,34,0,4,30-39
54207,NZL,New Zealand,invalid,rule_A_only,0,NORMAL,,0,0,0,0,0,4.0,4.021719131432903,-0.6324555320336759,NA,-99,,213,1,31,0,4,30-39
54208,NZL,New Zealand,invalid,rule_A_only,0,NORMAL,,0,0,0,0,0,3.0,4.941874638991233,0.0,NA,-99,,213,1,40,0,4,40-49
54209,NZL,New Zealand,invalid,rule_A_only,0,NORMAL,,0,0,0,0,0,4.0,4.585855439757486,,NA,-99,,213,1,32,0,4,30-39
54210,NZL,New Zealand,invalid,rule_A_only,0,NORMAL,,0,0,0,0,0,3.0,5.6751764794443424,-0.3535533905932738,-99,NA,,213,1,44,1,4,40-49
54211,NZL,New Zealand,invalid,rule_A_only,0,NORMAL,,0,0,0,0,0,4.0,6.776124108034813,0.0,-99,NA,,213,1,43,1,4,40-49
54212,NZL,New Zealand,invalid,rule_A_only,0,NORMAL,,0,0,0,0,0,7.0,4.212890260063911,,NA,-99,,213,1,25,0,4,18-29
54213,NZL,New Zealand,invalid,rule_A_only,0,NORMAL,,0,0,0,0,0,5.0,4.683471009025978,,-99,NA,,213,1,29,0,4,18-29
54214,NZL,New Zealand,invalid,rule_A_only,0,NORMAL,,0,0,0,0,0,4.0,4.681807424958906,,-99,NA,,213,1,28,0,4,18-29
54218,NZL,New Zealand,invalid,rule_A_only,0,NORMAL,,0,0,0,0,0,3.0,5.470361544726114,0.3872983346207417,-99,NA,,213,1,35,0,4,30-39
54220,NZL,New Zealand,invalid,rule_A_only,0,NORMAL,,0,0,0,0,0,4.0,5.35871245059401,0.08304547985373997,NA,-99,,213,1,36,1,4,30-39
54221,NZL,New Zealand,invalid,rule_A_only,0,NORMAL,,0,0,0,0,0,3.0,5.421474980584774,0.0,NA,-99,,213,1,42,1,4,40-49
54222,NZL,New Zealand,invalid,rule_A_only,0,NORMAL,,0,0,0,0,0,4.0,4.410459178528389,,-99,NA,,213,1,39,0,4,30-39
54223,NZL,New Zealand,invalid,rule_A_only,0,NORMAL,,0,0,0,0,0,3.0,4.4678717312796055,0.7071067811865476,NA,-99,,213,1,37,0,4,30-39
54225,NZL,New Zealand,invalid,rule_A_only,0,NORMAL,,0,0,0,0,0,4.0,4.394867671639807,-0.4472135954999579,-99,NA,,213,1,31,0,4,30-39
54226,NZL,New Zealand,invalid,rule_A_only,0,NORMAL,,0,0,0,0,0,3.0,4.356258040059102,,-99,NA,,213,1,38,0,4,30-39
54227,NZL,New Zealand,invalid,rule_A_only,0,NORMAL,,0,0,0,0,0,4.0,4.481844893103202,,NA,-99,,213,1,24,0,4,18-29
54230,NZL,New Zealand,invalid,rule_A_only,0,NORMAL,,0,0,0,0,0,3.0,5.841561590480612,0.0,NA,-99,,213,1,39,1,4,30-39
54231,NZL,New Zealand,invalid,rule_A_only,0,NORMAL,,0,0,0,0,0,3.0,5.088258024244927,-0.4472135954999579,NA,-99,,213,1,38,1,4,30-39
54232,NZL,New Zealand,invalid,rule_A_only,0,NORMAL,,0,0,0,0,0,4.0,4.749974765032853,-0.6123724356957946,-99,NA,,213,1,41,1,4,40-49
54234,NZL,New Zealand,invalid,rule_A_only,0,NORMAL,,0,0,0,0,0,5.0,3.909520677397521,,-99,NA,,213,1,35,1,4,30-39
54256,NZL,New Zealand,invalid,rule_A_only,0,NORMAL,,0,0,0,0,0,4.0,5.291741260374336,0.4629100498862757,-99,NA,,213,1,34,1,4,30-39
54293,NZL,New Zealand,invalid,rule_A_only,0,NORMAL,,0,0,0,0,0,3.0,4.851149363195983,0.2,-99,NA,,213,1,33,0,4,30-39
54297,NZL,New Zealand,invalid,rule_A_only,3,NORMAL,,0,0,0,0,0,7.0,3.3681023164550745,0.6324555320336759,NA,n/a,,213,1,41,0,3,40-49
54360,NZL,New Zealand,invalid,rule_A_only,0,NORMAL,,0,0,0,0,0,6.0,5.640373983144231,0.408248290463863,-99,NA,,213,1,34,1,4,30-39
54361,NZL,New Zealand,invalid,rule_A_only,0,NORMAL,,0,0,0,0,0,3.0,5.123925630754707,-0.242535625036333,-99,NA,,213,1,32,1,4,30-39
54373,NZL,New Zealand,invalid,rule_A_only,0,NORMAL,,0,0,0,0,0,4.0,4.854002838965168,0.0,-99,NA,,213,1,34,0,4,30-39
54401,NZL,New Zealand,invalid,rule_A_only,0,NORMAL,,0,0,0,0,0,4.0,4.876663109348455,0.0,-99,NA,,213,1,34,1,4,30-39
54403,NZL,New Zealand,invalid,rule_A_only,0,NORMAL,,0,0,0,0,0,4.0,5.6013406078504735,0.727606875108999,NA,-99,,213,1,35,1,4,30-39
54407,NZL,New Zealand,invalid,rule_A_only,0,NORMAL,,0,0,0,0,0,3.0,4.858019746070636,-0.6123724356957946,NA,-99,,213,1,37,0,4,30-39
54409,NZL,New Zealand,invalid,rule_A_only,0,NORMAL,,0,0,0,0,0,4.0,4.422362077899992,-0.7071067811865476,NA,-99,,213,1,42,0,4,40-49
54411,NZL,New Zealand,invalid,rule_A_only,0,NORMAL,,0,0,0,0,0,4.0,5.2663963359169115,0.0,NA,-99,,213,1,37,0,4,30-39
54413,NZL,New Zealand,invalid,rule_A_only,0,NORMAL,,0,0,0,0,0,4.0,4.87351942940433,-0.17149858514250882,-99,NA,,213,1,36,0,4,30-39
54415,NZL,New Zealand,invalid,rule_A_only,0,NORMAL,,0,0,0,0,0,9.0,3.7898280605670696,1.0,NA,-99,,213,1,36,0,4,30-39
54419,NZL,New Zealand,invalid,rule_A_only,0,NORMAL,,0,0,0,0,0,3.0,5.049785898593017,0.7745966692414834,NA,-99,,213,1,39,0,4,30-39
54421,NZL,New Zealand,invalid,rule_A_only,0,NORMAL,,0,0,0,0,0,2.0,5.1099179781079425,-0.29277002188455997,-99,NA,,213,1,41,0,4,40-49
54424,NZL,New Zealand,invalid,rule_A_only,0,NORMAL,,0,0,0,0,0,3.0,5.600601740885474,-0.8574929257125441,NA,-99,,213,1,41,1,4,40-49
54425,NZL,New Zealand,invalid,rule_A_only,0,NORMAL,,0,0,0,0,0,6.0,4.261717776125351,-0.4472135954999579,-99,NA,,213,1,42,1,4,40-49
54427,NZL,New Zealand,invalid,rule_A_only,0,NORMAL,,0,0,0,0,0,9.0,5.047433976006191,0.0,-99,NA,,213,1,37,0,4,30-39
54428,NZL,New Zealand,invalid,rule_A_only,0,NORMAL,,0,0,0,0,0,3.0,5.464462195254436,0.29277002188455997,-99,NA,,213,1,35,1,4,30-39
54431,NZL,New Zealand,invalid,rule_A_only,0,NORMAL,,0,0,0,0,0,4.0,5.2807987391791515,0.058823529411764705,NA,-99,,213,1,40,1,4,40-49
54437,NZL,New Zealand,invalid,rule_A_only,0,NORMAL,,0,0,0,0,0,4.0,5.003879171612744,-0.7071067811865476,-99,NA,,213,1,40,1,4,40-49
54440,NZL,New Zealand,invalid,rule_A_only,5,NORMAL,,0,0,0,0,0,10.0,4.216460128475744,,below,NA,,213,1,24,1,2,18-29
54443,NZL,New Zealand,invalid,rule_A_only,3,NORMAL,,0,0,0,0,0,8.0,4.018894162761247,0.0,NA,hgh,,213,1,25,1,4,18-29
54445,NZL,New Zealand,invalid,rule_A_only,5,NORMAL,,0,0,0,0,0,9.0,4.179935455801873,-0.4472135954999579,NA,below,,213,1,24,0,2,18-29
54447,NZL,New Zealand,invalid,rule_A_only,5,NORMAL,,0,0,0,0,0,6.0,4.162644791614791,,NA,below,,213,1,24,1,4,18-29
54469,NZL,New Zealand,invalid,rule_A_only,5,NORMAL,,0,0,0,0,0,12.0,3.905437914736814,,NA,write,,213,1,24,1,2,18-29
54586,NZL,New Zealand,invalid,rule_A_only,0,NORMAL,,0,0,0,0,0,15.0,4.2952823534235325,0.5773502691896257,NA,-99,,213,1,27,0,3,18-29
54742,NZL,New Zealand,invalid,rule_A_only,0,NORMAL,,0,0,0,0,0,5.0,4.779756589302536,0.31622776601683794,-99,NA,,213,1,25,1,3,18-29
54779,NZL,New Zealand,invalid,rule_A_only,0,NORMAL,,0,0,0,0,0,3.0,5.184407146924626,-0.3333333333333333,NA,-99,,213,1,25,1,3,18-29
54781,NZL,New Zealand,invalid,rule_A_only,0,NORMAL,,0,0,0,0,0,6.0,4.477796360581509,0.3333333333333333,-99,NA,,213,1,25,1,3,18-29
54783,NZL,New Zealand,invalid,rule_A_only,0,NORMAL,,0,0,0,0,0,3.0,5.11883860026989,0.17149858514250882,NA,-99,,213,1,25,1,3,18-29
54895,NZL,New Zealand,invalid,rule_A_only,0,NORMAL,,0,0,0,0,0,3.0,3.990453172120984,-0.5,NA,-99,,213,1,39,1,4,30-39
54898,NZL,New Zealand,invalid,rule_A_only,3,NORMAL,,0,0,0,0,0,15.0,3.710421260027121,,all,NA,,213,1,48,0,4,40-49
54936,NZL,New Zealand,invalid,rule_A_only,0,NORMAL,,0,0,0,0,0,3.0,4.734695434747108,0.0,-99,NA,,213,1,41,1,4,40-49
54944,NZL,New Zealand,invalid,rule_A_only,0,NORMAL,,0,0,0,0,0,6.0,5.3332100263761015,-0.4338609156373123,NA,-99,,213,1,45,1,4,40-49
54955,NZL,New Zealand,invalid,rule_A_only,0,NORMAL,,0,0,0,0,0,4.0,4.652553505242643,-0.7071067811865476,NA,-99,,213,1,35,1,4,30-39
54974,NZL,New Zealand,invalid,rule_A_only,0,NORMAL,,0,0,0,0,0,4.0,4.775235282819939,-0.6324555320336759,-99,NA,,213,1,45,1,4,40-49
55030,NZL,New Zealand,invalid,rule_A_only,0,NORMAL,,0,0,0,0,0,6.0,4.277691891608027,0.7071067811865476,NA,-99,,213,1,25,1,4,18-29
55032,NZL,New Zealand,invalid,rule_A_only,0,NORMAL,,0,0,0,0,0,3.0,4.456472168660908,-0.7071067811865476,-99,NA,,213,1,36,1,4,30-39
55035,NZL,New Zealand,invalid,rule_A_only,0,NORMAL,,0,0,0,0,0,3.0,5.460432746198755,0.4472135954999579,NA,-99,,213,1,45,0,4,40-49
55036,NZL,New Zealand,invalid,rule_A_only,0,NORMAL,,0,0,0,0,0,2.0,4.834401341837412,0.0,-99,NA,,213,1,35,1,4,30-39
55043,NZL,New Zealand,invalid,rule_A_only,0,NORMAL,,0,0,0,0,0,5.0,4.797212678001975,-0.10846522890932808,-99,NA,,213,1,44,0,4,40-49
55044,NZL,New Zealand,invalid,rule_A_only,0,NORMAL,,0,0,0,0,0,2.0,4.866400112564417,-0.17149858514250882,-99,NA,,213,1,48,0,4,40-49
55045,NZL,New Zealand,invalid,rule_A_only,0,NORMAL,,0,0,0,0,0,3.0,4.350152946083805,-0.6324555320336759,-99,NA,,213,1,22,1,4,18-29
55046,NZL,New Zealand,invalid,rule_A_only,0,NORMAL,,0,0,0,0,0,4.0,3.9118473522874315,,-99,NA,,213,1,41,1,4,40-49
55052,NZL,New Zealand,invalid,rule_A_only,0,NORMAL,,0,0,0,0,0,9.0,4.2981406058017075,,NA,-99,,213,1,56,0,4,50-59
55055,NZL,New Zealand,invalid,rule_A_only,0,NORMAL,,0,0,0,0,0,16.0,4.04905256251104,,NA,-99,,213,1,46,0,4,40-49
55066,NZL,New Zealand,invalid,rule_A_only,0,NORMAL,,0,0,0,0,0,10.0,4.343345453360142,,-99,NA,,213,1,42,0,4,40-49
55069,NZL,New Zealand,invalid,rule_A_only,0,NORMAL,,0,0,0,0,0,12.0,3.3847887709012547,,NA,-99,,213,1,49,0,4,40-49
55070,NZL,New Zealand,invalid,rule_A_only,0,NORMAL,,0,0,0,0,0,4.0,4.520557093395278,-0.7071067811865476,NA,-99,,213,1,46,0,4,40-49
55071,NZL,New Zealand,invalid,rule_A_only,0,NORMAL,,0,0,0,0,0,5.0,3.7277023146547066,-0.5,-99,NA,,213,1,35,1,4,30-39
55077,NZL,New Zealand,invalid,rule_A_only,0,NORMAL,,0,0,0,0,0,4.0,4.410652405682188,-0.3333333333333333,NA,-99,,213,1,45,0,4,40-49
55079,NZL,New Zealand,invalid,rule_A_only,0,NORMAL,,0,0,0,0,0,5.0,3.7252751491725475,-0.2,-99,NA,,213,1,25,1,4,18-29
55081,NZL,New Zealand,invalid,rule_A_only,0,NORMAL,,0,0,0,0,0,5.0,4.99821115592695,0.5423261445466404,-99,NA,,213,1,24,1,4,18-29
55085,NZL,New Zealand,invalid,rule_A_only,0,NORMAL,,0,0,0,0,0,4.0,3.734363670385595,-0.31622776601683794,NA,-99,,213,1,36,1,4,30-39
55086,NZL,New Zealand,invalid,rule_A_only,0,NORMAL,,0,0,0,0,0,3.0,4.5189812200852035,0.0,-99,NA,,213,1,49,1,4,40-49
55089,NZL,New Zealand,invalid,rule_A_only,0,NORMAL,,0,0,0,0,0,4.0,4.366027147591465,-0.4472135954999579,NA,-99,,213,1,46,1,4,40-49
55093,NZL,New Zealand,invalid,rule_A_only,0,NORMAL,,0,0,0,0,0,3.0,4.659574449903529,,-99,NA,,213,1,34,1,4,30-39
55094,NZL,New Zealand,invalid,rule_A_only,0,NORMAL,,0,0,0,0,0,4.0,4.959423814712852,-0.7071067811865476,NA,-99,,213,1,47,1,4,40-49
55096,NZL,New Zealand,invalid,rule_A_only,0,NORMAL,,0,0,0,0,0,4.0,4.686178118832464,0.5,-99,NA,,213,1,32,1,4,30-39
55098,NZL,New Zealand,invalid,rule_A_only,0,NORMAL,,0,0,0,0,0,3.0,5.407128944260932,-0.2,NA,-99,,213,1,31,1,4,30-39
55101,NZL,New Zealand,invalid,rule_A_only,0,NORMAL,,0,0,0,0,0,5.0,4.946256791546596,-0.7071067811865476,-99,NA,,213,1,48,1,4,40-49
55105,NZL,New Zealand,invalid,rule_A_only,0,NORMAL,,0,0,0,0,0,5.0,4.737825558350993,,NA,-99,,213,1,35,1,4,30-39
55106,NZL,New Zealand,invalid,rule_A_only,0,NORMAL,,0,0,0,0,0,5.0,3.978031509679539,,NA,-99,,213,1,47,1,4,40-49
55107,NZL,New Zealand,invalid,rule_A_only,0,NORMAL,,0,0,0,0,0,4.0,3.869711975055037,,-99,NA,,213,1,47,1,4,40-49
55108,NZL,New Zealand,invalid,rule_A_only,0,NORMAL,,0,0,0,0,0,4.0,4.692027374959839,0.3333333333333333,NA,-99,,213,1,49,1,4,40-49
55109,NZL,New Zealand,invalid,rule_A_only,0,NORMAL,,0,0,0,0,0,3.0,4.438696784385074,0.4472135954999579,-99,NA,,213,1,50,1,4,50-59
55117,NZL,New Zealand,invalid,rule_A_only,0,NORMAL,,0,0,0,0,0,5.0,3.899594904662895,,-99,NA,,213,1,47,1,4,40-49
55118,NZL,New Zealand,invalid,rule_A_only,0,NORMAL,,0,0,0,0,0,4.0,3.826946566970104,,NA,-99,,213,1,47,1,4,40-49
55119,NZL,New Zealand,invalid,rule_A_only,0,NORMAL,,0,0,0,0,0,3.0,5.859149588037763,-0.242535625036333,-99,NA,,213,1,33,1,4,30-39
55123,NZL,New Zealand,invalid,rule_A_only,0,NORMAL,,0,0,0,0,0,5.0,4.119430231121838,-0.4472135954999579,-99,NA,,213,1,25,1,4,18-29
55130,NZL,New Zealand,invalid,rule_A_only,0,NORMAL,,0,0,0,0,0,3.0,4.429926477035755,-0.4472135954999579,-99,NA,,213,1,44,1,4,40-49
55132,NZL,New Zealand,invalid,rule_A_only,0,NORMAL,,0,0,0,0,0,3.0,4.479364282660175,,NA,-99,,213,1,47,1,4,40-49
55133,NZL,New Zealand,invalid,rule_A_only,0,NORMAL,,0,0,0,0,0,3.0,3.976667351246449,0.2,NA,-99,,213,1,47,1,4,40-49
55135,NZL,New Zealand,invalid,rule_A_only,0,NORMAL,,0,0,0,0,0,4.0,6.122067427465775,-0.8017837257372732,NA,-99,,213,1,21,1,3,18-29
55145,NZL,New Zealand,invalid,rule_A_only,0,NORMAL,,0,0,0,0,0,4.0,4.87547851498233,-0.31622776601683794,-99,NA,,213,1,52,1,4,50-59
55148,NZL,New Zealand,invalid,rule_A_only,0,NORMAL,,0,0,0,0,0,3.0,4.459371660882505,-0.7071067811865476,NA,-99,,213,1,47,1,4,40-49
55150,NZL,New Zealand,invalid,rule_A_only,0,NORMAL,,0,0,0,0,0,4.0,4.758183444034558,-0.7071067811865476,-99,NA,,213,1,46,1,4,40-49
55152,NZL,New Zealand,invalid,rule_A_only,2,NORMAL,,0,0,0,0,0,6.0,4.068393350499908,1.0,me,NA,,213,1,48,0,4,40-49
55160,NZL,New Zealand,invalid,rule_A_only,0,NORMAL,,0,0,0,0,0,4.0,4.3625452920131575,-0.7071067811865476,-99,NA,,213,1,45,1,4,40-49
55191,NZL,New Zealand,invalid,rule_A_only,0,NORMAL,,0,0,0,0,0,4.0,4.954233370928624,0.408248290463863,-99,NA,,213,1,41,1,4,40-49
55194,NZL,New Zealand,invalid,rule_A_only,0,NORMAL,,0,0,0,0,0,15.0,3.3849147947225147,,NA,-99,,213,1,47,0,4,40-49
55212,NZL,New Zealand,invalid,rule_A_only,0,NORMAL,,0,0,0,0,0,6.0,5.107721625883244,0.31622776601683794,-99,NA,,213,1,44,1,4,40-49
55217,NZL,New Zealand,invalid,rule_A_only,0,NORMAL,,0,0,0,0,0,3.0,3.879516340263905,,NA,-99,,213,1,44,1,4,40-49
55218,NZL,New Zealand,invalid,rule_A_only,0,NORMAL,,0,0,0,0,0,6.0,4.363574042309439,0.25,-99,NA,,213,1,44,1,4,40-49
55220,NZL,New Zealand,invalid,rule_A_only,0,NORMAL,,0,0,0,0,0,6.0,3.637335020818557,-0.6324555320336759,NA,-99,,213,1,20,1,4,18-29
55223,NZL,New Zealand,invalid,rule_A_only,0,NORMAL,,0,0,0,0,0,4.0,5.144997340007347,,NA,-99,,213,1,48,1,4,40-49
55224,NZL,New Zealand,invalid,rule_A_only,0,NORMAL,,0,0,0,0,0,4.0,5.081177478425527,0.6324555320336759,-99,NA,,213,1,20,1,4,18-29
55227,NZL,New Zealand,invalid,rule_A_only,0,NORMAL,,0,0,0,0,0,4.0,3.999448661050067,-0.6324555320336759,-99,NA,,213,1,49,1,4,40-49
55228,NZL,New Zealand,invalid,rule_A_only,0,NORMAL,,0,0,0,0,0,5.0,4.210754558090529,,NA,-99,,213,1,48,1,4,40-49
55230,NZL,New Zealand,invalid,rule_A_only,0,NORMAL,,0,0,0,0,0,3.0,4.9111131157033405,-0.4472135954999579,-99,NA,,213,1,20,1,4,18-29
55242,NZL,New Zealand,invalid,rule_A_only,0,NORMAL,,0,0,0,0,0,5.0,4.355324053999591,0.31622776601683794,NA,-99,,213,1,44,1,4,40-49
55247,NZL,New Zealand,invalid,rule_A_only,0,NORMAL,,0,0,0,0,0,12.0,3.9133397429661447,,-99,NA,,213,1,29,1,4,18-29
55249,NZL,New Zealand,invalid,rule_A_only,0,NORMAL,,0,0,0,0,0,12.0,4.655981355456065,0.0,-99,NA,,213,1,26,1,4,18-29
55250,NZL,New Zealand,invalid,rule_A_only,0,NORMAL,,0,0,0,0,0,13.0,5.377567196865435,0.5,NA,-99,,213,1,28,1,4,18-29
55265,NZL,New Zealand,invalid,rule_A_only,0,NORMAL,,0,0,0,0,0,4.0,5.068678834899854,-0.7071067811865476,-99,NA,,213,1,48,1,4,40-49
55266,NZL,New Zealand,invalid,rule_A_only,0,NORMAL,,0,0,0,0,0,4.0,3.9812161198182716,,-99,NA,,213,1,20,1,4,18-29
55268,NZL,New Zealand,invalid,rule_A_only,0,NORMAL,,0,0,0,0,0,4.0,5.128967059774615,0.0,-99,NA,,213,1,49,1,4,40-49
55269,NZL,New Zealand,invalid,rule_A_only,0,NORMAL,,0,0,0,0,0,5.0,4.802703130826,0.8944271909999159,NA,-99,,213,1,48,1,4,40-49
55270,NZL,New Zealand,invalid,rule_A_only,0,NORMAL,,0,0,0,0,0,4.0,4.525614198382063,,-99,NA,,213,1,21,1,4,18-29
55272,NZL,New Zealand,invalid,rule_A_only,5,NORMAL,,0,0,0,0,0,5.0,6.881048031356286,-0.31622776601683794,NA,truth,,213,1,43,0,4,40-49
55293,NZL,New Zealand,invalid,rule_A_only,0,NORMAL,,0,0,0,0,0,12.0,4.874638598760022,0.5423261445466404,-99,NA,,213,1,71,1,4,60+
55294,NZL,New Zealand,invalid,rule_A_only,0,NORMAL,,0,0,0,0,0,3.0,4.043413013340873,0.2,-99,NA,,213,1,44,1,4,40-49
55325,NZL,New Zealand,invalid,rule_A_only,0,NORMAL,,0,0,0,0,0,4.0,5.166177908225006,,-99,NA,,213,1,40,0,4,40-49
55327,NZL,New Zealand,invalid,rule_A_only,0,NORMAL,,0,0,0,0,0,3.0,5.626995878094434,0.08304547985373997,NA,-99,,213,1,40,0,4,40-49
55328,NZL,New Zealand,invalid,rule_A_only,0,NORMAL,,0,0,0,0,0,2.0,6.147356642900254,,-99,NA,,213,1,40,0,4,40-49
55329,NZL,New Zealand,invalid,rule_A_only,0,NORMAL,,0,0,0,0,0,15.0,3.5184093513286854,,-99,NA,,213,1,48,0,4,40-49
55342,NZL,New Zealand,invalid,rule_A_only,0,NORMAL,,0,0,0,0,0,3.0,4.165120956010301,-0.7071067811865476,-99,NA,,213,1,20,1,4,18-29
55344,NZL,New Zealand,invalid,rule_A_only,0,NORMAL,,0,0,0,0,0,3.0,4.281777206841424,,NA,-99,,213,1,21,1,4,18-29
55348,NZL,New Zealand,invalid,rule_A_only,0,NORMAL,,0,0,0,0,0,5.0,5.841152249408194,0.3872983346207417,NA,-99,,213,1,40,0,4,40-49
55349,NZL,New Zealand,invalid,rule_A_only,0,NORMAL,,0,0,0,0,0,7.0,5.305704063669803,,NA,-99,,213,1,40,0,4,40-49
55350,NZL,New Zealand,invalid,rule_A_only,0,NORMAL,,0,0,0,0,0,4.0,6.25345576815305,0.0,-99,NA,,213,1,40,0,4,40-49
55351,NZL,New Zealand,invalid,rule_A_only,0,NORMAL,,0,0,0,0,0,5.0,4.499303836513565,0.5423261445466404,NA,-99,,213,1,40,0,4,40-49
55352,NZL,New Zealand,invalid,rule_A_only,0,NORMAL,,0,0,0,0,0,3.0,4.609075094373932,,-99,NA,,213,1,40,0,4,40-49
55353,NZL,New Zealand,invalid,rule_A_only,0,NORMAL,,0,0,0,0,0,5.0,5.139997334820972,-0.6470588235294118,NA,-99,,213,1,40,0,4,40-49
55354,NZL,New Zealand,invalid,rule_A_only,0,NORMAL,,0,0,0,0,0,15.0,2.9786241541546694,,-99,NA,,213,1,42,0,4,40-49
55355,NZL,New Zealand,invalid,rule_A_only,0,NORMAL,,0,0,0,0,0,5.0,4.923704179350357,0.0,-99,NA,,213,1,40,0,4,40-49
55362,NZL,New Zealand,invalid,rule_A_only,0,NORMAL,,0,0,0,0,0,11.0,4.094915100107175,,-99,NA,,213,1,49,0,4,40-49
55363,NZL,New Zealand,invalid,rule_A_only,0,NORMAL,,0,0,0,0,0,9.0,3.2817650411211643,,-99,NA,,213,1,43,0,4,40-49
55365,NZL,New Zealand,invalid,rule_A_only,0,NORMAL,,0,0,0,0,0,3.0,6.0269453716031025,0.4472135954999579,-99,NA,,213,1,21,1,4,18-29
55366,NZL,New Zealand,invalid,rule_A_only,0,NORMAL,,0,0,0,0,0,5.0,4.221324640198708,0.0,NA,-99,,213,1,21,1,3,18-29
55369,NZL,New Zealand,invalid,rule_A_only,0,NORMAL,,0,0,0,0,0,3.0,4.654473620218117,-0.242535625036333,-99,NA,,213,1,21,1,3,18-29
55370,NZL,New Zealand,invalid,rule_A_only,0,NORMAL,,0,0,0,0,0,4.0,4.640298829535133,-0.7071067811865476,NA,-99,,213,1,21,1,3,18-29
55373,NZL,New Zealand,invalid,rule_A_only,0,NORMAL,,0,0,0,0,0,6.0,3.7965835345800536,0.7071067811865476,-99,NA,,213,1,21,1,3,18-29
55379,NZL,New Zealand,invalid,rule_A_only,0,NORMAL,,0,0,0,0,0,5.0,4.255010848030982,-0.31622776601683794,-99,NA,,213,1,20,1,4,18-29
55380,NZL,New Zealand,invalid,rule_A_only,0,NORMAL,,0,0,0,0,0,3.0,4.312862792571196,-0.7071067811865476,NA,-99,,213,1,21,1,4,18-29
55384,NZL,New Zealand,invalid,rule_A_only,0,NORMAL,,0,0,0,0,0,3.0,5.067836283411589,,-99,NA,,213,1,20,1,4,18-29
55431,NZL,New Zealand,invalid,rule_A_only,0,NORMAL,,0,0,0,0,0,5.0,5.330092243571722,-0.29277002188455997,-99,NA,,213,1,63,0,4,60+
55432,NZL,New Zealand,invalid,rule_A_only,0,NORMAL,,0,0,0,0,0,4.0,5.811461351504484,-0.4472135954999579,NA,-99,,213,1,64,0,4,60+
55434,NZL,New Zealand,invalid,rule_A_only,0,NORMAL,,0,0,0,0,0,5.0,4.894707378015484,0.15811388300841897,-99,NA,,213,1,62,0,4,60+
55435,NZL,New Zealand,invalid,rule_A_only,0,NORMAL,,0,0,0,0,0,4.0,5.010963181372816,0.0,NA,-99,,213,1,63,0,4,60+
55436,NZL,New Zealand,invalid,rule_A_only,0,NORMAL,,0,0,0,0,0,3.0,6.535922055908792,0.5940885257860046,NA,-99,,213,1,63,0,4,60+
55437,NZL,New Zealand,invalid,rule_A_only,0,NORMAL,,0,0,0,0,0,3.0,6.002994094847465,-0.454858826147342,-99,NA,,213,1,62,0,4,60+
55438,NZL,New Zealand,invalid,rule_A_only,0,NORMAL,,0,0,0,0,0,4.0,5.96406528973566,-0.4763305116224668,-99,NA,,213,1,64,0,4,60+
55441,NZL,New Zealand,invalid,rule_A_only,0,NORMAL,,0,0,0,0,0,4.0,5.330875266956638,0.31622776601683794,-99,NA,,213,1,61,0,4,60+
55442,NZL,New Zealand,invalid,rule_A_only,0,NORMAL,,0,0,0,0,0,4.0,5.252496305679908,0.0,NA,-99,,213,1,65,0,4,60+
55443,NZL,New Zealand,invalid,rule_A_only,0,NORMAL,,0,0,0,0,0,4.0,5.59016853409037,0.0,-99,NA,,213,1,62,0,4,60+
55444,NZL,New Zealand,invalid,rule_A_only,0,NORMAL,,0,0,0,0,0,3.0,4.560673201669629,,NA,-99,,213,1,57,1,4,50-59
55445,NZL,New Zealand,invalid,rule_A_only,0,NORMAL,,0,0,0,0,0,5.0,4.574039429642813,0.0,-99,NA,,213,1,56,0,4,50-59
55446,NZL,New Zealand,invalid,rule_A_only,0,NORMAL,,0,0,0,0,0,7.0,4.080335081907249,0.0,NA,-99,,213,1,61,0,4,60+
55447,NZL,New Zealand,invalid,rule_A_only,0,NORMAL,,0,0,0,0,0,5.0,4.179232157356713,,NA,-99,,213,1,67,0,4,60+
55454,NZL,New Zealand,invalid,rule_A_only,0,NORMAL,,0,0,0,0,0,4.0,4.753993567605492,0.242535625036333,-99,NA,,213,1,63,0,4,60+
55461,NZL,New Zealand,invalid,rule_A_only,0,NORMAL,,0,0,0,0,0,3.0,3.8654016114282306,,NA,-99,,213,1,57,0,4,50-59
55462,NZL,New Zealand,invalid,rule_A_only,0,NORMAL,,0,0,0,0,0,3.0,4.011952980572745,,NA,-99,,213,1,58,0,4,50-59
55463,NZL,New Zealand,invalid,rule_A_only,0,NORMAL,,0,0,0,0,0,4.0,4.314105181765716,-0.4472135954999579,-99,NA,,213,1,56,1,4,50-59
55464,NZL,New Zealand,invalid,rule_A_only,0,NORMAL,,0,0,0,0,0,5.0,3.975438903372278,-0.31622776601683794,-99,NA,,213,1,56,1,4,50-59
55465,NZL,New Zealand,invalid,rule_A_only,0,NORMAL,,0,0,0,0,0,5.0,3.995142014772725,-0.31622776601683794,NA,-99,,213,1,57,1,4,50-59
55466,NZL,New Zealand,invalid,rule_A_only,0,NORMAL,,0,0,0,0,0,5.0,6.51619137551758,-0.682288239221013,-99,NA,,213,1,65,0,4,60+
55467,NZL,New Zealand,invalid,rule_A_only,0,NORMAL,,0,0,0,0,0,3.0,6.0250874976338205,-0.8,NA,-99,,213,1,62,0,4,60+
55468,NZL,New Zealand,invalid,rule_A_only,0,NORMAL,,0,0,0,0,0,4.0,6.265956954197371,0.5854905538443584,NA,-99,,213,1,64,0,4,60+
55470,NZL,New Zealand,invalid,rule_A_only,0,NORMAL,,0,0,0,0,0,3.0,5.333164687747517,-0.7071067811865476,-99,NA,,213,1,62,0,4,60+
55471,NZL,New Zealand,invalid,rule_A_only,0,NORMAL,,0,0,0,0,0,4.0,6.5643159283823636,-0.2672612419124244,NA,-99,,213,1,63,0,4,60+
55473,NZL,New Zealand,invalid,rule_A_only,0,NORMAL,,0,0,0,0,0,3.0,5.924177132540768,0.9284766908852594,-99,NA,,213,1,67,0,4,60+
55474,NZL,New Zealand,invalid,rule_A_only,0,NORMAL,,0,0,0,0,0,4.0,5.057285875363667,0.08304547985373997,NA,-99,,213,1,65,0,4,60+
55475,NZL,New Zealand,invalid,rule_A_only,0,NORMAL,,0,0,0,0,0,3.0,5.373572946998491,-0.058823529411764705,-99,NA,,213,1,64,0,4,60+
55476,NZL,New Zealand,invalid,rule_A_only,0,NORMAL,,0,0,0,0,0,3.0,5.053832099600066,0.242535625036333,NA,-99,,213,1,66,0,4,60+
55478,NZL,New Zealand,invalid,rule_A_only,0,NORMAL,,0,0,0,0,0,3.0,5.006811159705463,-0.7071067811865476,-99,NA,,213,1,66,0,4,60+
55480,NZL,New Zealand,invalid,rule_A_only,0,NORMAL,,0,0,0,0,0,5.0,4.24396381491549,-0.5,NA,-99,,213,1,56,0,4,50-59
55481,NZL,New Zealand,invalid,rule_A_only,0,NORMAL,,0,0,0,0,0,2.0,5.5042265516520965,0.7745966692414834,-99,NA,,213,1,62,0,4,60+
55482,NZL,New Zealand,invalid,rule_A_only,0,NORMAL,,0,0,0,0,0,3.0,5.324784663270868,1.0,NA,-99,,213,1,67,0,4,60+
55483,NZL,New Zealand,invalid,rule_A_only,0,NORMAL,,0,0,0,0,0,3.0,5.233020344131973,0.17149858514250882,NA,-99,,213,1,60,0,4,60+
55486,NZL,New Zealand,invalid,rule_A_only,0,NORMAL,,0,0,0,0,0,5.0,4.950999449115937,0.7071067811865476,-99,NA,,213,1,55,0,4,50-59
55487,NZL,New Zealand,invalid,rule_A_only,0,NORMAL,,0,0,0,0,0,6.0,3.9666937870139365,0.3333333333333333,NA,-99,,213,1,56,0,4,50-59
55488,NZL,New Zealand,invalid,rule_A_only,0,NORMAL,,0,0,0,0,0,4.0,4.434260543749739,,NA,-99,,213,1,57,1,4,50-59
55489,NZL,New Zealand,invalid,rule_A_only,0,NORMAL,,0,0,0,0,0,4.0,5.541557874415846,-0.5773502691896257,-99,NA,,213,1,55,0,4,50-59
55491,NZL,New Zealand,invalid,rule_A_only,0,NORMAL,,0,0,0,0,0,4.0,4.488356321820366,-0.4472135954999579,NA,-99,,213,1,57,1,4,50-59
55492,NZL,New Zealand,invalid,rule_A_only,0,NORMAL,,0,0,0,0,0,3.0,4.904776803285917,-0.5,-99,NA,,213,1,57,1,4,50-59
55493,NZL,New Zealand,invalid,rule_A_only,0,NORMAL,,0,0,0,0,0,3.0,4.504498887316589,,NA,-99,,213,1,57,1,4,50-59
55494,NZL,New Zealand,invalid,rule_A_only,0,NORMAL,,0,0,0,0,0,3.0,4.895937937402064,0.5423261445466404,-99,NA,,213,1,56,0,4,50-59
55499,NZL,New Zealand,invalid,rule_A_only,0,NORMAL,,0,0,0,0,0,4.0,4.66812032176317,,NA,-99,,213,1,57,1,4,50-59
55500,NZL,New Zealand,invalid,rule_A_only,0,NORMAL,,0,0,0,0,0,4.0,4.580588198269858,,-99,NA,,213,1,57,1,4,50-59
55501,NZL,New Zealand,invalid,rule_A_only,0,NORMAL,,0,0,0,0,0,4.0,4.666156841423327,-0.6324555320336759,NA,-99,,213,1,57,1,4,50-59
55502,NZL,New Zealand,invalid,rule_A_only,0,NORMAL,,0,0,0,0,0,3.0,4.220852636115632,-0.31622776601683794,-99,NA,,213,1,58,0,4,50-59
55503,NZL,New Zealand,invalid,rule_A_only,0,NORMAL,,0,0,0,0,0,3.0,4.384868485018054,,NA,-99,,213,1,57,1,4,50-59
55504,NZL,New Zealand,invalid,rule_A_only,0,NORMAL,,0,0,0,0,0,3.0,4.547909913917751,0.42008402520840293,NA,-99,,213,1,54,1,4,50-59
55505,NZL,New Zealand,invalid,rule_A_only,0,NORMAL,,0,0,0,0,0,5.0,4.402946767437754,0.5423261445466404,NA,-99,,213,1,57,1,3,50-59
55508,NZL,New Zealand,invalid,rule_A_only,0,NORMAL,,0,0,0,0,0,3.0,5.120437640177048,0.8,NA,-99,,213,1,53,1,4,50-59
55515,NZL,New Zealand,invalid,rule_A_only,0,NORMAL,,0,0,0,0,0,5.0,3.9896530394839473,,-99,NA,,213,1,55,0,4,50-59
55517,NZL,New Zealand,invalid,rule_A_only,0,NORMAL,,0,0,0,0,0,5.0,5.2592513029408705,0.0,NA,-99,,213,1,53,1,4,50-59
55519,NZL,New Zealand,invalid,rule_A_only,0,NORMAL,,0,0,0,0,0,4.0,4.653714588709118,-0.29277002188455997,-99,NA,,213,1,52,1,4,50-59
55520,NZL,New Zealand,invalid,rule_A_only,0,NORMAL,,0,0,0,0,0,3.0,5.830426160058895,0.34299717028501764,-99,NA,,213,1,52,1,4,50-59
55525,NZL,New Zealand,invalid,rule_A_only,0,NORMAL,,0,0,0,0,0,4.0,4.833663296803829,0.0,-99,NA,,213,1,53,1,4,50-59
55526,NZL,New Zealand,invalid,rule_A_only,0,NORMAL,,0,0,0,0,0,5.0,5.605868467661298,0.242535625036333,-99,NA,,213,1,53,1,4,50-59
55527,NZL,New Zealand,invalid,rule_A_only,0,NORMAL,,0,0,0,0,0,4.0,4.813890480291475,-0.31622776601683794,-99,NA,,213,1,53,1,4,50-59
55529,NZL,New Zealand,invalid,rule_A_only,0,NORMAL,,0,0,0,0,0,7.0,4.029633836276282,-0.5,-99,NA,,213,1,57,1,4,50-59
55530,NZL,New Zealand,invalid,rule_A_only,0,NORMAL,,0,0,0,0,0,6.0,4.053106757140221,-0.4472135954999579,NA,-99,,213,1,57,1,4,50-59
55532,NZL,New Zealand,invalid,rule_A_only,0,NORMAL,,0,0,0,0,0,7.0,4.052948642744834,-0.31622776601683794,NA,-99,,213,1,57,1,4,50-59
55533,NZL,New Zealand,invalid,rule_A_only,0,NORMAL,,0,0,0,0,0,4.0,4.172535677763841,0.5,-99,NA,,213,1,52,1,4,50-59
55535,NZL,New Zealand,invalid,rule_A_only,0,NORMAL,,0,0,0,0,0,3.0,4.05133349696699,,NA,-99,,213,1,53,1,4,50-59
55539,NZL,New Zealand,invalid,rule_A_only,0,NORMAL,,0,0,0,0,0,4.0,3.945712560660706,0.31622776601683794,-99,NA,,213,1,51,0,3,50-59
55540,NZL,New Zealand,invalid,rule_A_only,0,NORMAL,,0,0,0,0,0,5.0,4.367658836906927,0.34299717028501764,NA,-99,,213,1,52,0,3,50-59
55541,NZL,New Zealand,invalid,rule_A_only,0,NORMAL,,0,0,0,0,0,4.0,4.719263052702516,0.15811388300841897,-99,NA,,213,1,54,1,4,50-59
55544,NZL,New Zealand,invalid,rule_A_only,0,NORMAL,,0,0,0,0,0,4.0,4.239778808412332,-0.31622776601683794,-99,NA,,213,1,58,1,3,50-59
55545,NZL,New Zealand,invalid,rule_A_only,0,NORMAL,,0,0,0,0,0,3.0,4.941240527223488,0.2,NA,-99,,213,1,53,1,4,50-59
55547,NZL,New Zealand,invalid,rule_A_only,0,NORMAL,,0,0,0,0,0,3.0,4.890659416927592,-0.3333333333333333,-99,NA,,213,1,57,1,4,50-59
55549,NZL,New Zealand,invalid,rule_A_only,0,NORMAL,,0,0,0,0,0,5.0,4.634206194345329,-0.4472135954999579,-99,NA,,213,1,54,1,4,50-59
55550,NZL,New Zealand,invalid,rule_A_only,0,NORMAL,,0,0,0,0,0,6.0,4.735701668669333,,-99,NA,,213,1,53,1,4,50-59
55553,NZL,New Zealand,invalid,rule_A_only,0,NORMAL,,0,0,0,0,0,5.0,5.234059708585994,-0.4338609156373123,-99,NA,,213,1,53,1,4,50-59
55554,NZL,New Zealand,invalid,rule_A_only,0,NORMAL,,0,0,0,0,0,4.0,4.897307888937256,-0.2,NA,-99,,213,1,54,1,4,50-59
55865,PER,Peru,invalid,rule_A_only,0,NORMAL,,0,0,0,0,0,16.0,5.972538372077725,-0.2,-99,NA,,213,1,53,1,4,50-59
55980,PER,Peru,invalid,rule_A_only,5,NORMAL,,0,0,0,0,0,12.0,4.214667139519081,,Todos ,NA,,213,1,42,1,3,40-49
56202,PHL,Philippines,invalid,rule_A_only,5,NORMAL,,0,0,0,0,0,9.0,2.645365242657155,,NA,Agree,,213,1,57,1,3,50-59
56219,PHL,Philippines,invalid,rule_A_only,0,NORMAL,,0,0,0,0,0,12.0,3.8379746055375916,0.7071067811865476,NA,-99,,213,1,61,0,4,60+
56434,PHL,Philippines,invalid,rule_A_only,0,NORMAL,,0,0,0,0,0,6.0,4.299104129687276,0.10846522890932808,NA,-99,,213,1,31,0,4,30-39
56481,PHL,Philippines,invalid,rule_A_only,0,NORMAL,,0,0,0,0,0,7.0,6.336067011335226,0.0,NA,-99,,213,1,31,NA,4,30-39
56503,PHL,Philippines,invalid,rule_A_only,0,NORMAL,,0,0,0,0,0,12.0,3.440254463739208,,NA,-99,,213,1,22,NA,3,18-29
56650,PHL,Philippines,invalid,rule_A_only,0,NORMAL,,0,0,0,0,0,9.0,3.783669703728846,,NA,-99,,213,1,49,NA,4,40-49
56753,POL,Poland,invalid,rule_A_only,3,NORMAL,,0,0,0,0,0,15.0,4.43643664546342,0.7071067811865476,NA,Tak,,213,1,32,0,4,30-39
56849,POL,Poland,invalid,rule_A_only,5,NORMAL,,0,0,0,0,0,4.0,6.0110120287182465,-0.5423261445466404,Firmy,NA,,213,1,56,1,3,50-59
56866,POL,Poland,invalid,rule_A_only,5,NORMAL,,0,0,0,0,0,15.0,2.5295693579883345,,Świat ,NA,,213,1,32,1,4,30-39
56867,POL,Poland,invalid,rule_A_only,0,NORMAL,,0,0,0,0,0,5.0,7.13799528774552,0.6,-99,NA,,213,1,19,0,3,18-29
56889,POL,Poland,invalid,rule_A_only,4,NORMAL,,0,0,0,0,0,6.0,7.610229705149591,-0.7416198487095663,Brak ,NA,,213,1,21,1,2,18-29
56942,POL,Poland,invalid,rule_A_only,0,NORMAL,,0,0,0,0,0,4.0,6.89534075703542,-0.6324555320336759,-99,NA,,213,1,80,1,3,60+
57046,POL,Poland,invalid,rule_A_only,1,NORMAL,,0,0,0,0,0,4.0,8.065404718481435,-0.19425717247145283,z,NA,,213,1,45,0,4,40-49
57047,POL,Poland,invalid,rule_A_only,0,NORMAL,,0,0,0,0,0,5.0,5.697373977908637,0.970142500145332,-99,NA,,213,1,18,0,3,18-29
57102,POL,Poland,invalid,rule_A_only,0,NORMAL,,0,0,0,0,0,8.0,3.657105716886057,0.6565321642986127,-99,NA,,213,1,38,0,4,30-39
57120,POL,Poland,invalid,rule_A_only,0,NORMAL,,0,0,0,0,0,5.0,8.020593977290796,0.48245064067700766,-99,NA,,213,1,62,1,4,60+
57125,POL,Poland,invalid,rule_A_only,4,NORMAL,,0,0,0,0,0,6.0,4.568425130371113,0.29277002188455997,rząd,NA,,213,1,75,1,3,60+
57131,POL,Poland,invalid,rule_A_only,0,NORMAL,,0,0,0,0,0,7.0,4.778990174554881,0.9135002783911397,-99,NA,,213,1,62,0,4,60+
57411,POL,Poland,invalid,rule_A_only,1,NORMAL,,0,0,0,0,0,12.0,4.903822419429806,0.7071067811865476,NA,-,,213,1,29,1,4,18-29
57506,POL,Poland,invalid,rule_A_only,0,NORMAL,,0,0,0,0,0,9.0,4.808593449277395,,-99,NA,,213,1,20,NA,4,18-29
57524,POL,Poland,invalid,rule_A_only,4,NORMAL,,0,0,0,0,0,5.0,7.6721809926382525,0.3492151478847891,Rząd ,NA,,213,1,19,1,3,18-29
57564,POL,Poland,invalid,rule_A_only,0,NORMAL,,0,0,0,0,0,8.0,6.206598875318717,0.3364632924552266,-99,NA,,213,1,39,0,3,30-39
57578,POL,Poland,invalid,rule_A_only,0,NORMAL,,0,0,0,0,0,9.0,4.643529344680204,0.6324555320336759,-99,NA,,213,1,35,1,4,30-39
57659,POL,Poland,invalid,rule_A_only,2,NORMAL,,0,0,0,0,0,16.0,5.855983545342468,,ja,NA,,213,1,42,1,3,40-49
57796,POL,Poland,invalid,rule_A_only,0,NORMAL,,0,0,0,0,0,12.0,4.1482423832679,-0.7071067811865476,-99,NA,,213,1,44,1,3,40-49
57803,POL,Poland,invalid,rule_A_only,0,NORMAL,,0,0,0,0,0,6.0,4.496095086617434,0.13130643285972254,NA,-99,,213,1,46,0,4,40-49
57823,POL,Poland,invalid,rule_A_only,4,NORMAL,,0,0,0,0,0,13.0,3.135701430082168,,NA,Jest ,,213,1,30,1,3,30-39
57853,POL,Poland,invalid,rule_A_only,5,NORMAL,,0,0,0,0,0,5.0,5.89520138659964,-0.25,NA,Znany ,,213,1,39,1,2,30-39
57918,POL,Poland,invalid,rule_A_only,5,NORMAL,,0,0,0,0,0,8.0,4.578526853111954,0.4338609156373123,dunno,NA,,213,1,23,1,3,18-29
58056,POL,Poland,invalid,rule_A_only,5,NORMAL,,0,0,0,0,0,11.0,4.053790762700815,0.2,NA,Tytuł,,213,1,20,0,3,18-29
58067,POL,Poland,invalid,rule_A_only,0,NORMAL,,0,0,0,0,0,16.0,7.7643716262954605,0.9428090415820635,NA,-99,,213,1,22,0,3,18-29
58109,POL,Poland,invalid,rule_A_only,0,NORMAL,,0,0,0,0,0,6.0,4.9788136269337215,0.9191450300180578,-99,NA,,213,1,45,NA,3,40-49
58113,POL,Poland,invalid,rule_A_only,0,NORMAL,,0,0,0,0,0,3.0,4.523759174365853,0.7647058823529411,-99,NA,,213,1,22,2,3,18-29
58161,POL,Poland,invalid,rule_A_only,4,NORMAL,,0,0,0,0,0,10.0,3.954768798148183,,Brak,NA,,213,1,48,1,3,40-49
58169,POL,Poland,invalid,rule_A_only,5,NORMAL,,0,0,0,0,0,16.0,2.077744717924627,,Firmy,NA,,213,1,44,1,4,40-49
58225,POL,Poland,invalid,rule_A_only,0,NORMAL,,0,0,0,0,0,12.0,3.5325709537632206,,-99,NA,,213,1,26,1,3,18-29
58269,POL,Poland,invalid,rule_A_only,3,NORMAL,,0,0,0,0,0,4.0,9.182429841443062,0.0,NA,Lol,,213,1,28,1,2,18-29
58272,POL,Poland,invalid,rule_A_only,3,NORMAL,,0,0,0,0,0,13.0,4.337652209789577,1.0,NA,Tak ,,213,1,40,1,3,40-49
58308,POL,Poland,invalid,rule_A_only,5,NORMAL,,0,0,0,0,0,13.0,8.215546422230736,,NA,nauka,,213,1,63,1,3,60+
58343,POL,Poland,invalid,rule_A_only,5,NORMAL,,0,0,0,0,0,9.0,8.03486335696477,0.6324555320336759,NA,Nayka,,213,1,35,1,2,30-39
58492,POL,Poland,invalid,rule_A_only,0,NORMAL,,0,0,0,0,0,15.0,2.134194291800159,0.6324555320336759,NA,-99,,213,1,73,1,3,60+
58569,POL,Poland,invalid,rule_A_only,5,NORMAL,,0,0,0,0,0,3.0,9.831896584626268,-0.59130067123842,Żadne,NA,,213,1,20,1,2,18-29
58738,POL,Poland,invalid,rule_A_only,0,NORMAL,,0,0,0,0,0,14.0,7.524509897657696,0.6446583712203042,-99,NA,,213,1,43,0,3,40-49
58768,POL,Poland,invalid,rule_A_only,3,NORMAL,,0,0,0,0,0,8.0,4.428502546648302,-0.2,NA,Tak ,,213,1,45,1,3,40-49
58794,POL,Poland,invalid,rule_A_only,2,NORMAL,,0,0,0,0,0,3.0,5.741940143869414,0.41522739926869984,NA,no,,213,1,49,1,3,40-49
58852,POL,Poland,invalid,rule_A_only,0,NORMAL,,0,0,0,0,0,8.0,4.045035536435458,0.17149858514250882,-99,NA,,213,1,32,0,4,30-39
58856,POL,Poland,invalid,rule_A_only,3,NORMAL,,0,0,0,0,0,3.0,5.7602334259209576,-0.7071067811865476,NA,nic,,213,1,27,1,4,18-29
58932,POL,Poland,invalid,rule_A_only,0,NORMAL,,0,0,0,0,0,5.0,4.819696326565048,-0.15811388300841897,-99,NA,,213,1,18,0,2,18-29
58954,POL,Poland,invalid,rule_A_only,1,NORMAL,,0,0,0,0,0,4.0,5.305258460068897,0.3872983346207417,NA,. ,,213,1,52,1,4,50-59
58968,POL,Poland,invalid,rule_A_only,5,NORMAL,,0,0,0,0,0,4.0,5.872018009859844,-0.408248290463863,NA,Mądry,,213,1,49,1,3,40-49
59064,POL,Poland,invalid,rule_A_only,0,NORMAL,,0,0,0,0,0,15.0,3.387157924710871,0.25,NA,-99,,213,1,31,0,3,30-39
59068,POL,Poland,invalid,rule_A_only,0,NORMAL,,0,0,0,0,0,16.0,4.994370617063145,0.44791400876468346,-99,NA,,213,1,44,0,4,40-49
59069,POL,Poland,invalid,rule_A_only,3,NORMAL,,0,0,0,0,0,4.0,6.466540283448869,0.10846522890932808,NA,Tak,,213,1,41,1,4,40-49
59130,POL,Poland,invalid,rule_A_only,3,NORMAL,,0,0,0,0,0,3.0,10.003197186110185,-0.7559289460184544,NA,Nic,,213,1,26,1,2,18-29
59160,POL,Poland,invalid,rule_A_only,0,NORMAL,,0,0,0,0,0,16.0,4.611616213594077,0.2,NA,-99,,213,1,24,1,4,18-29
59167,POL,Poland,invalid,rule_A_only,0,NORMAL,,0,0,0,0,0,5.0,4.545054965684557,0.15877683720748895,NA,-99,,213,1,20,0,3,18-29
59228,POL,Poland,invalid,rule_A_only,5,NORMAL,,0,0,0,0,0,6.0,5.310919091956286,0.17149858514250882,Uczen ,NA,,213,1,48,1,3,40-49
59252,POL,Poland,invalid,rule_A_only,2,NORMAL,,0,0,0,0,0,8.0,6.822590845513502,-0.29411764705882354,ty,NA,,213,1,NA,NA,1,NA
59308,POL,Poland,invalid,rule_A_only,4,NORMAL,,0,0,0,0,0,7.0,10.28215229784004,-0.29277002188455997,NA,Geje,,213,1,18,1,2,18-29
59311,POL,Poland,invalid,rule_A_only,1,NORMAL,,0,0,0,0,0,5.0,5.816975079269727,0.7071067811865476,H,NA,,213,1,66,1,4,60+
59399,POL,Poland,invalid,rule_A_only,3,NORMAL,,0,0,0,0,0,12.0,6.646672722627882,,NA,Nic,,213,1,59,0,3,50-59
59410,POL,Poland,invalid,rule_A_only,2,NORMAL,,0,0,0,0,0,15.0,3.745743901291703,,my,NA,,213,1,64,1,3,60+
59494,POL,Poland,invalid,rule_A_only,3,NORMAL,,0,0,0,0,0,16.0,2.49548171897115,,NA,nic,,213,1,55,1,3,50-59
59727,POL,Poland,invalid,rule_A_only,1,NORMAL,,0,0,0,0,0,12.0,4.859948343536405,-0.15811388300841897,NA,?,,213,1,73,1,2,60+
59742,POL,Poland,invalid,rule_A_only,5,NORMAL,,0,0,0,0,0,12.0,6.5375142725331665,,NA,"Wid,a",,213,1,68,0,2,60+
59855,ROU,Romania,invalid,rule_A_only,0,NORMAL,,0,0,0,0,0,13.0,2.730214514107338,,NA,-99,,213,1,34,1,4,30-39
59894,ROU,Romania,invalid,rule_A_only,1,NORMAL,,0,0,0,0,0,13.0,3.6993708507713383,,.,NA,,213,1,22,1,4,18-29
59901,ROU,Romania,invalid,rule_A_only,0,NORMAL,,0,0,0,0,0,12.0,5.611399386543261,0.31622776601683794,NA,-99,,213,1,28,1,3,18-29
59907,ROU,Romania,invalid,rule_A_only,0,NORMAL,,0,0,0,0,0,5.0,4.436044680802242,0.3872983346207417,-99,NA,,213,1,27,0,4,18-29
59914,ROU,Romania,invalid,rule_A_only,0,NORMAL,,0,0,0,0,0,12.0,3.8825693828041317,0.8,-99,NA,,213,1,40,1,4,40-49
60064,ROU,Romania,invalid,rule_A_only,0,NORMAL,,0,0,0,0,0,5.0,5.801920804682508,0.7071067811865476,NA,-99,,213,1,66,1,4,60+
60069,ROU,Romania,invalid,rule_A_only,0,NORMAL,,0,0,0,0,0,13.0,4.42324045591307,,-99,NA,,213,1,29,0,4,18-29
60210,ROU,Romania,invalid,rule_A_only,0,NORMAL,,0,0,0,0,0,2.0,6.576335252554225,0.0,-99,NA,,213,1,41,1,4,40-49
60220,SRB,Serbia,invalid,rule_A_only,3,NORMAL,,0,0,0,0,0,8.0,3.9841696955541317,0.6324555320336759,Svi ,NA,,213,1,25,0,3,18-29
60372,SRB,Serbia,invalid,rule_A_only,5,NORMAL,,0,0,0,0,0,16.0,4.197596601060571,,NA,Tesla,,213,1,39,1,3,30-39
60498,SRB,Serbia,invalid,rule_A_only,3,NORMAL,,0,0,0,0,0,5.0,3.206528371835417,0.4472135954999579,Svi ,NA,,213,1,22,0,3,18-29
60569,SRB,Serbia,invalid,rule_A_only,4,NORMAL,,0,0,0,0,0,3.0,8.768256606976415,0.8183170883849714,NA,Drvo,,213,1,24,0,2,18-29
60597,SRB,Serbia,invalid,rule_A_only,1,NORMAL,,0,0,0,0,0,13.0,5.1323893363253115,0.5,NA,1,,213,1,39,NA,1,30-39
60614,SRB,Serbia,invalid,rule_A_only,0,NORMAL,,0,0,0,0,0,3.0,5.426478486715953,1.0,-99,NA,,213,1,27,0,4,18-29
60623,SRB,Serbia,invalid,rule_A_only,0,NORMAL,,0,0,0,0,0,10.0,4.638524233025268,-0.2,NA,-99,,213,1,54,0,4,50-59
60655,SRB,Serbia,invalid,rule_A_only,5,NORMAL,,0,0,0,0,0,4.0,6.52832659364162,0.0,"ljudi
",NA,,213,1,61,2,4,60+
60675,SRB,Serbia,invalid,rule_A_only,0,NORMAL,,0,0,0,0,0,9.0,4.823355978607455,0.5855400437691199,NA,-99,,213,1,31,0,3,30-39
60679,SRB,Serbia,invalid,rule_A_only,0,NORMAL,,0,0,0,0,0,6.0,5.671174330009348,0.8574929257125441,-99,NA,,213,1,23,0,4,18-29
60683,SRB,Serbia,invalid,rule_A_only,5,NORMAL,,0,0,0,0,0,6.0,4.782057355021887,-0.5,Ljudi,NA,,213,1,18,1,3,18-29
60702,SRB,Serbia,invalid,rule_A_only,4,NORMAL,,0,0,0,0,0,7.0,6.06482056858613,0.4166547104932136,NA,Izum,,213,1,NA,1,3,NA
60713,SRB,Serbia,invalid,rule_A_only,0,NORMAL,,0,0,0,0,0,11.0,6.488781539611629,0.10846522890932808,NA,-99,,213,1,26,0,3,18-29
60729,SRB,Serbia,invalid,rule_A_only,3,NORMAL,,0,0,0,0,0,9.0,6.207500739146536,0.5,NA,rad,,213,1,40,NA,3,40-49
60810,RUS,Russia,invalid,rule_A_only,4,NORMAL,,0,0,0,0,0,13.0,2.621047520827847,,"Люди
",NA,,213,1,25,1,3,18-29
60830,RUS,Russia,invalid,rule_A_only,0,NORMAL,,0,0,0,0,0,8.0,5.340898877752868,0.727606875108999,-99,NA,,213,1,68,0,4,60+
60848,RUS,Russia,invalid,rule_A_only,3,NORMAL,,0,0,0,0,0,5.0,6.263665286111644,0.75955452531275,Мир,NA,,213,1,48,1,4,40-49
60910,RUS,Russia,invalid,rule_A_only,0,NORMAL,,0,0,0,0,0,4.0,5.778193945762635,0.5,NA,-99,,213,1,23,1,3,18-29
60913,RUS,Russia,invalid,rule_A_only,2,NORMAL,,0,0,0,0,0,5.0,5.349723657957152,0.6123724356957946,NA,ум,,213,1,57,0,3,50-59
60927,RUS,Russia,invalid,rule_A_only,4,NORMAL,,0,0,0,0,0,4.0,6.329084225084503,0.0,люди  ,NA,,213,1,67,0,3,60+
61037,RUS,Russia,invalid,rule_A_only,0,NORMAL,,0,0,0,0,0,8.0,5.6028815734971005,0.0,-99,NA,,213,1,25,1,4,18-29
61068,RUS,Russia,invalid,rule_A_only,2,NORMAL,,0,0,0,0,0,15.0,7.405228026713672,-0.2,NA,lf,,213,1,55,0,3,50-59
61109,RUS,Russia,invalid,rule_A_only,4,NORMAL,,0,0,0,0,0,9.0,5.801947279065108,,люди,NA,,213,1,48,0,4,40-49
61115,RUS,Russia,invalid,rule_A_only,0,NORMAL,,0,0,0,0,0,8.0,3.6293444901558667,0.0,NA,-99,,213,1,18,1,3,18-29
61259,RUS,Russia,invalid,rule_A_only,0,NORMAL,,0,0,0,0,0,5.0,6.313665679545105,0.5773502691896257,NA, ,,213,1,18,1,3,18-29
61375,RUS,Russia,invalid,rule_A_only,0,NORMAL,,0,0,0,0,0,7.0,5.373410317943371,-0.6123724356957946,-99,NA,,213,1,20,0,3,18-29
61380,RUS,Russia,invalid,rule_A_only,4,NORMAL,,0,0,0,0,0,13.0,6.927789743012279,,люди,NA,,213,1,61,0,3,60+
61445,RUS,Russia,invalid,rule_A_only,3,NORMAL,,0,0,0,0,0,8.0,4.771497552394699,,NA,нет,,213,1,61,1,3,60+
61526,RUS,Russia,invalid,rule_A_only,4,NORMAL,,0,0,0,0,0,4.0,6.478757760817035,0.3321819194149599,люди,NA,,213,1,50,0,3,50-59
61540,RUS,Russia,invalid,rule_A_only,4,NORMAL,,0,0,0,0,0,10.0,5.990776464087791,-0.34299717028501764,люди,NA,,213,1,45,1,3,40-49
61571,RUS,Russia,invalid,rule_A_only,3,NORMAL,,0,0,0,0,0,9.0,4.119079460539026,0.6324555320336759,все,NA,,213,1,61,1,4,60+
61597,RUS,Russia,invalid,rule_A_only,5,NORMAL,,0,0,0,0,0,12.0,4.637256520328527,,народ,NA,,213,1,48,0,4,40-49
61611,RUS,Russia,invalid,rule_A_only,4,NORMAL,,0,0,0,0,0,12.0,7.1194723253434455,-0.5477225575051661,NA,Стаж,,213,1,40,0,3,40-49
61619,RUS,Russia,invalid,rule_A_only,0,NORMAL,,0,0,0,0,0,13.0,6.431813447414432,0.8401680504168059,NA,-99,,213,1,37,0,4,30-39
61652,RUS,Russia,invalid,rule_A_only,0,NORMAL,,0,0,0,0,0,10.0,5.177028513544126,0.0,-99,NA,,213,1,30,0,4,30-39
61658,RUS,Russia,invalid,rule_A_only,4,NORMAL,,0,0,0,0,0,5.0,4.49557609403973,0.9284766908852594,NA,Опыт,,213,1,43,1,4,40-49
61836,RUS,Russia,invalid,rule_A_only,0,NORMAL,,0,0,0,0,0,8.0,5.288238733872542,-0.5423261445466404,NA,-99,,213,1,18,0,3,18-29
62009,RUS,Russia,invalid,rule_A_only,4,NORMAL,,0,0,0,0,0,11.0,5.292365553691297,,Люди,NA,,213,1,43,1,4,40-49
62118,RUS,Russia,invalid,rule_A_only,5,NORMAL,,0,0,0,0,0,15.0,4.063292481089095,0.42008402520840293,NA,труды,,213,1,48,1,4,40-49
62305,SWE,Sweden,invalid,rule_A_only,0,NORMAL,,0,0,0,0,0,7.0,3.8950494397534694,,-99,NA,,213,1,49,1,3,40-49
62320,SWE,Sweden,invalid,rule_A_only,5,NORMAL,,0,0,0,0,0,7.0,4.613333349096723,,NA,FAKTA,,213,1,43,1,3,40-49
62334,SWE,Sweden,invalid,rule_A_only,4,NORMAL,,0,0,0,0,0,7.0,5.05646061133015,0.7905694150420948,Alla,NA,,213,1,46,0,4,40-49
62357,SWE,Sweden,invalid,rule_A_only,4,NORMAL,,0,0,0,0,0,15.0,4.336318309463898,0.7071067811865476,Alla,NA,,213,1,67,2,2,60+
62373,SWE,Sweden,invalid,rule_A_only,0,NORMAL,,0,0,0,0,0,15.0,3.290082081400137,,NA,-99,,213,1,72,1,3,60+
62385,SWE,Sweden,invalid,rule_A_only,5,NORMAL,,0,0,0,0,0,5.0,6.0578004249243715,0.4763305116224668,Alla. ,NA,,213,1,37,1,3,30-39
62411,SWE,Sweden,invalid,rule_A_only,0,NORMAL,,0,0,0,0,0,10.0,4.045897973018731,0.4472135954999579,NA,-99,,213,1,25,1,4,18-29
62414,SWE,Sweden,invalid,rule_A_only,4,NORMAL,,0,0,0,0,0,3.0,7.965406562894113,0.29488391230979427,Mich,NA,,213,1,38,1,4,30-39
62425,SWE,Sweden,invalid,rule_A_only,4,NORMAL,,0,0,0,0,0,6.0,4.734404769968982,0.8660254037844387,Alla ,NA,,213,1,39,1,4,30-39
62427,SWE,Sweden,invalid,rule_A_only,0,NORMAL,,0,0,0,0,0,13.0,3.4220058780861087,,NA,-99,,213,1,37,1,4,30-39
62488,SWE,Sweden,invalid,rule_A_only,4,NORMAL,,0,0,0,0,0,5.0,3.6039607780215888,0.4472135954999579,Alla ,NA,,213,1,22,0,3,18-29
62565,SWE,Sweden,invalid,rule_A_only,0,NORMAL,,0,0,0,0,0,7.0,4.864286014344342,,NA,-99,,213,1,72,0,4,60+
62569,SWE,Sweden,invalid,rule_A_only,4,NORMAL,,0,0,0,0,0,11.0,4.672942226520888,0.0,alla,NA,,213,1,69,1,3,60+
62571,SWE,Sweden,invalid,rule_A_only,0,NORMAL,,0,0,0,0,0,6.0,3.6838784886483635,0.6565321642986127,NA,-99,,213,1,47,0,4,40-49
62592,SWE,Sweden,invalid,rule_A_only,0,NORMAL,,0,0,0,0,0,4.0,5.4020715181489996,0.30151134457776363,NA,-99,,213,1,80,0,2,60+
62615,SWE,Sweden,invalid,rule_A_only,0,NORMAL,,0,0,0,0,0,14.0,4.289614756412072,0.7071067811865476,-99,NA,,213,1,35,0,3,30-39
62621,SWE,Sweden,invalid,rule_A_only,0,NORMAL,,0,0,0,0,0,8.0,4.310138077668594,0.31622776601683794,-99,NA,,213,1,46,0,3,40-49
62636,SWE,Sweden,invalid,rule_A_only,0,NORMAL,,0,0,0,0,0,6.0,3.7174311093972787,0.31622776601683794,NA,-99,,213,1,32,0,4,30-39
62644,SWE,Sweden,invalid,rule_A_only,4,NORMAL,,0,0,0,0,0,6.0,6.693215647122384,-0.31622776601683794,Alla,NA,,213,1,77,1,2,60+
62666,SWE,Sweden,invalid,rule_A_only,1,NORMAL,,0,0,0,0,0,8.0,5.891518212732347,0.6324555320336759,.,NA,,213,1,43,1,4,40-49
62715,SWE,Sweden,invalid,rule_A_only,4,NORMAL,,0,0,0,0,0,8.0,5.23713703924274,0.8783100656536799,alla ,NA,,213,1,55,1,3,50-59
62746,SWE,Sweden,invalid,rule_A_only,0,NORMAL,,0,0,0,0,0,15.0,6.509560334993017,-0.31622776601683794,-99,NA,,213,1,82,NA,3,60+
62765,SWE,Sweden,invalid,rule_A_only,4,NORMAL,,0,0,0,0,0,16.0,4.239654407673762,-0.4472135954999579,Alla,NA,,213,1,65,1,3,60+
62790,SWE,Sweden,invalid,rule_A_only,0,NORMAL,,0,0,0,0,0,12.0,3.171855429228449,0.7071067811865476,NA,-99,,213,1,66,0,3,60+
62812,SWE,Sweden,invalid,rule_A_only,4,NORMAL,,0,0,0,0,0,13.0,4.5706313787927035,0.8866206949335731,Alla,NA,,213,1,65,0,3,60+
62819,SWE,Sweden,invalid,rule_A_only,5,NORMAL,,0,0,0,0,0,15.0,4.129903260973257,,NA,VETEJ,,213,1,56,0,2,50-59
62829,SWE,Sweden,invalid,rule_A_only,0,NORMAL,,0,0,0,0,0,5.0,4.046923421293796,,NA,-99,,213,1,55,0,2,50-59
62884,SWE,Sweden,invalid,rule_A_only,0,NORMAL,,0,0,0,0,0,7.0,3.8264335457416623,0.2,-99,NA,,213,1,37,0,3,30-39
62905,SWE,Sweden,invalid,rule_A_only,4,NORMAL,,0,0,0,0,0,12.0,6.058507502550093,-0.43301270189221935,NA,Juht,,213,1,38,1,3,30-39
62920,SWE,Sweden,invalid,rule_A_only,4,NORMAL,,0,0,0,0,0,4.0,4.982389897909916,0.8,Alla,NA,,213,1,37,1,4,30-39
62924,SWE,Sweden,invalid,rule_A_only,0,NORMAL,,0,0,0,0,0,10.0,5.010527906524638,0.7385489458759964,-99,NA,,213,1,37,0,3,30-39
62941,SWE,Sweden,invalid,rule_A_only,0,NORMAL,,0,0,0,0,0,3.0,4.92139275355573,0.5521576303742327,NA,-99,,213,1,25,1,3,18-29
62961,SWE,Sweden,invalid,rule_A_only,4,NORMAL,,0,0,0,0,0,7.0,4.72642291951444,0.6324555320336759,Alla,NA,,213,1,37,1,4,30-39
62979,SWE,Sweden,invalid,rule_A_only,4,NORMAL,,0,0,0,0,0,8.0,4.997175462056891,0.1,Alla,NA,,213,1,47,0,4,40-49
62982,SWE,Sweden,invalid,rule_A_only,0,NORMAL,,0,0,0,0,0,14.0,4.02491864522967,0.4472135954999579,NA,-99,,213,1,67,1,3,60+
62999,SWE,Sweden,invalid,rule_A_only,5,NORMAL,,0,0,0,0,0,6.0,6.162546721171795,0.4743416490252569,Sjuka,NA,,213,1,54,0,4,50-59
63027,SWE,Sweden,invalid,rule_A_only,5,NORMAL,,0,0,0,0,0,12.0,3.522830706693955,0.31622776601683794,Livet,NA,,213,1,48,0,4,40-49
63061,SWE,Sweden,invalid,rule_A_only,0,NORMAL,,0,0,0,0,0,6.0,5.039400191157126,-0.242535625036333,NA,-99,,213,1,61,0,3,60+
63081,SWE,Sweden,invalid,rule_A_only,4,NORMAL,,0,0,0,0,0,13.0,4.757517192102741,0.27386127875258304,alla,NA,,213,1,38,0,2,30-39
63089,SWE,Sweden,invalid,rule_A_only,5,NORMAL,,0,0,0,0,0,12.0,2.5417859482251504,,Alla. ,NA,,213,1,29,0,3,18-29
63099,SWE,Sweden,invalid,rule_A_only,5,NORMAL,,0,0,0,0,0,12.0,4.510436888450087,,NA,Fakta,,213,1,74,0,4,60+
63126,SWE,Sweden,invalid,rule_A_only,5,NORMAL,,0,0,0,0,0,7.0,5.77248191901193,0.15811388300841897,NA,Fakta,,213,1,32,0,3,30-39
63162,SWE,Sweden,invalid,rule_A_only,0,NORMAL,,0,0,0,0,0,11.0,5.470717063804361,0.43301270189221935,-99,NA,,213,1,41,0,3,40-49
63174,SWE,Sweden,invalid,rule_A_only,5,NORMAL,,0,0,0,0,0,15.0,3.271679734280131,,Alla!,NA,,213,1,24,0,4,18-29
63194,SWE,Sweden,invalid,rule_A_only,4,NORMAL,,0,0,0,0,0,13.0,5.299092994611011,-0.7071067811865476,Alla,NA,,213,1,64,0,4,60+
63200,SWE,Sweden,invalid,rule_A_only,0,NORMAL,,0,0,0,0,0,15.0,4.316871268655772,0.4472135954999579,NA,-99,,213,1,33,0,4,30-39
63204,SWE,Sweden,invalid,rule_A_only,1,NORMAL,,0,0,0,0,0,4.0,8.318234564976992,0.15811388300841897,-,NA,,213,1,29,0,3,18-29
63207,SWE,Sweden,invalid,rule_A_only,0,NORMAL,,0,0,0,0,0,7.0,4.102352420294116,-0.6324555320336759,NA,-99,,213,1,64,0,2,60+
63213,SWE,Sweden,invalid,rule_A_only,1,NORMAL,,0,0,0,0,0,4.0,3.766039600337505,-0.6324555320336759,?,NA,,213,1,53,1,3,50-59
63215,SWE,Sweden,invalid,rule_A_only,0,NORMAL,,0,0,0,0,0,7.0,5.0537108315488135,0.0,-99,NA,,213,1,47,0,3,40-49
63227,SWE,Sweden,invalid,rule_A_only,0,NORMAL,,0,0,0,0,0,12.0,,,NA,-99,,213,1,80,0,4,60+
63243,SWE,Sweden,invalid,rule_A_only,4,NORMAL,,0,0,0,0,0,16.0,3.7308848103146937,,alla,NA,,213,1,30,0,3,30-39
63247,SWE,Sweden,invalid,rule_A_only,0,NORMAL,,0,0,0,0,0,11.0,4.24669155285407,1.0,-99,NA,,213,1,59,0,3,50-59
63249,SWE,Sweden,invalid,rule_A_only,4,NORMAL,,0,0,0,0,0,5.0,6.892042627552648,0.31622776601683794,NA,Ndnd,,213,1,29,1,3,18-29
63256,SWE,Sweden,invalid,rule_A_only,0,NORMAL,,0,0,0,0,0,7.0,4.958571113979209,0.8304547985373997,NA,-99,,213,1,49,1,3,40-49
63292,SWE,Sweden,invalid,rule_A_only,0,NORMAL,,0,0,0,0,0,4.0,4.335694598995936,,-99,NA,,213,1,24,0,3,18-29
63634,TUR,Türkiye,invalid,rule_A_only,3,NORMAL,,0,0,0,0,0,11.0,5.632837533503076,,Uyu,NA,,213,1,58,0,4,50-59
63690,TUR,Türkiye,invalid,rule_A_only,0,NORMAL,,0,0,0,0,0,4.0,7.43139442459817,0.9245283018867925,-99,NA,,213,1,34,0,4,30-39
63832,TWN,Taiwan,invalid,rule_A_only,2,NORMAL,,0,0,0,0,0,11.0,4.408242602471879,,大眾,NA,,213,1,60,0,4,60+
63841,TWN,Taiwan,invalid,rule_A_only,1,NORMAL,,0,0,0,0,0,5.0,4.227743412798419,0.31622776601683794,NA,無,,213,1,22,1,4,18-29
63847,TWN,Taiwan,invalid,rule_A_only,2,NORMAL,,0,0,0,0,0,6.0,7.511084296271014,0.1889822365046136,群眾,NA,,213,1,62,1,4,60+
63849,TWN,Taiwan,invalid,rule_A_only,1,NORMAL,,0,0,0,0,0,12.0,8.79899943649443,-0.2,人,NA,,213,1,58,1,4,50-59
63851,TWN,Taiwan,invalid,rule_A_only,2,NORMAL,,0,0,0,0,0,4.0,4.961945645805298,0.8711871219403557,NA,真實,,213,1,45,1,4,40-49
63854,TWN,Taiwan,invalid,rule_A_only,2,NORMAL,,0,0,0,0,0,6.0,3.8346862449433567,0.2,NA,無私,,213,1,50,1,4,50-59
63855,TWN,Taiwan,invalid,rule_A_only,4,NORMAL,,0,0,0,0,0,12.0,5.259193694445409,,世界公民,NA,,213,1,24,1,4,18-29
63856,TWN,Taiwan,invalid,rule_A_only,2,NORMAL,,0,0,0,0,0,12.0,5.717732681368886,0.6324555320336759,人類,NA,,213,1,41,1,4,40-49
63858,TWN,Taiwan,invalid,rule_A_only,2,NORMAL,,0,0,0,0,0,11.0,3.2341306140314234,,NA,知識,,213,1,35,1,4,30-39
63866,TWN,Taiwan,invalid,rule_A_only,2,NORMAL,,0,0,0,0,0,15.0,5.8334451549922495,,NA,證據,,213,1,53,0,3,50-59
63869,TWN,Taiwan,invalid,rule_A_only,2,NORMAL,,0,0,0,0,0,6.0,6.289131118358257,0.4889012070387047,"人類
",NA,,213,1,30,1,4,30-39
63870,TWN,Taiwan,invalid,rule_A_only,4,NORMAL,,0,0,0,0,0,6.0,4.811239509534544,0.4,NA,專業知識,,213,1,34,1,4,30-39
63872,TWN,Taiwan,invalid,rule_A_only,3,NORMAL,,0,0,0,0,0,12.0,6.891310725990125,,懂的人,NA,,213,1,63,0,3,60+
63873,TWN,Taiwan,invalid,rule_A_only,2,NORMAL,,0,0,0,0,0,12.0,3.1368542749423205,,NA,數據,,213,1,52,0,3,50-59
63883,TWN,Taiwan,invalid,rule_A_only,5,NORMAL,,0,0,0,0,0,12.0,6.013792274248042,,NA,實驗的數據,,213,1,50,1,4,50-59
63886,TWN,Taiwan,invalid,rule_A_only,2,NORMAL,,0,0,0,0,0,11.0,4.335865843932894,,NA,專業,,213,1,32,0,4,30-39
63889,TWN,Taiwan,invalid,rule_A_only,5,NORMAL,,0,0,0,0,0,11.0,4.094239191595817,0.0,NA,真相 真理,,213,1,72,1,4,60+
63891,TWN,Taiwan,invalid,rule_A_only,2,NORMAL,,0,0,0,0,0,7.0,3.5543196216909423,0.4472135954999579,NA,證據,,213,1,46,0,4,40-49
63893,TWN,Taiwan,invalid,rule_A_only,2,NORMAL,,0,0,0,0,0,8.0,4.0637153394721395,0.727606875108999,NA,專業,,213,1,33,1,4,30-39
63896,TWN,Taiwan,invalid,rule_A_only,4,NORMAL,,0,0,0,0,0,6.0,5.490815586998034,0.6859943405700353,NA,研究成果,,213,1,72,0,3,60+
63901,TWN,Taiwan,invalid,rule_A_only,3,NORMAL,,0,0,0,0,0,15.0,3.8294695007804647,0.8783100656536799,年輕人,NA,,213,1,53,0,4,50-59
63902,TWN,Taiwan,invalid,rule_A_only,5,NORMAL,,0,0,0,0,0,16.0,5.301571925558801,0.2,NA,他們的專業,,213,1,20,0,3,18-29
63910,TWN,Taiwan,invalid,rule_A_only,4,NORMAL,,0,0,0,0,0,5.0,7.554951018114979,0.2773500981126146,NA,有公信力,,213,1,35,0,4,30-39
63913,TWN,Taiwan,invalid,rule_A_only,3,NORMAL,,0,0,0,0,0,9.0,3.7879867150326105,,所有人,NA,,213,1,37,1,4,30-39
63924,TWN,Taiwan,invalid,rule_A_only,2,NORMAL,,0,0,0,0,0,5.0,4.590054076450894,-0.15811388300841897,人民,NA,,213,1,39,0,4,30-39
63927,TWN,Taiwan,invalid,rule_A_only,4,NORMAL,,0,0,0,0,0,15.0,5.658219057742799,-0.7071067811865476,所有力學,NA,,213,1,18,1,4,18-29
63928,TWN,Taiwan,invalid,rule_A_only,5,NORMAL,,0,0,0,0,0,4.0,7.614302016259667,0.408248290463863,NA,證據和結果,,213,1,56,0,4,50-59
63932,TWN,Taiwan,invalid,rule_A_only,0,NORMAL,,0,0,0,0,0,10.0,4.88354764569339,-0.7071067811865476,NA,none,,213,1,58,0,3,50-59
63936,TWN,Taiwan,invalid,rule_A_only,2,NORMAL,,0,0,0,0,0,13.0,5.030660557075661,0.6859943405700353,人類,NA,,213,1,41,1,4,40-49
63937,TWN,Taiwan,invalid,rule_A_only,2,NORMAL,,0,0,0,0,0,3.0,3.864638664795231,-0.31622776601683794,NA,數據,,213,1,31,1,4,30-39
63938,TWN,Taiwan,invalid,rule_A_only,0,NORMAL,,0,0,0,0,0,15.0,5.307961020917837,-0.242535625036333,-99,NA,,213,1,51,0,3,50-59
63945,TWN,Taiwan,invalid,rule_A_only,2,NORMAL,,0,0,0,0,0,12.0,2.1585455422007396,,沒有,NA,,213,1,61,0,4,60+
63947,TWN,Taiwan,invalid,rule_A_only,2,NORMAL,,0,0,0,0,0,8.0,5.519677800253062,-0.29277002188455997,大家,NA,,213,1,44,0,4,40-49
63950,TWN,Taiwan,invalid,rule_A_only,2,NORMAL,,0,0,0,0,0,4.0,6.505274872183337,0.3692744729379982,NA,證據,,213,1,26,1,4,18-29
63954,TWN,Taiwan,invalid,rule_A_only,5,NORMAL,,0,0,0,0,0,5.0,4.005284465270456,-0.5773502691896257,NA,專業，專家,,213,1,54,0,4,50-59
63956,TWN,Taiwan,invalid,rule_A_only,4,NORMAL,,0,0,0,0,0,7.0,6.104808902637982,0.0,一般大眾,NA,,213,1,41,0,4,40-49
63963,TWN,Taiwan,invalid,rule_A_only,2,NORMAL,,0,0,0,0,0,5.0,5.223868405142225,0.6123724356957946,NA,驗證,,213,1,58,1,4,50-59
63966,TWN,Taiwan,invalid,rule_A_only,5,NORMAL,,0,0,0,0,0,8.0,5.0356429045589115,0.5330017908890261,NA,知識 實證,,213,1,57,0,3,50-59
63973,TWN,Taiwan,invalid,rule_A_only,4,NORMAL,,0,0,0,0,0,7.0,6.706931679814794,0.15877683720748895,NA,實證精神,,213,1,33,1,4,30-39
63975,TWN,Taiwan,invalid,rule_A_only,5,NORMAL,,0,0,0,0,0,13.0,5.119701601946052,0.5,NA,實用的成果,,213,1,58,0,4,50-59
63978,TWN,Taiwan,invalid,rule_A_only,2,NORMAL,,0,0,0,0,0,11.0,3.5865627098012576,,NA,真相,,213,1,68,1,3,60+
63980,TWN,Taiwan,invalid,rule_A_only,2,NORMAL,,0,0,0,0,0,12.0,4.0459508541200755,-0.7592566023652966,NA,分享,,213,1,40,1,4,40-49
63981,TWN,Taiwan,invalid,rule_A_only,1,NORMAL,,0,0,0,0,0,7.0,4.486998238652051,0.31622776601683794,無,NA,,213,1,54,0,4,50-59
63982,TWN,Taiwan,invalid,rule_A_only,2,NORMAL,,0,0,0,0,0,6.0,4.870625717174133,0.6123724356957946,學生,NA,,213,1,56,1,4,50-59
63984,TWN,Taiwan,invalid,rule_A_only,4,NORMAL,,0,0,0,0,0,5.0,4.123498371000606,0.0,公司企業,NA,,213,1,45,1,4,40-49
63985,TWN,Taiwan,invalid,rule_A_only,4,NORMAL,,0,0,0,0,0,5.0,4.763169422698581,,NA,科學數據,,213,1,60,0,4,60+
63993,TWN,Taiwan,invalid,rule_A_only,2,NORMAL,,0,0,0,0,0,6.0,7.623311262547492,0.4472135954999579,NA,"專業

",,213,1,58,0,4,50-59
63997,TWN,Taiwan,invalid,rule_A_only,5,NORMAL,,0,0,0,0,0,8.0,3.5931338935569634,,每個地球人,NA,,213,1,59,0,3,50-59
64002,TWN,Taiwan,invalid,rule_A_only,5,NORMAL,,0,0,0,0,0,9.0,4.336298755791381,0.7071067811865476,NA,不是很信賴,,213,1,44,0,2,40-49
64017,TWN,Taiwan,invalid,rule_A_only,2,NORMAL,,0,0,0,0,0,10.0,3.8491513648165387,0.5773502691896257,人類,NA,,213,1,57,1,4,50-59
64021,TWN,Taiwan,invalid,rule_A_only,1,NORMAL,,0,0,0,0,0,7.0,3.4131005880628806,0.7071067811865476,NA,無,,213,1,25,0,4,18-29
64022,TWN,Taiwan,invalid,rule_A_only,4,NORMAL,,0,0,0,0,0,10.0,3.462294393807736,0.4472135954999579,NA,科技進步,,213,1,59,0,3,50-59
64026,TWN,Taiwan,invalid,rule_A_only,3,NORMAL,,0,0,0,0,0,14.0,8.914789689641685,0.433289122413121,每個人,NA,,213,1,26,1,4,18-29
64027,TWN,Taiwan,invalid,rule_A_only,3,NORMAL,,0,0,0,0,0,6.0,7.128957356832733,-0.07173421497882156,科學家,NA,,213,1,26,0,4,18-29
64029,TWN,Taiwan,invalid,rule_A_only,4,NORMAL,,0,0,0,0,0,14.0,3.8131371095620192,0.29277002188455997,NA,實驗證明,,213,1,41,1,3,40-49
64032,TWN,Taiwan,invalid,rule_A_only,2,NORMAL,,0,0,0,0,0,4.0,4.142259052052565,-0.4472135954999579,NA,有名,,213,1,60,0,3,60+
64035,TWN,Taiwan,invalid,rule_A_only,4,NORMAL,,0,0,0,0,0,13.0,6.311971947336996,0.22086305214969307,NA,數據佐證,,213,1,26,0,4,18-29
64038,TWN,Taiwan,invalid,rule_A_only,4,NORMAL,,0,0,0,0,0,12.0,3.5878477924554426,,NA,身體急病,,213,1,56,1,3,50-59
64040,TWN,Taiwan,invalid,rule_A_only,4,NORMAL,,0,0,0,0,0,6.0,5.531313469671385,0.7938841860374447,NA,數據證明,,213,1,39,1,4,30-39
64050,TWN,Taiwan,invalid,rule_A_only,2,NORMAL,,0,0,0,0,0,14.0,4.365193736149281,-0.7071067811865476,你呀,NA,,213,1,35,1,4,30-39
64060,TWN,Taiwan,invalid,rule_A_only,5,NORMAL,,0,0,0,0,0,15.0,3.813940102457902,-0.7071067811865476,NA,其專業知識,,213,1,62,0,4,60+
64076,TWN,Taiwan,invalid,rule_A_only,3,NORMAL,,0,0,0,0,0,4.0,6.996807689469392,0.7592566023652966,NA,不知道,,213,1,36,0,4,30-39
64078,TWN,Taiwan,invalid,rule_A_only,3,NORMAL,,0,0,0,0,0,10.0,4.162297638488764,0.7905694150420948,NA,不清楚,,213,1,35,0,3,30-39
64081,TWN,Taiwan,invalid,rule_A_only,5,NORMAL,,0,0,0,0,0,15.0,6.231669663291295,,學生/知識,NA,,213,1,56,1,4,50-59
64088,TWN,Taiwan,invalid,rule_A_only,2,NORMAL,,0,0,0,0,0,6.0,5.607540226210998,0.7071067811865476,NA,結果,,213,1,31,1,4,30-39
64089,TWN,Taiwan,invalid,rule_A_only,0,NORMAL,,0,0,0,0,0,12.0,4.502676881482175,,NA,-99,,213,1,32,0,4,30-39
64092,TWN,Taiwan,invalid,rule_A_only,3,NORMAL,,0,0,0,0,0,6.0,2.8002379787806344,-0.31622776601683794,不知道,NA,,213,1,44,0,4,40-49
64093,TWN,Taiwan,invalid,rule_A_only,3,NORMAL,,0,0,0,0,0,10.0,4.9252026255171275,-0.31622776601683794,不知道,NA,,213,1,38,1,4,30-39
64095,TWN,Taiwan,invalid,rule_A_only,2,NORMAL,,0,0,0,0,0,11.0,3.7226659229836176,0.8944271909999159,NA,實際,,213,1,63,1,3,60+
64100,TWN,Taiwan,invalid,rule_A_only,4,NORMAL,,0,0,0,0,0,7.0,4.970613012487673,0.9284766908852594,NA,證據等級,,213,1,35,0,4,30-39
64108,TWN,Taiwan,invalid,rule_A_only,5,NORMAL,,0,0,0,0,0,8.0,4.1693621242600845,0.7,NA,研究的數據,,213,1,50,0,4,50-59
64109,TWN,Taiwan,invalid,rule_A_only,1,NORMAL,,0,0,0,0,0,13.0,4.516387420930948,0.25,無,NA,,213,1,56,0,3,50-59
64110,TWN,Taiwan,invalid,rule_A_only,5,NORMAL,,0,0,0,0,0,5.0,5.262914117825988,0.0,NA,實驗的數據,,213,1,72,1,4,60+
64113,TWN,Taiwan,invalid,rule_A_only,4,NORMAL,,0,0,0,0,0,7.0,4.882491338651117,1.0,NA,生活科技,,213,1,41,1,4,40-49
64116,TWN,Taiwan,invalid,rule_A_only,5,NORMAL,,0,0,0,0,0,9.0,3.332860807260906,,NA,廣泛的學識,,213,1,38,0,4,30-39
64127,TWN,Taiwan,invalid,rule_A_only,5,NORMAL,,0,0,0,0,0,8.0,4.362856444269227,-0.21693045781865616,大家都受益,NA,,213,1,68,0,4,60+
64130,TWN,Taiwan,invalid,rule_A_only,5,NORMAL,,0,0,0,0,0,13.0,4.1110973206944195,,NA,科學證據！,,213,1,23,1,4,18-29
64135,TWN,Taiwan,invalid,rule_A_only,2,NORMAL,,0,0,0,0,0,14.0,4.504399662778721,0.5,NA,數據,,213,1,59,1,4,50-59
64137,TWN,Taiwan,invalid,rule_A_only,2,NORMAL,,0,0,0,0,0,7.0,5.936628837983451,,青年,NA,,213,1,61,0,3,60+
64138,TWN,Taiwan,invalid,rule_A_only,2,NORMAL,,0,0,0,0,0,16.0,5.7949222290542135,0.7071067811865476,NA,數據,,213,1,67,1,4,60+
64142,TWN,Taiwan,invalid,rule_A_only,2,NORMAL,,0,0,0,0,0,11.0,4.114943852473062,0.7071067811865476,民眾,NA,,213,1,40,1,4,40-49
64143,TWN,Taiwan,invalid,rule_A_only,1,NORMAL,,0,0,0,0,0,11.0,3.207547716550853,-0.4472135954999579,NA,？,,213,1,34,0,4,30-39
64146,TWN,Taiwan,invalid,rule_A_only,0,NORMAL,,0,0,0,0,0,9.0,6.28037958289087,1.0,NA,-99,,213,1,30,0,3,30-39
64149,TWN,Taiwan,invalid,rule_A_only,4,NORMAL,,0,0,0,0,0,9.0,7.136517218535476,0.9258200997725514,NA,實驗結果,,213,1,39,0,4,30-39
64150,TWN,Taiwan,invalid,rule_A_only,0,NORMAL,,0,0,0,0,0,4.0,6.237500290948588,0.4,-99,NA,,213,1,25,0,4,18-29
64152,TWN,Taiwan,invalid,rule_A_only,4,NORMAL,,0,0,0,0,0,14.0,5.420990309439589,,NA,科學實驗,,213,1,62,0,3,60+
64154,TWN,Taiwan,invalid,rule_A_only,5,NORMAL,,0,0,0,0,0,15.0,3.1343590504841434,0.2,NA,專業和數據,,213,1,43,0,4,40-49
64157,TWN,Taiwan,invalid,rule_A_only,2,NORMAL,,0,0,0,0,0,16.0,3.5131780567051396,,人類,NA,,213,1,65,0,4,60+
64159,TWN,Taiwan,invalid,rule_A_only,4,NORMAL,,0,0,0,0,0,6.0,5.918132358828837,0.44172610429938614,NA,實驗證明,,213,1,48,0,4,40-49
64160,TWN,Taiwan,invalid,rule_A_only,5,NORMAL,,0,0,0,0,0,7.0,4.60701447579554,0.5345224838248488,NA,擁有的知識,,213,1,32,0,4,30-39
64166,TWN,Taiwan,invalid,rule_A_only,4,NORMAL,,0,0,0,0,0,13.0,2.619952930865117,,全體人類,NA,,213,1,54,1,4,50-59
64168,TWN,Taiwan,invalid,rule_A_only,2,NORMAL,,0,0,0,0,0,7.0,7.146081076519692,0.5,學生,NA,,213,1,59,1,4,50-59
64169,TWN,Taiwan,invalid,rule_A_only,4,NORMAL,,0,0,0,0,0,12.0,7.655758554686148,-0.768273325346536,NA,數據分析,,213,1,21,0,4,18-29
64173,TWN,Taiwan,invalid,rule_A_only,2,NORMAL,,0,0,0,0,0,8.0,4.112768884930391,,NA,數據,,213,1,54,1,4,50-59
64177,TWN,Taiwan,invalid,rule_A_only,2,NORMAL,,0,0,0,0,0,3.0,5.264734302901016,0.5773502691896257,全民,NA,,213,1,50,0,4,50-59
64182,TWN,Taiwan,invalid,rule_A_only,4,NORMAL,,0,0,0,0,0,12.0,4.966036213342599,0.10846522890932808,科學家們,NA,,213,1,61,0,4,60+
64184,TWN,Taiwan,invalid,rule_A_only,1,NORMAL,,0,0,0,0,0,9.0,5.738783353671609,,無,NA,,213,1,20,0,4,18-29
64186,TWN,Taiwan,invalid,rule_A_only,2,NORMAL,,0,0,0,0,0,9.0,4.678439135703949,,NA,專業,,213,1,41,1,4,40-49
64187,TWN,Taiwan,invalid,rule_A_only,4,NORMAL,,0,0,0,0,0,8.0,3.27823407940116,,NA,科學證據,,213,1,40,1,4,40-49
64189,TWN,Taiwan,invalid,rule_A_only,2,NORMAL,,0,0,0,0,0,12.0,2.7897042358686477,,NA,專業,,213,1,55,0,4,50-59
64190,TWN,Taiwan,invalid,rule_A_only,2,NORMAL,,0,0,0,0,0,15.0,3.917386522600572,1.0,人類,NA,,213,1,42,0,4,40-49
64193,TWN,Taiwan,invalid,rule_A_only,3,NORMAL,,0,0,0,0,0,5.0,4.857426102514285,-0.43301270189221935,NA,專業度,,213,1,33,1,4,30-39
64194,TWN,Taiwan,invalid,rule_A_only,2,NORMAL,,0,0,0,0,0,16.0,4.6428569117162,,NA,科學,,213,1,48,1,4,40-49
64195,TWN,Taiwan,invalid,rule_A_only,3,NORMAL,,0,0,0,0,0,12.0,3.287081710918117,,不知道,NA,,213,1,56,0,4,50-59
64200,TWN,Taiwan,invalid,rule_A_only,2,NORMAL,,0,0,0,0,0,11.0,4.832396741663487,-0.2,NA,專業,,213,1,33,1,4,30-39
64207,TWN,Taiwan,invalid,rule_A_only,1,NORMAL,,0,0,0,0,0,8.0,6.426314612073061,-0.6565321642986127,NA,無,,213,1,60,0,3,60+
64208,TWN,Taiwan,invalid,rule_A_only,2,NORMAL,,0,0,0,0,0,13.0,5.709667503793424,-0.17149858514250882,NA,實驗,,213,1,34,1,3,30-39
64210,TWN,Taiwan,invalid,rule_A_only,2,NORMAL,,0,0,0,0,0,12.0,8.692791249132126,,NA,證據,,213,1,41,0,4,40-49
64211,TWN,Taiwan,invalid,rule_A_only,5,NORMAL,,0,0,0,0,0,8.0,5.653379024148426,0.42857142857142855,Human,NA,,213,1,51,0,4,50-59
64213,TWN,Taiwan,invalid,rule_A_only,5,NORMAL,,0,0,0,0,0,10.0,4.503474252707021,,NA,事實跟數據,,213,1,60,1,4,60+
64214,TWN,Taiwan,invalid,rule_A_only,0,NORMAL,,0,0,0,0,0,14.0,4.11416983691739,0.6324555320336759,-99,NA,,213,1,26,0,4,18-29
64215,TWN,Taiwan,invalid,rule_A_only,5,NORMAL,,0,0,0,0,0,10.0,4.1234717828380285,0.10846522890932808,國家，企業,NA,,213,1,56,0,4,50-59
64217,TWN,Taiwan,invalid,rule_A_only,3,NORMAL,,0,0,0,0,0,4.0,6.027879712596672,-0.4629100498862757,老百姓,NA,,213,1,19,0,4,18-29
64220,TWN,Taiwan,invalid,rule_A_only,4,NORMAL,,0,0,0,0,0,5.0,4.2693526985431465,0.4472135954999579,NA,實驗數據,,213,1,60,0,4,60+
64226,TWN,Taiwan,invalid,rule_A_only,5,NORMAL,,0,0,0,0,0,7.0,4.54306118520584,0.4472135954999579,NA,紮實的研究,,213,1,31,0,4,30-39
64227,TWN,Taiwan,invalid,rule_A_only,4,NORMAL,,0,0,0,0,0,7.0,5.902572891837167,-0.2,NA,邏輯正確,,213,1,41,0,4,40-49
64230,TWN,Taiwan,invalid,rule_A_only,2,NORMAL,,0,0,0,0,0,7.0,4.631777835352098,0.6123724356957946,NA,no,,213,1,22,0,4,18-29
64231,TWN,Taiwan,invalid,rule_A_only,5,NORMAL,,0,0,0,0,0,14.0,8.335764732560976,0.08304547985373997,NA,誠實及專業,,213,1,61,1,4,60+
64234,TWN,Taiwan,invalid,rule_A_only,5,NORMAL,,0,0,0,0,0,7.0,4.646130350017376,1.0,NA,理論與實務,,213,1,71,1,3,60+
64237,TWN,Taiwan,invalid,rule_A_only,3,NORMAL,,0,0,0,0,0,4.0,5.194379671458165,-0.4472135954999579,科學家,NA,,213,1,35,0,4,30-39
64239,TWN,Taiwan,invalid,rule_A_only,2,NORMAL,,0,0,0,0,0,6.0,4.341379142866653,0.1856953381770519,政府,NA,,213,1,53,1,4,50-59
64240,TWN,Taiwan,invalid,rule_A_only,3,NORMAL,,0,0,0,0,0,12.0,6.948507780676799,0.6546536707079771,NA,真實性,,213,1,52,1,4,50-59
64244,TWN,Taiwan,invalid,rule_A_only,4,NORMAL,,0,0,0,0,0,8.0,3.8694796430277454,0.2,NA,研究數據,,213,1,40,1,4,40-49
64247,TWN,Taiwan,invalid,rule_A_only,2,NORMAL,,0,0,0,0,0,15.0,3.993262308827423,0.7592566023652966,NA,專業,,213,1,53,1,4,50-59
64249,TWN,Taiwan,invalid,rule_A_only,3,NORMAL,,0,0,0,0,0,8.0,3.8770864058373795,0.8944271909999159,研究者,NA,,213,1,60,1,4,60+
64256,TWN,Taiwan,invalid,rule_A_only,2,NORMAL,,0,0,0,0,0,9.0,4.436968477269771,0.0,NA,專業,,213,1,40,1,4,40-49
64259,TWN,Taiwan,invalid,rule_A_only,4,NORMAL,,0,0,0,0,0,8.0,4.728938919631159,,NA,專業數據,,213,1,31,1,4,30-39
64261,TWN,Taiwan,invalid,rule_A_only,1,NORMAL,,0,0,0,0,0,8.0,5.2755706618456815,0.6859943405700353,無,NA,,213,1,50,0,3,50-59
64265,TWN,Taiwan,invalid,rule_A_only,5,NORMAL,,0,0,0,0,0,6.0,4.697005465744069,0.5,NA,創新，發明,,213,1,61,1,4,60+
64267,TWN,Taiwan,invalid,rule_A_only,2,NORMAL,,0,0,0,0,0,15.0,6.423647034091134,0.31622776601683794,NA,太空,,213,1,61,1,3,60+
64269,TWN,Taiwan,invalid,rule_A_only,4,NORMAL,,0,0,0,0,0,12.0,2.9517255062298027,,我不清楚,NA,,213,1,43,0,4,40-49
64272,TWN,Taiwan,invalid,rule_A_only,4,NORMAL,,0,0,0,0,0,12.0,6.233494866537132,-0.2,NA,實事求是,,213,1,38,1,4,30-39
64276,TWN,Taiwan,invalid,rule_A_only,3,NORMAL,,0,0,0,0,0,8.0,3.9340343416674766,-0.31622776601683794,不知道,NA,,213,1,39,0,3,30-39
64278,TWN,Taiwan,invalid,rule_A_only,3,NORMAL,,0,0,0,0,0,12.0,3.3099773604285514,0.4472135954999579,所有人,NA,,213,1,52,1,4,50-59
64282,TWN,Taiwan,invalid,rule_A_only,3,NORMAL,,0,0,0,0,0,7.0,3.3127278769946953,,營養學,NA,,213,1,34,0,4,30-39
64283,TWN,Taiwan,invalid,rule_A_only,4,NORMAL,,0,0,0,0,0,11.0,6.126409663885882,-0.49339866816116573,NA,實驗結果,,213,1,18,1,4,18-29
64284,TWN,Taiwan,invalid,rule_A_only,2,NORMAL,,0,0,0,0,0,13.0,3.2462180562088103,1.0,人類,NA,,213,1,53,0,4,50-59
64288,TWN,Taiwan,invalid,rule_A_only,4,NORMAL,,0,0,0,0,0,7.0,2.088878516701952,,NA,有實績的,,213,1,30,1,4,30-39
64289,TWN,Taiwan,invalid,rule_A_only,4,NORMAL,,0,0,0,0,0,7.0,4.329720622692977,0.4117647058823529,NA,科學數據,,213,1,47,1,4,40-49
64290,TWN,Taiwan,invalid,rule_A_only,5,NORMAL,,0,0,0,0,0,12.0,2.7487235664180405,,NA,客觀的數據,,213,1,57,0,4,50-59
64294,TWN,Taiwan,invalid,rule_A_only,4,NORMAL,,0,0,0,0,0,10.0,3.4407352593379503,,NA,事實證據,,213,1,27,0,4,18-29
64296,TWN,Taiwan,invalid,rule_A_only,5,NORMAL,,0,0,0,0,0,5.0,2.589588727599102,-0.4472135954999579,NA,科學為基礎,,213,1,34,1,4,30-39
64298,TWN,Taiwan,invalid,rule_A_only,4,NORMAL,,0,0,0,0,0,15.0,4.206817843851011,,地理頻道,NA,,213,1,39,0,3,30-39
64306,TWN,Taiwan,invalid,rule_A_only,4,NORMAL,,0,0,0,0,0,7.0,5.435881588590509,0.5330017908890261,NA,科學實證,,213,1,48,1,4,40-49
64310,TWN,Taiwan,invalid,rule_A_only,5,NORMAL,,0,0,0,0,0,4.0,4.976033980408425,-0.41522739926869984,有障礙的人,NA,,213,1,35,0,4,30-39
64311,TWN,Taiwan,invalid,rule_A_only,1,NORMAL,,0,0,0,0,0,5.0,4.57919971441178,0.17149858514250882,NA,無,,213,1,42,0,3,40-49
64312,TWN,Taiwan,invalid,rule_A_only,1,NORMAL,,0,0,0,0,0,8.0,4.099495137297375,0.5,無,NA,,213,1,65,1,4,60+
64316,TWN,Taiwan,invalid,rule_A_only,2,NORMAL,,0,0,0,0,0,12.0,3.0603055322626234,,不懂,NA,,213,1,42,1,4,40-49
64330,TWN,Taiwan,invalid,rule_A_only,3,NORMAL,,0,0,0,0,0,6.0,3.820392408075515,0.25,任何人,NA,,213,1,29,0,4,18-29
64335,TWN,Taiwan,invalid,rule_A_only,2,NORMAL,,0,0,0,0,0,4.0,6.512990061894492,0.0,科p,NA,,213,1,41,1,4,40-49
64336,TWN,Taiwan,invalid,rule_A_only,4,NORMAL,,0,0,0,0,0,4.0,5.364504900936117,-0.3216337604513384,營利事業,NA,,213,1,51,1,4,50-59
64340,TWN,Taiwan,invalid,rule_A_only,4,NORMAL,,0,0,0,0,0,7.0,3.9175923933963013,0.3333333333333333,全体人類,NA,,213,1,52,1,4,50-59
64346,TWN,Taiwan,invalid,rule_A_only,2,NORMAL,,0,0,0,0,0,14.0,2.727128251031513,,NA,證據,,213,1,40,0,4,40-49
64351,TWN,Taiwan,invalid,rule_A_only,5,NORMAL,,0,0,0,0,0,5.0,3.4916844291003013,-0.6324555320336759,NA,研究和證實,,213,1,28,0,4,18-29
64354,TWN,Taiwan,invalid,rule_A_only,2,NORMAL,,0,0,0,0,0,3.0,5.701649269829173,0.8944271909999159,NA,數據,,213,1,70,1,4,60+
64356,TWN,Taiwan,invalid,rule_A_only,4,NORMAL,,0,0,0,0,0,4.0,4.51467659450642,0.5423261445466404,NA,具體數據,,213,1,56,1,4,50-59
64357,TWN,Taiwan,invalid,rule_A_only,4,NORMAL,,0,0,0,0,0,12.0,4.930939548989343,-0.17149858514250882,"生活便利
",NA,,213,1,58,1,4,50-59
64368,TWN,Taiwan,invalid,rule_A_only,5,NORMAL,,0,0,0,0,0,16.0,4.3945815189140935,0.8783100656536799,NA,"正確的數據
",,213,1,58,1,3,50-59
64370,TWN,Taiwan,invalid,rule_A_only,2,NORMAL,,0,0,0,0,0,14.0,4.6861037026437415,-0.5345224838248488,大眾,NA,,213,1,54,1,4,50-59
64372,TWN,Taiwan,invalid,rule_A_only,3,NORMAL,,0,0,0,0,0,16.0,4.649206973337172,0.6324555320336759,所有人,NA,,213,1,42,1,4,40-49
64375,TWN,Taiwan,invalid,rule_A_only,2,NORMAL,,0,0,0,0,0,9.0,3.616807509905145,,NA,科技,,213,1,33,1,4,30-39
64377,TWN,Taiwan,invalid,rule_A_only,2,NORMAL,,0,0,0,0,0,6.0,5.718695255851625,0.4338609156373123,NA,學歷,,213,1,21,0,4,18-29
64383,TWN,Taiwan,invalid,rule_A_only,5,NORMAL,,0,0,0,0,0,9.0,8.204610002469266,-0.12097167578182677,NA,真實的數據,,213,1,27,1,4,18-29
64384,TWN,Taiwan,invalid,rule_A_only,3,NORMAL,,0,0,0,0,0,13.0,5.484363981694126,-0.6324555320336759,所有人,NA,,213,1,33,0,3,30-39
64387,TWN,Taiwan,invalid,rule_A_only,2,NORMAL,,0,0,0,0,0,13.0,4.686539166570192,,NA,證據 ,,213,1,57,1,3,50-59
64389,TWN,Taiwan,invalid,rule_A_only,4,NORMAL,,0,0,0,0,0,13.0,4.6197290234121,,NA,人格特質,,213,1,42,1,4,40-49
64390,TWN,Taiwan,invalid,rule_A_only,2,NORMAL,,0,0,0,0,0,5.0,5.074578013354079,-0.4472135954999579,NA,無欸,,213,1,51,0,4,50-59
64391,TWN,Taiwan,invalid,rule_A_only,5,NORMAL,,0,0,0,0,0,15.0,4.3751529754436564,0.4472135954999579,NA,專業跟學養,,213,1,41,1,4,40-49
64395,TWN,Taiwan,invalid,rule_A_only,0,NORMAL,,0,0,0,0,0,8.0,4.06963534563581,0.31622776601683794,NA,-99,,213,1,30,0,4,30-39
64397,TWN,Taiwan,invalid,rule_A_only,0,NORMAL,,0,0,0,0,0,8.0,5.3111683994826695,0.5393598899705937,-99,NA,,213,1,31,1,4,30-39
64399,TWN,Taiwan,invalid,rule_A_only,1,NORMAL,,0,0,0,0,0,12.0,4.144212664315838,,無,NA,,213,1,64,1,4,60+
64407,TWN,Taiwan,invalid,rule_A_only,2,NORMAL,,0,0,0,0,0,11.0,5.247685760824561,0.26967994498529685,人類,NA,,213,1,47,1,4,40-49
64409,TWN,Taiwan,invalid,rule_A_only,0,NORMAL,,0,0,0,0,0,5.0,4.0018044893939395,0.6643638388299198,NA,-99,,213,1,37,0,2,30-39
64411,TWN,Taiwan,invalid,rule_A_only,5,NORMAL,,0,0,0,0,0,8.0,4.011178166094888,,NA,專業的知識,,213,1,50,1,4,50-59
64412,TWN,Taiwan,invalid,rule_A_only,5,NORMAL,,0,0,0,0,0,4.0,6.023945213251822,-0.26111648393354675,科學研究者,NA,,213,1,45,1,4,40-49
64416,TWN,Taiwan,invalid,rule_A_only,2,NORMAL,,0,0,0,0,0,6.0,3.071046997914784,-0.4472135954999579,NA,專業,,213,1,30,0,4,30-39
64417,TWN,Taiwan,invalid,rule_A_only,2,NORMAL,,0,0,0,0,0,5.0,6.7999037425945845,0.45226701686664544,NA,信仰,,213,1,40,1,4,40-49
64421,TWN,Taiwan,invalid,rule_A_only,2,NORMAL,,0,0,0,0,0,14.0,6.637911648531002,0.7730206825239258,NA,數據,,213,1,42,1,4,40-49
64425,TWN,Taiwan,invalid,rule_A_only,2,NORMAL,,0,0,0,0,0,6.0,6.69126951790779,-0.15811388300841897,人類,NA,,213,1,37,1,4,30-39
64428,TWN,Taiwan,invalid,rule_A_only,5,NORMAL,,0,0,0,0,0,9.0,3.8797464442400593,1.0,NA,可應證之事,,213,1,56,1,3,50-59
64434,TWN,Taiwan,invalid,rule_A_only,4,NORMAL,,0,0,0,0,0,13.0,4.065118139547997,,NA,實證研究,,213,1,28,0,4,18-29
64435,TWN,Taiwan,invalid,rule_A_only,2,NORMAL,,0,0,0,0,0,13.0,5.138750606613712,0.0,人類,NA,,213,1,51,1,3,50-59
64439,TWN,Taiwan,invalid,rule_A_only,0,NORMAL,,0,0,0,0,0,4.0,5.0518077048397085,0.4685212856658182,NA,-99,,213,1,41,0,4,40-49
64440,TWN,Taiwan,invalid,rule_A_only,5,NORMAL,,0,0,0,0,0,12.0,5.4115015669101725,0.10846522890932808,NA,專業 客觀,,213,1,41,1,4,40-49
64442,TWN,Taiwan,invalid,rule_A_only,5,NORMAL,,0,0,0,0,0,5.0,4.934322361527471,0.17149858514250882,NA,能有新發現,,213,1,24,0,4,18-29
64444,TWN,Taiwan,invalid,rule_A_only,2,NORMAL,,0,0,0,0,0,13.0,3.5941780685213858,0.4472135954999579,人類,NA,,213,1,44,1,4,40-49
64445,TWN,Taiwan,invalid,rule_A_only,3,NORMAL,,0,0,0,0,0,12.0,7.423855385328858,0.6324555320336759,NA,不清楚,,213,1,32,0,4,30-39
64446,TWN,Taiwan,invalid,rule_A_only,2,NORMAL,,0,0,0,0,0,7.0,4.498919316669659,0.5,大眾,NA,,213,1,26,0,4,18-29
64447,TWN,Taiwan,invalid,rule_A_only,2,NORMAL,,0,0,0,0,0,13.0,5.59613161560998,-0.25,NA,實證,,213,1,41,1,3,40-49
64450,TWN,Taiwan,invalid,rule_A_only,4,NORMAL,,0,0,0,0,0,8.0,5.847888587119456,-0.2626128657194451,知識階層,NA,,213,1,33,0,4,30-39
64453,TWN,Taiwan,invalid,rule_A_only,2,NORMAL,,0,0,0,0,0,12.0,4.241192924101542,,人類,NA,,213,1,46,0,4,40-49
64464,TWN,Taiwan,invalid,rule_A_only,1,NORMAL,,0,0,0,0,0,16.0,4.87884308773479,0.4472135954999579,NA,無,,213,1,33,0,3,30-39
64465,TWN,Taiwan,invalid,rule_A_only,4,NORMAL,,0,0,0,0,0,6.0,4.7218688703412734,,科技強國,NA,,213,1,71,1,2,60+
64466,TWN,Taiwan,invalid,rule_A_only,5,NORMAL,,0,0,0,0,0,12.0,4.48202016184386,0.6324555320336759,NA,真實的數據,,213,1,41,0,4,40-49
64469,TWN,Taiwan,invalid,rule_A_only,2,NORMAL,,0,0,0,0,0,12.0,2.9880430279736085,0.6324555320336759,NA,客觀,,213,1,52,1,4,50-59
64470,TWN,Taiwan,invalid,rule_A_only,4,NORMAL,,0,0,0,0,0,7.0,7.025682625387967,0.8946750577612211,高科技業,NA,,213,1,38,1,4,30-39
64475,TWN,Taiwan,invalid,rule_A_only,2,NORMAL,,0,0,0,0,0,9.0,3.5498545022652297,,NA,專業,,213,1,35,1,4,30-39
64482,TWN,Taiwan,invalid,rule_A_only,5,NORMAL,,0,0,0,0,0,12.0,3.352698013138537,,NA,充足的資料,,213,1,36,1,4,30-39
64487,TWN,Taiwan,invalid,rule_A_only,5,NORMAL,,0,0,0,0,0,15.0,7.475978851128923,0.5510140510374545,NA,求真精神。,,213,1,40,0,4,40-49
64491,TWN,Taiwan,invalid,rule_A_only,2,NORMAL,,0,0,0,0,0,7.0,6.656318916547117,0.0,NA,成果,,213,1,39,1,4,30-39
64493,TWN,Taiwan,invalid,rule_A_only,0,NORMAL,,0,0,0,0,0,5.0,4.305289892476995,-0.11043152607484653,-99,NA,,213,1,33,0,3,30-39
64494,TWN,Taiwan,invalid,rule_A_only,2,NORMAL,,0,0,0,0,0,12.0,4.567273092824351,0.15877683720748895,NA,研究,,213,1,38,1,3,30-39
64496,TWN,Taiwan,invalid,rule_A_only,2,NORMAL,,0,0,0,0,0,12.0,4.212362403688463,0.43301270189221935,人類,NA,,213,1,22,0,4,18-29
64499,TWN,Taiwan,invalid,rule_A_only,4,NORMAL,,0,0,0,0,0,9.0,2.7499896237379033,0.2,NA,數據分析,,213,1,29,0,3,18-29
64502,TWN,Taiwan,invalid,rule_A_only,4,NORMAL,,0,0,0,0,0,5.0,4.486750354774251,0.10846522890932808,政府單位,NA,,213,1,55,1,4,50-59
64503,TWN,Taiwan,invalid,rule_A_only,1,NORMAL,,0,0,0,0,0,13.0,8.21051684253899,-0.3061862178478973,NA,幹,,213,1,40,1,4,40-49
64506,TWN,Taiwan,invalid,rule_A_only,2,NORMAL,,0,0,0,0,0,8.0,5.124087046214203,,NA,數據,,213,1,30,1,4,30-39
64507,TWN,Taiwan,invalid,rule_A_only,4,NORMAL,,0,0,0,0,0,13.0,3.1457039403211544,,NA,有憑有據,,213,1,29,0,4,18-29
64509,TWN,Taiwan,invalid,rule_A_only,4,NORMAL,,0,0,0,0,0,13.0,6.422597936794577,0.4698714938993648,人類全體,NA,,213,1,39,1,4,30-39
64513,TWN,Taiwan,invalid,rule_A_only,5,NORMAL,,0,0,0,0,0,9.0,5.698018700750734,-0.5,NA,研究的成果,,213,1,49,0,3,40-49
64514,TWN,Taiwan,invalid,rule_A_only,4,NORMAL,,0,0,0,0,0,12.0,4.936342533009307,-0.34299717028501764,普羅大眾,NA,,213,1,43,0,4,40-49
64517,TWN,Taiwan,invalid,rule_A_only,3,NORMAL,,0,0,0,0,0,11.0,3.1542739014281924,,企業家,NA,,213,1,48,0,3,40-49
64520,TWN,Taiwan,invalid,rule_A_only,2,NORMAL,,0,0,0,0,0,4.0,5.696002538452608,0.2251886745555225,人類,NA,,213,1,38,1,4,30-39
64523,TWN,Taiwan,invalid,rule_A_only,2,NORMAL,,0,0,0,0,0,13.0,3.939816397594229,,大眾,NA,,213,1,35,0,4,30-39
64525,TWN,Taiwan,invalid,rule_A_only,2,NORMAL,,0,0,0,0,0,6.0,5.892383454067657,-0.6546536707079771,大家,NA,,213,1,47,1,3,40-49
64528,TWN,Taiwan,invalid,rule_A_only,2,NORMAL,,0,0,0,0,0,12.0,4.60996963623769,,自己,NA,,213,1,46,0,4,40-49
64530,TWN,Taiwan,invalid,rule_A_only,2,NORMAL,,0,0,0,0,0,12.0,4.380385338008785,-0.4472135954999579,NA,事實,,213,1,45,1,4,40-49
64532,TWN,Taiwan,invalid,rule_A_only,0,NORMAL,,0,0,0,0,0,12.0,6.105259767424612,,NA,-99,,213,1,65,0,4,60+
64540,TWN,Taiwan,invalid,rule_A_only,2,NORMAL,,0,0,0,0,0,5.0,6.441918393829182,0.17149858514250882,NA,結果,,213,1,33,1,4,30-39
64543,TWN,Taiwan,invalid,rule_A_only,2,NORMAL,,0,0,0,0,0,7.0,2.1598598971440572,,NA,統計,,213,1,62,1,4,60+
64547,TWN,Taiwan,invalid,rule_A_only,5,NORMAL,,0,0,0,0,0,16.0,4.977704722233003,,NA,有科學數據,,213,1,37,1,4,30-39
64549,TWN,Taiwan,invalid,rule_A_only,1,NORMAL,,0,0,0,0,0,13.0,6.386341979521093,,0,NA,,213,1,49,0,3,40-49
64551,TWN,Taiwan,invalid,rule_A_only,4,NORMAL,,0,0,0,0,0,4.0,5.7410923726518375,0.0,NA,實際驗證,,213,1,21,0,4,18-29
64553,TWN,Taiwan,invalid,rule_A_only,2,NORMAL,,0,0,0,0,0,6.0,4.9044238855568105,0.727606875108999,NA,未知,,213,1,28,1,2,18-29
64561,TWN,Taiwan,invalid,rule_A_only,3,NORMAL,,0,0,0,0,0,5.0,4.877780894326548,0.10846522890932808,每個人,NA,,213,1,43,0,4,40-49
64562,TWN,Taiwan,invalid,rule_A_only,1,NORMAL,,0,0,0,0,0,8.0,3.217262516766586,0.31622776601683794,NA,人,,213,1,63,1,3,60+
64566,TWN,Taiwan,invalid,rule_A_only,3,MEDIUM,odd_even_low,1,0,0,0,1,13.0,5.041244614733456,-1.0,全人類,NA,,213,1,46,1,4,40-49
64567,TWN,Taiwan,invalid,rule_A_only,2,NORMAL,,0,0,0,0,0,8.0,4.829193430544719,,NA,數據,,213,1,19,0,4,18-29
64574,TWN,Taiwan,invalid,rule_A_only,2,NORMAL,,0,0,0,0,0,10.0,5.440112299528519,-0.1856953381770519,NA,氣象,,213,1,39,0,4,30-39
64575,TWN,Taiwan,invalid,rule_A_only,2,NORMAL,,0,0,0,0,0,7.0,5.442849997329618,1.0,人類,NA,,213,1,61,1,4,60+
64576,TWN,Taiwan,invalid,rule_A_only,5,NORMAL,,0,0,0,0,0,10.0,4.187564521890229,0.6123724356957946,NA,事物的真理,,213,1,60,1,4,60+
64577,TWN,Taiwan,invalid,rule_A_only,2,NORMAL,,0,0,0,0,0,8.0,4.603714075955094,0.6123724356957946,NA,數據,,213,1,40,0,4,40-49
64579,TWN,Taiwan,invalid,rule_A_only,5,NORMAL,,0,0,0,0,0,11.0,4.610223806897501,0.5,製作小遊戲,NA,,213,1,35,1,4,30-39
64580,TWN,Taiwan,invalid,rule_A_only,4,NORMAL,,0,0,0,0,0,9.0,3.7708340620195844,-0.25,NA,研究成果,,213,1,41,1,4,40-49
64602,TWN,Taiwan,invalid,rule_A_only,2,NORMAL,,0,0,0,0,0,12.0,3.344941267894831,0.2,大眾,NA,,213,1,39,0,4,30-39
64609,TWN,Taiwan,invalid,rule_A_only,2,NORMAL,,0,0,0,0,0,11.0,6.510779738004015,0.9079593845004517,人類,NA,,213,1,62,1,4,60+
64610,TWN,Taiwan,invalid,rule_A_only,4,NORMAL,,0,0,0,0,0,4.0,8.463830948344851,,NA,發明疫苗,,213,1,60,0,3,60+
64611,TWN,Taiwan,invalid,rule_A_only,5,NORMAL,,0,0,0,0,0,12.0,2.8573641832265246,,所有的人類,NA,,213,1,71,0,3,60+
64616,TWN,Taiwan,invalid,rule_A_only,4,NORMAL,,0,0,0,0,0,6.0,2.922048615480609,0.5,NA,追求真理,,213,1,51,1,4,50-59
64617,TWN,Taiwan,invalid,rule_A_only,4,NORMAL,,0,0,0,0,0,9.0,2.558878031167187,,NA,地質學家,,213,1,60,0,4,60+
64619,TWN,Taiwan,invalid,rule_A_only,2,NORMAL,,0,0,0,0,0,13.0,3.3931984748476562,0.4472135954999579,NA,沒有,,213,1,40,0,4,40-49
64620,TWN,Taiwan,invalid,rule_A_only,2,NORMAL,,0,0,0,0,0,5.0,3.9294932670257365,-0.25,NA,發明,,213,1,40,0,3,40-49
64629,TWN,Taiwan,invalid,rule_A_only,3,NORMAL,,0,0,0,0,0,10.0,4.966093624669889,0.25,NA,不知道,,213,1,26,1,4,18-29
64631,TWN,Taiwan,invalid,rule_A_only,2,NORMAL,,0,0,0,0,0,13.0,5.306148415898038,,不知,NA,,213,1,55,1,2,50-59
64632,TWN,Taiwan,invalid,rule_A_only,2,NORMAL,,0,0,0,0,0,16.0,5.870350127973408,0.4472135954999579,NA,證據,,213,1,40,1,4,40-49
64634,TWN,Taiwan,invalid,rule_A_only,4,NORMAL,,0,0,0,0,0,14.0,6.9437633078355345,-0.227429413073671,NA,改變世界,,213,1,47,1,4,40-49
64636,TWN,Taiwan,invalid,rule_A_only,4,NORMAL,,0,0,0,0,0,12.0,4.260821216096691,,NA,實驗數據,,213,1,50,1,4,50-59
64646,TWN,Taiwan,invalid,rule_A_only,0,NORMAL,,0,0,0,0,0,12.0,3.8597054867682146,,-99,NA,,213,1,26,0,4,18-29
64647,TWN,Taiwan,invalid,rule_A_only,2,NORMAL,,0,0,0,0,0,15.0,3.7087311481838126,,NA,數據,,213,1,23,0,4,18-29
64648,TWN,Taiwan,invalid,rule_A_only,2,NORMAL,,0,0,0,0,0,10.0,7.632399480426761,-0.31622776601683794,NA,數據,,213,1,27,0,4,18-29
64649,TWN,Taiwan,invalid,rule_A_only,2,NORMAL,,0,0,0,0,0,4.0,4.719774738352231,0.4338609156373123,人民,NA,,213,1,27,0,4,18-29
64650,TWN,Taiwan,invalid,rule_A_only,4,NORMAL,,0,0,0,0,0,6.0,5.021036114829369,0.727606875108999,生病的人,NA,,213,1,20,0,3,18-29
64652,TWN,Taiwan,invalid,rule_A_only,2,NORMAL,,0,0,0,0,0,12.0,5.376829568001045,0.6565321642986127,NA,人性,,213,1,39,1,4,30-39
64655,TWN,Taiwan,invalid,rule_A_only,5,NORMAL,,0,0,0,0,0,10.0,6.565070629939999,-0.23145502494313785,NA,科技的進步,,213,1,22,0,3,18-29
64660,TWN,Taiwan,invalid,rule_A_only,4,NORMAL,,0,0,0,0,0,12.0,4.4576538031984825,,NA,實驗證明,,213,1,48,0,3,40-49
64663,TWN,Taiwan,invalid,rule_A_only,3,NORMAL,,0,0,0,0,0,10.0,4.097085586806423,0.5423261445466404,不清楚,NA,,213,1,44,0,3,40-49
64668,TWN,Taiwan,invalid,rule_A_only,5,NORMAL,,0,0,0,0,0,11.0,3.2875025618370337,,所有的人類,NA,,213,1,42,0,4,40-49
64669,TWN,Taiwan,invalid,rule_A_only,4,NORMAL,,0,0,0,0,0,6.0,3.4251088893599535,-0.6324555320336759,NA,數據分析,,213,1,27,1,4,18-29
64671,TWN,Taiwan,invalid,rule_A_only,2,NORMAL,,0,0,0,0,0,15.0,4.843194517835198,,無感,NA,,213,1,60,1,4,60+
64673,TWN,Taiwan,invalid,rule_A_only,5,NORMAL,,0,0,0,0,0,6.0,3.1751174988226043,0.4472135954999579,NA,數據、實證,,213,1,41,0,2,40-49
64675,TWN,Taiwan,invalid,rule_A_only,5,NORMAL,,0,0,0,0,0,7.0,4.2720805915988365,0.6546536707079771,NA,專業 清𥇦,,213,1,33,0,4,30-39
64677,TWN,Taiwan,invalid,rule_A_only,5,NORMAL,,0,0,0,0,0,9.0,4.118607938793937,0.25,NA,宇宙的真理,,213,1,35,1,4,30-39
64679,TWN,Taiwan,invalid,rule_A_only,3,NORMAL,,0,0,0,0,0,8.0,4.478347148569771,0.2,NA,數據?,,213,1,32,0,4,30-39
64683,TWN,Taiwan,invalid,rule_A_only,2,NORMAL,,0,0,0,0,0,7.0,4.634831603836419,0.6324555320336759,NA,證據,,213,1,45,0,4,40-49
64689,TWN,Taiwan,invalid,rule_A_only,1,NORMAL,,0,0,0,0,0,14.0,6.175970318328939,,NA,無,,213,1,44,0,4,40-49
64691,TWN,Taiwan,invalid,rule_A_only,5,NORMAL,,0,0,0,0,0,9.0,2.929788757396085,-0.2,NA,公正 誠信,,213,1,37,0,4,30-39
64695,TWN,Taiwan,invalid,rule_A_only,2,NORMAL,,0,0,0,0,0,5.0,5.678904861698656,0.0,NA,數據,,213,1,33,0,4,30-39
64696,TWN,Taiwan,invalid,rule_A_only,4,NORMAL,,0,0,0,0,0,13.0,4.229018846368002,-0.5423261445466404,NA,行為端正,,213,1,36,1,4,30-39
64697,TWN,Taiwan,invalid,rule_A_only,1,NORMAL,,0,0,0,0,0,9.0,5.1812641285053065,-0.29277002188455997,人,NA,,213,1,71,1,2,60+
64699,TWN,Taiwan,invalid,rule_A_only,2,NORMAL,,0,0,0,0,0,5.0,3.4150460097220097,,NA,實驗,,213,1,56,0,3,50-59
64700,TWN,Taiwan,invalid,rule_A_only,0,NORMAL,,0,0,0,0,0,12.0,3.3845703245914374,0.31622776601683794,-99,NA,,213,1,65,0,3,60+
64703,TWN,Taiwan,invalid,rule_A_only,5,NORMAL,,0,0,0,0,0,14.0,4.235005204704017,,NA,實證與數據,,213,1,38,0,4,30-39
64713,TWN,Taiwan,invalid,rule_A_only,2,NORMAL,,0,0,0,0,0,15.0,6.28164940043858,0.7462025072446364,商業,NA,,213,1,65,1,4,60+
64716,TWN,Taiwan,invalid,rule_A_only,3,NORMAL,,0,0,0,0,0,5.0,4.572690535691724,0.5773502691896257,NA,普及化,,213,1,73,1,4,60+
64723,TWN,Taiwan,invalid,rule_A_only,4,NORMAL,,0,0,0,0,0,7.0,5.44732703083226,0.7905694150420948,NA,客觀合理,,213,1,69,1,4,60+
64724,TWN,Taiwan,invalid,rule_A_only,5,NORMAL,,0,0,0,0,0,9.0,3.7931484247545586,,NA,事物的原理,,213,1,19,1,3,18-29
64725,TWN,Taiwan,invalid,rule_A_only,5,NORMAL,,0,0,0,0,0,15.0,2.8268733366719183,,所有的人類,NA,,213,1,71,1,3,60+
64732,TWN,Taiwan,invalid,rule_A_only,2,NORMAL,,0,0,0,0,0,12.0,6.120101869524786,-0.5477225575051661,人類,NA,,213,1,72,1,4,60+
64736,TWN,Taiwan,invalid,rule_A_only,4,NORMAL,,0,0,0,0,0,5.0,5.861909290763503,0.4763305116224668,NA,實驗根據,,213,1,43,0,4,40-49
64744,TWN,Taiwan,invalid,rule_A_only,2,NORMAL,,0,0,0,0,0,5.0,6.635560381425388,-0.5393598899705937,電商,NA,,213,1,54,0,4,50-59
64750,TWN,Taiwan,invalid,rule_A_only,4,NORMAL,,0,0,0,0,0,6.0,3.3544258566899186,0.2,NA,研究成果,,213,1,29,1,4,18-29
64751,TWN,Taiwan,invalid,rule_A_only,2,NORMAL,,0,0,0,0,0,13.0,4.0765226320948695,,人民,NA,,213,1,38,1,4,30-39
64753,TWN,Taiwan,invalid,rule_A_only,2,NORMAL,,0,0,0,0,0,16.0,4.077736346161398,,NA,真實,,213,1,61,1,4,60+
64754,TWN,Taiwan,invalid,rule_A_only,2,NORMAL,,0,0,0,0,0,11.0,4.843167924674882,-0.2,"小孩
",NA,,213,1,68,1,4,60+
64756,TWN,Taiwan,invalid,rule_A_only,5,NORMAL,,0,0,0,0,0,13.0,5.82057304214951,0.5,NA,現況及數據,,213,1,44,0,4,40-49
64762,TWN,Taiwan,invalid,rule_A_only,1,NORMAL,,0,0,0,0,0,13.0,3.21847477475272,,無,NA,,213,1,40,0,4,40-49
64763,TWN,Taiwan,invalid,rule_A_only,4,NORMAL,,0,0,0,0,0,6.0,3.8890178331498135,0.8944271909999159,NA,實驗數據,,213,1,38,1,4,30-39
64764,TWN,Taiwan,invalid,rule_A_only,2,NORMAL,,0,0,0,0,0,5.0,4.422487077767142,,電影,NA,,213,1,19,0,3,18-29
64768,TWN,Taiwan,invalid,rule_A_only,4,NORMAL,,0,0,0,0,0,4.0,4.902735542319331,0.21320071635561041,NA,專業知識,,213,1,34,0,4,30-39
64771,TWN,Taiwan,invalid,rule_A_only,4,NORMAL,,0,0,0,0,0,13.0,6.915170192758438,0.1767766952966369,NA,追求真理,,213,1,67,1,4,60+
64773,TWN,Taiwan,invalid,rule_A_only,2,NORMAL,,0,0,0,0,0,5.0,4.320684677587836,0.31622776601683794,NA,研究,,213,1,38,1,4,30-39
64775,TWN,Taiwan,invalid,rule_A_only,3,NORMAL,,0,0,0,0,0,8.0,3.666888532352012,-0.7071067811865476,WHO,NA,,213,1,32,0,4,30-39
64778,TWN,Taiwan,invalid,rule_A_only,2,NORMAL,,0,0,0,0,0,9.0,4.351992592797522,0.6428571428571429,NA,"證據
",,213,1,23,0,4,18-29
64783,TWN,Taiwan,invalid,rule_A_only,4,NORMAL,,0,0,0,0,0,7.0,3.5845478968454616,,"每個人,",NA,,213,1,35,0,4,30-39
64785,TWN,Taiwan,invalid,rule_A_only,4,NORMAL,,0,0,0,0,0,13.0,5.444086098655373,,全球人民,NA,,213,1,38,0,4,30-39
64786,TWN,Taiwan,invalid,rule_A_only,3,NORMAL,,0,0,0,0,0,12.0,4.187056907609286,,NA,不知道,,213,1,39,0,3,30-39
64787,TWN,Taiwan,invalid,rule_A_only,4,NORMAL,,0,0,0,0,0,10.0,3.7343308189199877,1.0,NA,實驗精神,,213,1,44,1,4,40-49
64789,TWN,Taiwan,invalid,rule_A_only,5,NORMAL,,0,0,0,0,0,8.0,4.019717164510835,,Human,NA,,213,1,34,0,4,30-39
64790,TWN,Taiwan,invalid,rule_A_only,2,NORMAL,,0,0,0,0,0,5.0,4.243200368902174,-0.29277002188455997,病人,NA,,213,1,33,0,4,30-39
64793,TWN,Taiwan,invalid,rule_A_only,2,NORMAL,,0,0,0,0,0,3.0,4.101956793738814,0.0,NA,數據,,213,1,33,0,4,30-39
64794,TWN,Taiwan,invalid,rule_A_only,2,NORMAL,,0,0,0,0,0,12.0,4.028645254119461,0.5773502691896257,NA,真相,,213,1,43,0,4,40-49
64798,TWN,Taiwan,invalid,rule_A_only,5,NORMAL,,0,0,0,0,0,8.0,5.0400852300520365,-0.6324555320336759,Apple,NA,,213,1,35,1,4,30-39
64799,TWN,Taiwan,invalid,rule_A_only,2,NORMAL,,0,0,0,0,0,6.0,4.706504090360455,0.21320071635561041,NA,實驗,,213,1,42,0,4,40-49
64806,TWN,Taiwan,invalid,rule_A_only,0,NORMAL,,0,0,0,0,0,12.0,5.840435761685161,-0.7745966692414834,NA,-99,,213,1,33,0,4,30-39
64807,TWN,Taiwan,invalid,rule_A_only,3,NORMAL,,0,0,0,0,0,12.0,5.302964664155523,-0.31622776601683794,所有人,NA,,213,1,44,0,3,40-49
64811,TWN,Taiwan,invalid,rule_A_only,2,NORMAL,,0,0,0,0,0,8.0,4.387213901701356,0.7071067811865476,人民,NA,,213,1,26,0,4,18-29
64812,TWN,Taiwan,invalid,rule_A_only,4,NORMAL,,0,0,0,0,0,12.0,4.0058587924016,,NA,研究數據,,213,1,24,0,4,18-29
64814,TWN,Taiwan,invalid,rule_A_only,5,NORMAL,,0,0,0,0,0,4.0,5.016502662011632,0.17149858514250882,NA,知識與研究,,213,1,19,0,3,18-29
64815,TWN,Taiwan,invalid,rule_A_only,4,NORMAL,,0,0,0,0,0,7.0,4.365435546282907,-0.31622776601683794,NA,不知道欸,,213,1,26,1,3,18-29
64816,TWN,Taiwan,invalid,rule_A_only,5,NORMAL,,0,0,0,0,0,12.0,6.213500864532524,,NA,專業的知識,,213,1,23,1,4,18-29
64817,TWN,Taiwan,invalid,rule_A_only,0,NORMAL,,0,0,0,0,0,6.0,3.6429115795456823,0.0,-99,NA,,213,1,22,0,4,18-29
64823,TWN,Taiwan,invalid,rule_A_only,2,NORMAL,,0,0,0,0,0,8.0,4.563044668342734,,大眾,NA,,213,1,26,1,4,18-29
64824,TWN,Taiwan,invalid,rule_A_only,4,NORMAL,,0,0,0,0,0,9.0,4.2631577355257155,-0.5,NA,學士淵博,,213,1,29,0,4,18-29
64828,TWN,Taiwan,invalid,rule_A_only,2,NORMAL,,0,0,0,0,0,6.0,7.490311044819878,0.5866659766167744,"人類
",NA,,213,1,28,0,4,18-29
64831,TWN,Taiwan,invalid,rule_A_only,5,NORMAL,,0,0,0,0,0,7.0,4.538524180484831,0.7808688094430304,所有人皆是,NA,,213,1,51,0,4,50-59
64834,TWN,Taiwan,invalid,rule_A_only,1,NORMAL,,0,0,0,0,0,11.0,3.351845675699893,1.0,無,NA,,213,1,28,1,4,18-29
64839,TWN,Taiwan,invalid,rule_A_only,3,NORMAL,,0,0,0,0,0,11.0,4.255100503057465,0.7647058823529411,不知道,NA,,213,1,45,0,3,40-49
64840,TWN,Taiwan,invalid,rule_A_only,4,NORMAL,,0,0,0,0,0,6.0,3.273853825590972,0.5,NA,專業知識,,213,1,54,0,3,50-59
64845,TWN,Taiwan,invalid,rule_A_only,2,NORMAL,,0,0,0,0,0,7.0,5.996646706631481,0.4472135954999579,NA,熱情,,213,1,20,0,4,18-29
64851,TWN,Taiwan,invalid,rule_A_only,5,NORMAL,,0,0,0,0,0,7.0,5.797672705632025,-0.15877683720748895,NA,理論與驗證,,213,1,25,1,4,18-29
64854,TWN,Taiwan,invalid,rule_A_only,3,NORMAL,,0,0,0,0,0,5.0,7.617505363684229,0.4336226783689202,每個人,NA,,213,1,29,0,4,18-29
64855,TWN,Taiwan,invalid,rule_A_only,4,NORMAL,,0,0,0,0,0,7.0,6.897100150733967,0.10846522890932808,NA,倫理道德,,213,1,22,1,4,18-29
64856,TWN,Taiwan,invalid,rule_A_only,3,NORMAL,,0,0,0,0,0,7.0,4.259904275318711,,全人類,NA,,213,1,42,0,4,40-49
64860,TWN,Taiwan,invalid,rule_A_only,3,NORMAL,,0,0,0,0,0,3.0,7.0961917880879914,0.2988071523335984,企業主,NA,,213,1,66,0,4,60+
64862,TWN,Taiwan,invalid,rule_A_only,4,NORMAL,,0,0,0,0,0,10.0,4.328411093344074,0.43000658178376583,NA,專業學歷,,213,1,22,0,4,18-29
64869,TWN,Taiwan,invalid,rule_A_only,2,NORMAL,,0,0,0,0,0,13.0,3.8309619330770945,-0.6324555320336759,NA,学试,,213,1,67,0,2,60+
64870,TWN,Taiwan,invalid,rule_A_only,2,NORMAL,,0,0,0,0,0,12.0,6.306746221401498,0.5252257314388902,NA,no,,213,1,61,0,4,60+
64871,TWN,Taiwan,invalid,rule_A_only,2,NORMAL,,0,0,0,0,0,8.0,3.9227524501965783,0.31622776601683794,手機,NA,,213,1,27,0,4,18-29
64878,TWN,Taiwan,invalid,rule_A_only,3,NORMAL,,0,0,0,0,0,13.0,6.3230357312446674,0.125,年輕人,NA,,213,1,51,0,4,50-59
64883,TWN,Taiwan,invalid,rule_A_only,0,NORMAL,,0,0,0,0,0,11.0,6.342095508067126,0.30151134457776363,NA,-99,,213,1,54,0,3,50-59
64884,TWN,Taiwan,invalid,rule_A_only,2,NORMAL,,0,0,0,0,0,6.0,6.221985085280998,0.9201575383978459,跳過,NA,,213,1,20,0,4,18-29
64885,TWN,Taiwan,invalid,rule_A_only,3,NORMAL,,0,0,0,0,0,4.0,4.278267242538868,0.0,人類。,NA,,213,1,24,0,4,18-29
64889,TWN,Taiwan,invalid,rule_A_only,2,NORMAL,,0,0,0,0,0,6.0,4.3647500415399945,0.0,NA,生命,,213,1,24,0,3,18-29
64896,TWN,Taiwan,invalid,rule_A_only,4,NORMAL,,0,0,0,0,0,13.0,4.125100421357643,0.7071067811865476,NA,研究結果,,213,1,23,1,4,18-29
64897,TWN,Taiwan,invalid,rule_A_only,5,NORMAL,,0,0,0,0,0,10.0,3.940888460382798,0.7071067811865476,媒體報導人,NA,,213,1,53,0,4,50-59
64905,TWN,Taiwan,invalid,rule_A_only,3,NORMAL,,0,0,0,0,0,7.0,3.510082239453018,0.9284766908852594,科學家,NA,,213,1,59,0,4,50-59
64915,TWN,Taiwan,invalid,rule_A_only,3,NORMAL,,0,0,0,0,0,12.0,4.46247573693732,0.10846522890932808,無想法,NA,,213,1,58,0,3,50-59
64917,TWN,Taiwan,invalid,rule_A_only,2,NORMAL,,0,0,0,0,0,12.0,6.7751610684703945,0.0,人們,NA,,213,1,52,0,4,50-59
64921,TWN,Taiwan,invalid,rule_A_only,4,NORMAL,,0,0,0,0,0,13.0,3.6292211269879497,0.0,NA,研究數據,,213,1,50,0,3,50-59
64922,TWN,Taiwan,invalid,rule_A_only,4,NORMAL,,0,0,0,0,0,12.0,4.253105897172449,,NA,沒有概念,,213,1,55,0,4,50-59
64932,TWN,Taiwan,invalid,rule_A_only,5,NORMAL,,0,0,0,0,0,9.0,5.836214687245665,-0.06741998624632421,NA,讓世界進步,,213,1,28,1,4,18-29
64935,TWN,Taiwan,invalid,rule_A_only,1,NORMAL,,0,0,0,0,0,9.0,3.7066509508465897,,無,NA,,213,1,51,0,3,50-59
64950,TWN,Taiwan,invalid,rule_A_only,4,NORMAL,,0,0,0,0,0,4.0,4.560053833727111,0.3333333333333333,NA,專業能力,,213,1,21,1,4,18-29
64954,TWN,Taiwan,invalid,rule_A_only,4,NORMAL,,0,0,0,0,0,6.0,5.131241157324985,0.5,NA,研究能力,,213,1,25,1,4,18-29
64959,TWN,Taiwan,invalid,rule_A_only,3,NORMAL,,0,0,0,0,0,4.0,5.218193318630394,0.4472135954999579,科學家,NA,,213,1,28,1,4,18-29
64964,TWN,Taiwan,invalid,rule_A_only,1,NORMAL,,0,0,0,0,0,11.0,3.460835619017406,,NA,?,,213,1,24,1,4,18-29
64965,TWN,Taiwan,invalid,rule_A_only,2,NORMAL,,0,0,0,0,0,6.0,9.49441383070654,0.31622776601683794,NA,數學,,213,1,23,1,4,18-29
64971,TWN,Taiwan,invalid,rule_A_only,2,NORMAL,,0,0,0,0,0,4.0,8.88167769531562,-0.5303300858899107,NA,食物,,213,1,21,1,4,18-29
64979,TWN,Taiwan,invalid,rule_A_only,3,NORMAL,,0,0,0,0,0,15.0,4.970971747251958,-0.4472135954999579,全人類,NA,,213,1,60,0,3,60+
64980,TWN,Taiwan,invalid,rule_A_only,4,NORMAL,,0,0,0,0,0,7.0,5.917279250372528,0.7905694150420948,NA,"誠實真相
",,213,1,61,0,3,60+
64989,TWN,Taiwan,invalid,rule_A_only,2,NORMAL,,0,0,0,0,0,12.0,4.184271624244974,0.4472135954999579,全民,NA,,213,1,66,0,4,60+
64992,TWN,Taiwan,invalid,rule_A_only,2,NORMAL,,0,0,0,0,0,6.0,4.830572070709299,0.8944271909999159,NA,真實,,213,1,31,0,4,30-39
64993,TWN,Taiwan,invalid,rule_A_only,1,NORMAL,,0,0,0,0,0,8.0,3.6000808180919166,-0.2,NA,無,,213,1,41,0,4,40-49
64994,TWN,Taiwan,invalid,rule_A_only,0,NORMAL,,0,0,0,0,0,12.0,4.194986778311702,,-99,NA,,213,1,63,0,4,60+
64995,TWN,Taiwan,invalid,rule_A_only,3,NORMAL,,0,0,0,0,0,8.0,8.532783004368603,-0.5976143046671968,所有人,NA,,213,1,66,0,3,60+
64996,TWN,Taiwan,invalid,rule_A_only,2,NORMAL,,0,0,0,0,0,5.0,5.710825620521133,0.0,NA,證明,,213,1,74,0,2,60+
64997,TWN,Taiwan,invalid,rule_A_only,4,NORMAL,,0,0,0,0,0,6.0,3.303671106692786,1.0,NA,專業知識,,213,1,51,1,4,50-59
65004,TWN,Taiwan,invalid,rule_A_only,4,NORMAL,,0,0,0,0,0,7.0,5.204852536689154,0.6324555320336759,NA,實驗數據,,213,1,61,0,4,60+
65012,TWN,Taiwan,invalid,rule_A_only,3,NORMAL,,0,0,0,0,0,7.0,3.8118954285151267,0.7905694150420948,NA,不確定,,213,1,62,0,3,60+
65018,TWN,Taiwan,invalid,rule_A_only,3,NORMAL,,0,0,0,0,0,8.0,4.932291560985099,0.0,NA,不知道,,213,1,64,0,4,60+
65022,TWN,Taiwan,invalid,rule_A_only,3,NORMAL,,0,0,0,0,0,13.0,5.456534582800771,0.25,NA,"不知道
",,213,1,72,0,3,60+
65025,TWN,Taiwan,invalid,rule_A_only,2,NORMAL,,0,0,0,0,0,12.0,3.9015249589055747,-0.4472135954999579,NA,No,,213,1,63,0,4,60+
65040,UKR,Ukraine,invalid,rule_A_only,4,NORMAL,,0,0,0,0,0,10.0,5.718280301850919,-0.4472135954999579,Люди,NA,,213,1,36,1,4,30-39
65093,UKR,Ukraine,invalid,rule_A_only,4,NORMAL,,0,0,0,0,0,14.0,7.2343656478908045,0.8944271909999159,Люди,NA,,213,1,43,2,4,40-49
65111,UKR,Ukraine,invalid,rule_A_only,3,NORMAL,,0,0,0,0,0,7.0,3.898366281691107,0.7071067811865476,NA,дак,,213,1,39,1,4,30-39
65115,UKR,Ukraine,invalid,rule_A_only,5,NORMAL,,0,0,0,0,0,9.0,6.530963788093799,0.0,NA,Розум,,213,1,46,1,4,40-49
65164,UKR,Ukraine,invalid,rule_A_only,4,NORMAL,,0,0,0,0,0,4.0,9.135961252366394,0.17342199390482402,Люди,NA,,213,1,23,1,4,18-29
65172,UKR,Ukraine,invalid,rule_A_only,5,NORMAL,,0,0,0,0,0,12.0,4.689607189180378,,NA,Успех,,213,1,33,0,3,30-39
65198,UKR,Ukraine,invalid,rule_A_only,0,NORMAL,,0,0,0,0,0,5.0,5.57160262499614,-0.8677218312746247,-99,NA,,213,1,22,0,4,18-29
65225,UKR,Ukraine,invalid,rule_A_only,4,NORMAL,,0,0,0,0,0,13.0,2.7918909342643605,1.0,люди,NA,,213,1,56,1,4,50-59
65228,UKR,Ukraine,invalid,rule_A_only,4,NORMAL,,0,0,0,0,0,5.0,4.498672810215202,0.4472135954999579,Люди,NA,,213,1,44,1,4,40-49
65230,UKR,Ukraine,invalid,rule_A_only,5,NORMAL,,0,0,0,0,0,15.0,8.698973569750493,,Влада,NA,,213,1,47,1,3,40-49
65241,UKR,Ukraine,invalid,rule_A_only,4,NORMAL,,0,0,0,0,0,6.0,4.345119520647221,0.6123724356957946,Люди,NA,,213,1,27,1,4,18-29
65270,UKR,Ukraine,invalid,rule_A_only,0,NORMAL,,0,0,0,0,0,5.0,4.536173703307813,,NA,-99,,213,1,19,0,1,18-29
65302,UKR,Ukraine,invalid,rule_A_only,4,NORMAL,,0,0,0,0,0,9.0,3.9358470125476077,0.31622776601683794,Люди,NA,,213,1,25,0,4,18-29
65309,UKR,Ukraine,invalid,rule_A_only,0,NORMAL,,0,0,0,0,0,12.0,3.734047095823542,,-99,NA,,213,1,21,1,4,18-29
65314,UKR,Ukraine,invalid,rule_A_only,5,NORMAL,,0,0,0,0,0,7.0,3.219485815116592,,NA,Праця,,213,1,40,0,4,40-49
65369,UKR,Ukraine,invalid,rule_A_only,2,NORMAL,,0,0,0,0,0,11.0,3.7816534715271493,,NA,ум,,213,1,47,0,3,40-49
65482,UKR,Ukraine,invalid,rule_A_only,4,NORMAL,,0,0,0,0,0,12.0,3.7498754342692378,,Люди,NA,,213,1,30,1,4,30-39
65490,UKR,Ukraine,invalid,rule_A_only,4,NORMAL,,0,0,0,0,0,7.0,7.260954210807423,,NA,Опит,,213,1,35,1,3,30-39
65507,UKR,Ukraine,invalid,rule_A_only,4,NORMAL,,0,0,0,0,0,3.0,4.533203599556014,0.0,Люди,NA,,213,1,34,1,3,30-39
65516,UKR,Ukraine,invalid,rule_A_only,4,NORMAL,,0,0,0,0,0,15.0,4.426731155633045,,Люди,NA,,213,1,37,1,4,30-39
65532,UKR,Ukraine,invalid,rule_A_only,3,NORMAL,,0,0,0,0,0,12.0,5.023264834129077,0.34299717028501764,NA,так,,213,1,33,1,4,30-39
65738,UKR,Ukraine,invalid,rule_A_only,0,NORMAL,,0,0,0,0,0,8.0,5.800657048071892,0.8711871219403557,NA,-99,,213,1,41,0,4,40-49
65762,UKR,Ukraine,invalid,rule_A_only,3,NORMAL,,0,0,0,0,0,14.0,3.9889926632570694,1.0,все,NA,,213,1,53,0,4,50-59
65795,UKR,Ukraine,invalid,rule_A_only,5,NORMAL,,0,0,0,0,0,7.0,6.0396257600266905,0.08304547985373997,NA,Розум,,213,1,32,1,4,30-39
65807,UKR,Ukraine,invalid,rule_A_only,5,NORMAL,,0,0,0,0,0,6.0,4.562902254371918,0.0,армия,NA,,213,1,33,1,3,30-39
65854,UKR,Ukraine,invalid,rule_A_only,5,NORMAL,,0,0,0,0,0,12.0,5.780935713103333,0.25,NA,Розум,,213,1,66,1,3,60+
65875,UKR,Ukraine,invalid,rule_A_only,4,NORMAL,,0,0,0,0,0,5.0,7.9621747254471105,0.4803844614152614,Люди,NA,,213,1,51,0,4,50-59
65895,UKR,Ukraine,invalid,rule_A_only,5,NORMAL,,0,0,0,0,0,7.0,6.141827790532381,0.1856953381770519,Вчені,NA,,213,1,61,0,4,60+
65896,UKR,Ukraine,invalid,rule_A_only,4,NORMAL,,0,0,0,0,0,10.0,8.345171843613182,-0.14852213144650114,NA,"айкю




",,213,1,52,0,3,50-59
66005,UKR,Ukraine,invalid,rule_A_only,2,NORMAL,,0,0,0,0,0,6.0,6.674675617048253,-0.3333333333333333,NA,ум,,213,1,66,1,4,60+
66033,UKR,Ukraine,invalid,rule_A_only,4,NORMAL,,0,0,0,0,0,3.0,8.68255290104315,-0.3535533905932738,Діти,NA,,213,1,18,1,3,18-29
66268,UGA,Uganda,invalid,rule_A_only,3,NORMAL,,0,0,0,0,0,3.0,7.678379155739209,0.958467676597046,NA,idk,,213,1,33,0,4,30-39
66276,UGA,Uganda,invalid,rule_A_only,2,NORMAL,,0,0,0,0,0,3.0,5.5596209895345075,0.31622776601683794,NA,Us,,213,1,52,0,4,50-59
66579,USA,United States,invalid,rule_A_only,5,NORMAL,,0,0,0,0,0,12.0,3.641243838436166,,Alot. ,NA,,213,1,74,0,4,60+
66622,USA,United States,invalid,rule_A_only,5,NORMAL,,0,0,0,0,0,15.0,4.478203215794235,0.8215838362577491,NA,truth,,213,1,60,1,3,60+
66645,USA,United States,invalid,rule_A_only,2,NORMAL,,0,0,0,0,0,6.0,6.071513867914638,0.2,NA,Mo,,213,1,22,0,3,18-29
66698,USA,United States,invalid,rule_A_only,0,NORMAL,,0,0,0,0,0,9.0,6.184730142521883,0.909717652294684,NA,None,,213,1,24,1,3,18-29
66720,USA,United States,invalid,rule_A_only,3,NORMAL,,0,0,0,0,0,3.0,6.514902098695915,-0.5855400437691199,Idk,NA,,213,1,21,1,2,18-29
66787,USA,United States,invalid,rule_A_only,0,NORMAL,,0,0,0,0,0,5.0,5.151789450809321,-0.31622776601683794,NA,None,,213,1,38,0,3,30-39
66798,USA,United States,invalid,rule_A_only,4,NORMAL,,0,0,0,0,0,3.0,4.599934269095702,-0.5,GOOD,NA,,213,1,42,1,4,40-49
66804,USA,United States,invalid,rule_A_only,0,NORMAL,,0,0,0,0,0,10.0,5.35470149954208,0.0,-99,NA,,213,1,59,0,4,50-59
66813,USA,United States,invalid,rule_A_only,3,NORMAL,,0,0,0,0,0,5.0,7.635913184136038,0.5838742081211422,Idk,NA,,213,1,20,0,1,18-29
66825,USA,United States,invalid,rule_A_only,0,NORMAL,,0,0,0,0,0,6.0,5.706835630776769,0.058823529411764705,NA,-99,,213,1,37,0,4,30-39
66998,USA,United States,invalid,rule_A_only,3,NORMAL,,0,0,0,0,0,10.0,6.063070804598846,0.5423261445466404,NA,Yes,,213,1,45,0,3,40-49
67025,USA,United States,invalid,rule_A_only,0,NORMAL,,0,0,0,0,0,6.0,3.8547771461658726,,-99,NA,,213,1,41,1,4,40-49
67080,USA,United States,invalid,rule_A_only,2,NORMAL,,0,0,0,0,0,5.0,7.206246989571851,-0.6963106238227914,NA,No ,,213,1,52,1,3,50-59
67180,USA,United States,invalid,rule_A_only,0,NORMAL,,0,0,0,0,0,5.0,4.269908783342075,0.6859943405700353,NA,-99,,213,1,64,1,4,60+
67223,USA,United States,invalid,rule_A_only,0,NORMAL,,0,0,0,0,0,6.0,4.031274925759397,-0.5,NA,none,,213,1,38,1,4,30-39
67228,USA,United States,invalid,rule_A_only,4,NORMAL,,0,0,0,0,0,15.0,5.0556678533590835,,NA,Good ,,213,1,33,1,4,30-39
67280,USA,United States,invalid,rule_A_only,5,NORMAL,,0,0,0,0,0,6.0,3.981834985517306,-0.31622776601683794,We do,NA,,213,1,70,0,3,60+
67376,USA,United States,invalid,rule_A_only,3,NORMAL,,0,0,0,0,0,3.0,3.9691189676650347,-0.7071067811865476,NA,YES,,213,1,38,0,2,30-39
67502,USA,United States,invalid,rule_A_only,3,NORMAL,,0,0,0,0,0,14.0,4.518258587789433,0.4629100498862757,NA,Idk,,213,1,29,0,4,18-29
67517,USA,United States,invalid,rule_A_only,0,NORMAL,,0,0,0,0,0,11.0,4.003189923061181,,NA,None ,,213,1,34,0,4,30-39
67520,USA,United States,invalid,rule_A_only,5,NORMAL,,0,0,0,0,0,16.0,3.010368419978699,,NA,Lunch ,,213,1,36,0,4,30-39
67524,USA,United States,invalid,rule_A_only,5,NORMAL,,0,0,0,0,0,9.0,3.5906694061504116,0.4472135954999579,NA,Study,,213,1,72,1,4,60+
67634,USA,United States,invalid,rule_A_only,3,NORMAL,,0,0,0,0,0,9.0,4.822147057334513,0.31622776601683794,Idk ,NA,,213,1,40,1,2,40-49
67660,USA,United States,invalid,rule_A_only,4,NORMAL,,0,0,0,0,0,7.0,4.172261470644513,0.0,I do,NA,,213,1,18,0,3,18-29
67670,USA,United States,invalid,rule_A_only,3,NORMAL,,0,0,0,0,0,6.0,5.661228071412523,0.8366600265340756,n/a,NA,,213,1,65,1,3,60+
67728,USA,United States,invalid,rule_A_only,4,NORMAL,,0,0,0,0,0,12.0,4.257710551734536,1.0,nasa,NA,,213,1,68,1,3,60+
67779,USA,United States,invalid,rule_A_only,0,NORMAL,,0,0,0,0,0,8.0,7.8685889811644545,0.0,NA,None,,213,1,33,0,3,30-39
67795,USA,United States,invalid,rule_A_only,0,NORMAL,,0,0,0,0,0,11.0,8.586179510926788,-0.5494422557947561,None ,NA,,213,1,35,NA,3,30-39
67833,USA,United States,invalid,rule_A_only,3,NORMAL,,0,0,0,0,0,6.0,5.507197418716773,0.1856953381770519,N/A,NA,,213,1,53,1,3,50-59
67844,USA,United States,invalid,rule_A_only,0,NORMAL,,0,0,0,0,0,7.0,3.5666972974132265,-0.7071067811865476,NA,-99,,213,1,26,0,3,18-29
67847,USA,United States,invalid,rule_A_only,3,NORMAL,,0,0,0,0,0,10.0,7.79675622852089,0.606976978666884,NA,N/a,,213,1,25,0,1,18-29
67866,USA,United States,invalid,rule_A_only,3,NORMAL,,0,0,0,0,0,6.0,8.753974987485876,0.27472112789737807,NA,N/a,,213,1,27,0,2,18-29
67908,USA,United States,invalid,rule_A_only,2,NORMAL,,0,0,0,0,0,10.0,8.181680331007483,1.0,No,NA,,213,1,31,0,3,30-39
67911,USA,United States,invalid,rule_A_only,3,NORMAL,,0,0,0,0,0,10.0,5.154139495751905,,Idk,NA,,213,1,43,0,4,40-49
67949,USA,United States,invalid,rule_A_only,0,NORMAL,,0,0,0,0,0,2.0,9.246416789247922,0.0,None,NA,,213,1,30,0,4,30-39
67986,USA,United States,invalid,rule_A_only,5,NORMAL,,0,0,0,0,0,4.0,5.122073269761752,0.0,NA,Facts ,,213,1,60,1,4,60+
67999,USA,United States,invalid,rule_A_only,3,NORMAL,,0,0,0,0,0,12.0,3.8644017116499407,0.29277002188455997,NA,N/A,,213,1,24,0,4,18-29
68059,USA,United States,invalid,rule_A_only,5,NORMAL,,0,0,0,0,0,6.0,5.265845655037055,-0.4472135954999579,We do,NA,,213,1,70,1,3,60+
68069,USA,United States,invalid,rule_A_only,3,NORMAL,,0,0,0,0,0,8.0,4.312228277929241,,idk,NA,,213,1,22,0,3,18-29
68080,USA,United States,invalid,rule_A_only,4,NORMAL,,0,0,0,0,0,6.0,7.993600903596631,-0.29277002188455997,NA,Good,,213,1,37,0,1,30-39
68086,USA,United States,invalid,rule_A_only,0,NORMAL,,0,0,0,0,0,6.0,5.863498686320052,0.8401680504168059,None,NA,,213,1,23,0,3,18-29
68114,USA,United States,invalid,rule_A_only,0,NORMAL,,0,0,0,0,0,14.0,2.7734597845007443,,NA,-99,,213,1,39,0,3,30-39
68135,USA,United States,invalid,rule_A_only,0,NORMAL,,0,0,0,0,0,10.0,5.546373110757569,1.0,NA,None ,,213,1,56,0,3,50-59
68155,USA,United States,invalid,rule_A_only,0,NORMAL,,0,0,0,0,0,11.0,5.633027512763578,-0.4472135954999579,none,NA,,213,1,66,1,3,60+
68158,USA,United States,invalid,rule_A_only,0,NORMAL,,0,0,0,0,0,10.0,4.969517439277639,0.0,NA,None,,213,1,47,1,3,40-49
68194,USA,United States,invalid,rule_A_only,5,NORMAL,,0,0,0,0,0,9.0,6.59998735497056,0.0,NA,Facts ,,213,1,47,1,3,40-49
68313,USA,United States,invalid,rule_A_only,5,NORMAL,,0,0,0,0,0,15.0,2.922268451194708,,NA,Facts,,213,1,51,0,4,50-59
68365,USA,United States,invalid,rule_A_only,5,NORMAL,,0,0,0,0,0,3.0,10.769442482792407,-0.4981167541368988,Gmail ,NA,,213,1,24,1,4,18-29
68398,USA,United States,invalid,rule_A_only,3,NORMAL,,0,0,0,0,0,7.0,6.284802226843654,,NA,Idk,,213,1,20,1,3,18-29
68441,USA,United States,invalid,rule_A_only,2,NORMAL,,0,0,0,0,0,6.0,6.698743924975785,0.5619514869490164,No ,NA,,213,1,52,0,3,50-59
68504,USA,United States,invalid,rule_A_only,0,NORMAL,,0,0,0,0,0,6.0,4.139337361837866,0.0,NA,None ,,213,1,43,0,4,40-49
68507,USA,United States,invalid,rule_A_only,3,NORMAL,,0,0,0,0,0,16.0,8.372075894741972,-0.02900073952828708,idk,NA,,213,1,21,0,4,18-29
68510,USA,United States,invalid,rule_A_only,0,NORMAL,,0,0,0,0,0,2.0,10.086643261523442,-0.08512565307587487,None,NA,,213,1,22,0,4,18-29
68896,USA,United States,invalid,rule_A_only,0,NORMAL,,0,0,0,0,0,7.0,5.3064537889460786,-0.4472135954999579,NA,-99,,213,1,32,0,2,30-39
68941,USA,United States,invalid,rule_A_only,5,NORMAL,,0,0,0,0,0,10.0,4.641001881249663,,NA,Facts,,213,1,33,1,1,30-39
68968,USA,United States,invalid,rule_A_only,0,NORMAL,,0,0,0,0,0,13.0,3.122024772467243,,none,NA,,213,1,NA,0,3,NA
69001,USA,United States,invalid,rule_A_only,5,NORMAL,,0,0,0,0,0,15.0,2.376746223780578,,NA,Facts,,213,1,34,0,3,30-39
69054,USA,United States,invalid,rule_A_only,0,NORMAL,,0,0,0,0,0,13.0,7.919434102121077,-0.5521576303742327,NA,None ,,213,1,43,0,4,40-49
69108,USA,United States,invalid,rule_A_only,4,NORMAL,,0,0,0,0,0,11.0,4.228399728470664,,NA,Good,,213,1,36,0,4,30-39
69198,USA,United States,invalid,rule_A_only,5,NORMAL,,0,0,0,0,0,6.0,7.341801122371959,-0.3458572319330373,NA,Goids,,213,1,45,1,4,40-49
69220,USA,United States,invalid,rule_A_only,4,NORMAL,,0,0,0,0,0,5.0,5.1275178614550745,-0.31622776601683794,NA,Good,,213,1,36,0,4,30-39
69285,USA,United States,invalid,rule_A_only,3,NORMAL,,0,0,0,0,0,7.0,4.325856136940521,-0.5,add,NA,,213,1,28,1,4,18-29
69316,USA,United States,invalid,rule_A_only,0,NORMAL,,0,0,0,0,0,10.0,3.4334617991739687,,NA,na,,213,1,53,1,3,50-59
69327,USA,United States,invalid,rule_A_only,3,NORMAL,,0,0,0,0,0,13.0,3.1937560437470576,,NA,YES,,213,1,41,1,4,40-49
69357,USA,United States,invalid,rule_A_only,5,NORMAL,,0,0,0,0,0,12.0,2.622295216543709,,NA,adddd,,213,1,28,1,4,18-29
69613,URY,Uruguay,invalid,rule_A_only,5,NORMAL,,0,0,0,0,0,6.0,3.4504665655101165,0.6324555320336759,Todos,NA,,213,1,41,0,4,40-49
69708,URY,Uruguay,invalid,rule_A_only,0,NORMAL,,0,0,0,0,0,4.0,5.255069665080085,-0.6859943405700353,NA,-99,,213,1,20,1,3,18-29
69813,URY,Uruguay,invalid,rule_A_only,0,NORMAL,,0,0,0,0,0,12.0,6.937684974090251,0.6324555320336759,-99,NA,,213,1,47,0,4,40-49
69838,URY,Uruguay,invalid,rule_A_only,0,NORMAL,,0,0,0,0,0,5.0,5.38938241331458,-0.17149858514250882,-99,NA,,213,1,31,0,3,30-39
69847,URY,Uruguay,invalid,rule_A_only,0,NORMAL,,0,0,0,0,0,13.0,3.518274909882412,,NA,-99,,213,1,33,0,4,30-39
69874,URY,Uruguay,invalid,rule_A_only,0,NORMAL,,0,0,0,0,0,6.0,4.19779308749635,0.3333333333333333,-99,NA,,213,1,56,0,4,50-59
70592,CIV,Côte d'Ivoire,invalid,rule_A_only,0,NORMAL,,0,0,0,0,0,4.0,4.048194338255178,0.31622776601683794,-99,NA,,213,1,22,1,4,18-29
70940,ZAF,South Africa,invalid,rule_A_only,5,NORMAL,,0,0,0,0,0,13.0,3.421198986080501,,NA,Proof,,213,1,57,0,3,50-59
71304,ZAF,South Africa,invalid,rule_A_only,5,NORMAL,,0,0,0,0,0,14.0,4.955491986862657,,Youth,NA,,213,1,42,1,4,40-49
71334,ZAF,South Africa,invalid,rule_A_only,0,NORMAL,,0,0,0,0,0,5.0,4.453156838478369,0.13130643285972254,NA,-99,,213,1,70,0,4,60+
71794,ZAF,South Africa,invalid,rule_A_only,0,NORMAL,,0,0,0,0,0,15.0,3.5241267496948927,1.0,NA,-99,,213,1,62,0,3,60+
71818,ZAF,South Africa,invalid,rule_A_only,0,NORMAL,,0,0,0,0,0,14.0,5.351603610548901,0.29277002188455997,NA,Na,,213,1,62,0,4,60+
71905,ZAF,South Africa,invalid,rule_A_only,4,NORMAL,,0,0,0,0,0,8.0,4.982321708949348,-0.5423261445466404,good,NA,,213,1,70,0,4,60+
71907,ZAF,South Africa,invalid,rule_A_only,4,NORMAL,,0,0,0,0,0,6.0,3.9649520439258676,-0.6324555320336759,good,NA,,213,1,70,0,4,60+
71908,ZAF,South Africa,invalid,rule_A_only,4,NORMAL,,0,0,0,0,0,6.0,4.396586961956358,0.0,NA,good,,213,1,70,0,4,60+
71909,ZAF,South Africa,invalid,rule_A_only,4,NORMAL,,0,0,0,0,0,6.0,4.60263286981108,-0.4,NA,good,,213,1,70,0,4,60+
71910,ZAF,South Africa,invalid,rule_A_only,4,NORMAL,,0,0,0,0,0,7.0,4.532101425357938,-0.25,good,NA,,213,1,70,0,4,60+
71913,ZAF,South Africa,invalid,rule_A_only,4,NORMAL,,0,0,0,0,0,6.0,4.818174574793115,-0.3779644730092272,NA,good,,213,1,70,0,4,60+
71914,ZAF,South Africa,invalid,rule_A_only,4,NORMAL,,0,0,0,0,0,4.0,4.365893921798045,0.0,good,NA,,213,1,70,0,4,60+
71915,ZAF,South Africa,invalid,rule_A_only,4,NORMAL,,0,0,0,0,0,5.0,5.441209109863031,0.0,good,NA,,213,1,70,0,4,60+
71916,ZAF,South Africa,invalid,rule_A_only,4,NORMAL,,0,0,0,0,0,6.0,5.20928936642175,0.16609095970747995,NA,good,,213,1,70,0,4,60+
71917,ZAF,South Africa,invalid,rule_A_only,4,NORMAL,,0,0,0,0,0,16.0,6.513745553590974,-0.5185629788417315,good,NA,,213,1,70,0,4,60+
71918,ZAF,South Africa,invalid,rule_A_only,4,NORMAL,,0,0,0,0,0,6.0,6.011644669547481,0.5598925109558544,NA,good,,213,1,70,0,4,60+
71919,ZAF,South Africa,invalid,rule_A_only,4,NORMAL,,0,0,0,0,0,5.0,4.852255934556853,-0.8574929257125441,good,NA,,213,1,70,0,4,60+
71920,ZAF,South Africa,invalid,rule_A_only,4,NORMAL,,0,0,0,0,0,4.0,5.779817132172464,-0.7559289460184544,NA,good,,213,1,70,0,4,60+
71921,ZAF,South Africa,invalid,rule_A_only,4,NORMAL,,0,0,0,0,0,4.0,6.244506749099897,0.5494422557947561,good,NA,,213,1,70,0,4,60+
71922,ZAF,South Africa,invalid,rule_A_only,4,NORMAL,,0,0,0,0,0,6.0,5.5482044651028115,-0.3152641443777315,NA,good,,213,1,70,0,4,60+
562,ARG,Argentina,invalid,rule_B_only,192,NORMAL,,0,0,0,0,0,20.0,7.190010639394982,0.9079593845004517,"Pienso que la mayoría de los poderes públicos y políticos se benefician con mayor huje de los avances y descubrimientos científicos, ya que a nivel económico se atraen sustanciosas recompensas ",NA,,213,1,48,1,4,40-49
611,ARG,Argentina,invalid,rule_B_only,106,NORMAL,,0,0,0,0,0,19.0,3.7640745399495357,-0.4472135954999579,"La ciencia beneficia a todos humanos, animales vegetales a todo el planeta si utiliza la Ciencia para bien",NA,,213,1,62,0,4,60+
616,ARG,Argentina,invalid,rule_B_only,52,NORMAL,,0,0,0,0,0,21.0,7.294003072254878,,NA,No se creo que nada es dificil cree en un cientifico,,213,1,49,0,3,40-49
646,ARG,Argentina,invalid,rule_B_only,165,NORMAL,,0,0,0,0,0,18.0,5.8387688037543555,0.31622776601683794,"Sabemos que nosotros somos beneficiados gracias a los científicos porque estudian todo tipo de cosas salud,etc ( todo ) y traen mucho Beneficios para el mundo entero ",NA,,213,1,37,NA,2,30-39
672,ARG,Argentina,invalid,rule_B_only,30,NORMAL,,0,0,0,0,0,21.0,5.604582716450023,0.0,NA,me de seguridad con lo ue dice ,,213,1,21,0,4,18-29
892,AUS,Australia,invalid,rule_B_only,364,NORMAL,,0,0,0,0,0,20.0,3.038820939818474,0.6324555320336759,NA,"scientists require extensive research and experiment finding to support their development in certain things. it is supported by data and information and not just by saying something while it is not. it needs testing,  it needs proofs. without any of these, this won't make scientists trustworthy at all. and that would be the same as general public knowledge only.",,213,1,39,0,4,30-39
893,AUS,Australia,invalid,rule_B_only,91,NORMAL,,0,0,0,0,0,26.0,4.617162801931188,,The world benefits from science because it improves it and that of the humans on the earth.,NA,,213,1,31,1,4,30-39
903,AUS,Australia,invalid,rule_B_only,59,NORMAL,,0,0,0,0,0,25.0,2.9625078611795375,,NA,Someone who produces readable and evidence based principles,,213,1,26,0,4,18-29
916,AUS,Australia,invalid,rule_B_only,236,NORMAL,,0,0,0,0,0,17.0,6.398385103130419,,"Usually, Researchers, Students, and the common & average citizens benefit from Science that pertains to health & fitness ; longevity & age related matters ... Senior Citizens also benefit from Researches done in their BEST INTERESTS ...",NA,,213,1,69,1,4,60+
938,AUS,Australia,invalid,rule_B_only,16,NORMAL,,0,0,0,0,0,26.0,4.716995523550297,,NA,Peer recommended,,213,1,43,0,4,40-49
965,AUS,Australia,invalid,rule_B_only,7,NORMAL,,0,0,0,0,0,25.0,2.37095140681086,,NA,Honesty,,213,1,54,0,3,50-59
966,AUS,Australia,invalid,rule_B_only,69,NORMAL,,0,0,0,0,0,19.0,6.481319101839968,,I THINK A LOT OF EQUIPMENT FOR MEDICAL AND RESEARCH IS VERY IMPORTANT,NA,,213,1,52,0,3,50-59
977,AUS,Australia,invalid,rule_B_only,15,NORMAL,,0,0,0,0,0,23.0,4.131259230748225,0.2626128657194451,NA,genuine honesty,,213,1,58,1,3,50-59
1031,AUS,Australia,invalid,rule_B_only,19,NORMAL,,0,0,0,0,0,19.0,4.802933091457963,0.2,probably the public,NA,,213,1,50,1,4,50-59
1046,AUS,Australia,invalid,rule_B_only,277,NORMAL,,0,0,0,0,0,18.0,3.4636297318369595,0.7071067811865476,"It is hard to say who benefits most. I think we can all benefit because the way science has looked at things in the past has changed. We now have a deeper understanding of some things. At the end of the day, we all have to decide what works for us. It is not one size fits all.",NA,,213,1,56,0,3,50-59
1054,AUS,Australia,invalid,rule_B_only,89,NORMAL,,0,0,0,0,0,20.0,3.89092996925031,,NA,Giving people accurate and honest information.  Being clever and really good at their job,,213,1,54,0,3,50-59
1058,AUS,Australia,invalid,rule_B_only,50,NORMAL,,0,0,0,0,0,19.0,6.215735112388043,,I don't know but I know it's not every day people.,NA,,213,1,53,0,3,50-59
1061,AUS,Australia,invalid,rule_B_only,16,NORMAL,,0,0,0,0,0,24.0,2.7323707112063667,,NA,I've got no idea,,213,1,69,1,3,60+
1080,AUS,Australia,invalid,rule_B_only,13,NORMAL,,0,0,0,0,0,17.0,9.243896630263817,0.6324555320336759,i got no idea,NA,,213,1,68,0,3,60+
1082,AUS,Australia,invalid,rule_B_only,26,NORMAL,,0,0,0,0,0,18.0,2.800285997566706,,NA,Good experience with drugs,,213,1,45,0,3,40-49
1099,AUS,Australia,invalid,rule_B_only,81,NORMAL,,0,0,0,0,0,18.0,4.016306573522705,,NA,"Years of experience,  number of peer reviews, evidence based outcomes of research",,213,1,45,0,4,40-49
1105,AUS,Australia,invalid,rule_B_only,39,NORMAL,,0,0,0,0,0,19.0,2.894458305131426,,Scientists because that is what they do,NA,,213,1,54,0,3,50-59
1106,AUS,Australia,invalid,rule_B_only,168,NORMAL,,0,0,0,0,0,17.0,4.6701613510185505,-0.5,NA,"Just because a person is a scientist, doesn't mean they are trustworthy/Non-trustworthy. I would make that determination based on them, as an individual male or female.",,213,1,78,1,3,60+
1113,AUS,Australia,invalid,rule_B_only,29,NORMAL,,0,0,0,0,0,30.0,6.580209272232609,,NA,their instinct and dedication,,213,1,18,0,3,18-29
1124,AUS,Australia,invalid,rule_B_only,81,NORMAL,,0,0,0,0,0,17.0,3.802247651097047,0.7905694150420948,The general population as application of scientific discoveries benefits everyone,NA,,213,1,79,1,4,60+
1126,AUS,Australia,invalid,rule_B_only,8,NORMAL,,0,0,0,0,0,20.0,2.2263251824908474,,NA,No ideas,,213,1,61,0,3,60+
1134,AUS,Australia,invalid,rule_B_only,6,MEDIUM,longstring_exceed,1,0,1,0,0,32.0,2.67751093017565,,NA,unsure,,213,1,69,0,4,60+
1145,AUS,Australia,invalid,rule_B_only,12,NORMAL,,0,0,0,0,0,26.0,2.34017425256623,,I don't know,NA,,213,1,21,0,4,18-29
1148,AUS,Australia,invalid,rule_B_only,63,NORMAL,,0,0,0,0,0,26.0,1.2723293048118811,,NA,Because they always give us confident and valuable information.,,213,1,38,1,4,30-39
1150,AUS,Australia,invalid,rule_B_only,55,NORMAL,,0,0,0,0,0,26.0,1.4787153482945627,,They always give us confident and valuable information.,NA,,213,1,38,1,4,30-39
1159,AUS,Australia,invalid,rule_B_only,8,NORMAL,,0,0,0,0,0,24.0,2.7484117604082328,1.0,Not sure,NA,,213,1,26,0,4,18-29
1161,AUS,Australia,invalid,rule_B_only,55,NORMAL,,0,0,0,0,0,26.0,1.2935513871173263,,NA,They always give us confident and valuable information.,,213,1,38,1,4,30-39
1164,AUS,Australia,invalid,rule_B_only,55,NORMAL,,0,0,0,0,0,26.0,1.2935513871173263,,NA,They always give us confident and valuable information.,,213,1,38,1,4,30-39
1179,AUS,Australia,invalid,rule_B_only,64,NORMAL,,0,0,0,0,0,17.0,3.4858827678773037,,NA,Absolutly nothing... one scientist will disagree with another...,,213,1,67,1,4,60+
1194,AUS,Australia,invalid,rule_B_only,57,NORMAL,,0,0,0,0,0,18.0,3.6439355572443173,,Leaning new ways to fight desieses and things like cancer,NA,,213,1,35,0,3,30-39
1205,AUS,Australia,invalid,rule_B_only,89,NORMAL,,0,0,0,0,0,17.0,3.1297664652743293,,Everyone because they find cures   or researching all the time to help and fix this World,NA,,213,1,51,1,3,50-59
1234,AUS,Australia,invalid,rule_B_only,8,NORMAL,,0,0,0,0,0,20.0,3.7034159198503507,,Not sure,NA,,213,1,62,1,4,60+
1241,AUS,Australia,invalid,rule_B_only,61,NORMAL,,0,0,0,0,0,19.0,3.261816393658298,,Science plays a crucial role in developing human civilization,NA,,213,1,31,0,4,30-39
1319,AUS,Australia,invalid,rule_B_only,99,NORMAL,,0,0,0,0,0,26.0,2.6686456347744345,,The richer side of the population as they get to purchase and invest in the new scientific findings,NA,,213,1,18,0,3,18-29
1322,AUS,Australia,invalid,rule_B_only,12,NORMAL,,0,0,0,0,0,26.0,4.617162801931188,,ItÕs helpful,NA,,213,1,36,0,3,30-39
1339,AUS,Australia,invalid,rule_B_only,39,NORMAL,,0,0,0,0,0,25.0,2.731375162173339,,"Everyone, because research advances us.",NA,,213,1,50,0,4,50-59
1401,AUS,Australia,invalid,rule_B_only,54,NORMAL,,0,0,0,0,0,18.0,5.32661731687185,,The public benefit from it as it innovates their lives,NA,,213,1,49,1,4,40-49
1410,AUS,Australia,invalid,rule_B_only,218,NORMAL,,0,0,0,0,0,20.0,5.875665743846751,,WE AS IN A SOCIETY STAND TO BENEFIT MOST FROM EVERY SCIENCE ISSUE AND RESEARCH IN THIS FIELD AND THAT MATTER TO ALL OF US AND THOSE MOST CONCERNED WITH HEALTH WHERE SCIENTIFIC RESEARCH IS INTENSIVE STAND TO BENEFIT ...,NA,,213,1,69,1,4,60+
1458,AUS,Australia,invalid,rule_B_only,75,NORMAL,,0,0,0,0,0,18.0,5.888649269925195,-0.25,"No group benefits more than any other, scientific research benefits us all.",NA,,213,1,57,1,4,50-59
1468,AUS,Australia,invalid,rule_B_only,62,NORMAL,,0,0,0,0,0,28.0,7.176399102351184,,NA,They test theory continuously until the get the result wanted.,,213,1,35,0,3,30-39
1482,AUS,Australia,invalid,rule_B_only,48,NORMAL,,0,0,0,0,0,17.0,5.6852629255449525,,Learning and finding out more about everything f,NA,,213,1,27,0,3,18-29
1486,AUS,Australia,invalid,rule_B_only,149,NORMAL,,0,0,0,0,0,18.0,4.1559380451589885,,Us the general population. Because they study or create something to help us treat a disease or to study something for us to better understand things,NA,,213,1,25,0,4,18-29
1492,AUS,Australia,invalid,rule_B_only,77,NORMAL,,0,0,0,0,0,22.0,5.717101279530454,,The Countrues/ Helping people get well and keep well. As well as preventative,NA,,213,1,55,0,3,50-59
1534,AUS,Australia,invalid,rule_B_only,55,NORMAL,,0,0,0,0,0,17.0,4.5501551529242175,,NA,"Evidence based research, tested theories based on data.",,213,1,43,0,4,40-49
1535,AUS,Australia,invalid,rule_B_only,60,NORMAL,,0,0,0,0,0,19.0,3.944081629792835,,Everyone because we need the science to improve and innovate,NA,,213,1,39,0,4,30-39
1563,AUS,Australia,invalid,rule_B_only,12,NORMAL,,0,0,0,0,0,24.0,3.3597430217526996,-0.7745966692414834,NA,The research,,213,1,21,0,4,18-29
1566,AUS,Australia,invalid,rule_B_only,50,NORMAL,,0,0,0,0,0,22.0,5.3579992525140465,,People that it is relevant to in their career/job.,NA,,213,1,53,0,4,50-59
1569,AUS,Australia,invalid,rule_B_only,113,NORMAL,,0,0,0,0,0,18.0,3.42757607875143,,"Depends on the type of science, sometimes the public, sometimes the government and sometimes private corporations",NA,,213,1,35,0,4,30-39
1575,AUS,Australia,invalid,rule_B_only,123,NORMAL,,0,0,0,0,0,22.0,3.811360180981298,-0.5423261445466404,"the  general population benefits from science, as they are always discovering new things, cures and treatments for disease.",NA,,213,1,46,0,3,40-49
1624,AUS,Australia,invalid,rule_B_only,41,NORMAL,,0,0,0,0,0,22.0,5.082805753610802,,NA,The work that they do and how they do it.,,213,1,56,0,3,50-59
1694,AUS,Australia,invalid,rule_B_only,28,NORMAL,,0,0,0,0,0,19.0,3.123453108922858,,NA,"Valid
Reliable
Credentials",,213,1,21,0,4,18-29
1710,AUS,Australia,invalid,rule_B_only,7,NORMAL,,0,0,0,0,0,26.0,2.2731710251716564,,no idea,NA,,213,1,74,0,3,60+
1728,AUS,Australia,invalid,rule_B_only,98,NORMAL,,0,0,0,0,0,29.0,3.938180763130787,,NA,Constantly changing opinion without hard evidence to back it up. Basing opinion on biased studies.,,213,1,33,0,4,30-39
1802,AUS,Australia,invalid,rule_B_only,9,MEDIUM,longstring_exceed,1,0,1,0,0,58.0,2.7323707112063667,,NA,Very good,,213,1,30,1,4,30-39
1822,AUS,Australia,invalid,rule_B_only,15,NORMAL,,0,0,0,0,0,17.0,7.73652624053608,-0.6324555320336759,Industrialists.,NA,,213,1,64,1,3,60+
1840,AUS,Australia,invalid,rule_B_only,118,NORMAL,,0,0,0,0,0,17.0,4.283614833255108,,NA,they are testing all the time about  things that help our world revolve   and help people that have incurable diseases,,213,1,76,0,3,60+
1841,AUS,Australia,invalid,rule_B_only,22,NORMAL,,0,0,0,0,0,27.0,1.114067735886227,,NA,it's a serious career.,,213,1,51,0,4,50-59
1844,AUS,Australia,invalid,rule_B_only,8,NORMAL,,0,0,0,0,0,17.0,3.544348860722674,,NA,not sure,,213,1,41,0,3,40-49
1862,AUS,Australia,invalid,rule_B_only,49,NORMAL,,0,0,0,0,0,30.0,3.9985974227262653,-0.4472135954999579,NA,The tests and research they do to get the results,,213,1,30,1,3,30-39
1870,AUS,Australia,invalid,rule_B_only,16,NORMAL,,0,0,0,0,0,17.0,3.2208737763051936,,The wider World.,NA,,213,1,51,1,3,50-59
1895,AUS,Australia,invalid,rule_B_only,94,NORMAL,,0,0,0,0,0,19.0,6.167830534113551,,NA,"Their dedication to study & all the years of hard work, I have 2 sons who are both scientists.",,213,1,67,0,4,60+
1916,AUS,Australia,invalid,rule_B_only,47,NORMAL,,0,0,0,0,0,19.0,8.177863460632025,0.24913643956121992,Governments so they can manipulate the findings,NA,,213,1,61,1,4,60+
1931,AUS,Australia,invalid,rule_B_only,68,NORMAL,,0,0,0,0,0,19.0,5.278671050325562,1.0,our lives science is always finding cures for all types of illnesses,NA,,213,1,65,0,3,60+
1947,AUS,Australia,invalid,rule_B_only,41,NORMAL,,0,0,0,0,0,18.0,2.241758582814465,,NA,how long they have been doing research in,,213,1,30,0,4,30-39
1973,AUS,Australia,invalid,rule_B_only,43,NORMAL,,0,0,0,0,0,19.0,2.3890460127013107,,Evidenced base data that can guide progress,NA,,213,1,49,0,4,40-49
1982,AUS,Australia,invalid,rule_B_only,34,NORMAL,,0,0,0,0,0,20.0,2.1071928892301113,,NA,That they are open and accountable,,213,1,59,1,4,50-59
2019,AUS,Australia,invalid,rule_B_only,33,NORMAL,,0,0,0,0,0,18.0,4.805043655865207,0.6324555320336759,NA,They deal with facts not opinions,,213,1,65,0,4,60+
2027,AUS,Australia,invalid,rule_B_only,93,NORMAL,,0,0,0,0,0,22.0,4.184497083452729,0.7592566023652966,Everyone be it animal or human or environmental as science opens up many unanswered questions,NA,,213,1,41,0,4,40-49
2079,AUS,Australia,invalid,rule_B_only,13,NORMAL,,0,0,0,0,0,18.0,4.229917093656451,0.34299717028501764,NA,I donÕt know.,,213,1,39,0,4,30-39
2106,AUS,Australia,invalid,rule_B_only,112,NORMAL,,0,0,0,0,0,20.0,3.668663074470209,0.3333333333333333,"I think everyone in the world benefits from science, it progresses our knowledge of our race and the environment",NA,,213,1,28,0,4,18-29
2114,AUS,Australia,invalid,rule_B_only,43,NORMAL,,0,0,0,0,0,18.0,5.264079533972062,,Because  you get to learn  about everything,NA,,213,1,43,0,3,40-49
2124,AUS,Australia,invalid,rule_B_only,113,NORMAL,,0,0,0,0,0,17.0,2.9295101643998773,,Science is an important part of our lives. It helps us to understand why and  how things work and why it happens.,NA,,213,1,69,0,3,60+
2158,AUS,Australia,invalid,rule_B_only,130,NORMAL,,0,0,0,0,0,24.0,2.442496912762207,,possibly people without much education because they then make a lot of decision which aren't based on any fact and might not work.,NA,,213,1,39,0,4,30-39
2185,AUS,Australia,invalid,rule_B_only,8,NORMAL,,0,0,0,0,0,24.0,8.090733956659687,1.0,Not sure,NA,,213,1,40,0,4,40-49
2212,AUS,Australia,invalid,rule_B_only,85,NORMAL,,0,0,0,0,0,21.0,2.7071602626792566,,We must follow scientific research and studies to identify what we need in the future,NA,,213,1,66,1,4,60+
2225,AUS,Australia,invalid,rule_B_only,48,NORMAL,,0,0,0,0,0,17.0,3.7125023148772027,,Evidence based results to create positive change,NA,,213,1,53,0,4,50-59
2245,AUS,Australia,invalid,rule_B_only,81,NORMAL,,0,0,0,0,0,27.0,4.617162801931188,,THE GENERAL POPULATION BECAUSE OF HEALTH BENIFITS AND EASIER WAYS OF DOING THINGS,NA,,213,1,35,1,4,30-39
2249,AUS,Australia,invalid,rule_B_only,76,NORMAL,,0,0,0,0,0,20.0,5.668916975230695,,NA,"Their science has been tested and is well known. 
Good reviews of scientest",,213,1,27,0,4,18-29
2279,AUS,Australia,invalid,rule_B_only,38,NORMAL,,0,0,0,0,0,19.0,8.266727256714981,0.4629100498862757,"the scientists, to receive more grants",NA,,213,1,72,1,3,60+
2305,AUS,Australia,invalid,rule_B_only,73,NORMAL,,0,0,0,0,0,20.0,1.9827081373350077,,Science lets us control and know about what is happening around the wrold,NA,,213,1,43,0,4,40-49
2311,AUS,Australia,invalid,rule_B_only,34,NORMAL,,0,0,0,0,0,28.0,3.719721579427092,,NA,it is a necessity and trustworthy.,,213,1,72,1,4,60+
2316,AUS,Australia,invalid,rule_B_only,509,NORMAL,,0,0,0,0,0,21.0,5.191284349898601,,"Scientific knowledge allows us to develop new technologies, solve practical problems, and make informed decisions Ñ both individually and collectively. Because its products are so useful, the process of science is intertwined with those applications: New scientific knowledge may lead to new applications

Science also helps cure illnesses such as covid 19 and has a longer lasting medication to stablise dementia and other long term illnesses 

Science also helps with climate change to protect from harm",NA,,213,1,33,0,3,30-39
2327,AUS,Australia,invalid,rule_B_only,6,NORMAL,,0,0,0,0,0,19.0,7.405051836830695,-0.5698028822981898,NA,unsure,,213,1,37,0,3,30-39
2334,AUS,Australia,invalid,rule_B_only,64,NORMAL,,0,0,0,0,0,19.0,2.9706442218647915,0.31622776601683794,I think that nearly everyone benefits from all ranges of science,NA,,213,1,67,0,4,60+
2359,AUS,Australia,invalid,rule_B_only,28,NORMAL,,0,0,0,0,0,31.0,3.7017343015244326,0.6324555320336759,NA,BE honest and true to facts.,,213,1,76,1,4,60+
2363,AUS,Australia,invalid,rule_B_only,78,NORMAL,,0,0,0,0,0,21.0,4.670998141580606,,NA,The qualifications they have and education and or resources available to them.,,213,1,22,0,3,18-29
2374,AUS,Australia,invalid,rule_B_only,46,NORMAL,,0,0,0,0,0,21.0,3.3533979116209593,0.31622776601683794,NA,IÕm really not sure it depends on what they do,,213,1,71,0,4,60+
2382,AUS,Australia,invalid,rule_B_only,155,NORMAL,,0,0,0,0,0,17.0,3.6099288301812305,,"All of society benefits from science, advances in environmental science, medical, all sorts of inventions and discoveries, very exciting time to be living.",NA,,213,1,66,0,4,60+
2404,AUS,Australia,invalid,rule_B_only,104,NORMAL,,0,0,0,0,0,26.0,2.2422037563520694,,"Everyone can know about the subject and what, when, how ,why and where it is. That is already beneficial",NA,,213,1,32,1,4,30-39
2417,AUS,Australia,invalid,rule_B_only,62,NORMAL,,0,0,0,0,0,19.0,7.596454587929116,,The populace in general when the science is true and not false,NA,,213,1,64,1,4,60+
2451,AUS,Australia,invalid,rule_B_only,49,NORMAL,,0,0,0,0,0,26.0,2.849754225355817,,Not sure but is good all the new stuff discovered,NA,,213,1,48,0,3,40-49
2470,AUS,Australia,invalid,rule_B_only,9,NORMAL,,0,0,0,0,0,20.0,4.788528445581472,,education,NA,,213,1,26,0,3,18-29
2495,AUS,Australia,invalid,rule_B_only,12,NORMAL,,0,0,0,0,0,22.0,4.6922340640113775,0.4472135954999579,IÕm not sure,NA,,213,1,57,0,3,50-59
2516,AUS,Australia,invalid,rule_B_only,105,NORMAL,,0,0,0,0,0,21.0,3.207030987684621,,NA,I do not know as I have never met a scientist nor had a conversation with one nor have I studied science.,,213,1,65,0,4,60+
2562,AUS,Australia,invalid,rule_B_only,43,NORMAL,,0,0,0,0,0,22.0,3.6773154891568796,0.31622776601683794,"Integral part of life, and a benefit to all",NA,,213,1,69,0,4,60+
2564,AUS,Australia,invalid,rule_B_only,89,NORMAL,,0,0,0,0,0,18.0,1.8973892737775218,,I think we all benefit from science but especially people who suffer with chronic illness,NA,,213,1,30,0,4,30-39
2575,AUS,Australia,invalid,rule_B_only,38,NORMAL,,0,0,0,0,0,18.0,4.542690183517712,,Community for knowledge and the future,NA,,213,1,61,1,3,60+
2582,AUS,Australia,invalid,rule_B_only,75,NORMAL,,0,0,0,0,0,24.0,3.835066576837084,,NA,Scientists believe in fact they hypothesis then try to prove the hypothesis,,213,1,24,0,4,18-29
2583,AUS,Australia,invalid,rule_B_only,16,NORMAL,,0,0,0,0,0,29.0,5.629420009510065,0.4472135954999579,NA,factual evidence,,213,1,18,0,3,18-29
2595,AUS,Australia,invalid,rule_B_only,148,NORMAL,,0,0,0,0,0,17.0,3.2383053443970224,,"Everyone because who wouldn't benefit from it, science helps with so much, with out science we wouldn't know what's going on in space or under water",NA,,213,1,22,0,3,18-29
2646,AUS,Australia,invalid,rule_B_only,18,NORMAL,,0,0,0,0,0,26.0,8.788585798797644,0.6546536707079771,NA,There pretty smart,,213,1,23,1,3,18-29
2650,AUS,Australia,invalid,rule_B_only,64,NORMAL,,0,0,0,0,0,20.0,3.6730795704741133,,The development of technology because we use technology everyday,NA,,213,1,25,1,4,18-29
2675,AUS,Australia,invalid,rule_B_only,22,NORMAL,,0,0,0,0,0,17.0,4.360074425233896,,To get cancer solution,NA,,213,1,45,0,3,40-49
2704,AUS,Australia,invalid,rule_B_only,52,NORMAL,,0,0,0,0,0,19.0,5.6036554328459705,,"Medication, health, technology, environment no limit",NA,,213,1,64,0,4,60+
2742,AUS,Australia,invalid,rule_B_only,21,NORMAL,,0,0,0,0,0,21.0,4.19295463304085,,Everyone can benefit.,NA,,213,1,53,0,3,50-59
2769,AUS,Australia,invalid,rule_B_only,305,NORMAL,,0,0,0,0,0,18.0,6.539694796006639,,NA,"I wasn't very good at science when I was at school a long time ago, we need scientists to come up with vaccinations for viruses and a way to get carbon out of the atmosphere to help combat climate change and hopefully turn around the progression so it's suitable and stable for future generations to come.",,213,1,51,0,3,50-59
2788,AUS,Australia,invalid,rule_B_only,230,NORMAL,,0,0,0,0,0,17.0,5.130207949662294,,NA,Their qualifications and research/papers. Where have they previously worked and on what matters? Do they have references? Are they well known and well respected by the community? All these things would make a trustworthy scientist,,213,1,27,0,4,18-29
2796,AUS,Australia,invalid,rule_B_only,58,NORMAL,,0,0,0,0,0,22.0,3.0668957612051737,0.25,NA,the results and finding are based on facts and experiments,,213,1,41,0,4,40-49
2837,AUS,Australia,invalid,rule_B_only,282,NORMAL,,0,0,0,0,0,18.0,4.617663705786529,,NA,"A scientist that has integrity, shows the truth results and informs the public to change their ways to help with climate change, eating habits, way food is produced etc so the public can become more educated and informed to make better decisions about this life and the environment.",,213,1,52,0,4,50-59
2843,AUS,Australia,invalid,rule_B_only,26,NORMAL,,0,0,0,0,0,20.0,3.7353384322859022,,NA,lots of research and proof,,213,1,64,0,4,60+
2920,AUS,Australia,invalid,rule_B_only,71,NORMAL,,0,0,0,0,0,19.0,3.29198580954061,,Everybody to some extent benefits from science in a wide range of areas,NA,,213,1,52,0,3,50-59
2927,AUS,Australia,invalid,rule_B_only,23,NORMAL,,0,0,0,0,0,18.0,3.951808214036198,,NA,Evidence based practice,,213,1,33,0,4,30-39
2977,AUS,Australia,invalid,rule_B_only,26,NORMAL,,0,0,0,0,0,18.0,5.490836303886342,,NA,Scientist work really hard,,213,1,33,1,3,30-39
2980,AUS,Australia,invalid,rule_B_only,22,NORMAL,,0,0,0,0,0,23.0,5.833057782283769,0.944911182523068,Advances in technology,NA,,213,1,52,1,3,50-59
2992,AUS,Australia,invalid,rule_B_only,8,NORMAL,,0,0,0,0,0,28.0,3.229963825221242,0.4472135954999579,NA,Research,,213,1,29,1,4,18-29
3005,AUS,Australia,invalid,rule_B_only,49,NORMAL,,0,0,0,0,0,22.0,3.9199092851310278,0.43301270189221935,NA,Their area of study & the value of their findings,,213,1,72,0,4,60+
3006,AUS,Australia,invalid,rule_B_only,23,NORMAL,,0,0,0,0,0,19.0,4.213472932001182,0.4472135954999579,NA,There research and shit,,213,1,50,1,4,50-59
3007,AUS,Australia,invalid,rule_B_only,10,NORMAL,,0,0,0,0,0,29.0,2.5273769019921253,,Bill Gates,NA,,213,1,53,0,4,50-59
3020,AUS,Australia,invalid,rule_B_only,8,NORMAL,,0,0,0,0,0,28.0,7.467356689028541,,No idea.,NA,,213,1,39,1,3,30-39
3039,AUS,Australia,invalid,rule_B_only,21,NORMAL,,0,0,0,0,0,19.0,6.597736864338335,0.4472135954999579,I have no idea really,NA,,213,1,40,0,3,40-49
3049,AUS,Australia,invalid,rule_B_only,47,NORMAL,,0,0,0,0,0,19.0,4.750351381855002,,keeping ahead ot trends inmedicine  agriculture,NA,,213,1,66,1,4,60+
3073,AUS,Australia,invalid,rule_B_only,31,NORMAL,,0,0,0,0,0,19.0,3.7794639311403104,,Technology it makes life easier,NA,,213,1,27,0,4,18-29
3114,AUS,Australia,invalid,rule_B_only,8,NORMAL,,0,0,0,0,0,17.0,4.372480169241015,0.41522739926869984,NA,Not sure,,213,1,52,0,4,50-59
3117,AUS,Australia,invalid,rule_B_only,41,NORMAL,,0,0,0,0,0,21.0,1.8923964652804197,,NA,The kind of information that they provide,,213,1,38,1,3,30-39
3155,AUS,Australia,invalid,rule_B_only,32,NORMAL,,0,0,0,0,0,19.0,4.5822079608478745,,People and the earth and animals,NA,,213,1,50,1,3,50-59
3164,AUS,Australia,invalid,rule_B_only,71,NORMAL,,0,0,0,0,0,18.0,4.233114078659608,0.6324555320336759,We are able to make strides which protects and grows us as individuals.,NA,,213,1,33,1,4,30-39
3170,AUS,Australia,invalid,rule_B_only,54,NORMAL,,0,0,0,0,0,17.0,2.6920399624428537,,NA,Publishing accurate results. Using a sound comparison.,,213,1,59,0,4,50-59
3171,AUS,Australia,invalid,rule_B_only,184,NORMAL,,0,0,0,0,0,20.0,3.586599892107663,0.31622776601683794,NA,"History has taught us that science is an honourable pursuit that has helped to advance and assist mankind, which carries over to those who are trained in the profession, the scientist.",,213,1,69,1,3,60+
3187,AUS,Australia,invalid,rule_B_only,255,NORMAL,,0,0,0,0,0,21.0,2.938530577272997,,"I think all  humans  and animals benefit from various forms of science. We have come a long way in science in my lifetime from flying to the moon ,better health benefits and we are now learning about waste products and recycling to benefit climate changes",NA,,213,1,66,0,3,60+
3193,AUS,Australia,invalid,rule_B_only,58,NORMAL,,0,0,0,0,0,20.0,2.7817788740605165,,NA,The fact that what they say is based on proof and evidence,,213,1,72,1,3,60+
3198,AUS,Australia,invalid,rule_B_only,50,NORMAL,,0,0,0,0,0,18.0,4.206454674684626,,Creating new technology for the benefit of mankind,NA,,213,1,62,1,4,60+
3213,AUS,Australia,invalid,rule_B_only,29,NORMAL,,0,0,0,0,0,24.0,3.343180310829634,,"The Sciencist, and Government",NA,,213,1,68,0,3,60+
3266,AUS,Australia,invalid,rule_B_only,97,NORMAL,,0,0,0,0,0,20.0,3.685472365025513,-0.4472135954999579,You can learn alot and also have more understanding on how science works and for different things,NA,,213,1,39,0,4,30-39
3292,AUS,Australia,invalid,rule_B_only,56,NORMAL,,0,0,0,0,0,19.0,5.022429775112959,,NA,"Unbiased opinion, proof to back up what they are saying.",,213,1,37,0,4,30-39
3303,AUS,Australia,invalid,rule_B_only,7,MEDIUM,longstring_exceed,1,0,1,0,0,36.0,3.1177245332257173,,NA,no idea,,213,1,56,0,4,50-59
3313,AUS,Australia,invalid,rule_B_only,44,NORMAL,,0,0,0,0,0,19.0,5.366541025796936,0.31622776601683794,In time humankind does benefit from science.,NA,,213,1,62,1,3,60+
3314,AUS,Australia,invalid,rule_B_only,83,NORMAL,,0,0,0,0,0,18.0,4.591354063530889,,NA,Spends time researching their specialist subject and ensuring honesty and integrity,,213,1,63,0,4,60+
3321,AUS,Australia,invalid,rule_B_only,228,NORMAL,,0,0,0,0,0,18.0,4.372817123596905,,"Science benefits almost every aspect of our lives, we would be dumb creatures without science educating us. It has improved our lives in every way. Apart from being necessary science is convenient & improves our quality of life.",NA,,213,1,49,0,4,40-49
3322,AUS,Australia,invalid,rule_B_only,34,NORMAL,,0,0,0,0,0,18.0,7.197754655873151,,NA,If they ha e proven their theory's,,213,1,42,0,4,40-49
3361,AUS,Australia,invalid,rule_B_only,8,NORMAL,,0,0,0,0,0,19.0,7.274627910925067,0.7592566023652966,Not sure,NA,,213,1,49,0,3,40-49
3365,AUS,Australia,invalid,rule_B_only,65,NORMAL,,0,0,0,0,0,27.0,4.921214594342167,,Staying well and know if you are real sick science could heal you,NA,,213,1,45,1,3,40-49
3366,AUS,Australia,invalid,rule_B_only,11,MEDIUM,longstring_exceed,1,0,1,0,0,57.0,2.7323707112063667,,NA,Ceetificate,,213,1,24,1,4,18-29
3386,AUS,Australia,invalid,rule_B_only,12,NORMAL,,0,0,0,0,0,17.0,2.824091597655983,,NA,Being honest,,213,1,53,0,4,50-59
3389,AUS,Australia,invalid,rule_B_only,17,NORMAL,,0,0,0,0,0,26.0,2.34017425256623,,i cant really say,NA,,213,1,46,0,4,40-49
3399,AUS,Australia,invalid,rule_B_only,28,NORMAL,,0,0,0,0,0,22.0,2.5055729496856345,,Help understand the universe,NA,,213,1,63,0,4,60+
3415,AUS,Australia,invalid,rule_B_only,32,NORMAL,,0,0,0,0,0,25.0,4.263524125464401,,Innovative with new developments,NA,,213,1,72,0,4,60+
3419,AUS,Australia,invalid,rule_B_only,21,NORMAL,,0,0,0,0,0,21.0,4.250245030015292,0.6324555320336759,NA,Evidence of the study,,213,1,45,0,3,40-49
3433,AUS,Australia,invalid,rule_B_only,26,NORMAL,,0,0,0,0,0,17.0,5.884577045323223,,Absolutelty everybody does,NA,,213,1,55,1,4,50-59
3438,AUS,Australia,invalid,rule_B_only,42,NORMAL,,0,0,0,0,0,20.0,3.183633115788494,,"everyone, we can discover the undiscovered",NA,,213,1,50,0,4,50-59
3470,AUS,Australia,invalid,rule_B_only,90,NORMAL,,0,0,0,0,0,17.0,3.31977525651598,,NA,"the years of trying and research, they wouldn't hold a position if they wern't trustworthy",,213,1,66,0,4,60+
3517,AUS,Australia,invalid,rule_B_only,50,NORMAL,,0,0,0,0,0,21.0,3.3270809722880887,,Future generations because life will become easier,NA,,213,1,38,1,4,30-39
3533,AUS,Australia,invalid,rule_B_only,47,NORMAL,,0,0,0,0,0,17.0,5.331156806413869,,Us as science helps us understand things better,NA,,213,1,29,1,4,18-29
3575,AUS,Australia,invalid,rule_B_only,102,NORMAL,,0,0,0,0,0,17.0,6.171736045586625,,"All of humanity benefits from science. Technology is science, everything can be broken down to science",NA,,213,1,55,0,3,50-59
3587,AUS,Australia,invalid,rule_B_only,65,NORMAL,,0,0,0,0,0,19.0,6.645218272991565,,NA,Scientists' creativity and experiments can bring us a better life,,213,1,33,1,4,30-39
3606,AUS,Australia,invalid,rule_B_only,41,NORMAL,,0,0,0,0,0,18.0,6.457944250846599,0.5423261445466404,NA,OND THAT IS NOT GREAdy for power or money,,213,1,50,1,4,50-59
3609,AUS,Australia,invalid,rule_B_only,15,NORMAL,,0,0,0,0,0,28.0,6.170070475873516,0.3152641443777315,NA,Published works,,213,1,52,0,3,50-59
3619,AUS,Australia,invalid,rule_B_only,30,NORMAL,,0,0,0,0,0,19.0,1.963465805295959,,Helping with Diseases and test,NA,,213,1,45,0,3,40-49
3627,AUS,Australia,invalid,rule_B_only,40,NORMAL,,0,0,0,0,0,19.0,6.114438083739368,0.5587442366156625,NA,if they experimented on themselves first,,213,1,59,0,3,50-59
3649,AUS,Australia,invalid,rule_B_only,29,NORMAL,,0,0,0,0,0,19.0,3.044514578222563,,NA,The systematic way of working,,213,1,49,0,4,40-49
3657,AUS,Australia,invalid,rule_B_only,44,NORMAL,,0,0,0,0,0,19.0,3.2916828670803073,,"all people, it helps us understand the world",NA,,213,1,73,0,4,60+
3682,AUS,Australia,invalid,rule_B_only,20,NORMAL,,0,0,0,0,0,23.0,4.537099377502416,-0.7071067811865476,No particular reason,NA,,213,1,27,1,4,18-29
3684,AUS,Australia,invalid,rule_B_only,20,NORMAL,,0,0,0,0,0,26.0,4.762108524460491,-0.7071067811865476,No particular reason,NA,,213,1,27,1,4,18-29
3789,AUS,Australia,invalid,rule_B_only,139,NORMAL,,0,0,0,0,0,28.0,7.230672220555756,-0.8401680504168059,The only person that benefits from a lot of the science is the people who write and want to listen to it is that the people are writing it.,NA,,213,1,78,1,2,60+
3797,AUS,Australia,invalid,rule_B_only,19,NORMAL,,0,0,0,0,0,24.0,5.763254308707543,0.36469840431289846,"Experiment learning
",NA,,213,1,48,0,3,40-49
3808,AUS,Australia,invalid,rule_B_only,237,NORMAL,,0,0,0,0,0,28.0,2.833701118426847,,"Science is to benefits all of us. Science is a knowledge based on hypotheses, observations, and experiments. From its very beginning science has served the humanity and will continue to do so until the needs of human being are fulfilled.",NA,,213,1,57,0,4,50-59
3832,AUS,Australia,invalid,rule_B_only,70,NORMAL,,0,0,0,0,0,18.0,3.1880500396321283,0.5,Improve daily life processes towards a faster more efficient lifestyle,NA,,213,1,53,1,4,50-59
3845,AUS,Australia,invalid,rule_B_only,13,NORMAL,,0,0,0,0,0,23.0,4.158067347431698,,NA,never cheats.,,213,1,58,0,3,50-59
3915,AUS,Australia,invalid,rule_B_only,60,NORMAL,,0,0,0,0,0,28.0,6.924853668370318,,Science  provides you misleading information in 90% of case.,NA,,213,1,66,1,4,60+
4017,AUS,Australia,invalid,rule_B_only,23,NORMAL,,0,0,0,0,0,29.0,1.2883517125664319,,NA,It is thoroughly tested,,213,1,51,1,3,50-59
4167,AUS,Australia,invalid,rule_B_only,11,NORMAL,,0,0,0,0,0,22.0,4.170100426276687,,NA,Credentials,,213,1,43,0,4,40-49
4168,AUS,Australia,invalid,rule_B_only,22,NORMAL,,0,0,0,0,0,18.0,4.354407411967429,0.0,NA,Evidendence of outcome,,213,1,49,0,3,40-49
4178,AUS,Australia,invalid,rule_B_only,18,NORMAL,,0,0,0,0,0,19.0,6.280509213090939,,Hopefully everyone,NA,,213,1,45,0,4,40-49
4383,AUS,Australia,invalid,rule_B_only,14,NORMAL,,0,0,0,0,0,18.0,4.584020280928696,,NA,I have no idea,,213,1,55,0,4,50-59
4451,BGD,Bangladesh,invalid,rule_B_only,63,NORMAL,,0,0,0,0,0,20.0,3.393227673652327,,NA,The scientist uses all his brain to come up with new researches,,213,1,35,1,4,30-39
4483,BGD,Bangladesh,invalid,rule_B_only,6,NORMAL,,0,0,0,0,0,19.0,3.706144047851382,,মানুষ। ,NA,,213,1,25,1,4,18-29
4500,BGD,Bangladesh,invalid,rule_B_only,83,NORMAL,,0,0,0,0,0,22.0,7.724660907566578,1.0,"বিজ্ঞান এমন একটি বিষয়, যেটা জানার কোন শেষ নাই। মানব জীবনে বিজ্ঞানের বিষয় অপরিহার্য। ",NA,,213,1,25,1,4,18-29
4503,BGD,Bangladesh,invalid,rule_B_only,22,NORMAL,,0,0,0,0,0,28.0,4.114976856932771,,NA,গবেষণা করে ফলাফল পাওয়া,,213,1,40,1,4,40-49
4505,BGD,Bangladesh,invalid,rule_B_only,100,NORMAL,,0,0,0,0,0,23.0,3.830285284040057,0.6324555320336759,বিজ্ঞান থেকে সবচেয়ে বেশি উপকৃত হয় মানুষ। কারণ বিজ্ঞানই সামনের পৃথিবীতে এগিয়ে যাওয়ার জন্য বেশি দরকার। ,NA,,213,1,40,1,4,40-49
4506,BGD,Bangladesh,invalid,rule_B_only,65,NORMAL,,0,0,0,0,0,25.0,4.1865938986739675,0.3333333333333333,NA,বিজ্ঞান জীবনের অনেক সহজ করে তোলে এটি বিজ্ঞানীকে বিশ্বস্ত করে তোলে,,213,1,23,0,4,18-29
4527,BGD,Bangladesh,invalid,rule_B_only,146,NORMAL,,0,0,0,0,0,21.0,4.075715593706607,,"বিজ্ঞান বর্তমান সভ্যতার একটি আধুনিক প্রযুক্তি, এটি সর্বদিক দিয়ে আমাদের পারিপার্শিক উন্নয়ন ঘটেছে তাই প্রতিনিয়ত আমরা বিজ্ঞানের উপরি এ বেশি নির্ভরশীল ",NA,,213,1,44,1,4,40-49
4554,BGD,Bangladesh,invalid,rule_B_only,340,NORMAL,,0,0,0,0,0,22.0,3.1752874204997648,,"Absolutely mankind are using various kind of scientific things. Scientists are very much co-operating in every things. Not just mankind there are many kinds of things using through science and examples is environmental develop, streets, animals and many cosmic theory, school, book , pen in every part of our world convenience from science.",NA,,213,1,30,0,4,30-39
4574,BGD,Bangladesh,invalid,rule_B_only,160,NORMAL,,0,0,0,0,0,28.0,5.486004194192188,0.29277002188455997,"বিজ্ঞান থেকে আমরা সাধারণ জনগনই বেশি উপকৃত হই। কারণ বর্তমান পারিপার্শ্বিক কাজেই বিজ্ঞানই আমাদের নিত্য সঙ্গী। উদাহরণ হিসেবে মোবাইল, ইন্টারনেট এগুলো ছাড়া আমরা অচল।",NA,,213,1,34,1,3,30-39
4582,BGD,Bangladesh,invalid,rule_B_only,58,NORMAL,,0,0,0,0,0,19.0,4.773433150339206,,NA,A scientist must have self confidence & Intellectual mind.,,213,1,21,0,4,18-29
4592,BGD,Bangladesh,invalid,rule_B_only,50,NORMAL,,0,0,0,0,0,20.0,5.203369772583788,,NA,"Without any proof, science doesn't trust anything. ",,213,1,24,0,3,18-29
4611,BGD,Bangladesh,invalid,rule_B_only,8,NORMAL,,0,0,0,0,0,22.0,4.0882153037005855,,NA,সব বিষয়ে ,,213,1,NA,0,3,NA
4614,BGD,Bangladesh,invalid,rule_B_only,97,NORMAL,,0,0,0,0,0,26.0,4.114976856932771,,People's are very satisfied with science. Because it is a very helpful way in our digitalization.,NA,,213,1,40,0,4,40-49
4621,BGD,Bangladesh,invalid,rule_B_only,294,NORMAL,,0,0,0,0,0,17.0,4.630597746433406,0.6324555320336759,"Science is most useful for people. They are intelligent and sometimes lazy. Science makes our life easier, which can affect our daily life. Moreover, people use it for their issues, and they can benefit. This benefit is only sometimes good. If we use science, it should be used for good things.",NA,,213,1,34,0,4,30-39
4632,BGD,Bangladesh,invalid,rule_B_only,14,NORMAL,,0,0,0,0,0,26.0,3.905073334101012,,NA,মেদা এবং ঙ্ঘান,,213,1,41,0,4,40-49
4652,BGD,Bangladesh,invalid,rule_B_only,12,NORMAL,,0,0,0,0,0,23.0,5.843247593651585,-0.08304547985373997,দেশ এবং জাতি,NA,,213,1,42,1,4,40-49
4664,BGD,Bangladesh,invalid,rule_B_only,18,NORMAL,,0,0,0,0,0,19.0,4.1388884201694465,,NA,Sincentific prove.,,213,1,28,0,4,18-29
4679,BGD,Bangladesh,invalid,rule_B_only,163,NORMAL,,0,0,0,0,0,20.0,5.935077587209605,0.0,বিজ্ঞান থেকে আমরা সবাই উপকৃত হই।বিজ্ঞান আমাদের সবকিছুতেই জড়িত। বিজ্ঞান ছাড়া আজকের দিনে কোন কাজ কল্পনা করা যায় না।বিজ্ঞান কে কাজে লাগিয়ে আমরা ধাপে ধাপে এগিয়ে যাচ্ছি ,NA,,213,1,31,0,4,30-39
4707,BGD,Bangladesh,invalid,rule_B_only,6,MEDIUM,longstring_exceed,1,0,1,0,0,47.0,8.194474242811586,0.9850365626224086,NA,প্রকৃত,,213,1,52,1,4,50-59
4721,BGD,Bangladesh,invalid,rule_B_only,171,NORMAL,,0,0,0,0,0,20.0,4.477461402239439,,People. Because science is creating all necessary goods for to do something good for human beings and scientists are creators and science fiction is used for human beings. ,NA,,213,1,37,0,4,30-39
4745,BGD,Bangladesh,invalid,rule_B_only,48,HIGH,longstring_exceed;mahalanobis_outlier,2,0,1,1,0,32.0,10.187350217552158,,NA,নির্ভুল পরীক্ষা-নিরীক্ষার মাধ্যমে সিদ্ধান্ত নেয়া,,213,1,45,0,2,40-49
4805,BGD,Bangladesh,invalid,rule_B_only,162,NORMAL,,0,0,0,0,0,18.0,1.9995948474080198,,NA,Actually a scientist express his/her opinion very surely that we can understand the total matter very clearly such way he can cast his honor and respect from us .       ,,213,1,51,1,4,50-59
4817,BGD,Bangladesh,invalid,rule_B_only,282,NORMAL,,0,0,0,0,0,19.0,5.183638056256141,,NA,"একজন বিজ্ঞানী প্রতিনিয়তই নতুন কিছু আবিষ্কারের উদ্দেশ্যে গবেষণা করতে থাকে। অনেক সময় তারা একটা বিষয় গবেষণা করতে গিয়ে আরো ছোট ছোট অনেক বিষয় আবিষ্কার করে ফেলে। মূলত বিজ্ঞানীকে তার বিজ্ঞানসম্মত গবেষণার প্রাপ্ত ফলাফল তাকে বিশ্বস্ত করে তোলে যে, সে আবারও নতুন কিছু আবিষ্কার করতে সক্ষম।",,213,1,44,0,4,40-49
4822,BGD,Bangladesh,invalid,rule_B_only,19,NORMAL,,0,0,0,0,0,19.0,5.4365975557177775,,all kind of people.,NA,,213,1,22,0,4,18-29
4841,BGD,Bangladesh,invalid,rule_B_only,52,NORMAL,,0,0,0,0,0,23.0,9.088433526571238,0.20300517669800955,Because it gives us lots of information about nature ,NA,,213,1,25,1,4,18-29
4851,BGD,Bangladesh,invalid,rule_B_only,207,NORMAL,,0,0,0,0,0,19.0,2.958804449577876,,NA,"বিশ্বস্ততার জন্য বৈজ্ঞানিক দক্ষতার মূল্যায়নের জন্য তিনটি ভিত্তি রয়েছে: 1) দক্ষতার উপস্থিতি , 2) একটি ভালভাবে কাজ করে এমন বিশেষজ্ঞ সম্প্রদায়ে বিশেষজ্ঞের নিযুক্তি এবং 3) জনগণের সাথে মূল্যবোধ ভাগ করে নেওয়া।",,213,1,40,0,4,40-49
4892,BGD,Bangladesh,invalid,rule_B_only,66,NORMAL,,0,0,0,0,0,20.0,3.0062988622154467,,NA,"পরীক্ষা নীরিক্ষা করার পর যখন সে বুঝতে পারে, এটার গ্রহনযোগ্যতা আছে।",,213,1,43,0,4,40-49
4896,BGD,Bangladesh,invalid,rule_B_only,39,NORMAL,,0,0,0,0,0,23.0,5.296773064273832,,মানব সমাজ। এ সুফল ভোগ করে এই মানব সমাজ। ,NA,,213,1,36,0,4,30-39
4904,BGD,Bangladesh,invalid,rule_B_only,41,NORMAL,,0,0,0,0,0,18.0,5.098480417705578,,NA,"Take time to research and work diligently
",,213,1,24,1,3,18-29
4920,BGD,Bangladesh,invalid,rule_B_only,39,NORMAL,,0,0,0,0,0,22.0,5.988327388658539,0.816496580927726,বিজ্ঞান থেকে মানুষ সবচেয়ে বেশি উপকৃত হয়,NA,,213,1,37,NA,2,30-39
4937,BGD,Bangladesh,invalid,rule_B_only,101,NORMAL,,0,0,0,0,0,19.0,4.5178534369218895,,"বিজ্ঞান থেকে মানুষ  সবচেয়ে বেশি উপকৃত হয় কারণ এখন দৈনন্দিন জীবনে বিজ্ঞান ছাড়া  এক মূহুর্ত চলা যায় না 
",NA,,213,1,46,0,3,40-49
4938,BGD,Bangladesh,invalid,rule_B_only,126,NORMAL,,0,0,0,0,0,19.0,7.197892197648993,0.9683296637314885,NA,আমার মতে একজন বিজ্ঞানীর মানুষের প্রতি ভালোবাসা তার আবিষ্কার যেটা মানুষের উপকারে আসে সেগুলোই একজন বিজ্ঞানী কে বিশ্বস্ত করে তোলে,,213,1,45,0,4,40-49
4943,BGR,Bulgaria,invalid,rule_B_only,8,NORMAL,,0,0,0,0,0,20.0,3.2576398214140965,,НАПРЕДЪК,NA,,213,1,51,1,4,50-59
4956,BGR,Bulgaria,invalid,rule_B_only,32,MEDIUM,longstring_exceed,1,0,1,0,0,34.0,3.5213975340793144,,NA,Множеството прочетени публикации,,213,1,44,0,4,40-49
4978,BGR,Bulgaria,invalid,rule_B_only,22,NORMAL,,0,0,0,0,0,20.0,2.5086167058416673,0.2,Човек за да се развива ,NA,,213,1,53,1,4,50-59
4989,BGR,Bulgaria,invalid,rule_B_only,16,NORMAL,,0,0,0,0,0,25.0,2.28837198232224,,Всичко има полза,NA,,213,1,46,1,3,40-49
5021,BGR,Bulgaria,invalid,rule_B_only,49,NORMAL,,0,0,0,0,0,17.0,5.53538766834831,-0.7592566023652966,Хората като цяло имат най-голяма полза от науката,NA,,213,1,61,1,4,60+
5042,BGR,Bulgaria,invalid,rule_B_only,82,NORMAL,,0,0,0,0,0,21.0,3.1939205911017594,,Horata v Bulgaria. Zashtoto nauchnite otkritiya moje mnogo da podobryat jivota im. ,NA,,213,1,55,1,4,50-59
5084,BGR,Bulgaria,invalid,rule_B_only,7,NORMAL,,0,0,0,0,0,17.0,3.0344112936824006,,NA,не знам,,213,1,46,1,3,40-49
5115,BGR,Bulgaria,invalid,rule_B_only,30,NORMAL,,0,0,0,0,0,23.0,3.6435476930853636,0.25,NA,Доказателството на откритията.,,213,1,64,0,4,60+
5123,BGR,Bulgaria,invalid,rule_B_only,15,NORMAL,,0,0,0,0,0,21.0,3.2853175590232135,1.0,NA,Неговата работа ,,213,1,37,1,3,30-39
5135,BGR,Bulgaria,invalid,rule_B_only,31,NORMAL,,0,0,0,0,0,18.0,4.6342282138657245,,НАУКАТА Е СИЛА НА ЦИВИЛИЗАЦИЯТА ,NA,,213,1,42,0,4,40-49
5171,BGR,Bulgaria,invalid,rule_B_only,39,NORMAL,,0,0,0,0,0,19.0,3.563223715346075,0.2,NA,Работата му и всички доказани дейности. ,,213,1,34,1,3,30-39
5242,BGR,Bulgaria,invalid,rule_B_only,19,MEDIUM,longstring_exceed,1,0,1,0,0,71.0,6.3523260803985355,,NA,"Това, което го кара",,213,1,18,1,3,18-29
5285,BGR,Bulgaria,invalid,rule_B_only,21,NORMAL,,0,0,0,0,0,24.0,2.9137445537443183,,"horata
za da jiveiat",NA,,213,1,64,1,4,60+
5291,BGR,Bulgaria,invalid,rule_B_only,155,NORMAL,,0,0,0,0,0,17.0,5.689165408986457,-0.2,"Човечеството като цяло. Прогресът на човечеството, защото усещането е, че вървим към унищожение. Медицината, рециклирането на отпадъци, космическата наука.",NA,,213,1,60,0,4,60+
5297,BGR,Bulgaria,invalid,rule_B_only,29,MEDIUM,longstring_exceed,1,0,1,0,0,60.0,2.0629414599258515,,NA,Да доказва своите изследвания ,,213,1,26,0,4,18-29
5302,BGR,Bulgaria,invalid,rule_B_only,66,NORMAL,,0,0,0,0,0,17.0,6.05709248333522,0.6324555320336759,"Незнам, кой има полза. Но предполагам. Обаче не  искам да споделя. ",NA,,213,1,41,0,3,40-49
5307,BGR,Bulgaria,invalid,rule_B_only,91,NORMAL,,0,0,0,0,0,19.0,4.741649825434993,,"науката е полезна за всички, друг е въпросът колко от всички са на мнение, че им е от полза",NA,,213,1,33,1,4,30-39
5364,BGR,Bulgaria,invalid,rule_B_only,7,NORMAL,,0,0,0,0,0,21.0,2.995272248925951,1.0,NA,ne znam,,213,1,64,1,3,60+
5367,BGR,Bulgaria,invalid,rule_B_only,39,NORMAL,,0,0,0,0,0,17.0,5.355876666466228,-0.2,"Учените, учителите и научните рботници!",NA,,213,1,41,1,4,40-49
5401,BGR,Bulgaria,invalid,rule_B_only,53,MEDIUM,longstring_exceed,1,0,1,0,0,56.0,6.3523260803985355,,NA,"Не ме интересува, аз съм тук за парите, парите парите ",,213,1,19,0,4,18-29
5403,BGR,Bulgaria,invalid,rule_B_only,33,NORMAL,,0,0,0,0,0,21.0,9.473419146963634,,NA,Без лъжи без измами и коректност.,,213,1,39,1,3,30-39
5405,BGR,Bulgaria,invalid,rule_B_only,6,NORMAL,,0,0,0,0,0,26.0,4.245949019422133,,Всички ,NA,,213,1,41,1,3,40-49
5417,BGR,Bulgaria,invalid,rule_B_only,26,MEDIUM,longstring_exceed,1,0,1,0,0,38.0,2.233410562478004,1.0,NA,отдаденоста му към науката,,213,1,61,0,1,60+
5490,BOL,Bolivia,invalid,rule_B_only,430,NORMAL,,0,0,0,0,0,19.0,4.891873312431118,0.2,"BUENO EN REALIDAD LAS INVESTIGACIONES BENEFICIAN A TODOS  DE MANERA DIRECTA O INDIRECTA.
PORQUE CADA LOGRO EN LACIENCIAEL FIN ESDESCUBRIR LA CURAO BENEFICIO EN FAVOR DE LA HUMANIDAD..
ANTES APARECIA UN CIENTIFICO Y SE IVA Y APRECIAOTRO CADA 100 AÑOS .HOY ES MAS FASIL LA INVESTIGACION.LAS  TEGNOLOGIAS DEL MUMDO MODERNO HOY OFRECEN MULTIPLES FORMAS DE LLEGAR MAS RAPIDO A ENCONTRAR SOLOUCIONESEN CASITODOS LOS ASPECTOS EN GRAL..",NA,,213,1,59,NA,3,50-59
5527,BOL,Bolivia,invalid,rule_B_only,88,NORMAL,,0,0,0,0,0,22.0,5.251529521586049,,Yo  creo q todas las personas deverian seber porq es muy importante todo lo q es ciencia,NA,,213,1,39,1,3,30-39
5575,BOL,Bolivia,invalid,rule_B_only,118,NORMAL,,0,0,0,0,0,17.0,5.473491112217205,1.0,"La humanidad se beneficia de la ciencia,cada que avanza se descubren grandes cosas como la cura para alguna enfermedad ",NA,,213,1,20,0,3,18-29
5588,BOL,Bolivia,invalid,rule_B_only,904,NORMAL,,0,0,0,0,0,19.0,4.718118182717376,0.0,"Deberían ser las personas de a pie, el pueblo en general, pero lamentablemente no es así.
""La ignorancia mantiene al pueblo sumiso"" La única liberación verdadera es el conocimiento y la ciencia nos puede encaminar a la libertad porque es conocimiento.
Por ejemplo: La generación de energía eléctrica está en manos de grandes empresas, embalses, represas, millonarias inversiones y la ciencia aplicada ahora, ofrece soluciones a pequeña escala, propuestas de inquietos científicos en ciernes, que dejan ver un futuro diferente al que planean las grandes corporaciones.
Yo veo pequeñas unidades autónomas autosostenibles, en lotes de entre 500 a 1.000 m2, con energía propia (eólica, solar, hidráulica o de generación autónoma) donde produzcan alimentos para consumo propio e incluso, para su venta. No es utopía, es posible y lo único que se debe hacer, es reunir lo que está disperso bajo un programa.",NA,,213,1,72,1,4,60+
5714,BOL,Bolivia,invalid,rule_B_only,102,NORMAL,,0,0,0,0,0,17.0,4.253948659372741,0.0,NA,"Artículos generados, como autor principal o coautor, y publicados en revistas científicas de renombre. ",,213,1,48,1,4,40-49
5789,BOL,Bolivia,invalid,rule_B_only,38,NORMAL,,0,0,0,0,0,18.0,4.0477632778955215,0.5,NA,Su conocimiento del tema y experiencia,,213,1,55,1,4,50-59
5814,BOL,Bolivia,invalid,rule_B_only,88,NORMAL,,0,0,0,0,0,17.0,3.8720977601643094,,"La poblacion en general, porque de acuerdo a su uso uno puede mejorar su calidad de vida",NA,,213,1,52,1,4,50-59
5868,BOL,Bolivia,invalid,rule_B_only,136,NORMAL,,0,0,0,0,0,17.0,6.0850384939056825,,"Los investigadores son quienes se benefician más con sus mismas investigaciones. 
Y la humanidad también se benefician de esos estudios  ",NA,,213,1,38,1,3,30-39
5913,BOL,Bolivia,invalid,rule_B_only,15,NORMAL,,0,0,0,0,0,29.0,6.012095992104337,1.0,Los científicos ,NA,,213,1,23,1,4,18-29
5914,BOL,Bolivia,invalid,rule_B_only,11,NORMAL,,0,0,0,0,0,18.0,4.657296240183095,,NA,Su certeza.,,213,1,54,2,3,50-59
5970,BOL,Bolivia,invalid,rule_B_only,85,NORMAL,,0,0,0,0,0,26.0,5.546249662512238,,Las industrias farmacéuticas.. porq mientras más avanza la siencia más dinero generan ,NA,,213,1,23,1,4,18-29
6034,BRA,Brazil,invalid,rule_B_only,64,NORMAL,,0,0,0,0,0,23.0,4.448488221240529,,As crianças ser beneficiar pq elas estão em faser de aprendizado,NA,,213,1,24,0,2,18-29
6110,BRA,Brazil,invalid,rule_B_only,14,NORMAL,,0,0,0,0,0,23.0,5.146031099149659,,NA,Ser verdadeiro,,213,1,32,0,3,30-39
6127,BRA,Brazil,invalid,rule_B_only,14,NORMAL,,0,0,0,0,0,18.0,4.184754080332339,,os ser humanos,NA,,213,1,44,1,3,40-49
6142,BRA,Brazil,invalid,rule_B_only,115,NORMAL,,0,0,0,0,0,20.0,3.2204064730249815,,A humanidade. Pois a ciência trás inovações em tecnologias e faz com que há tratamemtos contra várias enfermidades.,NA,,213,1,46,0,3,40-49
6239,BRA,Brazil,invalid,rule_B_only,45,NORMAL,,0,0,0,0,0,26.0,5.146031099149659,,Os cientistas pois eles estão sempre inovando,NA,,213,1,25,1,4,18-29
6287,BRA,Brazil,invalid,rule_B_only,16,NORMAL,,0,0,0,0,0,20.0,3.614282129317965,,Nos é os animais,NA,,213,1,57,0,2,50-59
6390,BRA,Brazil,invalid,rule_B_only,21,NORMAL,,0,0,0,0,0,31.0,5.146031099149659,,NA,Ciências é importante,,213,1,35,0,4,30-39
6391,BRA,Brazil,invalid,rule_B_only,97,NORMAL,,0,0,0,0,0,20.0,5.601633906696235,,"Todas as pessoas pois quanto mais se sabe é se estuda sobre a ciência mais se beneficiam pessoas.
",NA,,213,1,55,0,3,50-59
6404,BRA,Brazil,invalid,rule_B_only,160,NORMAL,,0,0,0,0,0,19.0,3.05416829760695,,"A sociedade se beneficiaa da ciência,  porque a ciência ela traz a sabedoria atraves dos estudos e analises dos fatos que estao ou podem vir atingir a sociedade",NA,,213,1,61,1,4,60+
6451,BRA,Brazil,invalid,rule_B_only,105,NORMAL,,0,0,0,0,0,17.0,3.3151308447769186,,"Todas as pessoas se beneficiam da ciência, porque é através dela que a vida fica mais fácil de ser vivida",NA,,213,1,64,0,4,60+
6473,BRA,Brazil,invalid,rule_B_only,80,NORMAL,,0,0,0,0,0,19.0,3.4430345351051335,,"A população como um todo, ficam protegidas imunes contra vários tipos de doenças",NA,,213,1,30,0,4,30-39
6482,BRA,Brazil,invalid,rule_B_only,26,NORMAL,,0,0,0,0,0,18.0,4.458548852162627,,A população de baixa renda,NA,,213,1,64,0,4,60+
6501,BRA,Brazil,invalid,rule_B_only,49,NORMAL,,0,0,0,0,0,18.0,4.780975280494009,,"Os próprios pesquisadores, pelas suas descobertas",NA,,213,1,68,NA,4,60+
6541,BRA,Brazil,invalid,rule_B_only,23,NORMAL,,0,0,0,0,0,18.0,5.155244393622612,,NA,Acertos rascionalidades,,213,1,34,0,2,30-39
6559,BRA,Brazil,invalid,rule_B_only,46,NORMAL,,0,0,0,0,0,18.0,4.400048404588108,,NA,Dados baseados em fatos e acontecimentos reais,,213,1,24,1,3,18-29
6565,BRA,Brazil,invalid,rule_B_only,35,NORMAL,,0,0,0,0,0,20.0,4.05773091873974,,Todas as pessoas para os bems delas,NA,,213,1,NA,1,2,NA
6629,BRA,Brazil,invalid,rule_B_only,197,NORMAL,,0,0,0,0,0,20.0,2.8405008655874515,,"Acredito que a sociedade, tendo em vista, possibilita avanços nos campos da saúde, da alimentação, do ambiente, da tecnologia, da energia e muitos outros. Melhondo a qualidade de vida da população.",NA,,213,1,31,1,3,30-39
6638,BRA,Brazil,invalid,rule_B_only,9,NORMAL,,0,0,0,0,0,17.0,7.8073401989544955,,Muito boa,NA,,213,1,34,1,2,30-39
6695,BRA,Brazil,invalid,rule_B_only,100,NORMAL,,0,0,0,0,0,18.0,6.8052230822189115,,No meu ponto de vista nos também se beneficiar das ciências pq tem vario meros para se fazer ciência,NA,,213,1,41,0,2,40-49
6711,BRA,Brazil,invalid,rule_B_only,195,NORMAL,,0,0,0,0,0,17.0,3.3676251028582485,,"Nos campos da saúde, da alimentação, do ambiente, da tecnologia, da energia e muitos outros, melhorando a qualidade de vida das populações e enriquecendo as sociedades intelectual e culturalmente",NA,,213,1,27,NA,3,18-29
6871,BRA,Brazil,invalid,rule_B_only,149,NORMAL,,0,0,0,0,0,18.0,4.269165904451465,-0.7592566023652966,"O ser humano detém os benefícios da ciência a si próprio, porém, na maioria dos casos, esses benefícios são utilizados para gerar malefícios a outrem",NA,,213,1,31,1,3,30-39
6960,BRA,Brazil,invalid,rule_B_only,60,NORMAL,,0,0,0,0,0,23.0,3.3246210637255267,,Todos nós porque ela nos ajuda a intender como tudo funciona,NA,,213,1,34,1,3,30-39
6979,BRA,Brazil,invalid,rule_B_only,25,NORMAL,,0,0,0,0,0,20.0,3.626793419213321,,NA,Dados e estudos fidedgnos,,213,1,29,0,4,18-29
7021,BRA,Brazil,invalid,rule_B_only,91,NORMAL,,0,0,0,0,0,26.0,4.448488221240529,,"Área saúde, pq sempre estão estudando doenças e prevenção tanto da doença quanto de vacinas",NA,,213,1,44,0,3,40-49
7035,BRA,Brazil,invalid,rule_B_only,89,NORMAL,,0,0,0,0,0,18.0,5.411887116791461,,NA,"Este ano já  estou sentindo muita diferença, muita chuva , mudança  muita brusca do clima",,213,1,46,0,4,40-49
7036,BRA,Brazil,invalid,rule_B_only,21,NORMAL,,0,0,0,0,0,26.0,5.146031099149659,,NA,Pela base de estudos.,,213,1,37,0,4,30-39
7060,BRA,Brazil,invalid,rule_B_only,175,NORMAL,,0,0,0,0,0,17.0,4.03609764109847,,"A população no geral, principalmente em assuntos de saúde, onde sempre estão estudando e pesquisando sobre vacinas e remédios para melhorar ou descobrir sobre doenças no geral",NA,,213,1,44,0,3,40-49
7066,BRA,Brazil,invalid,rule_B_only,82,NORMAL,,0,0,0,0,0,22.0,2.2321010425982295,,As pessias em geral se beneficiam da ciência pois ela nos ajuda a ter vida melhor.,NA,,213,1,44,0,4,40-49
7074,BRA,Brazil,invalid,rule_B_only,102,NORMAL,,0,0,0,0,0,20.0,3.2204064730249815,,"Os que mais tem condições financeiras, porque infelizmente a ciência ainda não está a serviço de todos",NA,,213,1,29,0,4,18-29
7085,BRA,Brazil,invalid,rule_B_only,117,NORMAL,,0,0,0,0,0,20.0,5.592044802028911,,"Covid
Porque esse vírus acabou com milhares de pessoas e famílias
As vacinas não são 100% eficaz
Isso não tem cura",NA,,213,1,32,0,4,30-39
7113,BRA,Brazil,invalid,rule_B_only,73,NORMAL,,0,0,0,0,0,17.0,3.2204064730249815,,NA,"O que torna um cientista confiavel, é ele demonstrar interesse no que faz",,213,1,50,1,2,50-59
7123,BRA,Brazil,invalid,rule_B_only,223,NORMAL,,0,0,0,0,0,18.0,4.036745073918315,,NA,"Uma pessoa que procura sempre esta estudando e se atualizando, nos dias de hoje às mudanças estão muito drástica, muitas informações e muita tecnologia e devemos sempre está se atualizando para não ficarmos parado no  tempo",,213,1,46,1,4,40-49
7153,BRA,Brazil,invalid,rule_B_only,33,NORMAL,,0,0,0,0,0,19.0,6.246854541671771,,NA,qdo ele consegue comprovar o fato,,213,1,51,1,4,50-59
7184,BRA,Brazil,invalid,rule_B_only,51,NORMAL,,0,0,0,0,0,19.0,3.5641881176672165,,NA,O cientista é confiável quando ele acredita em deus,,213,1,27,0,3,18-29
7188,BRA,Brazil,invalid,rule_B_only,16,NORMAL,,0,0,0,0,0,17.0,7.317118650638929,-0.3799802978286742,Os pesquisadores,NA,,213,1,35,2,3,30-39
7206,BRA,Brazil,invalid,rule_B_only,13,NORMAL,,0,0,0,0,0,19.0,6.067812237106785,0.6432675209026768,"Os cientistas 
",NA,,213,1,21,1,3,18-29
7225,BRA,Brazil,invalid,rule_B_only,108,NORMAL,,0,0,0,0,0,20.0,3.614282129317965,,NA,"Com o domínio com o qual nos repassa as informações,  com argumentos e imagens reais com que elas acontecem.",,213,1,49,1,4,40-49
7236,BRA,Brazil,invalid,rule_B_only,7,NORMAL,,0,0,0,0,0,29.0,6.856691321612478,0.6324555320336759,Não sei,NA,,213,1,18,1,3,18-29
7252,BRA,Brazil,invalid,rule_B_only,93,NORMAL,,0,0,0,0,0,18.0,4.431013414813696,,NA,"Cientista que se baseado em estudos,e pesquisas com acompanhamento.estudos baseados em fatos.",,213,1,35,0,3,30-39
7424,BWA,Botswana,invalid,rule_B_only,319,NORMAL,,0,0,0,0,0,21.0,3.463018692111985,,"I think it is the society and communities at large who benefits from science. It is through science that we have the most amazing innovations that simplified the way of life. It is through science that most of us were able to survive the Covid pandemic. Many examples we can bring to the table brought about by science.

",NA,,213,1,37,0,4,30-39
7440,BWA,Botswana,invalid,rule_B_only,227,NORMAL,,0,0,0,0,0,18.0,7.440648537999276,0.9258200997725514,"The world benefits more from science because without it or no researches there won't be no life ,life I mean there won't be no vaccines , medicine s or equipments to save human life or even improve the livelihood of the masses.",NA,,213,1,35,1,4,30-39
7493,BWA,Botswana,invalid,rule_B_only,116,NORMAL,,0,0,0,0,0,28.0,3.8533878406116067,1.0,All individuals can benefit because they will know what's happening around them and will be able to take precautions,NA,,213,1,31,0,4,30-39
7498,BWA,Botswana,invalid,rule_B_only,89,NORMAL,,0,0,0,0,0,21.0,7.3082907076452,,Everyone who is breathing be cause science is in everything that we do in our daily lives ,NA,,213,1,39,1,4,30-39
7522,BWA,Botswana,invalid,rule_B_only,70,NORMAL,,0,0,0,0,0,18.0,5.160789136290479,0.6333004963811236,NA,Is what he sees and take pictures about he saw to tell the whole world,,213,1,37,0,4,30-39
7614,BWA,Botswana,invalid,rule_B_only,112,NORMAL,,0,0,0,0,0,20.0,4.243260862071456,,NA,They are trustworthy because most of the things that take place is science and science is the work of scientist.,,213,1,22,NA,3,18-29
7623,BWA,Botswana,invalid,rule_B_only,179,NORMAL,,0,0,0,0,0,18.0,4.028853940081437,,NA,"Scientists takes their time to research and make experiments before they share their knowledge with people, therefore by doing so, it makes their information trusted and realible. 
",,213,1,33,NA,4,30-39
7714,BWA,Botswana,invalid,rule_B_only,74,NORMAL,,0,0,0,0,0,18.0,4.690495087757982,,"People in the society because they use everything with the help of science
",NA,,213,1,19,1,3,18-29
7840,CAN,Canada,invalid,rule_B_only,23,NORMAL,,0,0,0,0,0,18.0,7.568386309513078,,NA,They work for good care ,,213,1,32,0,4,30-39
7842,CAN,Canada,invalid,rule_B_only,37,NORMAL,,0,0,0,0,0,20.0,6.642659695828681,,Many things staf we need it every day,NA,,213,1,34,1,4,30-39
7855,CAN,Canada,invalid,rule_B_only,40,NORMAL,,0,0,0,0,0,22.0,2.5675759137913463,,The public because it’s useful knowledge ,NA,,213,1,32,0,4,30-39
7861,CAN,Canada,invalid,rule_B_only,89,NORMAL,,0,0,0,0,0,19.0,3.3826335707736543,0.9191450300180578,NA,Being able to prove 100% of whatever he or she has researched to the public as being true,,213,1,75,0,2,60+
7880,CAN,Canada,invalid,rule_B_only,106,NORMAL,,0,0,0,0,0,19.0,3.4933495589313432,,I think science benefits people with money the most because they can afford new technologies and research.,NA,,213,1,24,0,4,18-29
7890,CAN,Canada,invalid,rule_B_only,11,NORMAL,,0,0,0,0,0,26.0,6.521596918656969,,Ching chong,NA,,213,1,32,1,4,30-39
7892,CAN,Canada,invalid,rule_B_only,19,NORMAL,,0,0,0,0,0,26.0,2.4846830364201637,,NA,I don't really know ,,213,1,20,0,3,18-29
7908,CAN,Canada,invalid,rule_B_only,10,NORMAL,,0,0,0,0,0,24.0,2.6723022399527645,,NA,No comment,,213,1,40,1,4,40-49
7933,CAN,Canada,invalid,rule_B_only,39,NORMAL,,0,0,0,0,0,19.0,8.554603731880691,0.2909286827258562,"Teachers,scientists and coperations do.",NA,,213,1,47,0,4,40-49
7948,CAN,Canada,invalid,rule_B_only,14,NORMAL,,0,0,0,0,0,26.0,4.988795892670928,,I do not know.,NA,,213,1,26,0,4,18-29
7955,CAN,Canada,invalid,rule_B_only,125,NORMAL,,0,0,0,0,0,20.0,3.8423978822974525,,We the present generation benefit from science as we used technologies in school to enhance our way of thinking and adapting. ,NA,,213,1,21,1,3,18-29
7962,CAN,Canada,invalid,rule_B_only,40,NORMAL,,0,0,0,0,0,19.0,4.55368149605921,,NA,"EDUCATION, COMMITMENT, RESEARCH, STUDIES",,213,1,58,0,4,50-59
7968,CAN,Canada,invalid,rule_B_only,86,NORMAL,,0,0,0,0,0,20.0,4.132215824538872,,Very impressed some scientists are very confident and they tell lot of the eart issues ,NA,,213,1,38,0,4,30-39
7984,CAN,Canada,invalid,rule_B_only,139,NORMAL,,0,0,0,0,0,17.0,2.5681829274583894,,"I would say the rich folk. While the benefots of science are there for everyone, it appears the privilrged have more access to the benefits",NA,,213,1,56,1,3,50-59
8011,CAN,Canada,invalid,rule_B_only,17,NORMAL,,0,0,0,0,0,22.0,2.648194947926539,,It is informative ,NA,,213,1,60,0,4,60+
8054,CAN,Canada,invalid,rule_B_only,13,NORMAL,,0,0,0,0,0,28.0,2.0536869445552943,,NA,I am not sure ,,213,1,55,0,4,50-59
8055,CAN,Canada,invalid,rule_B_only,44,NORMAL,,0,0,0,0,0,26.0,4.197339169692369,,Sience is the most important thing right now,NA,,213,1,29,1,4,18-29
8070,CAN,Canada,invalid,rule_B_only,13,NORMAL,,0,0,0,0,0,17.0,3.0468415170574743,,everyone does,NA,,213,1,66,0,4,60+
8074,CAN,Canada,invalid,rule_B_only,12,NORMAL,,0,0,0,0,0,22.0,6.8450291019028215,0.7071067811865476,I don't know,NA,,213,1,40,1,4,40-49
8100,CAN,Canada,invalid,rule_B_only,33,NORMAL,,0,0,0,0,0,26.0,4.503711703712749,,NA,Establishing a topic of discovery ,,213,1,24,1,4,18-29
8148,CAN,Canada,invalid,rule_B_only,53,NORMAL,,0,0,0,0,0,20.0,3.649294328263079,,business as they use it make money for their products,NA,,213,1,57,1,4,50-59
8161,CAN,Canada,invalid,rule_B_only,21,NORMAL,,0,0,0,0,0,28.0,4.758701163957226,,NA,"no government funding
",,213,1,41,1,3,40-49
8181,CAN,Canada,invalid,rule_B_only,60,NORMAL,,0,0,0,0,0,23.0,6.738427740939482,0.6324555320336759,"It made our life more easy, communication became more easier",NA,,213,1,36,1,4,30-39
8193,CAN,Canada,invalid,rule_B_only,26,NORMAL,,0,0,0,0,0,18.0,3.7516838369043084,0.4472135954999579,Science benefits all of us,NA,,213,1,55,0,1,50-59
8206,CAN,Canada,invalid,rule_B_only,76,NORMAL,,0,0,0,0,0,18.0,3.9299141214703917,,I BELEIVE SCIENCE IS THE WAY TO GO ABOUT MEDECINE AND NOT INTERNET ARTICLES.,NA,,213,1,59,1,4,50-59
8243,CAN,Canada,invalid,rule_B_only,32,NORMAL,,0,0,0,0,0,23.0,1.8216737562206107,,Everybody benefits from science.,NA,,213,1,54,0,4,50-59
8261,CAN,Canada,invalid,rule_B_only,160,NORMAL,,0,0,0,0,0,17.0,4.419082295186431,,"Like it or not, the primary beneficiary of research funding is the researcher, who has managed to deepen their understanding by working on a particular dataset.",NA,,213,1,26,1,4,18-29
8296,CAN,Canada,invalid,rule_B_only,8,NORMAL,,0,0,0,0,0,24.0,2.723745601525958,,everyone,NA,,213,1,40,0,4,40-49
8298,CAN,Canada,invalid,rule_B_only,8,NORMAL,,0,0,0,0,0,27.0,2.478483802191226,-0.31622776601683794,NA,NOT SURE,,213,1,57,0,4,50-59
8302,CAN,Canada,invalid,rule_B_only,17,NORMAL,,0,0,0,0,0,20.0,5.639291182323042,,NA,thats their field,,213,1,39,0,3,30-39
8309,CAN,Canada,invalid,rule_B_only,33,NORMAL,,0,0,0,0,0,23.0,3.5814132242572403,0.7071067811865476,Everyone. So we have some answers ,NA,,213,1,40,0,4,40-49
8359,CAN,Canada,invalid,rule_B_only,14,NORMAL,,0,0,0,0,0,26.0,4.988795892670928,,NA,I do not know.,,213,1,26,0,4,18-29
8381,CAN,Canada,invalid,rule_B_only,632,NORMAL,,0,0,0,0,0,19.0,3.815090448607867,,NA,"If a scientist is thorough and honest with his or her observations and testings. Also a great deal of humility to acknowledge that science is not the ultimate truth. I'm a creationist meaning that I believe God created the world as recorded in the Bible. Therefore, there are things that will always surpass our understanding. And that the real goal of our lives is to believe what God says in the Bible: that we are sinners and we need to believe in Jesus Christ, the Savior of the World to have our sins forgiven and have Eternal Life meaning an assured eternity in the presence of God after we die. Otherwise life has no meaning.",,213,1,63,1,4,60+
8399,CAN,Canada,invalid,rule_B_only,8,NORMAL,,0,0,0,0,0,20.0,4.7718938712076655,,everyone,NA,,213,1,63,0,4,60+
8400,CAN,Canada,invalid,rule_B_only,6,MEDIUM,longstring_exceed,1,0,1,0,0,57.0,2.1527167865624284,,unsure,NA,,213,1,32,0,4,30-39
8428,CAN,Canada,invalid,rule_B_only,19,NORMAL,,0,0,0,0,0,21.0,3.7026085507831854,0.2,NA,I really don't know,,213,1,67,0,3,60+
8489,CAN,Canada,invalid,rule_B_only,11,NORMAL,,0,0,0,0,0,25.0,2.0324756474233046,,Governments ,NA,,213,1,39,1,3,30-39
8513,CAN,Canada,invalid,rule_B_only,159,NORMAL,,0,0,0,0,0,17.0,4.046758842463547,,NA,"Working for the benefit of public other than harm. Cure for illness or making life easy for underprivileged communities, better education and communication etc",,213,1,52,1,4,50-59
8535,CAN,Canada,invalid,rule_B_only,32,NORMAL,,0,0,0,0,0,18.0,3.458564587401791,,NA,Proven results not possibilities ,,213,1,54,1,4,50-59
8539,CAN,Canada,invalid,rule_B_only,24,NORMAL,,0,0,0,0,0,20.0,3.0908564349365952,0.6324555320336759,NA,they deal with yhe facts,,213,1,59,1,4,50-59
8546,CAN,Canada,invalid,rule_B_only,79,NORMAL,,0,0,0,0,0,17.0,3.954856028297683,0.25,Help us understand the human body and how we can protect it and take care of it,NA,,213,1,59,1,4,50-59
8572,CAN,Canada,invalid,rule_B_only,79,NORMAL,,0,0,0,0,0,21.0,2.981248926575475,,NA,A scientist is trustworthy when it is proven that what is saying is really true,,213,1,59,0,4,50-59
8586,CAN,Canada,invalid,rule_B_only,76,NORMAL,,0,0,0,0,0,24.0,5.352702234552454,,NA,"Willingness to go against the current narrative, wether from gov't or media.",,213,1,59,1,4,50-59
8618,CAN,Canada,invalid,rule_B_only,53,NORMAL,,0,0,0,0,0,20.0,5.00971630198746,,NA,"if he did some interesting thing , people will notice",,213,1,40,1,3,40-49
8631,CAN,Canada,invalid,rule_B_only,83,NORMAL,,0,0,0,0,0,26.0,3.971817030572612,0.43301270189221935,NA,Scientists are well educated people I would hope they know what there talking about ,,213,1,60,0,3,60+
8636,CAN,Canada,invalid,rule_B_only,52,NORMAL,,0,0,0,0,0,17.0,2.873475661940523,,NA,THe use of evidence and rationale in their arguments,,213,1,26,0,4,18-29
8637,CAN,Canada,invalid,rule_B_only,8,NORMAL,,0,0,0,0,0,20.0,2.5679421596712446,,Not sure ,NA,,213,1,46,0,4,40-49
8647,CAN,Canada,invalid,rule_B_only,68,NORMAL,,0,0,0,0,0,19.0,3.7897351740847287,,"The entire world benefits from science, even if we don't realize it.",NA,,213,1,75,0,3,60+
8663,CAN,Canada,invalid,rule_B_only,108,NORMAL,,0,0,0,0,0,18.0,4.5198383648756835,0.8783100656536799,The government because they control everything. And pharmaceutical companies because they have the monopoly. ,NA,,213,1,47,0,4,40-49
8681,CAN,Canada,invalid,rule_B_only,35,NORMAL,,0,0,0,0,0,22.0,2.973723835468535,,NA,Time and proof of being trustworthy,,213,1,28,1,3,18-29
8691,CAN,Canada,invalid,rule_B_only,74,NORMAL,,0,0,0,0,0,26.0,4.749826199951125,,NA,I think providing proof or evidence is what makes a scientist trustworthy. ,,213,1,19,1,3,18-29
8696,CAN,Canada,invalid,rule_B_only,41,NORMAL,,0,0,0,0,0,22.0,5.3175734452625365,,discover many things what people need  it ,NA,,213,1,61,0,4,60+
8710,CAN,Canada,invalid,rule_B_only,34,NORMAL,,0,0,0,0,0,22.0,7.199921162680251,,NA,Work they do and the effectiveness ,,213,1,53,1,3,50-59
8739,CAN,Canada,invalid,rule_B_only,10,NORMAL,,0,0,0,0,0,31.0,5.627464543709692,0.4472135954999579,Don't know,NA,,213,1,67,1,4,60+
8753,CAN,Canada,invalid,rule_B_only,64,NORMAL,,0,0,0,0,0,29.0,5.420531354166814,,NA,"OPEN EXCHANGE OF DIALOGUE, AGREEING TO DISAGREE, CIVIL BEHAVIOUR",,213,1,38,0,4,30-39
8768,CAN,Canada,invalid,rule_B_only,95,NORMAL,,0,0,0,0,0,24.0,4.073166106302876,0.0,NA,"Their credentials, previous accomplishments or discoveries.
Speaks to your level of knowledge.",,213,1,49,0,3,40-49
8776,CAN,Canada,invalid,rule_B_only,19,NORMAL,,0,0,0,0,0,17.0,1.662483988189083,,NA,It should be unbias,,213,1,50,0,4,50-59
8783,CAN,Canada,invalid,rule_B_only,33,NORMAL,,0,0,0,0,0,22.0,6.281365218768219,,NA,"Honesty, dedication, transparency",,213,1,37,1,4,30-39
8795,CAN,Canada,invalid,rule_B_only,51,NORMAL,,0,0,0,0,0,26.0,4.197339169692369,,Great to learn new idea and great to have knowledge ,NA,,213,1,46,0,4,40-49
8796,CAN,Canada,invalid,rule_B_only,24,NORMAL,,0,0,0,0,0,29.0,2.1527167865624284,,everyone that it impacts,NA,,213,1,31,1,4,30-39
8810,CAN,Canada,invalid,rule_B_only,59,NORMAL,,0,0,0,0,0,19.0,5.504254622543329,0.17149858514250882,NA,"The way they present there idea
The research based on fact",,213,1,42,0,4,40-49
8811,CAN,Canada,invalid,rule_B_only,361,NORMAL,,0,0,0,0,0,27.0,3.79563405788646,,"Everyone can benefit from science.  Science is used constantly in our everyday life.  From the air we breath, the things we touch, what is happening inside our bodies, what is happening in the world around us, what is happening in the solar system, etc.  Having a better understanding of science is essential, and progress in science benefits the entire planet.",NA,,213,1,47,0,4,40-49
8817,CAN,Canada,invalid,rule_B_only,53,NORMAL,,0,0,0,0,0,17.0,3.8792848787894307,,"Everyone benefits from science, it advances the world",NA,,213,1,29,1,4,18-29
8820,CAN,Canada,invalid,rule_B_only,9,NORMAL,,0,0,0,0,0,19.0,7.992269739594083,0.0,NA,Hypocrisy,,213,1,18,1,3,18-29
8841,CAN,Canada,invalid,rule_B_only,72,NORMAL,,0,0,0,0,0,18.0,3.5878179859868315,,Scientists and doctors benefit the most in order to make positive change,NA,,213,1,65,1,3,60+
8866,CAN,Canada,invalid,rule_B_only,41,NORMAL,,0,0,0,0,0,28.0,5.130017372726051,,NA,i don't know if you can trust a scientist,,213,1,72,1,3,60+
8877,CAN,Canada,invalid,rule_B_only,488,NORMAL,,0,0,0,0,0,17.0,8.60817689244419,0.040291148201269014,"Science is consistently trying to slove the health issues that the human bodies endure and kill us. One example, of many, is cancer. O ver the past 50 years society has put Billions of dollars into research and we have had a few benefits to cancer research but zero cures. Science is accomplishing to keep cancer patients alive with very much pain and suffering. This is not a justifyable life for the patient just to keep them from dying and to be so ill and suffering to be with family.",NA,,213,1,77,1,4,60+
8882,CAN,Canada,invalid,rule_B_only,86,NORMAL,,0,0,0,0,0,24.0,5.697727040415641,1.0,It is the general public that benefits form science because it benefits them the most.,NA,,213,1,57,1,4,50-59
8886,CAN,Canada,invalid,rule_B_only,33,NORMAL,,0,0,0,0,0,26.0,2.7213179841748794,,NA,"Reputation, honesty and reliable.",,213,1,68,0,3,60+
8892,CAN,Canada,invalid,rule_B_only,48,NORMAL,,0,0,0,0,0,23.0,5.50071866982944,,Everyone benefits. It's the fundamental to life. ,NA,,213,1,34,0,4,30-39
8897,CAN,Canada,invalid,rule_B_only,151,NORMAL,,0,0,0,0,0,18.0,4.0917244605626015,-0.5773502691896257,NA,They have the knowledge about things that I don’t. I didn’t study one subject for years to become an expert like they do so why not trust their opinion ,,213,1,35,1,4,30-39
8909,CAN,Canada,invalid,rule_B_only,67,NORMAL,,0,0,0,0,0,24.0,3.2217596822200805,1.0,People because without science we would know nothing about anything ,NA,,213,1,57,0,3,50-59
8910,CAN,Canada,invalid,rule_B_only,33,NORMAL,,0,0,0,0,0,31.0,4.668068411244792,0.0,big companies they get more money ,NA,,213,1,52,1,4,50-59
8914,CAN,Canada,invalid,rule_B_only,96,NORMAL,,0,0,0,0,0,19.0,2.366820732857748,,NA,"Providing results after in depth research and providing clear, legitimate, confirmed information ",,213,1,51,0,3,50-59
8931,CAN,Canada,invalid,rule_B_only,14,NORMAL,,0,0,0,0,0,26.0,2.1527167865624284,,I have no idea,NA,,213,1,57,1,3,50-59
8941,CAN,Canada,invalid,rule_B_only,79,NORMAL,,0,0,0,0,0,26.0,2.2278298634458125,,Science helps us learn more about how our world works and how we as humans work ,NA,,213,1,41,0,4,40-49
8961,CAN,Canada,invalid,rule_B_only,121,NORMAL,,0,0,0,0,0,19.0,5.815750676540033,,NA,A scientist is trustworthy when he is straight forward and tells the truth of what he has discovered and has prove of it.,,213,1,63,0,4,60+
8991,CAN,Canada,invalid,rule_B_only,36,NORMAL,,0,0,0,0,0,22.0,4.515513569576816,-0.7592566023652966,"Research, finding solutions or cures",NA,,213,1,63,0,3,60+
8997,CAN,Canada,invalid,rule_B_only,52,NORMAL,,0,0,0,0,0,22.0,3.289044415392878,,We all benefit the most in all directions of science,NA,,213,1,52,1,4,50-59
8999,CAN,Canada,invalid,rule_B_only,54,NORMAL,,0,0,0,0,0,19.0,4.635522918340845,,Everyone benefits. Science is a part of everyday life.,NA,,213,1,52,1,4,50-59
9075,CAN,Canada,invalid,rule_B_only,38,NORMAL,,0,0,0,0,0,20.0,7.313725446279734,0.9185586535436918,NA,It is somewhat unbiased and fact based,,213,1,59,1,4,50-59
9148,CAN,Canada,invalid,rule_B_only,123,NORMAL,,0,0,0,0,0,24.0,6.238052080633813,0.4685212856658182,We as a people benefit from science because it helps us understand actions effecting us as individuals and our surroundings,NA,,213,1,37,1,4,30-39
9164,CAN,Canada,invalid,rule_B_only,89,NORMAL,,0,0,0,0,0,27.0,3.297898860389432,,NA,I don’t pay enough attention to this subject in my life to have an opinion on this matter ,,213,1,41,0,4,40-49
9177,CAN,Canada,invalid,rule_B_only,18,NORMAL,,0,0,0,0,0,17.0,7.913773906684525,,the whole populous,NA,,213,1,62,1,3,60+
9187,CAN,Canada,invalid,rule_B_only,11,MEDIUM,longstring_exceed,1,0,1,0,0,71.0,6.521596918656969,,Nobody does,NA,,213,1,42,0,3,40-49
9188,CAN,Canada,invalid,rule_B_only,9,NORMAL,,0,0,0,0,0,22.0,4.34879223081554,1.0,Evolution,NA,,213,1,31,0,3,30-39
9213,CAN,Canada,invalid,rule_B_only,6,MEDIUM,longstring_exceed,1,0,1,0,0,57.0,2.230530435221196,,unsure,NA,,213,1,37,1,4,30-39
9228,CAN,Canada,invalid,rule_B_only,120,NORMAL,,0,0,0,0,0,19.0,4.633650099917001,0.10846522890932808,I think big corporations benefit to from science because they get to incorporate the new innovations in their workplace.,NA,,213,1,41,1,4,40-49
9250,CAN,Canada,invalid,rule_B_only,7,MEDIUM,longstring_exceed,1,0,1,0,0,71.0,6.521596918656969,,Because ,NA,,213,1,51,0,4,50-59
9272,CAN,Canada,invalid,rule_B_only,24,NORMAL,,0,0,0,0,0,18.0,5.5628242964345676,,NA,the progress of humanity,,213,1,27,1,3,18-29
9279,CAN,Canada,invalid,rule_B_only,7,MEDIUM,longstring_exceed,1,0,1,0,0,71.0,6.521596918656969,,NA,SCIENCE,,213,1,47,1,1,40-49
9290,CAN,Canada,invalid,rule_B_only,14,NORMAL,,0,0,0,0,0,24.0,3.5851290288686477,,NA,Not quite sure ,,213,1,29,1,3,18-29
9302,CAN,Canada,invalid,rule_B_only,192,NORMAL,,0,0,0,0,0,17.0,4.657611413254791,,NA,"There are three bases central to assessing scientific expertise for trustworthiness, the engagement of the expert in a well-functionning expert community and the sharing of values with public.",,213,1,32,1,3,30-39
9303,CAN,Canada,invalid,rule_B_only,47,NORMAL,,0,0,0,0,0,19.0,2.3847107307921696,,NA,His personality and contribution to the society ,,213,1,28,1,4,18-29
9307,CAN,Canada,invalid,rule_B_only,18,NORMAL,,0,0,0,0,0,23.0,6.005947764648264,,Everybody. Period.,NA,,213,1,29,0,3,18-29
9313,CAN,Canada,invalid,rule_B_only,243,NORMAL,,0,0,0,0,0,28.0,5.145690295545158,-0.25,"It depends on which fields of Science. Science is an umbrella term; but if you mean by benefit as in helping the people, then it is the ordinary common people who get the most benefit from the fruits of sciences as we consume and depend on it.",NA,,213,1,31,1,4,30-39
9321,CAN,Canada,invalid,rule_B_only,41,NORMAL,,0,0,0,0,0,20.0,3.293373063379626,,I think we all do because we all need it.,NA,,213,1,21,0,3,18-29
9328,CAN,Canada,invalid,rule_B_only,34,NORMAL,,0,0,0,0,0,21.0,3.7663607562517387,,NA,"I have no idea, I'm not interested",,213,1,19,1,3,18-29
9370,CAN,Canada,invalid,rule_B_only,158,NORMAL,,0,0,0,0,0,18.0,5.038405442684828,-0.1856953381770519,NA,A trustworthy scientist brings the common good out in humanity and the world.  Someone that does not place monetary gain or notoriety before genuine research.,,213,1,68,0,4,60+
9378,CAN,Canada,invalid,rule_B_only,75,NORMAL,,0,0,0,0,0,18.0,5.365951652504536,0.2,NA,It should open to public immediately beside it should stop incoming country ,,213,1,60,1,4,60+
9384,CAN,Canada,invalid,rule_B_only,24,NORMAL,,0,0,0,0,0,19.0,4.227540952621901,0.6324555320336759,Good quality and service ,NA,,213,1,49,0,3,40-49
9422,CAN,Canada,invalid,rule_B_only,13,NORMAL,,0,0,0,0,0,22.0,5.105337953126787,,NA,the integrity,,213,1,38,0,4,30-39
9428,CAN,Canada,invalid,rule_B_only,41,NORMAL,,0,0,0,0,0,19.0,2.616330879217155,,NA,"It's based on science, which I believe in",,213,1,63,1,4,60+
9436,CAN,Canada,invalid,rule_B_only,8,NORMAL,,0,0,0,0,0,22.0,3.34211994279456,,NA,Research,,213,1,71,1,4,60+
9471,CAN,Canada,invalid,rule_B_only,19,NORMAL,,0,0,0,0,0,26.0,2.1527167865624284,,NA,he speaks the truth,,213,1,63,1,3,60+
9476,CAN,Canada,invalid,rule_B_only,92,NORMAL,,0,0,0,0,0,19.0,3.0360217230472153,,it is necessary tyo learn and find out all about the world.Science has many new discoveries.,NA,,213,1,40,0,4,40-49
9487,CAN,Canada,invalid,rule_B_only,88,NORMAL,,0,0,0,0,0,18.0,4.744080502932741,,NA,The scientific process of testing and following the results without predetermined ideas.,,213,1,50,1,4,50-59
9505,CAN,Canada,invalid,rule_B_only,25,NORMAL,,0,0,0,0,0,18.0,5.072709713193634,,NA,They do a lot of research ,,213,1,72,0,3,60+
9592,CAN,Canada,invalid,rule_B_only,75,NORMAL,,0,0,0,0,0,18.0,4.12542999095371,,People in general are benefiting from science in the health/hospital field.,NA,,213,1,74,1,4,60+
9610,CAN,Canada,invalid,rule_B_only,68,NORMAL,,0,0,0,0,0,22.0,3.379419816378287,-0.2,People in general benefit from science in every aspect of their life,NA,,213,1,30,1,4,30-39
9626,CAN,Canada,invalid,rule_B_only,62,NORMAL,,0,0,0,0,0,17.0,5.141784233619871,,NA,Parcel qu'il a conscience des dangers du changement climatique,,213,1,65,1,3,60+
9679,CAN,Canada,invalid,rule_B_only,26,NORMAL,,0,0,0,0,0,18.0,4.635239617335215,-0.6123724356957946,NA,They do research on things,,213,1,NA,1,3,NA
9690,CAN,Canada,invalid,rule_B_only,44,NORMAL,,0,0,0,0,0,19.0,5.546183861413022,,NA,Their intelligence to science and their work,,213,1,48,0,4,40-49
9695,CAN,Canada,invalid,rule_B_only,37,NORMAL,,0,0,0,0,0,17.0,3.843401943281527,,NA,It’s the truth! It’s backed by facts!,,213,1,44,0,4,40-49
9725,CAN,Canada,invalid,rule_B_only,94,NORMAL,,0,0,0,0,0,18.0,3.063891432521789,,"I think we humans in general do because… like, advanced technology to treat health conditions.",NA,,213,1,23,0,4,18-29
9732,CAN,Canada,invalid,rule_B_only,8,NORMAL,,0,0,0,0,0,19.0,5.6377422519031,0.5,NA,research,,213,1,51,1,4,50-59
9747,CAN,Canada,invalid,rule_B_only,38,NORMAL,,0,0,0,0,0,22.0,7.382657240808727,0.4,to take physical pain away from people,NA,,213,1,33,1,4,30-39
9764,CAN,Canada,invalid,rule_B_only,39,NORMAL,,0,0,0,0,0,22.0,2.6820358098950137,,NA,Having evidence on what they are doing.,,213,1,34,1,4,30-39
9788,CAN,Canada,invalid,rule_B_only,14,NORMAL,,0,0,0,0,0,18.0,2.8012406326103405,,NA,They are great ,,213,1,37,1,4,30-39
9792,CAN,Canada,invalid,rule_B_only,109,NORMAL,,0,0,0,0,0,19.0,5.793017761150567,,Science has the research that us proven to help medicine become important to us and help us from getting sick ,NA,,213,1,33,1,4,30-39
9849,CAN,Canada,invalid,rule_B_only,12,NORMAL,,0,0,0,0,0,26.0,2.037881110304805,,I don't know ,NA,,213,1,57,0,3,50-59
9867,CAN,Canada,invalid,rule_B_only,94,NORMAL,,0,0,0,0,0,18.0,2.349790895847322,,New medical trearments new discoveries to aid in better automobiles and other scientific items,NA,,213,1,56,1,4,50-59
9879,CAN,Canada,invalid,rule_B_only,33,NORMAL,,0,0,0,0,0,19.0,3.5840171276350854,,NA,I don’t know some are some aren’t ,,213,1,68,1,4,60+
9903,CAN,Canada,invalid,rule_B_only,32,NORMAL,,0,0,0,0,0,31.0,6.9417758483500975,0.6546536707079771,NA,virtually must be positive proof,,213,1,70,0,4,60+
9904,CAN,Canada,invalid,rule_B_only,11,NORMAL,,0,0,0,0,0,26.0,4.197339169692369,,NA,Je sais pas ,,213,1,52,1,3,50-59
9914,CAN,Canada,invalid,rule_B_only,19,NORMAL,,0,0,0,0,0,17.0,9.051506375329993,-0.8,Idk its just stupid ,NA,,213,1,23,1,4,18-29
9970,CAN,Canada,invalid,rule_B_only,58,NORMAL,,0,0,0,0,0,20.0,5.105501362220832,0.4472135954999579,NA,Because of all the things they have discovered in the past,,213,1,75,1,3,60+
9973,CAN,Canada,invalid,rule_B_only,22,NORMAL,,0,0,0,0,0,22.0,2.230530435221196,,human kind learns more,NA,,213,1,72,1,3,60+
10022,CAN,Canada,invalid,rule_B_only,74,NORMAL,,0,0,0,0,0,19.0,3.5964171051690434,0.2,NA,A Scientist must be honest and look at a broad spectrum in analyzing data. ,,213,1,76,0,3,60+
10031,CAN,Canada,invalid,rule_B_only,45,NORMAL,,0,0,0,0,0,19.0,2.236622661815735,,I would say the scientists. It's their field. ,NA,,213,1,62,1,4,60+
10046,CAN,Canada,invalid,rule_B_only,89,NORMAL,,0,0,0,0,0,18.0,3.3438500670545914,,NA,There are credible researchers that have dedicated their life to science. I trust science,,213,1,32,0,4,30-39
10072,CAN,Canada,invalid,rule_B_only,102,NORMAL,,0,0,0,0,0,24.0,4.708879402330444,1.0,I think everyone benefits from science because the more we know the better understanding we will have.,NA,,213,1,47,1,3,40-49
10101,CAN,Canada,invalid,rule_B_only,158,NORMAL,,0,0,0,0,0,17.0,6.380314242599665,0.2970442628930023,NA,The validity of the work. Whether or not the scientist manipulated results to aquire the outcome he or she had wanted. The validity of the scientist's degree.,,213,1,50,0,4,50-59
10110,CAN,Canada,invalid,rule_B_only,45,NORMAL,,0,0,0,0,0,18.0,3.6698349783840913,,NA,Documents they have written. And I have read. ,,213,1,43,1,4,40-49
10201,CAN,Canada,invalid,rule_B_only,12,NORMAL,,0,0,0,0,0,18.0,2.731896428846903,,I don’t know ,NA,,213,1,21,0,2,18-29
10211,CAN,Canada,invalid,rule_B_only,159,NORMAL,,0,0,0,0,0,19.0,3.649146223011112,,NA,"Scientists are trained in the ""scientific method"" and proper reporting of their findings. If they do not follow this procedure, their work will be invalidated.",,213,1,58,1,4,50-59
10212,CAN,Canada,invalid,rule_B_only,39,NORMAL,,0,0,0,0,0,19.0,8.903621677455687,,"Les humains, car on fait des recherches ",NA,,213,1,47,1,4,40-49
10275,CAN,Canada,invalid,rule_B_only,88,NORMAL,,0,0,0,0,0,19.0,6.234800768371663,,NA,when they honestly provide evidence either supporting or not supporting their hypothesis,,213,1,27,0,4,18-29
10283,CAN,Canada,invalid,rule_B_only,71,NORMAL,,0,0,0,0,0,17.0,8.963734904497445,,NA,It is something that is researched and if true it is a real possibility ,,213,1,56,0,3,50-59
10302,CAN,Canada,invalid,rule_B_only,21,NORMAL,,0,0,0,0,0,26.0,4.604547290703393,0.816496580927726,Too complex to answer,NA,,213,1,40,1,4,40-49
10335,CAN,Canada,invalid,rule_B_only,76,NORMAL,,0,0,0,0,0,17.0,5.4580053185603665,0.0,NA,It a scientist can share there findings and not be bought by the politicians,,213,1,46,0,4,40-49
10386,CHE,Switzerland,invalid,rule_B_only,17,NORMAL,,0,0,0,0,0,19.0,3.527149155898305,,NA,solide ausbildung,,213,1,51,1,4,50-59
10392,CHE,Switzerland,invalid,rule_B_only,7,MEDIUM,longstring_exceed,1,0,1,0,0,38.0,5.00174527969847,,Gut gjt,NA,,213,1,42,1,4,40-49
10466,CHE,Switzerland,invalid,rule_B_only,6,NORMAL,,0,0,0,0,0,29.0,3.351772703892592,,NA,Schule,,213,1,25,1,4,18-29
10488,CHE,Switzerland,invalid,rule_B_only,52,NORMAL,,0,0,0,0,0,21.0,3.0220431294632357,,"Alle, weil sie für den Fortschritt unerlässlich ist.",NA,,213,1,52,0,2,50-59
10524,CHE,Switzerland,invalid,rule_B_only,30,NORMAL,,0,0,0,0,0,19.0,2.226820875439527,,NA,recherches et contre ananlyses,,213,1,55,0,3,50-59
10567,CHE,Switzerland,invalid,rule_B_only,7,NORMAL,,0,0,0,0,0,26.0,5.042557018995892,,Gut gut,NA,,213,1,42,0,4,40-49
10579,CHE,Switzerland,invalid,rule_B_only,11,NORMAL,,0,0,0,0,0,26.0,4.865415183724791,,Je sais pas,NA,,213,1,58,0,2,50-59
10585,CHE,Switzerland,invalid,rule_B_only,76,NORMAL,,0,0,0,0,0,20.0,3.2732225647331643,,"Die Industrie und Startups, Pharmaindustrie um neue Technologien zu erfinden",NA,,213,1,57,1,3,50-59
10596,CHE,Switzerland,invalid,rule_B_only,51,NORMAL,,0,0,0,0,0,20.0,3.3195875585993484,,NA,"les explications soient simples et compréhensibles, ",,213,1,60,0,3,60+
10656,CHE,Switzerland,invalid,rule_B_only,53,NORMAL,,0,0,0,0,0,18.0,4.833689630123379,-0.2,"Tout le monde car la science informe, peu importe qui",NA,,213,1,21,1,3,18-29
10687,CHE,Switzerland,invalid,rule_B_only,361,NORMAL,,0,0,0,0,0,17.0,6.299792035052742,0.6,NA,"Ses références , les grands personnages historiques ,de sciences , personnalités d'humanité auquel elle fait référence dans ses discours,.Les mouvement et études a laquelle elle a participe ou s'engage, parfois défend.Sa notoriété, sa présence dans le réel ainsi que dans les medias et les réseaux sociaux. Naturellement ses références universitaire et d'études",,213,1,39,0,4,30-39
10726,CHE,Switzerland,invalid,rule_B_only,29,NORMAL,,0,0,0,0,0,18.0,3.196258316967645,0.0,NA,"Studi, esperienza, apolitico.",,213,1,53,1,4,50-59
10748,CHE,Switzerland,invalid,rule_B_only,43,NORMAL,,0,0,0,0,0,28.0,5.178332146928724,,NA,"keine Ahnung,beschäftige mich nicht mit dem",,213,1,55,0,2,50-59
10786,CHE,Switzerland,invalid,rule_B_only,44,NORMAL,,0,0,0,0,0,21.0,3.469732182871081,-0.4472135954999579,La medecine pour des avancées technologiques ,NA,,213,1,38,1,4,30-39
10810,CHE,Switzerland,invalid,rule_B_only,45,NORMAL,,0,0,0,0,0,18.0,3.383135778247278,,Ja wir alle wenn mal was gescheites rauskommt,NA,,213,1,34,1,3,30-39
10832,CHE,Switzerland,invalid,rule_B_only,34,NORMAL,,0,0,0,0,0,29.0,3.8605845094030147,-0.2,NA,Des résultats positifs ou négatifs ,,213,1,49,0,2,40-49
10862,CHE,Switzerland,invalid,rule_B_only,9,NORMAL,,0,0,0,0,0,24.0,2.973483538118467,,NA,Lo studio ,,213,1,45,0,3,40-49
10923,CHE,Switzerland,invalid,rule_B_only,90,NORMAL,,0,0,0,0,0,18.0,3.3243852253513912,,NA,"professionalität, quellenangaben, image, referenzen, publikationen, interviews, engagement",,213,1,38,1,4,30-39
10964,CHE,Switzerland,invalid,rule_B_only,57,NORMAL,,0,0,0,0,0,20.0,3.1181012976703046,,Le gouvernement afin de faire avancer (ou pas) les choses,NA,,213,1,28,1,4,18-29
10997,CHE,Switzerland,invalid,rule_B_only,53,NORMAL,,0,0,0,0,0,17.0,4.786877642959498,0.0,"La médecine 
Soigner, quand on a la santé on a tout.",NA,,213,1,40,0,4,40-49
11045,CHE,Switzerland,invalid,rule_B_only,8,NORMAL,,0,0,0,0,0,18.0,5.613937233052021,,Everyone,NA,,213,1,56,0,4,50-59
11047,CHE,Switzerland,invalid,rule_B_only,79,NORMAL,,0,0,0,0,0,18.0,4.633573244052956,0.242535625036333,Die Pharmaindustrie.... verdient mit den ganzen Medikamenten und Werbungen viel,NA,,213,1,24,0,2,18-29
11159,CHE,Switzerland,invalid,rule_B_only,7,MEDIUM,longstring_exceed,1,0,1,0,0,52.0,6.255716034433988,,NA,Git gjt,,213,1,42,0,4,40-49
11163,CHE,Switzerland,invalid,rule_B_only,81,NORMAL,,0,0,0,0,0,18.0,4.256559722438619,,NA,"Ein vertrauenswürdiger Wissenschaftler ist einer, dessen Theorie realistisch wird ",,213,1,42,1,4,40-49
11183,CHE,Switzerland,invalid,rule_B_only,11,NORMAL,,0,0,0,0,0,20.0,2.7667779641625243,,NA,aucune idée,,213,1,29,1,4,18-29
11194,CHE,Switzerland,invalid,rule_B_only,25,NORMAL,,0,0,0,0,0,18.0,3.1735034297509235,,NA,"Studium
und Begründungen",,213,1,18,0,3,18-29
11355,CHE,Switzerland,invalid,rule_B_only,139,NORMAL,,0,0,0,0,0,19.0,3.2070861275851814,,"Alle Menschen, Tiere, Pflanzen profitieren von der Wissenschaft direkt oder indirekt. Wissenschaft kann für angenehmes Leben nützlich sein.
 ",NA,,213,1,69,0,3,60+
11463,CHL,Chile,invalid,rule_B_only,77,NORMAL,,0,0,0,0,0,20.0,5.395189577198084,,todas las personas en la tierra porque nos ayuda a evolucionar la raza humana,NA,,213,1,27,0,3,18-29
11475,CHL,Chile,invalid,rule_B_only,76,NORMAL,,0,0,0,0,0,26.0,4.5866612157284665,,NA,es una persona que aporta información basada en estudios reales y confiables,,213,1,28,0,4,18-29
11476,CHL,Chile,invalid,rule_B_only,190,NORMAL,,0,0,0,0,0,17.0,7.350806826854244,0.26967994498529685,NA,un cientifico confiable es aquel que dice su teoria cientificas abaladas por informacion y pruebas confirmadas con una base especifica para hacernos entender que su teoria tiene credibilidad ,,213,1,27,1,3,18-29
11502,CHL,Chile,invalid,rule_B_only,11,NORMAL,,0,0,0,0,0,21.0,9.616102734112982,-0.3872983346207417,NA,Estoy feliz ,,213,1,40,NA,4,40-49
11547,CHL,Chile,invalid,rule_B_only,139,NORMAL,,0,0,0,0,0,18.0,3.273074163509542,,"Lo que más se beneficia de la ciencia es toda la naturaleza, incluyendo al ser humano. Porque la ciencia encuentra métodos para sobrevivir.",NA,,213,1,42,0,4,40-49
11564,CHL,Chile,invalid,rule_B_only,41,NORMAL,,0,0,0,0,0,19.0,4.239718898738354,,Todos nos beneficiamos ya que son cambios ,NA,,213,1,32,0,4,30-39
11575,CHL,Chile,invalid,rule_B_only,8,MEDIUM,mahalanobis_outlier,1,0,0,1,0,17.0,10.206944622748939,-0.7071067811865476,NA,Einstein,,213,1,37,1,3,30-39
11595,CHL,Chile,invalid,rule_B_only,21,NORMAL,,0,0,0,0,0,19.0,6.301395720924705,,NO CREO EN LA CIENCIA,NA,,213,1,39,1,4,30-39
11597,CHL,Chile,invalid,rule_B_only,34,NORMAL,,0,0,0,0,0,20.0,5.45890728134038,0.8677218312746247,NA,Trayectoria y aciertos cientificos,,213,1,39,1,4,30-39
11638,CHL,Chile,invalid,rule_B_only,130,NORMAL,,0,0,0,0,0,20.0,4.072156018999714,,"Los científicos porque ellos investigan cada cosa que se propongan con la ciencia y logran mucho, a veces de manera muy inesperada",NA,,213,1,27,1,3,18-29
11675,CHL,Chile,invalid,rule_B_only,219,NORMAL,,0,0,0,0,0,17.0,7.777788634532925,-0.8574929257125441,"Por lo general he visto que la ciencia se está basando más en las enfermedades que se van descubriendo años tras año, y prácticamente nos beneficia a todos, ya que podemos durar un poco más en años gracias a la ciencia.",NA,,213,1,28,0,4,18-29
11805,CHL,Chile,invalid,rule_B_only,89,NORMAL,,0,0,0,0,0,22.0,4.251551744203093,1.0,NA,"Es el estudio de algo eb particular donde demuestra su integridad. Composición, beneficio",,213,1,72,0,4,60+
11859,CHL,Chile,invalid,rule_B_only,97,NORMAL,,0,0,0,0,0,22.0,4.072156018999714,,NA,La habilidad que tiene a estudiar con perspicacia para encontrar vacunas o crear medicinas nuevas ,,213,1,34,0,3,30-39
11879,CHL,Chile,invalid,rule_B_only,26,NORMAL,,0,0,0,0,0,22.0,4.092948605241746,0.6324555320336759,NA,el estudio e investigacion,,213,1,33,0,4,30-39
11891,CHL,Chile,invalid,rule_B_only,94,NORMAL,,0,0,0,0,0,20.0,4.969341822434221,,NA,En primer lugar sus estudios los años de experiencia y ser una persona conocida por los medios ,,213,1,59,NA,3,50-59
11920,CHL,Chile,invalid,rule_B_only,45,NORMAL,,0,0,0,0,0,19.0,5.039929361393629,,La ciencia es lo que se necesita para avanzar,NA,,213,1,19,1,3,18-29
11950,CHL,Chile,invalid,rule_B_only,117,NORMAL,,0,0,0,0,0,18.0,3.7831001645973124,,NA,"Principalmente que demuestre conocimiento de lo que habla y tenga publicaciones en relación al tema, investigaciones.",,213,1,47,1,4,40-49
11966,CHL,Chile,invalid,rule_B_only,109,NORMAL,,0,0,0,0,0,19.0,5.315413520254543,0.7592566023652966,NA,Que realize muy bien su trabajo; preocupado por el cuidado de todo el planeta si comod e cada uno de nosotros,,213,1,23,1,4,18-29
11999,CHL,Chile,invalid,rule_B_only,77,NORMAL,,0,0,0,0,0,17.0,5.1662749438948445,-0.15811388300841897,NA,que sus estudios sean mostrados con rigor científico y avalado por organismos,,213,1,53,1,4,50-59
12038,CHL,Chile,invalid,rule_B_only,177,NORMAL,,0,0,0,0,0,24.0,6.345370795666312,0.4472135954999579,Con la ciencia nos beneficiamos todos por qué a través de muchas investigaciones se han descubierto diversos tratamientos para las enfermedades que cada día son más recurrentes.,NA,,213,1,52,0,4,50-59
12053,CHL,Chile,invalid,rule_B_only,134,NORMAL,,0,0,0,0,0,19.0,4.021850116170219,,Creo que todos es para y por nuestra salud fisica mental y emocional todo tiene que ver con la ciencia  y el cuidado de nuestro cuerpo,NA,,213,1,57,0,3,50-59
12100,CHL,Chile,invalid,rule_B_only,140,NORMAL,,0,0,0,0,0,19.0,6.802451156647873,0.5909090909090909,NA,No se que sea capaz de decir al mundo que es un cientifico confiable y que es  capaz de decir es sierto la ciencia puede estudiar la ciencia ,,213,1,50,0,3,50-59
12178,CHL,Chile,invalid,rule_B_only,84,NORMAL,,0,0,0,0,0,30.0,3.1430935609366273,,"Tod@s nos beneficiamos con la Ciencia en las distintas areas del desarrollo humano..
",NA,,213,1,49,1,3,40-49
12194,CHL,Chile,invalid,rule_B_only,39,NORMAL,,0,0,0,0,0,19.0,2.3863600373446165,,NA,Que demuestre los hechos investigativos,,213,1,49,0,4,40-49
12212,CHL,Chile,invalid,rule_B_only,57,NORMAL,,0,0,0,0,0,17.0,8.892236600417725,0.29981267559834457,NA,Que no sea dogmatico y este abierto a enseñar su ciencia.,,213,1,54,1,4,50-59
12232,CHL,Chile,invalid,rule_B_only,476,NORMAL,,0,0,0,0,0,23.0,3.1370403321952116,,NA,"Hola es mi opinión personal, yo siento que en general las personas que se dedican al ámbito científico caen en una actitud arrogante y eso no ayuda a masificar el conocimiento en este caso la ciencias, se debe buscar el modo que sea cercano y con ejemplos que provoque interés en los saberes , las personas en general no utilizan el método científico y la lógica booleana, hay que buscar el modo de llegar a través de los medios de comunicación masivos , eso es lo que yo creo",,213,1,53,0,4,50-59
12271,CHL,Chile,invalid,rule_B_only,87,NORMAL,,0,0,0,0,0,17.0,4.106012122699798,,"Creo que todos nos podemos beneficiar a todas la personas si es que sabemos utilizarla…
",NA,,213,1,46,1,4,40-49
12286,CHL,Chile,invalid,rule_B_only,20,NORMAL,,0,0,0,0,0,19.0,7.532186186837085,-0.08304547985373997,Porque es un negocio ,NA,,213,1,47,1,4,40-49
12320,CHL,Chile,invalid,rule_B_only,56,NORMAL,,0,0,0,0,0,22.0,6.138467376405282,0.7977240352174656,NA,Que demuestre con echos la factibilidad de lo que ofrece,,213,1,38,1,3,30-39
12431,CHL,Chile,invalid,rule_B_only,88,NORMAL,,0,0,0,0,0,18.0,7.791953025996074,,NA,"   Hace que demuestre los hechos con prueba verdadera y no con la típica frase, ( se dice )",,213,1,64,1,4,60+
12475,CHN,China,invalid,rule_B_only,13,NORMAL,,0,0,0,0,0,20.0,2.799761058645312,,普通人，科学体现在生活各处,NA,,213,1,51,0,4,50-59
12501,CHN,China,invalid,rule_B_only,7,NORMAL,,0,0,0,0,0,21.0,3.9261651655515277,,NA,成功的科学研究,,213,1,31,1,4,30-39
12515,CHN,China,invalid,rule_B_only,10,NORMAL,,0,0,0,0,0,20.0,4.256670565934622,,中国人民，中国政策好,NA,,213,1,52,0,3,50-59
12540,CHN,China,invalid,rule_B_only,46,NORMAL,,0,0,0,0,0,22.0,5.300004236900313,,老百姓在科学进步中受益最大，生活好了，高科技越来越多，对人民帮助也越来越多，这都来至于科技！,NA,,213,1,35,1,4,30-39
12597,CHN,China,invalid,rule_B_only,8,MEDIUM,longstring_exceed,1,0,1,0,0,37.0,4.277726913737829,,NA,给社会带来的贡献,,213,1,39,0,4,30-39
12619,CHN,China,invalid,rule_B_only,39,NORMAL,,0,0,0,0,0,17.0,3.9060831419482924,0.0,NA,一个科学家值得信赖，首先，必须爱国，为国为民；其次，在科学界取得成就而非虚假。,,213,1,63,1,4,60+
12642,CHN,China,invalid,rule_B_only,32,NORMAL,,0,0,0,0,0,22.0,5.251877388442696,,NA,我觉得是知识的力量让科学家值得信赖，懂得比我们多，干的比我们多！,,213,1,46,1,3,40-49
12718,CHN,China,invalid,rule_B_only,10,NORMAL,,0,0,0,0,0,18.0,4.084001536413731,,普通民众，研究团体。,NA,,213,1,51,1,4,50-59
12744,CHN,China,invalid,rule_B_only,7,NORMAL,,0,0,0,0,0,26.0,3.4602634669296415,,人民，科技利民,NA,,213,1,41,0,4,40-49
12747,CHN,China,invalid,rule_B_only,60,MEDIUM,longstring_exceed,1,0,1,0,0,54.0,4.96533134694993,,NA,在我看来应该是实事求是，因为眼见为实。从小到大对一些现象的产生有所好奇，就想去了解，科学家门也会现场展示一步一步去证明。,,213,1,19,1,4,18-29
12760,CHN,China,invalid,rule_B_only,6,NORMAL,,0,0,0,0,0,22.0,2.9880805727390216,,NA,结论得以证实,,213,1,46,0,2,40-49
12815,CHN,China,invalid,rule_B_only,11,NORMAL,,0,0,0,0,0,24.0,4.987930930004526,,NA,给人们创造好的科学环境,,213,1,36,1,4,30-39
12871,CHN,China,invalid,rule_B_only,64,NORMAL,,0,0,0,0,0,17.0,5.356071705517965,0.25,NA,一个科学家，无论其成就多么卓越、多么辉煌，都不可能在所有事情上做到尽善尽美。然而，科学家们正是这样才能使人类对未知世界保持好奇。,,213,1,20,NA,2,18-29
12926,CHN,China,invalid,rule_B_only,15,NORMAL,,0,0,0,0,0,20.0,5.260930884400441,,NA,真实有效进步有利于环境生态健康,,213,1,60,1,4,60+
12929,CHN,China,invalid,rule_B_only,6,NORMAL,,0,0,0,0,0,20.0,5.300004236900313,,推动社会发展,NA,,213,1,60,1,4,60+
12967,CHN,China,invalid,rule_B_only,21,NORMAL,,0,0,0,0,0,31.0,3.059848450085395,,NA,科学的论点要有科学依据不能用伪科学来忽悠人,,213,1,63,0,3,60+
13070,COL,Colombia,invalid,rule_B_only,46,NORMAL,,0,0,0,0,0,21.0,7.196801805496226,0.0,NA,Que se vean los resultados y sean para mejorar,,213,1,34,1,3,30-39
13090,COL,Colombia,invalid,rule_B_only,175,NORMAL,,0,0,0,0,0,17.0,4.752009816522434,0.2,Los que m?s se benefician son el gremio de los m?dicos y sus pacientes ya que con el avance se han podido tratar enfermedades que en el pasado eran m?s complejas de tratar por ,NA,,213,1,28,0,3,18-29
13114,COL,Colombia,invalid,rule_B_only,108,NORMAL,,0,0,0,0,0,17.0,6.877398064586555,0.0,NA,"Su curr?culo,que sea una persona aparte de su profesi?n,sensata y que tenga credibilidad. Basï¿½ï¿½ï¿½ï¿½ï¿½",,213,1,58,1,3,50-59
13165,COL,Colombia,invalid,rule_B_only,60,NORMAL,,0,0,0,0,0,22.0,8.176462311179256,0.25,NA,Que sepa verificar lo que est? diciendo y no solamente tirar ,,213,1,18,0,3,18-29
13201,COL,Colombia,invalid,rule_B_only,112,NORMAL,,0,0,0,0,0,17.0,4.883571274063235,-0.2,Todos los seres humanos nos veneficiamos de la ciencia porque as? tenemos conocimiento sobre la naturaleza todos,NA,,213,1,62,0,3,60+
13203,COL,Colombia,invalid,rule_B_only,36,NORMAL,,0,0,0,0,0,26.0,4.449373688243345,,NA,su sinceridad y veracidad comprobada,,213,1,19,0,3,18-29
13220,COL,Colombia,invalid,rule_B_only,270,NORMAL,,0,0,0,0,0,20.0,7.002620687094504,,"la ciencia es fundamentalmente un acopio de conocimiento, que utilizamos para comprender el mundo y modificarlo. Conviene pensar en la ciencia en estrecha vinculaci?n con el m?todo y con los resultados que se obtienen partir de ?l, sin necesidad de entrar por el momento",NA,,213,1,68,0,2,60+
13231,COL,Colombia,invalid,rule_B_only,69,NORMAL,,0,0,0,0,0,19.0,3.7554256047782295,0.3333333333333333,NA,"Para mi parecer, el tener las pruebas suficientes sobre lo que habla.",,213,1,21,1,3,18-29
13239,COL,Colombia,invalid,rule_B_only,28,NORMAL,,0,0,0,0,0,19.0,3.350648023792344,0.5773502691896257,NA,que este como independiente.,,213,1,52,1,3,50-59
13294,COL,Colombia,invalid,rule_B_only,736,NORMAL,,0,0,0,0,0,25.0,5.178334963454995,0.8783100656536799,"Cordial saludo, para m? es de vital importancia entender lo maravilloso de la ciencia y su utilidad en nuestras vidas, ya que sin lugar a dudas nos permite lograr cosas importantes y de mucho beneficio para todos nosotros, ahora bien tenemos los seres humanos un arma muy poderosa que podemos utilizar a nuestro favor y es la mente, y qu? en combinaci?n con la sabidur?a personificada Melquisedeclisbet, lograr unos efectos de trascendencia para el mejoramiento de nuestras vidas en el planeta y su entorno la naturaleza, de hecho la sabidur?a permiti? el aumento de la ciencia para nuestro beneficio, y yo quiero compartir todos los beneficios que se obtienen, producto de la sabidur?a, y para ello les comparto la p?gina: www.cristoes",NA,,213,1,51,1,3,50-59
13304,COL,Colombia,invalid,rule_B_only,28,NORMAL,,0,0,0,0,0,26.0,4.71935818305894,,Los pacientes de un hospital ,NA,,213,1,33,0,4,30-39
13341,COL,Colombia,invalid,rule_B_only,74,NORMAL,,0,0,0,0,0,19.0,7.683158706418762,0.2970442628930023,NA,En la forma en que sus conocimientos dan seguridad y brindan la protecci?n,,213,1,40,0,3,40-49
13350,COL,Colombia,invalid,rule_B_only,134,NORMAL,,0,0,0,0,0,19.0,6.143643108471785,,NA,Est?s personas pasan su vida y sacrifican si vida por la ciencia buscando un objetivo aveces bueno aveces malo pero siempre habr? algu,,213,1,40,1,3,40-49
13387,COL,Colombia,invalid,rule_B_only,369,NORMAL,,0,0,0,0,0,18.0,5.592551251836156,0.0,NA,La ciencia siempre ha buscado que la humanidad est? bien. Pero ?ltimamente se ha visto conspiraci?n de varios pa?ses para alterar la ciencia y buscar generar mayor poder.  La ciencia deber?a estar separada de cualquier tema pol?tico ya que impactar?a mucho sobre la econ?mica y poblaci?n global.  Ejemplo las especulaciones sobre el tema COVID. Dicen que los chinos inv,,213,1,49,1,4,40-49
13401,COL,Colombia,invalid,rule_B_only,126,NORMAL,,0,0,0,0,0,23.0,6.484151911485267,,"Son los mismos que dicen ser cientificos y no lo son, son muy aburridores ya que se endiosan y se idolatran en sus que haceres",NA,,213,1,47,1,3,40-49
13407,COL,Colombia,invalid,rule_B_only,88,NORMAL,,0,0,0,0,0,17.0,4.794085640686958,-0.3333333333333333,Todos! Los avances y descubrimientos de ciencia nos garanrizan una mejor calidad de vida,NA,,213,1,32,0,4,30-39
13415,COL,Colombia,invalid,rule_B_only,129,NORMAL,,0,0,0,0,0,17.0,4.903096095518948,0.9258200997725514,Toda la humanidad y la vida. El saber permite entendernos y realizar acciones orientadas a la calidad y preservaciï¿½ï¿½ï¿½ï¿½ï¿½,NA,,213,1,31,0,4,30-39
13419,COL,Colombia,invalid,rule_B_only,86,NORMAL,,0,0,0,0,0,19.0,3.1155505742746765,,NA,"Que sus pruebas no se basan en suposici?n, ellos manejan datos ver?dicos sobre proceso",,213,1,31,1,4,30-39
13429,COL,Colombia,invalid,rule_B_only,95,NORMAL,,0,0,0,0,0,17.0,5.802251996655419,0.4685212856658182,NA,"Sus investigaciones, entre m?s redacte art?culo sobre el tema lo hace confiable, adem?s que sus ",,213,1,44,0,4,40-49
13468,COL,Colombia,invalid,rule_B_only,55,NORMAL,,0,0,0,0,0,22.0,7.799590612786779,0.6324555320336759,Todos nos beneficiamos con la ciencia por qu? es el est,NA,,213,1,43,NA,4,40-49
13481,COL,Colombia,invalid,rule_B_only,49,NORMAL,,0,0,0,0,0,21.0,9.254955405474448,-0.2,Los que estudian esa clase de temas por qu? su ca,NA,,213,1,44,0,3,40-49
13492,CRI,Costa Rica,invalid,rule_B_only,139,NORMAL,,0,0,0,0,0,17.0,6.413093728349911,0.5222329678670935,NA,que sus investigaciones esten realmente respaldadas por el metodo cientifico y sustentados por pruebas y no solo especulaciones o hipotesis,,213,1,43,1,4,40-49
13497,CRI,Costa Rica,invalid,rule_B_only,93,NORMAL,,0,0,0,0,0,18.0,4.250908088985133,,"Los mismos científicos y sus familiares son los primeros, después los políticos y millonarios ",NA,,213,1,45,0,4,40-49
13504,CRI,Costa Rica,invalid,rule_B_only,63,NORMAL,,0,0,0,0,0,17.0,3.4491419748809156,,Todos ya que la ciencia es y ha sido un aporte para l humanidad ,NA,,213,1,30,0,4,30-39
13553,CRI,Costa Rica,invalid,rule_B_only,15,NORMAL,,0,0,0,0,0,22.0,7.845240283976131,0.11043152607484653,No se la verdad ,NA,,213,1,45,2,2,40-49
13573,CRI,Costa Rica,invalid,rule_B_only,153,NORMAL,,0,0,0,0,0,19.0,4.4510048969942035,,NA,"Que tenga los estudios y evidencias comprobadas de los temas estudiados, los análisis de los resultados y las bases que utiliza par realizar los estudios",,213,1,44,1,4,40-49
13576,CRI,Costa Rica,invalid,rule_B_only,98,NORMAL,,0,0,0,0,0,19.0,4.940195807450448,,"las personas, ya que en todo momento el avance de la ciencia nos beneficia de alguna u otra manera ",NA,,213,1,20,0,3,18-29
13588,CRI,Costa Rica,invalid,rule_B_only,152,NORMAL,,0,0,0,0,0,17.0,6.3523567566149834,0.11043152607484653,"Actualmente creo que la ciencia ha, sido manipulada, y hay intereses políticos y económicos que imponen criterios y son quienes obtienen los beneficios. ",NA,,213,1,61,1,4,60+
13635,CRI,Costa Rica,invalid,rule_B_only,57,NORMAL,,0,0,0,0,0,19.0,4.2405193998886235,0.5,NA,"Su labor, entrega, capacidad, dedicación, amor, humanismo",,213,1,56,1,4,50-59
13650,CRI,Costa Rica,invalid,rule_B_only,38,NORMAL,,0,0,0,0,0,19.0,5.79426521770643,,NA,Que te explique bien y te de confianza ,,213,1,36,1,2,30-39
13699,CRI,Costa Rica,invalid,rule_B_only,65,NORMAL,,0,0,0,0,0,22.0,6.210545847120225,0.34299717028501764,NA,investigaciones y diferentes experimentos sobre diferentes temas. ,,213,1,33,0,4,30-39
13727,CRI,Costa Rica,invalid,rule_B_only,61,NORMAL,,0,0,0,0,0,17.0,6.3992406306549485,0.768273325346536,NA,"Que observe sus procedimientos y los compruebe una y otra vez
",,213,1,30,0,4,30-39
13768,CRI,Costa Rica,invalid,rule_B_only,23,NORMAL,,0,0,0,0,0,19.0,5.617602246262704,0.944911182523068,La humanidad y ambiente,NA,,213,1,57,1,4,50-59
13876,CRI,Costa Rica,invalid,rule_B_only,167,NORMAL,,0,0,0,0,0,20.0,5.598136304754713,-0.15877683720748895,NA,"Cuando Me gusta algo de ciencia. Me gusta leer bastante, informarme de  su trabajo y buscar todo referente a lo que me interesa, eso hace que uno confíe en lo que hace",,213,1,64,0,3,60+
13899,CRI,Costa Rica,invalid,rule_B_only,64,NORMAL,,0,0,0,0,0,17.0,3.6134160192818814,,la raza humana porque al final la ciencia se comparte para todos,NA,,213,1,23,NA,4,18-29
13924,CRI,Costa Rica,invalid,rule_B_only,33,NORMAL,,0,0,0,0,0,19.0,3.648780937617262,0.2,NA,donde haya realizado sus estudios,,213,1,54,1,4,50-59
13927,CRI,Costa Rica,invalid,rule_B_only,156,NORMAL,,0,0,0,0,0,21.0,4.670937913168494,0.21693045781865616,"Las personas porque hay mejor conocimiento sobre nuestra salud
Animales porque mejoramos su entorno 
Y el planeta porque le ayudamos atraves de la ciencia ",NA,,213,1,36,1,4,30-39
13949,CRI,Costa Rica,invalid,rule_B_only,129,NORMAL,,0,0,0,0,0,28.0,4.74110832505184,,"El país entero, todos debemos de tener el conocimiento de la ciencia y estar enterado de los últimos descubrimientos científicos. ",NA,,213,1,60,1,4,60+
13959,CRI,Costa Rica,invalid,rule_B_only,88,NORMAL,,0,0,0,0,0,17.0,4.626287272719516,0.7905694150420948,Todos los seres humanos q habitamos el planeta. los avances son beneficio para la salud.,NA,,213,1,33,0,3,30-39
13961,CRI,Costa Rica,invalid,rule_B_only,180,NORMAL,,0,0,0,0,0,21.0,6.223348310696507,-0.3071475584169756,La verdad la ciencia en su campo es importante para ciertas cosas pero para otras no xq la ciencia para mi tiene que ser beneficiosa para la humanidad no para la extinción de ella. ,NA,,213,1,40,0,4,40-49
14031,CRI,Costa Rica,invalid,rule_B_only,33,NORMAL,,0,0,0,0,0,17.0,4.988261211031047,,La instituciones de salud publica,NA,,213,1,59,1,3,50-59
14063,CZE,Czech Republic,invalid,rule_B_only,52,NORMAL,,0,0,0,0,0,19.0,7.089842514606118,,NA,Skusenost praxe neustale pracovat na nových zjištění ,,213,1,44,1,3,40-49
14065,CZE,Czech Republic,invalid,rule_B_only,61,NORMAL,,0,0,0,0,0,20.0,3.6373834819479822,,NA,dokáže se zabývat hlouběji věcmi než běžným konzumním životem,,213,1,59,0,3,50-59
14127,CZE,Czech Republic,invalid,rule_B_only,22,NORMAL,,0,0,0,0,0,31.0,3.335761077411367,,Lidstvo pro budoucnost ,NA,,213,1,37,1,3,30-39
14152,CZE,Czech Republic,invalid,rule_B_only,14,NORMAL,,0,0,0,0,0,26.0,3.6749541860771893,,NA,"Jejich výzkumy
",,213,1,56,0,3,50-59
14163,CZE,Czech Republic,invalid,rule_B_only,36,NORMAL,,0,0,0,0,0,19.0,3.9454993400933653,-0.2,NA,Veda je dulezita pro rozvoj lidstva.,,213,1,52,0,4,50-59
14167,CZE,Czech Republic,invalid,rule_B_only,7,NORMAL,,0,0,0,0,0,26.0,6.584599544341552,0.4629100498862757,Věda je,NA,,213,1,37,1,3,30-39
14181,CZE,Czech Republic,invalid,rule_B_only,6,MEDIUM,longstring_exceed,1,0,1,0,0,57.0,2.0302543264381905,,NA,Nievím,,213,1,55,1,3,50-59
14192,CZE,Czech Republic,invalid,rule_B_only,47,NORMAL,,0,0,0,0,0,19.0,2.651433185157852,,Nejdříve bohatí lidé a až rokami normální lidé.,NA,,213,1,34,1,3,30-39
14197,CZE,Czech Republic,invalid,rule_B_only,22,NORMAL,,0,0,0,0,0,18.0,3.7525090017725677,0.17149858514250882,NA,Výsledky jejich práce.,,213,1,45,1,3,40-49
14211,CZE,Czech Republic,invalid,rule_B_only,58,NORMAL,,0,0,0,0,0,21.0,3.7816139255853067,0.5423261445466404,vlády protože věda a její vysledky hrajou do not politikům,NA,,213,1,32,1,3,30-39
14218,CZE,Czech Republic,invalid,rule_B_only,12,NORMAL,,0,0,0,0,0,20.0,3.6606489657930648,0.2,Celé lidstvo,NA,,213,1,27,1,3,18-29
14220,CZE,Czech Republic,invalid,rule_B_only,8,NORMAL,,0,0,0,0,0,23.0,9.506052788060359,-0.3882901373576604,NA,"Výsledky

",,213,1,28,1,1,18-29
14257,CZE,Czech Republic,invalid,rule_B_only,11,NORMAL,,0,0,0,0,0,22.0,2.8989572842925457,,pomoc lidem,NA,,213,1,26,0,4,18-29
14286,CZE,Czech Republic,invalid,rule_B_only,20,NORMAL,,0,0,0,0,0,20.0,3.194796642049141,,populace jako celek.,NA,,213,1,21,0,3,18-29
14334,CZE,Czech Republic,invalid,rule_B_only,6,MEDIUM,longstring_exceed,1,0,1,0,0,46.0,2.1718699311753906,,Výzkum ,NA,,213,1,43,0,4,40-49
14345,CZE,Czech Republic,invalid,rule_B_only,55,NORMAL,,0,0,0,0,0,24.0,3.795769696570416,,NA,"výsledky, důvěryhodnost zdroje kde publikuje své práce, ",,213,1,23,1,3,18-29
14350,CZE,Czech Republic,invalid,rule_B_only,15,NORMAL,,0,0,0,0,0,18.0,4.239246694761683,,samozřejmě lidi,NA,,213,1,74,0,3,60+
14358,CZE,Czech Republic,invalid,rule_B_only,21,NORMAL,,0,0,0,0,0,17.0,4.0515856734194635,0.1,Společnost my všichni ,NA,,213,1,52,1,3,50-59
14378,CZE,Czech Republic,invalid,rule_B_only,82,NORMAL,,0,0,0,0,0,28.0,5.069400996863397,-0.8,NA,nevim nezajim se o to nevim jestli je vedec duveryhodny spis zalezi jaky je clovek,,213,1,55,0,3,50-59
14380,CZE,Czech Republic,invalid,rule_B_only,10,NORMAL,,0,0,0,0,0,23.0,6.344453001556578,1.0,NA,pravdivost,,213,1,59,1,3,50-59
14411,CZE,Czech Republic,invalid,rule_B_only,10,NORMAL,,0,0,0,0,0,18.0,2.9066937570991103,,NA,Zkušenosti ,,213,1,30,0,3,30-39
14417,CZE,Czech Republic,invalid,rule_B_only,82,NORMAL,,0,0,0,0,0,18.0,2.4793319781375645,,NA,"tím, že prokáže co všechno zvládla ve vědě udělat a hlavně co zjistila a vytvořila",,213,1,66,0,3,60+
14435,CZE,Czech Republic,invalid,rule_B_only,22,NORMAL,,0,0,0,0,0,24.0,2.72262525360241,,když nové léky pomůžou,NA,,213,1,61,0,4,60+
14462,CZE,Czech Republic,invalid,rule_B_only,21,NORMAL,,0,0,0,0,0,21.0,2.7292939464607024,,NA,Sebevědomá skromnost.,,213,1,75,1,4,60+
14481,CZE,Czech Republic,invalid,rule_B_only,12,NORMAL,,0,0,0,0,0,19.0,3.0523753552412414,0.0,NA,"studie,praxe",,213,1,67,1,3,60+
14497,CZE,Czech Republic,invalid,rule_B_only,76,NORMAL,,0,0,0,0,0,28.0,4.821992672118524,0.5854905538443584,"Všichni, tedy i ti co si to neuvědomují, anebo přímo výsledky vědy odmítají.",NA,,213,1,78,1,3,60+
14502,CZE,Czech Republic,invalid,rule_B_only,80,NORMAL,,0,0,0,0,0,23.0,3.051851350345925,,NA,"Celkem nic.Vetsinou neříkají pravdu Informace zkreslují podle toho ,jak je treba",,213,1,61,0,3,60+
14514,CZE,Czech Republic,invalid,rule_B_only,43,NORMAL,,0,0,0,0,0,22.0,3.37043295202279,,"Lidstvo, protože věda pomáhá našemu rozvoji",NA,,213,1,48,0,4,40-49
14517,CZE,Czech Republic,invalid,rule_B_only,7,NORMAL,,0,0,0,0,0,26.0,3.040618166253066,,NA,Netuším ,,213,1,42,0,3,40-49
14605,DNK,Denmark,invalid,rule_B_only,37,NORMAL,,0,0,0,0,0,20.0,3.8617476900442966,,NA,Jeg tror at de gør deres arbejde godt,,213,1,55,1,2,50-59
14610,DNK,Denmark,invalid,rule_B_only,12,NORMAL,,0,0,0,0,0,17.0,5.188623916255058,,NA,Ved det ikke,,213,1,26,NA,4,18-29
14616,DNK,Denmark,invalid,rule_B_only,62,NORMAL,,0,0,0,0,0,17.0,4.629190923875889,1.0,NA,"Det ved jeg faktisk ikke
Det har jeg aldrig rigtig tænkt over",,213,1,37,0,4,30-39
14719,DNK,Denmark,invalid,rule_B_only,8,MEDIUM,longstring_exceed,1,0,1,0,0,34.0,5.045947749072848,0.29277002188455997,Ved ikke,NA,,213,1,38,0,3,30-39
14733,DNK,Denmark,invalid,rule_B_only,197,NORMAL,,0,0,0,0,0,25.0,2.9663343799576527,0.7071067811865476,"Jeg mener ikke, at der er nogen, som har mest gavn af videnskaben. Vi kan allesammen få brug for den på et tidspunkt, men vi ved det ikke før, det er aktuelt - om det er corona, cancer eller andet.",NA,,213,1,18,0,2,18-29
14761,DNK,Denmark,invalid,rule_B_only,21,NORMAL,,0,0,0,0,0,19.0,4.488188862720763,,NA,Troværdige resultater,,213,1,39,0,4,30-39
14770,DNK,Denmark,invalid,rule_B_only,54,NORMAL,,0,0,0,0,0,31.0,2.999757888493179,,NA,"Jeg lytter ikke til nogen forsker, så det ved jeg ikke",,213,1,50,0,2,50-59
14790,DNK,Denmark,invalid,rule_B_only,110,NORMAL,,0,0,0,0,0,18.0,5.873385092839206,-0.227429413073671,"Jeg mener at mennesker har mest gavn af videnskaben, fordi vi bruger den viden til nogle revolutionerende ting",NA,,213,1,26,0,2,18-29
14805,DNK,Denmark,invalid,rule_B_only,336,NORMAL,,0,0,0,0,0,19.0,2.8035993688800156,,"Det har beslutningstagere i erhvervslivet og det offentlige system, samt de mest intelligente individer (private) med interesse for et eller flere områder, fx fordi de selv har en uddannelse inden for det specifikke område.  Det skyldes, at det kræver en del intellektuel båndbredde at forstå, ""digeste"" og forholde sig til videnskaben.",NA,,213,1,59,1,4,50-59
14809,DNK,Denmark,invalid,rule_B_only,93,NORMAL,,0,0,0,0,0,19.0,5.772874567246005,-0.4629100498862757,NA,om de kan formulere deres forskning så man forstår emnet og kan gennemskue om det er relevant,,213,1,80,1,4,60+
14832,DNK,Denmark,invalid,rule_B_only,69,NORMAL,,0,0,0,0,0,23.0,5.270957958569046,0.625,"Alt ig alle
Fra hjulet, elektruciteten til benproteser, Internet mv.
",NA,,213,1,70,0,4,60+
14883,DNK,Denmark,invalid,rule_B_only,117,NORMAL,,0,0,0,0,0,24.0,4.69296124323944,1.0,Videnskaben hjælper os mennesker til bedre at forstå universet og giver os mange produkter som giver os et bedre liv.,NA,,213,1,58,1,3,50-59
14925,DNK,Denmark,invalid,rule_B_only,11,NORMAL,,0,0,0,0,0,26.0,3.2372547088160557,,NA,Ikke sikker,,213,1,32,1,4,30-39
14980,DNK,Denmark,invalid,rule_B_only,12,NORMAL,,0,0,0,0,0,19.0,4.321662669204251,0.5,NA,uafhængighed,,213,1,48,1,4,40-49
15003,DNK,Denmark,invalid,rule_B_only,109,NORMAL,,0,0,0,0,0,27.0,4.840483281107788,,Så vi kan blive klogere på hvad der virker og hvad der ikke virker. Vi bliver klogere hele tiden igennem alt.,NA,,213,1,33,0,2,30-39
15011,DNK,Denmark,invalid,rule_B_only,111,NORMAL,,0,0,0,0,0,25.0,4.175604785830206,1.0,"Det har befolkningen, men det skal også tages på den måde så der er økonomi til andet i landet, fx ældreområdet",NA,,213,1,45,0,4,40-49
15048,DNK,Denmark,invalid,rule_B_only,160,NORMAL,,0,0,0,0,0,18.0,4.095730931675198,,Mener alle får gavn af videnskaben. Det er vigtigt både i forhold til politikere der skal træffe vigtige beslutninger men også i forhold til den normale hverdag,NA,,213,1,28,1,4,18-29
15053,DNK,Denmark,invalid,rule_B_only,52,NORMAL,,0,0,0,0,0,17.0,6.5444603061772355,,NA,"Forklarer sig godt og grundig, så alle kan være med.",,213,1,79,0,2,60+
15197,DNK,Denmark,invalid,rule_B_only,48,NORMAL,,0,0,0,0,0,18.0,4.123753337289395,,Offentlighed da videnskaben skaber gavn for alle,NA,,213,1,40,1,4,40-49
15208,DNK,Denmark,invalid,rule_B_only,8,NORMAL,,0,0,0,0,0,18.0,3.7896095632288027,0.6324555320336759,NA,Væremåde,,213,1,40,1,3,40-49
15249,DNK,Denmark,invalid,rule_B_only,32,NORMAL,,0,0,0,0,0,17.0,4.768643540861259,0.6123724356957946,Alle - mennsker - dyr Vores jord,NA,,213,1,57,1,2,50-59
15390,DNK,Denmark,invalid,rule_B_only,13,NORMAL,,0,0,0,0,0,29.0,3.1386379967317493,,NA,fakta i orden,,213,1,59,0,4,50-59
15405,DNK,Denmark,invalid,rule_B_only,32,NORMAL,,0,0,0,0,0,27.0,2.1980354114781915,,Dem der skal bruge det til noget,NA,,213,1,26,0,4,18-29
15484,DNK,Denmark,invalid,rule_B_only,30,NORMAL,,0,0,0,0,0,18.0,5.033485608048684,0.41522739926869984,NA,"Peer review, objektiv holdning",,213,1,24,1,4,18-29
15489,DNK,Denmark,invalid,rule_B_only,8,NORMAL,,0,0,0,0,0,28.0,4.961076683154641,0.0,ved ikke,NA,,213,1,31,1,4,30-39
15528,DNK,Denmark,invalid,rule_B_only,165,NORMAL,,0,0,0,0,0,18.0,3.443079089752047,0.31622776601683794,NA,"En forsker skal have evidence for det der fremkommer i forskningen.
Forskeren skal have en stor viden om emnet.
Skal være ærlig og og vedkende fejl hvis de opstår.",,213,1,54,0,4,50-59
15572,DNK,Denmark,invalid,rule_B_only,34,NORMAL,,0,0,0,0,0,23.0,3.078145898768649,,NA,At personen har beviser/resultater,,213,1,25,0,3,18-29
15617,DNK,Denmark,invalid,rule_B_only,8,NORMAL,,0,0,0,0,0,18.0,3.987900692562327,,NA,ved ikke,,213,1,22,1,2,18-29
15632,DNK,Denmark,invalid,rule_B_only,21,NORMAL,,0,0,0,0,0,18.0,3.124134933224278,,Dem der laver medicin,NA,,213,1,26,0,2,18-29
15650,DNK,Denmark,invalid,rule_B_only,38,NORMAL,,0,0,0,0,0,18.0,4.214556261487285,1.0,NA,At vedkommende kan bevise sit resultat,,213,1,65,1,2,60+
15654,DNK,Denmark,invalid,rule_B_only,7,NORMAL,,0,0,0,0,0,24.0,3.840474685537577,,Os alle,NA,,213,1,75,1,2,60+
15681,DNK,Denmark,invalid,rule_B_only,13,NORMAL,,0,0,0,0,0,17.0,2.9305950486473478,,aner det ikke,NA,,213,1,46,0,4,40-49
15808,EGY,Egypt,invalid,rule_B_only,34,NORMAL,,0,0,0,0,0,23.0,5.492847726553965,0.242535625036333,المستفيد من العلوم هى البشرية كلها ,NA,,213,1,39,1,4,30-39
15819,EGY,Egypt,invalid,rule_B_only,43,NORMAL,,0,0,0,0,0,24.0,3.526810670456399,1.0,البشرية كلها مستفيدة لأن العلم يخدم البشرية,NA,,213,1,44,1,4,40-49
15824,EGY,Egypt,invalid,rule_B_only,24,NORMAL,,0,0,0,0,0,21.0,3.6730513430599094,,NA,التعاون والعمل والمشاركة,,213,1,42,1,4,40-49
15826,EGY,Egypt,invalid,rule_B_only,7,NORMAL,,0,0,0,0,0,20.0,2.7247132307456354,,NA,جيد جدا,,213,1,35,1,4,30-39
15830,EGY,Egypt,invalid,rule_B_only,174,NORMAL,,0,0,0,0,0,26.0,2.701945450451235,,NA,العالم جدير بالثقة لانه اتعلم واتربي على العلم وعرفة قيمة العلم والتدرب واحد من الخبرات ما يكفي لكى يصبح عالم ليفيد بلده والعالم أجمع بعلمه ويجب أن يحظى بحب واحترام من الجميع ,,213,1,30,0,4,30-39
15867,EGY,Egypt,invalid,rule_B_only,31,NORMAL,,0,0,0,0,0,27.0,1.81225331652803,,المستفيد الاول هي امريكا واووبا ,NA,,213,1,42,1,4,40-49
15902,EGY,Egypt,invalid,rule_B_only,23,NORMAL,,0,0,0,0,0,18.0,3.329668106093086,0.6324555320336759,NA,Jcxggjfvncch hchxgsgxgc,,213,1,65,1,4,60+
15903,EGY,Egypt,invalid,rule_B_only,23,NORMAL,,0,0,0,0,0,17.0,3.1439999219058037,,الانسان لانه ينعاد اليه,NA,,213,1,71,1,3,60+
15909,EGY,Egypt,invalid,rule_B_only,15,NORMAL,,0,0,0,0,0,17.0,3.0415836407471075,,NA,كره القدم رائعه,,213,1,28,0,4,18-29
15912,EGY,Egypt,invalid,rule_B_only,88,NORMAL,,0,0,0,0,0,18.0,3.8707069309468047,0.6324555320336759,NA,العلوم من اهم طرق الانسان لفهم ما يدور من حولها فبدونها لا نستطيع تفسير الكثير عن خياتنا,,213,1,33,0,4,30-39
15918,EGY,Egypt,invalid,rule_B_only,75,NORMAL,,0,0,0,0,0,28.0,4.420608009981563,0.25,الناس والمجتمع لان بدون العلوم لا يستطيعوا تفسير الكثير من الاشياء من حولهم,NA,,213,1,40,1,4,40-49
15931,EGY,Egypt,invalid,rule_B_only,61,NORMAL,,0,0,0,0,0,22.0,5.837494527229925,,NA,تىمعىمعرخعل نارنغبنغرخغبغ مترنعرنعبخعب ت معىمعىمعلمعر معىخهله,,213,1,23,2,4,18-29
15952,EGY,Egypt,invalid,rule_B_only,19,MEDIUM,longstring_exceed,1,0,1,0,0,57.0,2.701945450451235,,NA,انو يكون عالم موثوق ,,213,1,43,0,4,40-49
15971,EGY,Egypt,invalid,rule_B_only,67,NORMAL,,0,0,0,0,0,22.0,6.9903121269675825,,NA,فى رأى أنه العلم هو السبيل الوحيد لتقدم الأمم من حيث العلم والعلماء ,,213,1,42,2,4,40-49
15980,EGY,Egypt,invalid,rule_B_only,29,NORMAL,,0,0,0,0,0,21.0,2.830294580000295,,احنا المستر مرحبا مليون دولار ,NA,,213,1,50,0,3,50-59
15988,EGY,Egypt,invalid,rule_B_only,10,MEDIUM,longstring_exceed,1,0,1,0,0,57.0,2.701945450451235,,الثقة بنفس ,NA,,213,1,45,0,4,40-49
15990,EGY,Egypt,invalid,rule_B_only,134,NORMAL,,0,0,0,0,0,18.0,5.493167526877044,,NA,الصدق والاخلاص مع الاخرين يجعل العالم ملئ بالثقة دائما وابدا عندما تكون صادقا مع شخص او اشخاص وصريح معهم ايضا يشعرون بالثقة والاطمئنان ,,213,1,23,2,3,18-29
16040,EGY,Egypt,invalid,rule_B_only,42,NORMAL,,0,0,0,0,0,20.0,3.495584941791095,,NA,لان كلامه بيكون متوثق بدليل علمي علي كلامه,,213,1,35,0,4,30-39
16053,EGY,Egypt,invalid,rule_B_only,21,NORMAL,,0,0,0,0,0,18.0,5.156467693749521,,NA,لانه يدقق ويبحث بضمير,,213,1,41,0,4,40-49
16061,EGY,Egypt,invalid,rule_B_only,14,NORMAL,,0,0,0,0,0,18.0,3.1793033238564745,,NA,"أمانته العلمية 
",,213,1,50,2,4,50-59
16062,EGY,Egypt,invalid,rule_B_only,92,NORMAL,,0,0,0,0,0,18.0,4.713610893303276,,NA,بالعلافات المتبادلة بين المجتمعات المختلفة بمعنى انه اذا ساد السلام العالم اصبح الثقة موجوده,,213,1,40,1,4,40-49
16079,EGY,Egypt,invalid,rule_B_only,47,NORMAL,,0,0,0,0,0,21.0,5.496643891512964,,NA,الحفاظ علي البيئه والحفاظ علي المصادر المستخدمه,,213,1,36,1,3,30-39
16107,EGY,Egypt,invalid,rule_B_only,7,NORMAL,,0,0,0,0,0,22.0,3.6730513430599094,,NA,الامانه,,213,1,55,1,4,50-59
16111,EGY,Egypt,invalid,rule_B_only,26,NORMAL,,0,0,0,0,0,18.0,3.462344707328372,,NA,لوجود الأدلة على صدق كلامه ,,213,1,55,1,4,50-59
16120,EGY,Egypt,invalid,rule_B_only,33,NORMAL,,0,0,0,0,0,20.0,5.948306098654477,0.29411764705882354,المطورين و العالم والطباقه العليا ,NA,,213,1,25,1,4,18-29
16133,EGY,Egypt,invalid,rule_B_only,65,NORMAL,,0,0,0,0,0,27.0,3.924930629744792,,NA,العالم جدير بالثقة لانه اتعلم واتربي على العلم والتدريب على العلم ,,213,1,29,0,4,18-29
16157,EGY,Egypt,invalid,rule_B_only,121,NORMAL,,0,0,0,0,0,19.0,5.277157191157301,,NA,Because its the present and the future if we want to have a good life to our children in the future we must trust science,,213,1,31,2,4,30-39
16169,EGY,Egypt,invalid,rule_B_only,22,MEDIUM,longstring_exceed,1,0,1,0,0,57.0,2.701945450451235,,NA,انو  يكون العالم موثوق ,,213,1,43,0,4,40-49
16173,EGY,Egypt,invalid,rule_B_only,6,NORMAL,,0,0,0,0,0,25.0,3.944431480125549,,البيئه,NA,,213,1,35,0,4,30-39
16180,EGY,Egypt,invalid,rule_B_only,46,MEDIUM,longstring_exceed,1,0,1,0,0,36.0,4.626064171589098,,الانسان لان العلوم تنفعه ف حياتي و تسهلها عليه,NA,,213,1,25,1,4,18-29
16197,EGY,Egypt,invalid,rule_B_only,111,NORMAL,,0,0,0,0,0,18.0,5.373794817642249,,المستفيد هو الانسان نفسة من الابحاث العلمية والتطور العلمي وهذا يؤهل الي ابحاث واخترعات جديدة تفيد البشرية كلها ,NA,,213,1,49,1,4,40-49
16219,EGY,Egypt,invalid,rule_B_only,40,NORMAL,,0,0,0,0,0,19.0,4.332000306199888,0.7745966692414834,العالم كله .... لانقاذ العالم من الاضرار,NA,,213,1,54,1,3,50-59
16243,EGY,Egypt,invalid,rule_B_only,26,NORMAL,,0,0,0,0,0,18.0,4.910167705618077,,ارؤؤليلؤؤات تىارغغبغبلععلت,NA,,213,1,65,1,4,60+
16261,EGY,Egypt,invalid,rule_B_only,38,NORMAL,,0,0,0,0,0,19.0,9.49487805665695,0.5640760748177662,الوليات المتحده الامريكيه تحاوزت روسيا,NA,,213,1,38,2,4,30-39
16263,EGY,Egypt,invalid,rule_B_only,12,NORMAL,,0,0,0,0,0,17.0,2.357247163536737,,NA,الثقه بالنفس ,,213,1,55,1,4,50-59
16272,EGY,Egypt,invalid,rule_B_only,26,NORMAL,,0,0,0,0,0,20.0,5.383265144951903,,NA,ممتاز مميز جدا جدا جدا جدا ,,213,1,35,NA,4,30-39
16274,EGY,Egypt,invalid,rule_B_only,21,NORMAL,,0,0,0,0,0,21.0,3.918752548125586,,ممتاز جدا جدا جدا جدا ,NA,,213,1,35,NA,4,30-39
16294,EGY,Egypt,invalid,rule_B_only,18,MEDIUM,longstring_exceed,1,0,1,0,0,39.0,7.136299549312295,,جميل جدا ورائع جدا ,NA,,213,1,25,NA,3,18-29
16316,ETH,Ethiopia,invalid,rule_B_only,176,NORMAL,,0,0,0,0,0,22.0,3.9597837043787436,,"The human kind is benefited from science & the out comes from/of science. Science improves the way we live, minimizes human burdens, qualifies the living style of mankind etc..  ",NA,,213,1,34,1,4,30-39
16354,ETH,Ethiopia,invalid,rule_B_only,12,NORMAL,,0,0,0,0,0,31.0,5.244932411022239,-0.2,NA,His research,,213,1,22,1,4,18-29
16368,ETH,Ethiopia,invalid,rule_B_only,35,NORMAL,,0,0,0,0,0,28.0,6.285241152487054,1.0,Man.  because it requires knowledge,NA,,213,1,25,1,4,18-29
16405,ETH,Ethiopia,invalid,rule_B_only,42,NORMAL,,0,0,0,0,0,19.0,5.635551495763104,,NA,It is something that scientificaly proved.,,213,1,26,NA,4,18-29
16420,ETH,Ethiopia,invalid,rule_B_only,55,NORMAL,,0,0,0,0,0,18.0,6.438120521212323,0.29277002188455997,NA,generates thoughts ideas that the commuinity is used to ,,213,1,32,1,3,30-39
16553,ETH,Ethiopia,invalid,rule_B_only,19,NORMAL,,0,0,0,0,0,27.0,4.693653361919165,,NA,In my opinion 50:50,,213,1,35,NA,4,30-39
16723,ETH,Ethiopia,invalid,rule_B_only,77,NORMAL,,0,0,0,0,0,19.0,7.437750445700947,,"Scince is the best on for the modern world becuase it will change every thing
",NA,,213,1,25,1,4,18-29
16746,ETH,Ethiopia,invalid,rule_B_only,45,NORMAL,,0,0,0,0,0,31.0,7.152591457582936,-0.2970442628930023,NA,Sometime i belive some time i don't  think so,,213,1,31,0,4,30-39
16796,BEL,Belgium,invalid,rule_B_only,14,MEDIUM,longstring_exceed,1,0,1,0,0,53.0,2.4622545703801175,,je ne sais pas,NA,,213,1,33,0,4,30-39
16865,BEL,Belgium,invalid,rule_B_only,15,NORMAL,,0,0,0,0,0,26.0,3.8921767678373618,,Le consommateur,NA,,213,1,39,1,3,30-39
16916,ITA,Italy,invalid,rule_B_only,32,NORMAL,,0,0,0,0,0,17.0,6.402818601280283,0.4338609156373123,"Le farmacie, per avere più soldi",NA,,213,1,35,1,4,30-39
16944,ITA,Italy,invalid,rule_B_only,22,NORMAL,,0,0,0,0,0,29.0,6.992304412237173,,tutti gli esseri umani,NA,,213,1,29,1,4,18-29
16984,BEL,Belgium,invalid,rule_B_only,6,NORMAL,,0,0,0,0,0,24.0,2.7977970624658455,,NA,Kennis,,213,1,33,1,3,30-39
17004,BEL,Belgium,invalid,rule_B_only,9,MEDIUM,longstring_exceed,1,0,1,0,0,57.0,2.3129176111039405,,geen idee,NA,,213,1,40,1,3,40-49
17012,BEL,Belgium,invalid,rule_B_only,38,NORMAL,,0,0,0,0,0,22.0,2.822135661107578,,NA,le fait d'être honnête tout simplement,,213,1,45,0,3,40-49
17022,ITA,Italy,invalid,rule_B_only,133,NORMAL,,0,0,0,0,0,20.0,7.862765415312934,0.31622776601683794,"le multinazionali e i grandi gruppi finanziari, perché la manipolano a loro vantaggio per i loro profitti a scapito della popolazione",NA,,213,1,34,1,4,30-39
17047,ITA,Italy,invalid,rule_B_only,16,NORMAL,,0,0,0,0,0,20.0,4.6956633739981415,,tutte le persone,NA,,213,1,52,1,3,50-59
17108,ITA,Italy,invalid,rule_B_only,70,NORMAL,,0,0,0,0,0,22.0,5.146811514581105,,NA,"la sua credibilità, deve essere obbiettivo e parlare con dati di fatto",,213,1,61,1,3,60+
17207,ITA,Italy,invalid,rule_B_only,22,NORMAL,,0,0,0,0,0,25.0,2.185652998100024,,ora come ora i governi,NA,,213,1,47,0,4,40-49
17230,BEL,Belgium,invalid,rule_B_only,11,NORMAL,,0,0,0,0,0,29.0,3.836059373770169,,De mensheid,NA,,213,1,73,1,4,60+
17237,BEL,Belgium,invalid,rule_B_only,11,NORMAL,,0,0,0,0,0,26.0,3.071223574704257,,NA,Son serieux,,213,1,62,0,3,60+
17240,BEL,Belgium,invalid,rule_B_only,88,NORMAL,,0,0,0,0,0,21.0,3.2061306480235543,,NA,"Voldoende research doen, naamsbekendheid, gepubliceerd worden in verschillende magazines",,213,1,29,0,3,18-29
17294,ITA,Italy,invalid,rule_B_only,6,MEDIUM,longstring_exceed,1,0,1,0,0,57.0,2.166449084194377,,non so,NA,,213,1,29,1,4,18-29
17314,BEL,Belgium,invalid,rule_B_only,71,NORMAL,,0,0,0,0,0,17.0,4.4377079196227,0.5423261445466404,NA,"La qualité de ses recherches, l'argumentation utilisé pour le démontrer ",,213,1,25,1,3,18-29
17436,ITA,Italy,invalid,rule_B_only,44,NORMAL,,0,0,0,0,0,19.0,5.764708943729464,,NA,il fatto che non riceva soldi da big pharma!,,213,1,63,1,3,60+
17454,ITA,Italy,invalid,rule_B_only,72,NORMAL,,0,0,0,0,0,19.0,3.5912258503126653,0.31622776601683794,NA,"essere una persona tranquilla, sicura di se e degli argomenti che tratta",,213,1,71,1,3,60+
17477,BEL,Belgium,invalid,rule_B_only,33,NORMAL,,0,0,0,0,0,22.0,4.3222682707987286,,Ik heb er totaal geen idee ervan.,NA,,213,1,23,0,3,18-29
17480,BEL,Belgium,invalid,rule_B_only,7,NORMAL,,0,0,0,0,0,27.0,5.726853904508921,,NA,Nothing ,,213,1,35,1,4,30-39
17498,ITA,Italy,invalid,rule_B_only,58,NORMAL,,0,0,0,0,0,19.0,3.2836065147531857,,NA,Poter usare la scienza per i problemi attuali e non futuri,,213,1,40,1,3,40-49
17513,ITA,Italy,invalid,rule_B_only,120,NORMAL,,0,0,0,0,0,19.0,4.503908975638907,,NA,"Uno scienziato è  degno di fiducia se non è  al soldo di multinazionali varie...banche,politici e/o politica in generale",,213,1,65,0,3,60+
17527,ITA,Italy,invalid,rule_B_only,53,NORMAL,,0,0,0,0,0,22.0,4.059530729366605,,"tutti, se si fanno ricerche non solo a scopo di lucro",NA,,213,1,60,0,3,60+
17641,BEL,Belgium,invalid,rule_B_only,11,NORMAL,,0,0,0,0,0,18.0,7.106598700958756,,NA,Zijn studie,,213,1,75,1,3,60+
17662,BEL,Belgium,invalid,rule_B_only,42,NORMAL,,0,0,0,0,0,18.0,3.5413668475902864,,NA,Dat hij onafhankelijk onderzoek kan voeren,,213,1,29,1,3,18-29
17668,BEL,Belgium,invalid,rule_B_only,53,NORMAL,,0,0,0,0,0,18.0,3.534718550415119,,Tout le monde parce qu'il est la cause de l'évolution,NA,,213,1,29,1,4,18-29
17739,ITA,Italy,invalid,rule_B_only,39,NORMAL,,0,0,0,0,0,22.0,3.2062656928589144,,NA,Non so esprimere una opinione in merito,,213,1,51,1,3,50-59
17747,ITA,Italy,invalid,rule_B_only,39,NORMAL,,0,0,0,0,0,24.0,3.6056410857688657,,"tutti, la scienza ci aiuto ad evolverci",NA,,213,1,43,1,3,40-49
17785,ITA,Italy,invalid,rule_B_only,74,NORMAL,,0,0,0,0,0,18.0,3.3988882199162975,-0.4472135954999579,In realtà penso che tutti abbiamo un certo vantaggio per le scoperte fatte,NA,,213,1,20,0,4,18-29
17802,ITA,Italy,invalid,rule_B_only,220,NORMAL,,0,0,0,0,0,28.0,5.338798543162187,0.7905694150420948,NA,"La competenza, che deve comprendere non soltanto il suo specifico campo di lavoro, ma anche la metodologia della ricerca e l'epistemologia. Inoltre deve essere onesto, libero e del tutto esente da conflitti di interesse.",,213,1,44,0,4,40-49
17893,DEU,Germany,invalid,rule_B_only,18,NORMAL,,0,0,0,0,0,18.0,3.1012511562226326,,NA,Seriöse Recherche.,,213,1,70,1,3,60+
17943,ITA,Italy,invalid,rule_B_only,65,NORMAL,,0,0,0,0,0,19.0,5.1020220038451916,,NA,la capacità di esprimere con sincerità i veri obiettivi raggiunti,,213,1,75,1,3,60+
17952,DEU,Germany,invalid,rule_B_only,11,NORMAL,,0,0,0,0,0,18.0,6.802386504133831,,Bevölkerung ,NA,,213,1,79,1,4,60+
17965,ITA,Italy,invalid,rule_B_only,37,NORMAL,,0,0,0,0,0,17.0,4.8897022606821245,-0.42008402520840293,NA,il fatto che studia in modo specifico,,213,1,69,1,3,60+
17985,BEL,Belgium,invalid,rule_B_only,10,NORMAL,,0,0,0,0,0,19.0,4.423461433269127,0.31622776601683794,Medici enz,NA,,213,1,64,0,3,60+
18008,ITA,Italy,invalid,rule_B_only,313,NORMAL,,0,0,0,0,0,18.0,4.9466601147145655,0.7071067811865476,Le scoperte scientifiche servono a tutti.Ovvio che se per realizzarle servono le industrie ne trarranno benefici dal punto di vista economico ma anche le persone che avranno a disposizioni queste novità che migliorano la vita.Pensiamo ad esempio gli occhiali. Novità antica che ormai è usata sempre da più persone,NA,,213,1,63,1,3,60+
18068,BEL,Belgium,invalid,rule_B_only,14,NORMAL,,0,0,0,0,0,20.0,7.471871185508456,,NA,Ses recherches ,,213,1,40,0,4,40-49
18105,DEU,Germany,invalid,rule_B_only,193,NORMAL,,0,0,0,0,0,18.0,5.2439993957899285,,"Von der Wissenschaft profitiert im Allgemeinen die gesamte Menschheit, die Tier- und Pflanzenwelt, sowie Industrie, Technologie, die Erde und der Kosmos gleichermaßen! Alle partizipieren daran!",NA,,213,1,49,1,3,40-49
18133,DEU,Germany,invalid,rule_B_only,24,NORMAL,,0,0,0,0,0,18.0,5.20959579760537,,NA,Ehrliche Antworten geben,,213,1,64,1,3,60+
18136,BEL,Belgium,invalid,rule_B_only,51,NORMAL,,0,0,0,0,0,17.0,5.353713362128725,-0.4629100498862757,NA,quand ce qu'il déclare est confirmé par des preuves ,,213,1,67,0,3,60+
18146,BEL,Belgium,invalid,rule_B_only,34,NORMAL,,0,0,0,0,0,20.0,3.016846472718116,,iedereen kan er voordeel uit halen,NA,,213,1,37,1,4,30-39
18216,BEL,Belgium,invalid,rule_B_only,66,NORMAL,,0,0,0,0,0,19.0,7.828144107932606,,de zieke mensen hoe recherche hoe beter de wetenschap voor de mens,NA,,213,1,22,1,3,18-29
18220,ITA,Italy,invalid,rule_B_only,22,NORMAL,,0,0,0,0,0,26.0,2.3131747443345843,,Le persone in generale,NA,,213,1,62,0,3,60+
18240,DEU,Germany,invalid,rule_B_only,33,NORMAL,,0,0,0,0,0,27.0,2.464953309290171,,Testzentrum - durch Corona-Test‘s,NA,,213,1,46,0,3,40-49
18242,DEU,Germany,invalid,rule_B_only,57,NORMAL,,0,0,0,0,0,18.0,4.030366706860769,,NA,"Seriöse und fundierte Ergebnisse, verständliche Aussagen.",,213,1,60,0,3,60+
18275,BEL,Belgium,invalid,rule_B_only,19,NORMAL,,0,0,0,0,0,21.0,3.7517995253733227,0.4472135954999579,De medische sector. ,NA,,213,1,41,0,3,40-49
18335,ITA,Italy,invalid,rule_B_only,11,NORMAL,,0,0,0,0,0,22.0,3.2243661338887524,,NA,La serietà.,,213,1,66,0,3,60+
18343,ITA,Italy,invalid,rule_B_only,27,NORMAL,,0,0,0,0,0,17.0,5.164102537866916,0.7071067811865476,L'umanità nel suo complesso,NA,,213,1,27,1,4,18-29
18369,ITA,Italy,invalid,rule_B_only,21,NORMAL,,0,0,0,0,0,19.0,6.130763231247275,,NA,Quando dice la verità,,213,1,49,1,3,40-49
18379,DEU,Germany,invalid,rule_B_only,62,NORMAL,,0,0,0,0,0,23.0,5.540502307640656,0.6078306738548308,Selbsrverstandlich die normalen Menschen sind Davon betriffen.,NA,,213,1,40,1,3,40-49
18393,BEL,Belgium,invalid,rule_B_only,9,NORMAL,,0,0,0,0,0,21.0,2.8884020617913775,,NA,weet niet,,213,1,62,0,2,60+
18450,ITA,Italy,invalid,rule_B_only,377,NORMAL,,0,0,0,0,0,19.0,5.127475369583952,-0.3872983346207417,"secondo me tutti abbiamo tratto benefici dalla scienza e dalle scoperte scientifiche. Ci sono pro e contro nel senso che alcune persone, a scopi di solo lucro, ne hanno fatto cattivo uso. Di per se la scienza e relative scoperte sono molto importanti per tutti noi, a livello di beneficio medico, ricerca sull'universo e tutto ciò che comporta la crescita cognitiva delle speci",NA,,213,1,71,0,4,60+
18472,ITA,Italy,invalid,rule_B_only,37,NORMAL,,0,0,0,0,0,20.0,4.552607728636903,,Apre nuovi orizzonti e nuove scoperte,NA,,213,1,32,1,4,30-39
18474,BEL,Belgium,invalid,rule_B_only,59,NORMAL,,0,0,0,0,0,18.0,4.927826641863001,,De maatschappij omdat wetenschap kan leiden tot vooruitgang,NA,,213,1,32,1,4,30-39
18497,BEL,Belgium,invalid,rule_B_only,12,NORMAL,,0,0,0,0,0,22.0,4.43501144248571,0.0,Wij als mens,NA,,213,1,26,1,3,18-29
18502,DEU,Germany,invalid,rule_B_only,130,NORMAL,,0,0,0,0,0,20.0,3.278113000816286,0.4472135954999579,"Alle
Letztendlich profitieren alle irgendwann von der Wissenschaft.
— z.B. Gesundheitswesen, Mobiltelefon und vieles andere mehr ",NA,,213,1,67,1,3,60+
18532,ITA,Italy,invalid,rule_B_only,38,NORMAL,,0,0,0,0,0,19.0,4.733731891871399,-0.5773502691896257,NA,che si ponga domande e cerchi risposte,,213,1,58,1,3,50-59
18564,BEL,Belgium,invalid,rule_B_only,71,NORMAL,,0,0,0,0,0,19.0,3.939185858030415,0.0,Celles et ceux qui s'y intéressent et la pratiquent dans leur quotidien,NA,,213,1,69,0,4,60+
18624,DEU,Germany,invalid,rule_B_only,9,NORMAL,,0,0,0,0,0,26.0,2.968946547135555,,NA,expertise,,213,1,42,0,4,40-49
18632,BEL,Belgium,invalid,rule_B_only,38,NORMAL,,0,0,0,0,0,19.0,3.9950928370805956,-0.6324555320336759,NA,"onafhankelijkheid
aantal experimenten


",,213,1,26,1,3,18-29
18644,DEU,Germany,invalid,rule_B_only,9,NORMAL,,0,0,0,0,0,24.0,3.8628133180717272,,NA,gut frage,,213,1,25,1,3,18-29
18646,DEU,Germany,invalid,rule_B_only,27,NORMAL,,0,0,0,0,0,17.0,3.588548845476002,-0.25,Alle interessierten Bürger.,NA,,213,1,58,1,4,50-59
18684,BEL,Belgium,invalid,rule_B_only,9,NORMAL,,0,0,0,0,0,25.0,3.1570036242320807,1.0,NA,geen idee,,213,1,74,0,3,60+
18743,BEL,Belgium,invalid,rule_B_only,49,NORMAL,,0,0,0,0,0,17.0,3.9211008790086925,,De mensheid. Via wetenschap gaat de mens vooruit. ,NA,,213,1,36,1,4,30-39
18752,DEU,Germany,invalid,rule_B_only,51,NORMAL,,0,0,0,0,0,29.0,2.1247630098438766,,die wissenschaftler sie bekommen dafür subventionen,NA,,213,1,40,1,3,40-49
18757,DEU,Germany,invalid,rule_B_only,50,NORMAL,,0,0,0,0,0,31.0,2.368521258421009,,NA,"sachkenntnis, vermeintl. gesunder menschenverstand",,213,1,55,1,3,50-59
18765,BEL,Belgium,invalid,rule_B_only,69,NORMAL,,0,0,0,0,0,25.0,3.2881261906717962,,NA,Qu’il ou elle fasse agir concrètement pour les avancées scientifiques ,,213,1,43,1,3,40-49
18774,DEU,Germany,invalid,rule_B_only,24,NORMAL,,0,0,0,0,0,24.0,3.08148237835444,,NA,wissenschaft ist wichtig,,213,1,18,1,3,18-29
18787,ITA,Italy,invalid,rule_B_only,10,MEDIUM,longstring_exceed,1,0,1,0,0,36.0,7.018695460543199,,Statistica,NA,,213,1,30,1,4,30-39
18792,BEL,Belgium,invalid,rule_B_only,11,NORMAL,,0,0,0,0,0,22.0,2.915382914349069,,Je sais pas ,NA,,213,1,26,0,3,18-29
18828,ITA,Italy,invalid,rule_B_only,43,NORMAL,,0,0,0,0,0,19.0,4.082334933449883,,"tutti, perchè la scienza è molto importante",NA,,213,1,56,0,3,50-59
18876,BEL,Belgium,invalid,rule_B_only,41,NORMAL,,0,0,0,0,0,17.0,4.8761695654253785,0.8557169633109855,NA,valideerbare resultaten kunnen voorleggen,,213,1,45,1,4,40-49
18892,DEU,Germany,invalid,rule_B_only,42,NORMAL,,0,0,0,0,0,19.0,3.753122008148087,,NA,Die Dinge sachlich und richtig zu erklären,,213,1,61,1,3,60+
18922,DEU,Germany,invalid,rule_B_only,177,NORMAL,,0,0,0,0,0,17.0,5.706800274912692,,"Science has make life to be easy and enjoyable, it has improved human in all area of life, by making life worth living, without science life won't be enjoyable. Science is life.",NA,,213,1,33,1,4,30-39
18925,BEL,Belgium,invalid,rule_B_only,36,NORMAL,,0,0,0,0,0,19.0,3.167162269428742,,NA,Suivant ses études et ses recherches ,,213,1,62,2,3,60+
18960,ITA,Italy,invalid,rule_B_only,30,NORMAL,,0,0,0,0,0,22.0,5.833580004408161,,NA,"affidabile, scrupoloso, chiaro",,213,1,57,1,4,50-59
18976,DEU,Germany,invalid,rule_B_only,14,NORMAL,,0,0,0,0,0,19.0,3.1688999314971276,,Die menschheit,NA,,213,1,28,0,4,18-29
18985,ITA,Italy,invalid,rule_B_only,9,NORMAL,,0,0,0,0,0,22.0,4.12793669594422,0.0,NA,dedizione,,213,1,44,1,3,40-49
19069,BEL,Belgium,invalid,rule_B_only,9,NORMAL,,0,0,0,0,0,19.0,3.190252089578392,,NA,Intégrité ,,213,1,53,0,4,50-59
19103,DEU,Germany,invalid,rule_B_only,6,NORMAL,,0,0,0,0,0,31.0,4.74787179745314,,NA,Wissen,,213,1,36,0,3,30-39
19108,DEU,Germany,invalid,rule_B_only,12,NORMAL,,0,0,0,0,0,21.0,3.388489951240308,-0.31622776601683794,Keine Angabe,NA,,213,1,24,1,4,18-29
19121,ITA,Italy,invalid,rule_B_only,8,HIGH,longstring_exceed;mahalanobis_outlier,2,0,1,1,0,45.0,10.392098867975335,0.606128125356204,NA,òkljlklk,,213,1,35,1,3,30-39
19130,DEU,Germany,invalid,rule_B_only,13,NORMAL,,0,0,0,0,0,29.0,4.85259878825383,,NA,Sein wisssen.,,213,1,55,1,4,50-59
19140,DEU,Germany,invalid,rule_B_only,52,NORMAL,,0,0,0,0,0,19.0,4.316906451949362,,jeder profitiert gleichermaßen von der wissenschaft.,NA,,213,1,67,0,3,60+
19212,BEL,Belgium,invalid,rule_B_only,56,NORMAL,,0,0,0,0,0,18.0,2.492167409493165,,Wetenschap kan het dagelijkse leven gemakkelijker maken.,NA,,213,1,53,0,4,50-59
19213,BEL,Belgium,invalid,rule_B_only,70,NORMAL,,0,0,0,0,0,25.0,3.1428912044084933,,"La science est  bénéficiaire pour l homme pour le progrès, la médecine ",NA,,213,1,46,0,4,40-49
19260,BEL,Belgium,invalid,rule_B_only,8,MEDIUM,longstring_exceed,1,0,1,0,0,35.0,2.1077513815823847,,Iedereen ,NA,,213,1,51,1,3,50-59
19270,ITA,Italy,invalid,rule_B_only,9,NORMAL,,0,0,0,0,0,20.0,2.2019956410721284,,NA,sincerità,,213,1,54,0,4,50-59
19315,BEL,Belgium,invalid,rule_B_only,56,NORMAL,,0,0,0,0,0,17.0,6.9879355483808325,0.5,Les firmes qui vendent des appareils médicaux et autres.,NA,,213,1,77,0,2,60+
19368,BEL,Belgium,invalid,rule_B_only,18,NORMAL,,0,0,0,0,0,22.0,4.3254719592028765,,NA,een goed onderzoek,,213,1,37,0,4,30-39
19385,DEU,Germany,invalid,rule_B_only,409,NORMAL,,0,0,0,0,0,17.0,4.409789044550551,-0.4472135954999579,"Von der Wissenschaft profitieren in erster Linie Unternehmen die Wissenschaftler beschäftigen, aber auch die Politik,und allgemeine Forschung wie beispielsweise die Erforschung der Tiefsee und des Universums sind wichtig für unsere Zukunft und die Erkenntnisse darüber. Was gerade in den letzten Jahren an Erkenntnissen in der Weltraumforschung stattgefunden hat ist schon massgeblich für viele Veränderungen.",NA,,213,1,69,1,4,60+
19432,BEL,Belgium,invalid,rule_B_only,113,NORMAL,,0,0,0,0,0,21.0,3.810313877704007,0.6123724356957946,NA,Kritische denker. Iemand die enkel betrouwbare bronnen raadpleegt en in acht neemt bij het vormen van een mening.,,213,1,37,0,4,30-39
19448,BEL,Belgium,invalid,rule_B_only,8,NORMAL,,0,0,0,0,0,19.0,2.067516557431217,,iedereen,NA,,213,1,66,0,4,60+
19502,BEL,Belgium,invalid,rule_B_only,43,NORMAL,,0,0,0,0,0,17.0,3.5455855910853065,,Mensen die lijden aan zeldzame aandoeningen,NA,,213,1,50,0,4,50-59
19503,BEL,Belgium,invalid,rule_B_only,7,NORMAL,,0,0,0,0,0,24.0,3.615545651677894,0.29277002188455997,De mens,NA,,213,1,30,1,4,30-39
19544,BEL,Belgium,invalid,rule_B_only,65,NORMAL,,0,0,0,0,0,20.0,3.223421431867584,,NA,Dat hij toch kennis geeft van objectieve doelen van het onderzoek,,213,1,44,0,4,40-49
19545,ITA,Italy,invalid,rule_B_only,80,NORMAL,,0,0,0,0,0,20.0,4.190084482570588,0.0,NA,avendo studi scientifici alle spalle lo ritengo degno di fiducia a a prescindere,,213,1,55,1,3,50-59
19565,BEL,Belgium,invalid,rule_B_only,20,NORMAL,,0,0,0,0,0,17.0,7.193473280299499,0.42640143271122083,NA,L’ouverture d’esprit ,,213,1,25,0,3,18-29
19572,DEU,Germany,invalid,rule_B_only,122,NORMAL,,0,0,0,0,0,17.0,4.661059582236401,0.7745966692414834,NA,"Beide forschen mit Hingabe für das Wohl der Erde mit all ihren Bewohnern.
Sie sind ausdauernd und manchmal etwas verrückt",,213,1,65,0,4,60+
19616,ITA,Italy,invalid,rule_B_only,29,NORMAL,,0,0,0,0,0,17.0,4.112217933055447,0.0,Tutti noi possiamo servircene,NA,,213,1,48,0,4,40-49
19664,BEL,Belgium,invalid,rule_B_only,11,NORMAL,,0,0,0,0,0,19.0,5.021331980262618,,NA,Aucune idée ,,213,1,51,0,3,50-59
19680,BEL,Belgium,invalid,rule_B_only,33,NORMAL,,0,0,0,0,0,22.0,3.341385783996711,0.6324555320336759,geen idee interessert me ook niet,NA,,213,1,46,0,3,40-49
19694,BEL,Belgium,invalid,rule_B_only,9,MEDIUM,longstring_exceed,1,0,1,0,0,57.0,2.3277428215248657,,geen idee,NA,,213,1,45,1,3,40-49
19696,ITA,Italy,invalid,rule_B_only,25,NORMAL,,0,0,0,0,0,22.0,3.692515979288746,,NA,"le prove dei sui progetti
",,213,1,34,1,3,30-39
19727,DEU,Germany,invalid,rule_B_only,55,NORMAL,,0,0,0,0,0,26.0,2.7357650237133746,,"Wir alle, denn so entwickelt sich die Menschheit weiter",NA,,213,1,37,0,4,30-39
19758,ITA,Italy,invalid,rule_B_only,68,NORMAL,,0,0,0,0,0,18.0,5.481200090935031,0.4117647058823529,Certe volte quello che si legge è vero ma a volte mi sembra fantasia,NA,,213,1,55,0,3,50-59
19788,BEL,Belgium,invalid,rule_B_only,8,MEDIUM,longstring_exceed,1,0,1,0,0,41.0,5.553293552319533,1.0,Iedereen ,NA,,213,1,55,1,3,50-59
19847,ITA,Italy,invalid,rule_B_only,28,NORMAL,,0,0,0,0,0,20.0,5.728151884678809,,Tutti donne uomini e bambini,NA,,213,1,53,1,3,50-59
19858,BEL,Belgium,invalid,rule_B_only,8,NORMAL,,0,0,0,0,0,26.0,2.9024902859581934,0.6324555320336759,iedereen,NA,,213,1,30,0,4,30-39
19882,BEL,Belgium,invalid,rule_B_only,18,NORMAL,,0,0,0,0,0,18.0,3.9513350192250116,1.0,NA,Professioneel zijn,,213,1,35,1,3,30-39
19892,BEL,Belgium,invalid,rule_B_only,217,NORMAL,,0,0,0,0,0,22.0,3.137104735461985,0.7071067811865476,Iedereen . Kan nieuwe dingen uitvinden tegen bepaalde ziektes of aandoeningen . Ook dingen uit het verleden ontdekken . En voor misschien een betere toekomst zorgen . Zijn ook dingen die voor mij niet nodig zijn bij .,NA,,213,1,40,1,3,40-49
19902,BEL,Belgium,invalid,rule_B_only,126,NORMAL,,0,0,0,0,0,26.0,2.7188099067602276,,Omdat we dan vooruit en voorbereid zijn op wat er op ons zou kunnen afkomen in de toekomt. Wat er gebeurd is ee meer uit halen,NA,,213,1,34,2,3,30-39
19934,BEL,Belgium,invalid,rule_B_only,16,NORMAL,,0,0,0,0,0,17.0,4.574870314799818,0.8401680504168059,de hogere klasse,NA,,213,1,57,1,3,50-59
19938,BEL,Belgium,invalid,rule_B_only,66,NORMAL,,0,0,0,0,0,20.0,6.312556579974807,,NA,"Intelligente argumenten, bewijzen, overtuigingskracht, onderzoeken ",,213,1,52,0,4,50-59
19941,BEL,Belgium,invalid,rule_B_only,15,MEDIUM,longstring_exceed,1,0,1,0,0,57.0,2.3277428215248657,,NA,geen enkel idee,,213,1,54,1,4,50-59
19952,BEL,Belgium,invalid,rule_B_only,11,NORMAL,,0,0,0,0,0,18.0,7.0570152653847575,,de politici,NA,,213,1,51,0,4,50-59
19977,BEL,Belgium,invalid,rule_B_only,9,MEDIUM,longstring_exceed,1,0,1,0,0,57.0,2.3277428215248657,,NA,geen idee,,213,1,43,1,3,40-49
19984,BEL,Belgium,invalid,rule_B_only,9,NORMAL,,0,0,0,0,0,28.0,3.2384038109757807,,NA,weet niet,,213,1,47,1,3,40-49
20084,DEU,Germany,invalid,rule_B_only,49,NORMAL,,0,0,0,0,0,17.0,3.2608422968198103,,NA,"Man merkt, dass derjenige weiß von was er spricht",,213,1,34,0,3,30-39
20104,DEU,Germany,invalid,rule_B_only,51,NORMAL,,0,0,0,0,0,22.0,3.4637264139078647,0.25,NA,Bildung. Kompetenz. Wissenschaftliche Beweisführung ,,213,1,56,0,3,50-59
20124,ITA,Italy,invalid,rule_B_only,10,NORMAL,,0,0,0,0,0,22.0,2.609756831266366,,montalcini,NA,,213,1,36,0,4,30-39
20270,BEL,Belgium,invalid,rule_B_only,78,NORMAL,,0,0,0,0,0,17.0,3.8072922017239437,,NA,wanneer zijn bevindingen kunnen gestaafd worden met concrete cijfers/materiaal,,213,1,51,1,4,50-59
20272,ITA,Italy,invalid,rule_B_only,133,NORMAL,,0,0,0,0,0,20.0,2.4374734929075723,,Solamente quando la ricerca scientifica ha la capacità di migliorare la vita e la salute degli uomini apporta benefici nella società.,NA,,213,1,37,0,3,30-39
20280,DEU,Germany,invalid,rule_B_only,11,NORMAL,,0,0,0,0,0,18.0,6.234470881563276,,NA,weiss nicht,,213,1,74,0,4,60+
20294,DEU,Germany,invalid,rule_B_only,13,NORMAL,,0,0,0,0,0,20.0,4.902047287044676,0.8574929257125441,Die Regierung ,NA,,213,1,46,1,3,40-49
20304,DEU,Germany,invalid,rule_B_only,54,NORMAL,,0,0,0,0,0,22.0,3.4446914384806275,,NA,Dass sie ihre Thesen wissenschaftlich beweisen können.,,213,1,18,1,3,18-29
20332,ITA,Italy,invalid,rule_B_only,24,NORMAL,,0,0,0,0,0,17.0,7.8045925068290005,0.3779644730092272,NA,La formazione scolastica,,213,1,51,0,3,50-59
20339,DEU,Germany,invalid,rule_B_only,13,NORMAL,,0,0,0,0,0,24.0,1.9839711293765603,,NA,Keine Angaben ,,213,1,45,1,3,40-49
20499,DEU,Germany,invalid,rule_B_only,18,NORMAL,,0,0,0,0,0,19.0,2.862633563926487,,NA,untersuchen sachen,,213,1,69,1,3,60+
20561,NLD,Netherlands,invalid,rule_B_only,12,NORMAL,,0,0,0,0,0,21.0,4.014932858492472,,weet ik niet,NA,,213,1,43,1,4,40-49
20584,BEL,Belgium,invalid,rule_B_only,49,NORMAL,,0,0,0,0,0,17.0,2.5064802160535313,,NA,"Sa carrière, ses travaux et les résultats publiès",,213,1,71,1,3,60+
20604,ITA,Italy,invalid,rule_B_only,105,NORMAL,,0,0,0,0,0,18.0,3.0404292089941425,,"Penso che tutti traiamo benefici dalla scienza perché è un bene comune scoprire nuove cose, andare avanti",NA,,213,1,34,0,3,30-39
20610,ESP,Spain,invalid,rule_B_only,99,NORMAL,,0,0,0,0,0,17.0,6.026524817435927,,"Toda la humanidad
El mundo está hecho para vivir y gracias a la ciencia la calidad de vida aumenta",NA,,213,1,29,0,4,18-29
20671,NLD,Netherlands,invalid,rule_B_only,11,NORMAL,,0,0,0,0,0,22.0,4.030413581144438,-0.3333333333333333,NA,Eerlijkheid,,213,1,48,0,3,40-49
20685,BEL,Belgium,invalid,rule_B_only,67,NORMAL,,0,0,0,0,0,20.0,3.1474109734790563,,NA,"Ses publications scientifiques
Son parcours académique
Ses titres",,213,1,39,1,4,30-39
20751,ESP,Spain,invalid,rule_B_only,52,NORMAL,,0,0,0,0,0,18.0,4.5830094738029405,-0.4472135954999579,todo el mundo ya k sin ellos no habrian muchas cosas,NA,,213,1,42,1,3,40-49
20762,ESP,Spain,invalid,rule_B_only,127,NORMAL,,0,0,0,0,0,17.0,5.628727485403673,0.4,"La humanidad al completo se beneficia de la ciencia. Sin ella, el mundo sería muy diferente, y probablemente peor de lo que es.",NA,,213,1,49,1,4,40-49
20796,BEL,Belgium,invalid,rule_B_only,9,NORMAL,,0,0,0,0,0,28.0,3.277637634075933,0.31622776601683794,NA,Geen idee,,213,1,39,0,3,30-39
20853,BEL,Belgium,invalid,rule_B_only,37,NORMAL,,0,0,0,0,0,18.0,3.1997999649862123,,NA,Fiabilité des résultats et des études,,213,1,51,1,4,50-59
20925,BEL,Belgium,invalid,rule_B_only,11,MEDIUM,longstring_exceed,1,0,1,0,0,37.0,7.471871185508456,,Aucune idee ,NA,,213,1,49,0,2,40-49
20982,BEL,Belgium,invalid,rule_B_only,11,MEDIUM,longstring_exceed,1,0,1,0,0,57.0,2.4622545703801175,,NA,aucune idee,,213,1,48,1,3,40-49
20997,ESP,Spain,invalid,rule_B_only,79,NORMAL,,0,0,0,0,0,17.0,3.9896306230992202,,NA,que de explicaciones claras para todos los públicos con los avances conseguidos,,213,1,45,0,3,40-49
21004,BEL,Belgium,invalid,rule_B_only,34,NORMAL,,0,0,0,0,0,26.0,2.2375393718707786,,NA,Quand il parle avec des mots clair ,,213,1,36,0,3,30-39
21020,BEL,Belgium,invalid,rule_B_only,60,NORMAL,,0,0,0,0,0,25.0,2.821285397495574,,NA,Studies die zijn uitgevoerd en daar de conclusies over weten ,,213,1,40,0,3,40-49
21058,BEL,Belgium,invalid,rule_B_only,440,NORMAL,,0,0,0,0,0,21.0,3.208525874096051,,NA,"Qu'il ne soit jamais sûr à 100 pourcent
Qu'il admette que les scientifiques se trompent et c'est ce qui fait avancer la science. Qu'il ne démolisse pas la travail des autres pour se faire valoir. Qu'il ne fasse pas de généralité et de raccourcis faciles. Qu'il ne dénigre pas ceux qui pensent différemment. Qu'il ne considère pas que le petit peuple sans diplôme identique n'est pas capable de comprendre ce qu'il dit. Qu'il soit cohérent. ",,213,1,46,0,3,40-49
21059,ESP,Spain,invalid,rule_B_only,80,NORMAL,,0,0,0,0,0,21.0,5.705692788923138,-0.7592566023652966,NA,que sus estudios sean avalados por alguna institucion de prestigio o universidad,,213,1,48,1,4,40-49
21075,BEL,Belgium,invalid,rule_B_only,17,NORMAL,,0,0,0,0,0,20.0,2.8487598106647103,,NA,Ses connaissances ,,213,1,34,0,4,30-39
21085,ESP,Spain,invalid,rule_B_only,179,NORMAL,,0,0,0,0,0,20.0,3.2652318339643838,0.6324555320336759,El avance científico debe repercutir en todas la humanidad. Hay condicionantes para que el desarrollo y aplicación de esos avances se implementen antes en unos países que en otros,NA,,213,1,58,0,4,50-59
21086,NLD,Netherlands,invalid,rule_B_only,63,NORMAL,,0,0,0,0,0,24.0,5.965743262180556,0.16609095970747995,NA,Als een wetenschapper met bewijzen komt van zijn/haar theorieen,,213,1,53,0,2,50-59
21097,BEL,Belgium,invalid,rule_B_only,12,NORMAL,,0,0,0,0,0,18.0,5.451350625182124,,NA,Sa notoriété ,,213,1,43,0,3,40-49
21140,NLD,Netherlands,invalid,rule_B_only,12,MEDIUM,longstring_exceed,1,0,1,0,0,57.0,2.1638709933787044,,weet ik niet,NA,,213,1,26,0,4,18-29
21155,NLD,Netherlands,invalid,rule_B_only,35,NORMAL,,0,0,0,0,0,19.0,3.213801935371664,0.31622776601683794,NA,Als hij bewezen de waarheid vertelt ,,213,1,56,0,4,50-59
21172,ESP,Spain,invalid,rule_B_only,182,NORMAL,,0,0,0,0,0,19.0,3.787067951035817,,"Las personas con enfermedades raras y cancer, gracias a la ciencia ven mejorada su calidad de vida, nuevos tratamientos que hacen las vida menos dificil a las personas que las sufren",NA,,213,1,35,1,3,30-39
21183,ESP,Spain,invalid,rule_B_only,30,NORMAL,,0,0,0,0,0,20.0,3.332233573517871,,NA,Que este probado lo que cuenta,,213,1,40,0,4,40-49
21187,ESP,Spain,invalid,rule_B_only,8,NORMAL,,0,0,0,0,0,26.0,2.5462654804771554,,No lo se,NA,,213,1,37,0,3,30-39
21247,ESP,Spain,invalid,rule_B_only,10,NORMAL,,0,0,0,0,0,20.0,3.352439518522904,,NA,su trabajo,,213,1,52,1,3,50-59
21294,NLD,Netherlands,invalid,rule_B_only,21,NORMAL,,0,0,0,0,0,22.0,4.817332216377791,-0.6324555320336759,NA,heeft er verstand van,,213,1,43,1,3,40-49
21299,ESP,Spain,invalid,rule_B_only,80,NORMAL,,0,0,0,0,0,28.0,7.958103093174723,0.13130643285972254,NA,Bueno dar solución a problemas a través de la investigación y la experimentación ,,213,1,59,0,4,50-59
21353,BEL,Belgium,invalid,rule_B_only,8,NORMAL,,0,0,0,0,0,29.0,5.726853904508921,,Hhjjghnj,NA,,213,1,22,NA,4,18-29
21372,ESP,Spain,invalid,rule_B_only,10,NORMAL,,0,0,0,0,0,26.0,4.485529327589033,,NA,Fiabilidad ,,213,1,61,0,3,60+
21416,NLD,Netherlands,invalid,rule_B_only,56,NORMAL,,0,0,0,0,0,20.0,4.100199781539454,,NA,feiten die aangetoond kunnen worden met bewijs materiaal,,213,1,44,1,4,40-49
21420,ESP,Spain,invalid,rule_B_only,54,NORMAL,,0,0,0,0,0,19.0,4.6379291606774595,,NA,Todos los estudios y avances a lo largo de la historia ,,213,1,52,1,3,50-59
21425,ESP,Spain,invalid,rule_B_only,8,NORMAL,,0,0,0,0,0,20.0,3.741280426970118,,NA,no lo se,,213,1,46,0,4,40-49
21444,BEL,Belgium,invalid,rule_B_only,36,NORMAL,,0,0,0,0,0,18.0,6.155859301253207,,Everyone because no one is left out. ,NA,,213,1,34,1,4,30-39
21454,ESP,Spain,invalid,rule_B_only,13,NORMAL,,0,0,0,0,0,19.0,3.4441056074292637,,La ciudadanía ,NA,,213,1,56,1,3,50-59
21480,NLD,Netherlands,invalid,rule_B_only,9,NORMAL,,0,0,0,0,0,17.0,3.7942550030633435,0.21821789023599236,NA,geen idee,,213,1,30,1,4,30-39
21481,ESP,Spain,invalid,rule_B_only,50,NORMAL,,0,0,0,0,0,19.0,5.050330284242216,,El que obtiene resultados de lo que ha investigado,NA,,213,1,22,0,3,18-29
21484,NLD,Netherlands,invalid,rule_B_only,99,NORMAL,,0,0,0,0,0,17.0,2.325696027184456,0.6324555320336759,NA,"Dat een wetenschapper zonder vooroordelen een onderzoek uitvoert aan de hand van duidelijke kaders. 
",,213,1,55,1,3,50-59
21495,NLD,Netherlands,invalid,rule_B_only,14,NORMAL,,0,0,0,0,0,20.0,2.934221392639818,1.0,NA,Feiten checken,,213,1,67,0,3,60+
21499,ESP,Spain,invalid,rule_B_only,35,NORMAL,,0,0,0,0,0,19.0,5.826088641261069,0.6565321642986127,Porque son mejoras para la sociedad,NA,,213,1,51,0,3,50-59
21503,ESP,Spain,invalid,rule_B_only,54,NORMAL,,0,0,0,0,0,18.0,5.439548811145968,,NA,"Esta totalmente basada en hechos razonados y estudiado
",,213,1,42,1,4,40-49
21513,BEL,Belgium,invalid,rule_B_only,86,NORMAL,,0,0,0,0,0,28.0,3.3681627309644724,,Tout le monde étant donné que la science est dans tous les domaines de près ou de loin,NA,,213,1,24,0,4,18-29
21618,ESP,Spain,invalid,rule_B_only,8,MEDIUM,longstring_exceed,1,0,1,0,0,45.0,8.686393508711348,,No lo sé ,NA,,213,1,23,0,3,18-29
21621,ESP,Spain,invalid,rule_B_only,7,NORMAL,,0,0,0,0,0,18.0,4.448689297440191,,Ni idea,NA,,213,1,46,1,3,40-49
21650,BEL,Belgium,invalid,rule_B_only,50,NORMAL,,0,0,0,0,0,19.0,4.036383683628872,1.0,NA,Lorsque ses études se basent sur des cas concrets. ,,213,1,30,0,3,30-39
21655,NLD,Netherlands,invalid,rule_B_only,46,NORMAL,,0,0,0,0,0,20.0,3.863483487706667,0.0,Die er voor geleerd hebben en regeringsleiders ,NA,,213,1,65,0,3,60+
21658,NLD,Netherlands,invalid,rule_B_only,6,NORMAL,,0,0,0,0,0,31.0,7.934804349688253,1.0,NA,Testen,,213,1,39,0,3,30-39
21666,ESP,Spain,invalid,rule_B_only,125,NORMAL,,0,0,0,0,0,17.0,5.546397153360694,-0.5940885257860046,"Los científicos, ya que son los que descubren las cosas, aunque en mi opinión puede ser que se beneficien más lo de alrededor ",NA,,213,1,49,0,3,40-49
21685,ESP,Spain,invalid,rule_B_only,36,NORMAL,,0,0,0,0,0,17.0,3.22154635986824,,NA,El poder cotejar sus investigaciones ,,213,1,51,1,3,50-59
21717,ESP,Spain,invalid,rule_B_only,15,NORMAL,,0,0,0,0,0,21.0,5.1530071839110025,0.242535625036333,NA,Profesionalidad,,213,1,54,1,3,50-59
21724,ESP,Spain,invalid,rule_B_only,8,NORMAL,,0,0,0,0,0,23.0,2.9484844862077533,,NA,No lo sé ,,213,1,35,0,3,30-39
21726,NLD,Netherlands,invalid,rule_B_only,107,NORMAL,,0,0,0,0,0,28.0,5.260401507159249,0.0,de geleerden en de wetenschappers hebben het meeste voordeel bij de wetenschap omdat zij er mee bekend zijn,NA,,213,1,74,0,3,60+
21735,BEL,Belgium,invalid,rule_B_only,26,NORMAL,,0,0,0,0,0,17.0,5.788698251046862,0.42008402520840293,"Les scientifiques,  normal",NA,,213,1,46,0,4,40-49
21739,DEU,Germany,invalid,rule_B_only,143,NORMAL,,0,0,0,0,0,18.0,3.019769781906757,,NA,Wenn sie fundierte Quellen hat die ihr wissen belegen. Und sie nicht krampfhaft versuchen einen zu überzeugen und auch andere Meinungen anhören ,,213,1,37,0,4,30-39
21785,ESP,Spain,invalid,rule_B_only,32,NORMAL,,0,0,0,0,0,19.0,3.871793533734485,,NA,Su experiencia en investigación.,,213,1,50,1,3,50-59
21807,NLD,Netherlands,invalid,rule_B_only,9,NORMAL,,0,0,0,0,0,19.0,3.943836094187204,,geen idee,NA,,213,1,52,1,3,50-59
21832,ESP,Spain,invalid,rule_B_only,8,NORMAL,,0,0,0,0,0,26.0,2.8755850679617074,,NA,No lo se,,213,1,47,1,3,40-49
21852,ESP,Spain,invalid,rule_B_only,31,NORMAL,,0,0,0,0,0,18.0,5.459131139280167,,no me interesa mucho la ciencia ,NA,,213,1,41,1,3,40-49
21876,BEL,Belgium,invalid,rule_B_only,107,NORMAL,,0,0,0,0,0,17.0,6.09253410154888,-0.4472135954999579,"Tout le monde bénéficie de la science surtout les malades et futurs malades, la science fait avancer la vie ",NA,,213,1,58,0,3,50-59
21894,ESP,Spain,invalid,rule_B_only,48,NORMAL,,0,0,0,0,0,27.0,3.1105380606450277,,NA,Que su teoría este abalada por más profesionales,,213,1,46,0,3,40-49
21938,NLD,Netherlands,invalid,rule_B_only,12,NORMAL,,0,0,0,0,0,18.0,6.071123201402949,,NA,Weet ik niet ,,213,1,48,0,3,40-49
21965,DEU,Germany,invalid,rule_B_only,184,NORMAL,,0,0,0,0,0,18.0,5.731187385720954,,"Wissenschaft ist für kontinuierlichen Fortschritt und Entwicklung sehr notwendig, und die Menschen profitieren von der Wissenschaft für das, was wir in allen Bereichen erreichen können",NA,,213,1,28,1,3,18-29
21980,ESP,Spain,invalid,rule_B_only,54,NORMAL,,0,0,0,0,0,19.0,2.683778309724203,,las grandes empresas porque asi mejoran sus beneficios,NA,,213,1,61,1,2,60+
21981,ESP,Spain,invalid,rule_B_only,42,NORMAL,,0,0,0,0,0,29.0,4.350131799358857,,NA,No tengo ni idea. Supongo que sus estudios ,,213,1,33,1,4,30-39
21989,DEU,Germany,invalid,rule_B_only,61,NORMAL,,0,0,0,0,0,18.0,7.870683018815856,,Künftige Generationen werden von der Wissenschaft profitieren,NA,,213,1,23,1,4,18-29
21997,ESP,Spain,invalid,rule_B_only,44,NORMAL,,0,0,0,0,0,18.0,3.9013447567790385,,NA,su conocimiento y su capacidad de investigar,,213,1,55,1,3,50-59
22024,DEU,Germany,invalid,rule_B_only,12,NORMAL,,0,0,0,0,0,18.0,5.588579673852038,,Keine Ahnung ,NA,,213,1,36,1,3,30-39
22029,NLD,Netherlands,invalid,rule_B_only,7,NORMAL,,0,0,0,0,0,20.0,2.408750649338392,,Publiek,NA,,213,1,59,1,3,50-59
22060,CYP,Cyprus,invalid,rule_B_only,57,NORMAL,,0,0,0,0,0,19.0,4.43662304101412,-0.4629100498862757,NA,Η βαθιά γνώση του αντικειμένου του και το αίσθημα ευθύνης,,213,1,24,1,4,18-29
22066,DEU,Germany,invalid,rule_B_only,7,NORMAL,,0,0,0,0,0,19.0,3.0181188905594754,,NA,studien,,213,1,30,0,4,30-39
22120,ESP,Spain,invalid,rule_B_only,52,NORMAL,,0,0,0,0,0,28.0,4.485529327589033,,"Todos nos beneficiamos de la ciencia en medicina,etc",NA,,213,1,59,0,3,50-59
22121,ESP,Spain,invalid,rule_B_only,426,NORMAL,,0,0,0,0,0,17.0,3.59785996749697,,"Todos, ya que gracias a los avances podemos mejorar nuestra  calidad de vida pero tambien hay que tener en cuenta que todo se mueve por dinero y intereses y aquello que no obtenga un beneficio economico no saldra al mercado por muy beneficioso que sea para la poblacion como curas de enfermedades terminales, en vez de tratamientos costosos que no curan... coches de energia renovable infinita en vez de coches con petroleo... ",NA,,213,1,32,0,3,30-39
22170,ESP,Spain,invalid,rule_B_only,39,NORMAL,,0,0,0,0,0,17.0,3.0287573409656052,,los ricos porque se hacen aún más ricos,NA,,213,1,44,1,4,40-49
22216,DEU,Germany,invalid,rule_B_only,33,NORMAL,,0,0,0,0,0,18.0,4.555610411437431,,NA,Wenn er kein Wissenschaftler ist. ,,213,1,37,0,4,30-39
22228,NLD,Netherlands,invalid,rule_B_only,98,NORMAL,,0,0,0,0,0,19.0,5.0956272426595834,0.5423261445466404,iedereen heeft daar baat bij. begint al bij de uitvinding door de wetenschap van elektriciteit etc,NA,,213,1,33,1,4,30-39
22243,DEU,Germany,invalid,rule_B_only,37,NORMAL,,0,0,0,0,0,31.0,2.8535457441697227,,Das kann ich leider nicht beantworten ,NA,,213,1,36,0,3,30-39
22266,BEL,Belgium,invalid,rule_B_only,11,NORMAL,,0,0,0,0,0,26.0,2.3277428215248657,,Ne sais pas,NA,,213,1,47,1,3,40-49
22269,ESP,Spain,invalid,rule_B_only,55,NORMAL,,0,0,0,0,0,19.0,3.844428981754399,0.6324555320336759,los gobiernos porque ellos deciden que se hace con esto,NA,,213,1,55,0,3,50-59
22287,ESP,Spain,invalid,rule_B_only,48,NORMAL,,0,0,0,0,0,20.0,4.31849307792999,,los ricos porque son los primeros en poder pagar,NA,,213,1,47,1,3,40-49
22304,DEU,Germany,invalid,rule_B_only,25,NORMAL,,0,0,0,0,0,17.0,3.298769901040625,0.6324555320336759,NA,Kann ich nicht beurteilen ,,213,1,45,0,3,40-49
22308,FIN,Finland,invalid,rule_B_only,175,NORMAL,,0,0,0,0,0,17.0,8.072566777878697,,NA,"Se, että sillä on lukuisia tutkijoita ja apurahat mahdollistavat monille tutkimisen.
Eläinkokeilla ei ole mitään arvoa ja ne olisi välittömästi kiellettävä eläinrääkkäyksenä.",,213,1,72,0,4,60+
22339,DEU,Germany,invalid,rule_B_only,15,NORMAL,,0,0,0,0,0,29.0,5.45263638824753,,NA,Schwer zu sagen ,,213,1,39,0,3,30-39
22342,ESP,Spain,invalid,rule_B_only,55,NORMAL,,0,0,0,0,0,20.0,3.933879411594417,,NA,"La formación, el equipo de trabajo, estudios publicados",,213,1,46,0,4,40-49
22374,ESP,Spain,invalid,rule_B_only,8,MEDIUM,longstring_exceed,1,0,1,0,0,57.0,2.2019677120142895,,no lo sé,NA,,213,1,62,1,3,60+
22379,DEU,Germany,invalid,rule_B_only,119,NORMAL,,0,0,0,0,0,22.0,6.452559436714668,,NA,"Wissenschaft ist eine sehr gute Sache, sie ist der beste Weg zu einem schönen Leben und einer besseren Zukunft für alle ",,213,1,28,1,4,18-29
22389,NLD,Netherlands,invalid,rule_B_only,43,NORMAL,,0,0,0,0,0,17.0,6.01096738137202,0.6123724356957946,NA,als de wetenschapper eerlijk onderzoek doet,,213,1,55,1,3,50-59
22394,FIN,Finland,invalid,rule_B_only,6,NORMAL,,0,0,0,0,0,19.0,3.2897913721569014,,NA,Näyttö,,213,1,72,0,3,60+
22411,ESP,Spain,invalid,rule_B_only,74,NORMAL,,0,0,0,0,0,19.0,7.060358683665579,,NA,Su Currículum Vitae y la Universidad donde ha realizado Master o Doctorado,,213,1,44,1,4,40-49
22459,NLD,Netherlands,invalid,rule_B_only,81,NORMAL,,0,0,0,0,0,17.0,3.1775801383767908,,Het voordeel is dat er over iets wetenschappelijk is onderzocht en dus onderbouwd,NA,,213,1,59,1,3,50-59
22493,NLD,Netherlands,invalid,rule_B_only,23,NORMAL,,0,0,0,0,0,20.0,5.612061360334034,,NA,"Goede opleiding
Bekend",,213,1,43,0,3,40-49
22513,ESP,Spain,invalid,rule_B_only,28,NORMAL,,0,0,0,0,0,26.0,4.500360270081119,,NA,estudios demostrados validos,,213,1,43,0,3,40-49
22549,FIN,Finland,invalid,rule_B_only,71,NORMAL,,0,0,0,0,0,17.0,6.0201093895906475,0.6324555320336759,"Kaikki yleensä hyötyvät - eivät  ehkä henkilökohtaisesti, mutta yleensä",NA,,213,1,43,1,3,40-49
22559,NLD,Netherlands,invalid,rule_B_only,52,NORMAL,,0,0,0,0,0,18.0,5.52488213937177,,NA,dat ze het goede naar boven halen voor de wetenschap,,213,1,45,1,3,40-49
22588,ESP,Spain,invalid,rule_B_only,10,NORMAL,,0,0,0,0,0,18.0,3.4882501477955987,,NA,investigar,,213,1,50,1,3,50-59
22589,NLD,Netherlands,invalid,rule_B_only,12,NORMAL,,0,0,0,0,0,17.0,8.319566535977195,-0.7938841860374447,Ik weet niet,NA,,213,1,41,0,4,40-49
22592,NLD,Netherlands,invalid,rule_B_only,36,NORMAL,,0,0,0,0,0,19.0,4.30204741969465,0.3333333333333333,NA,Duidelijke uitleg over het onderwerp ,,213,1,56,0,3,50-59
22624,ESP,Spain,invalid,rule_B_only,75,NORMAL,,0,0,0,0,0,23.0,3.2219873685696134,-0.4472135954999579,Toas las personas porque los avances científicos mejoran la calidad de vida,NA,,213,1,50,1,4,50-59
22629,DEU,Germany,invalid,rule_B_only,76,NORMAL,,0,0,0,0,0,22.0,6.779501840738227,-0.08304547985373997,NA,Richtig durchgeführte Forschung setzt gewissenhaft Beobachtungstechniken ein,,213,1,30,1,4,30-39
22649,DEU,Germany,invalid,rule_B_only,9,NORMAL,,0,0,0,0,0,27.0,4.85259878825383,,NA,gut frage,,213,1,25,1,3,18-29
22654,DEU,Germany,invalid,rule_B_only,56,NORMAL,,0,0,0,0,0,18.0,3.875333518892145,,"die Menschheit, weil sie daraus ihre Lehren ziehen kann.",NA,,213,1,46,0,3,40-49
22667,DEU,Germany,invalid,rule_B_only,6,NORMAL,,0,0,0,0,0,20.0,6.539255171343499,,NA,Nichts,,213,1,36,1,4,30-39
22674,DEU,Germany,invalid,rule_B_only,156,NORMAL,,0,0,0,0,0,23.0,5.447030940245707,,"Wir alle, da uns die Forschung und Entwicklung uns zu dem gemacht hat, was wir sind und noch werden können. Ohne Pioniere wären wir noch immer in der Höhle.",NA,,213,1,39,0,4,30-39
22697,DEU,Germany,invalid,rule_B_only,16,NORMAL,,0,0,0,0,0,20.0,2.7914452592863825,,NA,Korrekte Angaben,,213,1,49,0,3,40-49
22723,ESP,Spain,invalid,rule_B_only,104,NORMAL,,0,0,0,0,0,17.0,4.243750719144415,,NA,los estudios sobre ciertos avances a nivel de descubrir tratamientos avanzados para muchas enfermedades.,,213,1,62,1,3,60+
22741,NLD,Netherlands,invalid,rule_B_only,14,NORMAL,,0,0,0,0,0,25.0,4.07893589707005,-0.5,NA,Goed onderzoek ,,213,1,32,0,4,30-39
22754,DEU,Germany,invalid,rule_B_only,158,NORMAL,,0,0,0,0,0,18.0,4.292652824314029,,NA,Wissenschaflter sind Pioniere users gesamten Leben. Durch Erfindungen und Forschung haben sie die Grundlage für unseren heutigen Lebensstandard herbeigeführt. ,,213,1,36,1,3,30-39
22756,DEU,Germany,invalid,rule_B_only,23,NORMAL,,0,0,0,0,0,22.0,7.368303008809944,0.592156525463792,Land und die ganze Welt ,NA,,213,1,27,0,4,18-29
22757,ESP,Spain,invalid,rule_B_only,41,NORMAL,,0,0,0,0,0,21.0,3.259867264527565,,  la ingenerria genetica curar enfermedades,NA,,213,1,54,0,3,50-59
22808,ESP,Spain,invalid,rule_B_only,22,NORMAL,,0,0,0,0,0,28.0,3.6032979135723613,0.7745966692414834,las casa farmaceuticas,NA,,213,1,48,0,4,40-49
22831,NLD,Netherlands,invalid,rule_B_only,9,NORMAL,,0,0,0,0,0,20.0,2.909355205862679,,Geen idee ,NA,,213,1,46,0,3,40-49
22834,NLD,Netherlands,invalid,rule_B_only,168,NORMAL,,0,0,0,0,0,20.0,2.3854258196400093,,"Iedere mens heeft voordeel bij wetenschap omdat het overal invloed heeft. Op school, medisch gebied de wetenschap is belangrijk om mensen te helpen en laten ontwikkelen ",NA,,213,1,52,0,4,50-59
22862,DEU,Germany,invalid,rule_B_only,21,NORMAL,,0,0,0,0,0,19.0,4.119360315592705,,NA,Weil sie nachforschen ,,213,1,25,0,3,18-29
22872,ESP,Spain,invalid,rule_B_only,64,NORMAL,,0,0,0,0,0,26.0,3.7294685677156774,0.7592566023652966,"Nos beneficiamos todos, de una manera u otra todos pillamos algo",NA,,213,1,41,1,3,40-49
22876,DEU,Germany,invalid,rule_B_only,7,NORMAL,,0,0,0,0,0,19.0,2.911317712286116,,NA,jklöpäü,,213,1,55,1,4,50-59
22902,BEL,Belgium,invalid,rule_B_only,11,NORMAL,,0,0,0,0,0,20.0,2.9105559685679876,,NA,Geen mening,,213,1,38,1,3,30-39
22909,DEU,Germany,invalid,rule_B_only,46,NORMAL,,0,0,0,0,0,19.0,3.1874610831841443,,NA,Fundierte Aussagen treffen. Seriös und ehrlich,,213,1,53,0,3,50-59
22964,FIN,Finland,invalid,rule_B_only,26,NORMAL,,0,0,0,0,0,22.0,4.3709869995605,0.6324555320336759,Tieteestä hyötyvät kaikki.,NA,,213,1,45,1,3,40-49
23028,IRL,Ireland,invalid,rule_B_only,40,NORMAL,,0,0,0,0,0,29.0,4.93391456761399,,I think it’s very important for everyone ,NA,,213,1,34,0,4,30-39
23033,FIN,Finland,invalid,rule_B_only,33,NORMAL,,0,0,0,0,0,20.0,3.9747244164396984,,NA,Faktaan ja tutkimuksiin perustuva,,213,1,39,0,3,30-39
23080,FIN,Finland,invalid,rule_B_only,28,NORMAL,,0,0,0,0,0,28.0,3.042696810399501,,"Ehkä tiedemiehet, uskon niin",NA,,213,1,40,0,2,40-49
23087,IRL,Ireland,invalid,rule_B_only,9,NORMAL,,0,0,0,0,0,17.0,4.145368515496301,,Humankind,NA,,213,1,70,1,3,60+
23089,FIN,Finland,invalid,rule_B_only,7,NORMAL,,0,0,0,0,0,20.0,2.2982823543965223,,NA,lähteet,,213,1,40,1,3,40-49
23097,FIN,Finland,invalid,rule_B_only,48,NORMAL,,0,0,0,0,0,18.0,4.243794450761139,-0.6324555320336759,"kaikkien,löytyy apuja erilaisiin sairauksiin jne",NA,,213,1,56,0,2,50-59
23103,DEU,Germany,invalid,rule_B_only,101,NORMAL,,0,0,0,0,0,20.0,2.8878599422494737,,"Alle profitieren von Wissenschaft, weil jeder von neuen und fundierten Erkenntnissen profitieren kann",NA,,213,1,53,1,3,50-59
23114,FIN,Finland,invalid,rule_B_only,14,NORMAL,,0,0,0,0,0,17.0,4.943049237047589,0.7071067811865476,Sotateollisuus,NA,,213,1,55,1,3,50-59
23187,IRL,Ireland,invalid,rule_B_only,119,NORMAL,,0,0,0,0,0,21.0,3.7841550936482884,,NA,Being qualified and regularly upskilling in your particular field. Being open minded and not biased towards one belief. ,,213,1,37,0,3,30-39
23188,FIN,Finland,invalid,rule_B_only,13,MEDIUM,longstring_exceed,1,0,1,0,0,36.0,4.904760589691844,,NA,en osaa sanoa,,213,1,77,0,4,60+
23217,FIN,Finland,invalid,rule_B_only,59,NORMAL,,0,0,0,0,0,22.0,3.4327568095760452,,NA,no ei julkaisuja julkaistaisi jos ei olisi tarpeeksi faktaa,,213,1,38,0,2,30-39
23228,IRL,Ireland,invalid,rule_B_only,14,NORMAL,,0,0,0,0,0,22.0,2.839369603050746,,NA,qualifications,,213,1,58,1,4,50-59
23302,DEU,Germany,invalid,rule_B_only,9,NORMAL,,0,0,0,0,0,17.0,5.145149185249485,,"Politiker
",NA,,213,1,56,0,3,50-59
23340,IRL,Ireland,invalid,rule_B_only,9,NORMAL,,0,0,0,0,0,17.0,5.760123211540887,,NA,Education ,,213,1,32,0,4,30-39
23353,FIN,Finland,invalid,rule_B_only,6,MEDIUM,longstring_exceed,1,0,1,0,0,39.0,3.5348714311523977,,kaikki,NA,,213,1,48,0,3,40-49
23360,FIN,Finland,invalid,rule_B_only,85,NORMAL,,0,0,0,0,0,20.0,2.831653119191589,,Uskon kaikkien hyötyvän tieteestä- perusta kaikelle tiedolle ja sitä kautta taidolle.,NA,,213,1,51,0,4,50-59
23364,DEU,Germany,invalid,rule_B_only,13,MEDIUM,longstring_exceed,1,0,1,0,0,57.0,2.2068037233074187,,bvxcbvxcbvxcb,NA,,213,1,23,1,3,18-29
23458,DEU,Germany,invalid,rule_B_only,15,NORMAL,,0,0,0,0,0,20.0,2.8185951185463325,,Wissenschaftler,NA,,213,1,57,1,4,50-59
23519,FIN,Finland,invalid,rule_B_only,41,NORMAL,,0,0,0,0,0,22.0,3.0004766451714793,,"Kaikki ihmiset hyötyvät.
Ilmasto kiittää",NA,,213,1,56,1,3,50-59
23532,FIN,Finland,invalid,rule_B_only,47,NORMAL,,0,0,0,0,0,18.0,2.7422048850795187,,NA,"se, että asiaa on tutkittu monelta eri kantilta",,213,1,44,1,4,40-49
23543,DEU,Germany,invalid,rule_B_only,10,NORMAL,,0,0,0,0,0,17.0,6.0667190372423825,0.4472135954999579,NA,"ne Antwort
",,213,1,27,1,4,18-29
23549,IRL,Ireland,invalid,rule_B_only,217,NORMAL,,0,0,0,0,0,20.0,5.0244078482836265,,NA,"When the scientist provides practical evidences and experimental procedures justifying the concepts standing his theories. Objectivity, Rationality Unbiased, are the key weapons every scientist should be equipped with ",,213,1,67,1,4,60+
23554,IRL,Ireland,invalid,rule_B_only,28,NORMAL,,0,0,0,0,0,22.0,5.0608216788568585,,NA,Their professional training.,,213,1,82,1,4,60+
23662,FIN,Finland,invalid,rule_B_only,40,NORMAL,,0,0,0,0,0,19.0,2.6796942718589936,,tutkijat ammatinharjoittajat yhteiskunta,NA,,213,1,40,0,3,40-49
23693,ESP,Spain,invalid,rule_B_only,85,NORMAL,,0,0,0,0,0,31.0,2.7790824506072926,,NA,tenemos que confiar en ellos para avanzar en medicamentos y otras cosas sino en quien,,213,1,69,1,2,60+
23744,FIN,Finland,invalid,rule_B_only,11,NORMAL,,0,0,0,0,0,17.0,3.970108165227776,0.2,Tutkijoiden,NA,,213,1,69,1,4,60+
23756,FIN,Finland,invalid,rule_B_only,206,NORMAL,,0,0,0,0,0,17.0,4.703518095321546,0.2,NA,Ymmärrys siitä ettei tiede ole kiveenhakattuja faktoja vaan paras oletus ja ymmärrys universumin olemuksesta. Avoin keskustelu ja faktoihin perustuva keskustelu. Päinvastainen toimintapq kuin Pekja Puskalla ,,213,1,59,1,3,50-59
23786,FIN,Finland,invalid,rule_B_only,65,NORMAL,,0,0,0,0,0,19.0,3.0474923724228695,,NA,"Puolueettomat tutkijat, puolueettomat ja monipuoliset tutkimukset",,213,1,57,0,3,50-59
23839,ESP,Spain,invalid,rule_B_only,16,NORMAL,,0,0,0,0,0,20.0,2.8494524166002844,,Toda la sociedad,NA,,213,1,35,1,4,30-39
23876,FIN,Finland,invalid,rule_B_only,10,MEDIUM,longstring_exceed,1,0,1,0,0,57.0,2.2852983425177102,,NA,Uutisointi ,,213,1,45,1,4,40-49
23885,ESP,Spain,invalid,rule_B_only,189,NORMAL,,0,0,0,0,0,19.0,4.442026245962279,,NA,"Cuando es requerido para entrevistas sobre temas referentes a la rama de la ciencia en la que es experto, publica escritos en revistas de ciencia o libros en referencia a temas científicos.",,213,1,56,1,3,50-59
23903,IRL,Ireland,invalid,rule_B_only,19,NORMAL,,0,0,0,0,0,20.0,3.4761998112724033,,NA,I’m not really sure,,213,1,28,0,3,18-29
23922,DEU,Germany,invalid,rule_B_only,70,NORMAL,,0,0,0,0,0,18.0,4.397954079836313,,"Jeder profitiert davon, da so Entwicklung geschieht in allen Bereichen",NA,,213,1,41,1,4,40-49
23961,DEU,Germany,invalid,rule_B_only,18,NORMAL,,0,0,0,0,0,28.0,7.333055364029475,-0.2,Die farmaindustrie,NA,,213,1,24,1,3,18-29
23964,IRL,Ireland,invalid,rule_B_only,79,NORMAL,,0,0,0,0,0,19.0,4.146539631146605,-0.4472135954999579,NA,They know exactly what they're talking about without over fabricating something,,213,1,38,0,4,30-39
23965,DEU,Germany,invalid,rule_B_only,38,NORMAL,,0,0,0,0,0,23.0,3.3214317196786673,1.0,NA,"fundierte kenntnisse, echt und ehrlich",,213,1,54,1,3,50-59
23966,DEU,Germany,invalid,rule_B_only,29,NORMAL,,0,0,0,0,0,25.0,2.6211450759442654,,NA,dbvds gedawg deg desgv def ag ,,213,1,29,1,3,18-29
23967,FIN,Finland,invalid,rule_B_only,8,NORMAL,,0,0,0,0,0,23.0,6.065353868975018,0.5477225575051661,Tutkijat,NA,,213,1,28,1,3,18-29
23971,DEU,Germany,invalid,rule_B_only,14,NORMAL,,0,0,0,0,0,23.0,4.525449170855641,1.0,alle und jeder,NA,,213,1,37,1,4,30-39
24019,FIN,Finland,invalid,rule_B_only,50,NORMAL,,0,0,0,0,0,19.0,4.199396351540002,,Ihmiset. Siitä riippu tulevaisuus koko maailmassa.,NA,,213,1,63,0,3,60+
24025,ESP,Spain,invalid,rule_B_only,33,NORMAL,,0,0,0,0,0,27.0,2.788053775324162,0.31622776601683794,NA,Lo comprobado que este si estudio,,213,1,65,0,4,60+
24062,FIN,Finland,invalid,rule_B_only,34,NORMAL,,0,0,0,0,0,19.0,4.15164148223448,,"En ainakaan minä,kun ei kiinnosta.",NA,,213,1,57,0,3,50-59
24064,DEU,Germany,invalid,rule_B_only,13,NORMAL,,0,0,0,0,0,27.0,4.85259878825383,,alle Menschen,NA,,213,1,53,0,4,50-59
24193,CYP,Cyprus,invalid,rule_B_only,28,NORMAL,,0,0,0,0,0,20.0,2.5406891966234175,,NA,Η τεκμηρίωση των στάσεων του,,213,1,35,1,4,30-39
24210,FIN,Finland,invalid,rule_B_only,88,NORMAL,,0,0,0,0,0,17.0,4.819303962857165,,Kaikki ihmiset hyötyvät tieteen kehityksestä.Esim.sairaudet ovat helpommin hallittavissa ,NA,,213,1,45,1,3,40-49
24233,CYP,Cyprus,invalid,rule_B_only,14,MEDIUM,longstring_exceed,1,0,1,0,0,36.0,6.2218691018761225,,Οι κυβερνήσεις ,NA,,213,1,42,1,3,40-49
24240,IRL,Ireland,invalid,rule_B_only,6,NORMAL,,0,0,0,0,0,18.0,3.246168848579665,,People ,NA,,213,1,41,NA,3,40-49
24241,ESP,Spain,invalid,rule_B_only,33,NORMAL,,0,0,0,0,0,20.0,4.1658344827929215,,NA,Demostrando el que ha descubierto,,213,1,60,0,3,60+
24260,CYP,Cyprus,invalid,rule_B_only,96,NORMAL,,0,0,0,0,0,19.0,5.551344222905084,,Χωρίς την επιστήμη και τους ανθρώπους που ασχολούνται με αυτήν δεν θα είχαμε προοδεύσει σαν λαός ,NA,,213,1,42,0,4,40-49
24278,FIN,Finland,invalid,rule_B_only,8,NORMAL,,0,0,0,0,0,17.0,3.7074700055799226,,Lääkärit,NA,,213,1,49,1,3,40-49
24289,CYP,Cyprus,invalid,rule_B_only,37,NORMAL,,0,0,0,0,0,22.0,2.705047419314077,,Η κυβέρνηση κάθε κράτους επωφελείται.,NA,,213,1,23,0,4,18-29
24467,IRL,Ireland,invalid,rule_B_only,34,NORMAL,,0,0,0,0,0,17.0,5.468958520375451,,Technology helps to improve things ,NA,,213,1,63,0,3,60+
24484,ESP,Spain,invalid,rule_B_only,10,NORMAL,,0,0,0,0,0,20.0,6.829353840750577,0.34299717028501764,nose  nada,NA,,213,1,81,0,2,60+
24491,ESP,Spain,invalid,rule_B_only,37,NORMAL,,0,0,0,0,0,18.0,5.1026474066909735,,las farmaceuticas aue ganan el dinero,NA,,213,1,68,0,2,60+
24507,CYP,Cyprus,invalid,rule_B_only,29,MEDIUM,longstring_exceed,1,0,1,0,0,44.0,2.2590936792268326,,Οι εταιρείες και οι πολιτικοί ,NA,,213,1,28,1,4,18-29
24514,CYP,Cyprus,invalid,rule_B_only,34,NORMAL,,0,0,0,0,0,23.0,3.6723538828785793,,NA,Πού σπούδασε και τι εμπειρίες έχει,,213,1,48,0,3,40-49
24526,IRL,Ireland,invalid,rule_B_only,137,NORMAL,,0,0,0,0,0,17.0,3.918924283556414,,"everyone on some level, with advances in scientific knowledge and advances in medical procedures and developments in better ways to live. ",NA,,213,1,51,0,4,50-59
24541,CYP,Cyprus,invalid,rule_B_only,103,NORMAL,,0,0,0,0,0,20.0,8.227122572023266,-0.08518740546199818,Οι πολίτες γιατί η επιστήμη ανακαλύπτει νέες προοπτικές π.χ. χάπια αντιμετωπίσει αροστιών  π.χ. καρκίνο  ,NA,,213,1,42,1,4,40-49
24618,ESP,Spain,invalid,rule_B_only,9,MEDIUM,longstring_exceed,1,0,1,0,0,57.0,2.2781673024923763,,NA,esta bien,,213,1,69,1,3,60+
24631,CYP,Cyprus,invalid,rule_B_only,74,NORMAL,,0,0,0,0,0,22.0,2.5406891966234175,,NA,η έρευνα η μελέτη στοιχείων με αποδείξεις με υπευθυνότητα  επειριστατομένα ,,213,1,51,0,4,50-59
24649,NLD,Netherlands,invalid,rule_B_only,130,NORMAL,,0,0,0,0,0,19.0,4.902661162666294,0.4,"I love science, because it can change with the new discoveries; gives us inside about who are we, where are we standing as humans.",NA,,213,1,30,0,4,30-39
24674,CYP,Cyprus,invalid,rule_B_only,62,MEDIUM,longstring_exceed,1,0,1,0,0,57.0,2.114054984027972,,NA,Το να μην επιδιώκει να επιβάλει στην κοινωνία τις απόψεις του.,,213,1,35,1,4,30-39
24727,FIN,Finland,invalid,rule_B_only,13,NORMAL,,0,0,0,0,0,18.0,2.342791160587598,,En osaa sanoa ,NA,,213,1,25,0,4,18-29
24736,CYP,Cyprus,invalid,rule_B_only,7,NORMAL,,0,0,0,0,0,29.0,7.952901566684678,,NA,Φασόλια ,,213,1,20,0,1,18-29
24740,DEU,Germany,invalid,rule_B_only,10,NORMAL,,0,0,0,0,0,18.0,2.6832709754561797,,Weiß nicht ,NA,,213,1,54,1,3,50-59
24741,CYP,Cyprus,invalid,rule_B_only,9,NORMAL,,0,0,0,0,0,22.0,5.407726154128699,0.8783100656536799,Η γιατροι,NA,,213,1,45,0,3,40-49
24779,FIN,Finland,invalid,rule_B_only,10,NORMAL,,0,0,0,0,0,20.0,4.906642639627892,,Opin uusia,NA,,213,1,21,1,4,18-29
24833,CYP,Cyprus,invalid,rule_B_only,11,NORMAL,,0,0,0,0,0,18.0,2.85222968847494,,Επιστήμονες,NA,,213,1,71,0,4,60+
24882,DEU,Germany,invalid,rule_B_only,52,NORMAL,,0,0,0,0,0,17.0,3.756757332113702,,Wissenschaft ist wichtig für die gesamte Menschheit. ,NA,,213,1,56,1,3,50-59
24952,DEU,Germany,invalid,rule_B_only,136,NORMAL,,0,0,0,0,0,17.0,4.254929533596399,,NA,"vertrauenswürdig durch gesicherte, mehrfach geprüfte Ergebnisse seiner Studien, Ergebnisse sind standardisiert erreicht und wiederholbar",,213,1,44,1,3,40-49
24980,DEU,Germany,invalid,rule_B_only,51,NORMAL,,0,0,0,0,0,20.0,6.134708045080881,,NA,Gute Recherche vertrauenswürdig glaub würdig qielle,,213,1,50,0,3,50-59
25022,FIN,Finland,invalid,rule_B_only,72,NORMAL,,0,0,0,0,0,18.0,3.680867053400721,0.5,NA,Se että asioita on oikeasti tutkittu. Niihin on perehdytty joka kantilta,,213,1,27,1,3,18-29
25045,DEU,Germany,invalid,rule_B_only,52,NORMAL,,0,0,0,0,0,18.0,5.239500100980429,,"das weis ich nicht, das interessiert mich auch nicht",NA,,213,1,77,0,3,60+
25071,DEU,Germany,invalid,rule_B_only,12,NORMAL,,0,0,0,0,0,20.0,3.530007455715381,,Keine Ahnung ,NA,,213,1,57,1,3,50-59
25077,IRL,Ireland,invalid,rule_B_only,13,NORMAL,,0,0,0,0,0,18.0,3.057304535774501,,NA,PEER REVIEWED,,213,1,41,1,4,40-49
25124,DEU,Germany,invalid,rule_B_only,23,NORMAL,,0,0,0,0,0,20.0,2.011296719723115,,NA,veröffentlichte Studien,,213,1,60,1,3,60+
25159,DEU,Germany,invalid,rule_B_only,16,NORMAL,,0,0,0,0,0,21.0,3.713968143487817,,"Keine Ahnung,wir ",NA,,213,1,40,0,3,40-49
25261,DEU,Germany,invalid,rule_B_only,68,NORMAL,,0,0,0,0,0,17.0,4.956282856471099,-0.5,Wir alle profitieren von der Wissenschaft. Das Leben geht ja weiter. ,NA,,213,1,60,1,3,60+
25276,DEU,Germany,invalid,rule_B_only,256,NORMAL,,0,0,0,0,0,20.0,4.85259878825383,,NA,"Um die Glaubwürdigkeit zu bestimmen, müssen wissenschaftliche Studien entlang (mindestens) der folgenden drei Dimensionen bewertet werden: (1) Methoden- und Datentransparenz, (2) analytische Reproduzierbarkeit und Robustheit und (3) Effektreplizierbarkeit.",,213,1,36,1,4,30-39
25289,DEU,Germany,invalid,rule_B_only,91,NORMAL,,0,0,0,0,0,19.0,6.768124144629606,0.8,Alle! Ohne Wissenschaft wären wir nicht so weit vorran geschtitten. Egal in welcher branche,NA,,213,1,36,0,3,30-39
25298,SVN,Slovenia,invalid,rule_B_only,66,NORMAL,,0,0,0,0,0,19.0,4.2708563186331885,0.5423261445466404,NA,Ker se ukvarjajo s primerom in ga preucijo do podrobnosti natancno ,,213,1,24,0,4,18-29
25322,BEL,Belgium,invalid,rule_B_only,9,NORMAL,,0,0,0,0,0,18.0,4.534670563907598,,La nature ,NA,,213,1,34,NA,3,30-39
25365,CYP,Cyprus,invalid,rule_B_only,20,NORMAL,,0,0,0,0,0,19.0,4.947591526494657,,NA,Η διαρκής προσπαθεια,,213,1,64,0,3,60+
25401,DEU,Germany,invalid,rule_B_only,22,NORMAL,,0,0,0,0,0,25.0,4.080415670137317,0.5,NA,Seriosität Bekanntheit ,,213,1,43,1,4,40-49
25519,GRC,Greece,invalid,rule_B_only,68,NORMAL,,0,0,0,0,0,22.0,3.7173076132540275,,NA,Ο τροπος που εκφραζει την αποψη του βασιζομενος σε επιστημονικη βαση,,213,1,60,0,4,60+
25533,DEU,Germany,invalid,rule_B_only,68,NORMAL,,0,0,0,0,0,22.0,5.890865447739011,-0.31622776601683794,NA,Ihre nachgewiesenen Forschungen und Studien mit Vorlage der Beweise.,,213,1,40,1,3,40-49
25557,DEU,Germany,invalid,rule_B_only,24,NORMAL,,0,0,0,0,0,17.0,4.711405753164663,0.4472135954999579,NA,Seine bewiesenen Studien,,213,1,42,0,3,40-49
25562,SVN,Slovenia,invalid,rule_B_only,83,NORMAL,,0,0,0,0,0,19.0,3.833993913893581,,NA,"Ker se ukvarjajo s temami, ki so potrebna za spreminjanje in spremljanje življenja. ",,213,1,48,0,4,40-49
25571,DEU,Germany,invalid,rule_B_only,44,NORMAL,,0,0,0,0,0,27.0,3.714145618784671,,"Der Staat, weil dort das Geld hängen bleibt.",NA,,213,1,29,0,3,18-29
25664,DEU,Germany,invalid,rule_B_only,83,NORMAL,,0,0,0,0,0,18.0,5.291134236625014,,NA,ich vertraue er Wissenschaft weil Sie auf Daten und Fakten beruhen und der Wahrheit,,213,1,45,1,3,40-49
25700,IRL,Ireland,invalid,rule_B_only,8,NORMAL,,0,0,0,0,0,22.0,3.1744145849028205,,Everyone,NA,,213,1,33,1,4,30-39
25705,DEU,Germany,invalid,rule_B_only,19,NORMAL,,0,0,0,0,0,23.0,2.8556011954940184,,Das weiss ich nicht,NA,,213,1,62,1,3,60+
25735,CYP,Cyprus,invalid,rule_B_only,28,NORMAL,,0,0,0,0,0,17.0,7.033335564312467,-0.29277002188455997,γενικα οι ανθροποι υγεια κλπ,NA,,213,1,66,1,3,60+
25787,DEU,Germany,invalid,rule_B_only,24,NORMAL,,0,0,0,0,0,19.0,4.508093190202563,0.9284766908852594,NA,Das kann ich nicht sagen ,,213,1,68,0,4,60+
25848,DEU,Germany,invalid,rule_B_only,70,NORMAL,,0,0,0,0,0,17.0,7.12752422970927,0.8696263565463043,"Die Menschheit, wenn Wissenschaft für sie zur Verfuegung gestellt wird ",NA,,213,1,56,1,4,50-59
25858,DEU,Germany,invalid,rule_B_only,55,NORMAL,,0,0,0,0,0,21.0,5.799502851138402,,NA,Wenn man Ehrlichkeit und keine Übertreibungen empfindet,,213,1,73,1,4,60+
25859,GRC,Greece,invalid,rule_B_only,60,NORMAL,,0,0,0,0,0,28.0,5.339855945876709,,Ο άνθρωπος μέσα από την επιστημη βελτιώνεται η πιοτητα ζωης.,NA,,213,1,38,1,4,30-39
25955,GRC,Greece,invalid,rule_B_only,39,NORMAL,,0,0,0,0,0,17.0,3.5970070616625733,,αυτοι που ασχολουνται με την τεχνολογια,NA,,213,1,28,0,4,18-29
26006,CYP,Cyprus,invalid,rule_B_only,10,NORMAL,,0,0,0,0,0,18.0,4.751416597325046,,Ο ανθρωπος,NA,,213,1,35,1,4,30-39
26039,DEU,Germany,invalid,rule_B_only,14,NORMAL,,0,0,0,0,0,27.0,2.1247630098438766,,NA,weiß ich nicht,,213,1,58,1,4,50-59
26092,GRC,Greece,invalid,rule_B_only,8,NORMAL,,0,0,0,0,0,17.0,4.594740285855686,1.0,NA,Δεν χερω,,213,1,28,0,4,18-29
26103,DEU,Germany,invalid,rule_B_only,46,NORMAL,,0,0,0,0,0,18.0,4.017196952142109,,NA,"Erfahrung, Wissen, Studium, Veröffentlichungen ",,213,1,47,0,3,40-49
26105,DEU,Germany,invalid,rule_B_only,12,NORMAL,,0,0,0,0,0,26.0,2.1608297393222937,,NA,nicht sicher,,213,1,44,0,3,40-49
26134,GRC,Greece,invalid,rule_B_only,32,NORMAL,,0,0,0,0,0,20.0,3.1335659697898772,-0.4472135954999579,NA,τα αποτελεσματα της δουλειας του,,213,1,52,1,3,50-59
26143,DEU,Germany,invalid,rule_B_only,10,NORMAL,,0,0,0,0,0,31.0,4.649188018520867,0.7071067811865476,"ne Antwort
",NA,,213,1,28,0,3,18-29
26175,SVN,Slovenia,invalid,rule_B_only,13,NORMAL,,0,0,0,0,0,25.0,7.356225286447862,0.8682431421244593,NA,Kerjeinovator,,213,1,52,0,4,50-59
26228,NLD,Netherlands,invalid,rule_B_only,22,NORMAL,,0,0,0,0,0,19.0,3.1717527748491396,,NA,Zich durven uitspreken,,213,1,63,0,2,60+
26255,DEU,Germany,invalid,rule_B_only,40,NORMAL,,0,0,0,0,0,18.0,3.0027705705307146,,Je nachdem worum es in den Studien geht…,NA,,213,1,45,0,3,40-49
26289,SVN,Slovenia,invalid,rule_B_only,25,NORMAL,,0,0,0,0,0,24.0,6.046595348777467,,Ljudje ki vodijo cel svet,NA,,213,1,48,1,3,40-49
26291,DEU,Germany,invalid,rule_B_only,9,NORMAL,,0,0,0,0,0,23.0,6.508203103983856,,Politiker,NA,,213,1,28,0,3,18-29
26298,DEU,Germany,invalid,rule_B_only,173,NORMAL,,0,0,0,0,0,28.0,7.3001241478397265,,"Die Wissenschaft selber, denn es geht nur ums Geld. Als Krankenschwester habe ich zu viel erlebt. Ich vertraue der angeblichen Wissenschaft wenig. Für mich viel Manipulation ",NA,,213,1,52,0,3,50-59
26327,GRC,Greece,invalid,rule_B_only,9,NORMAL,,0,0,0,0,0,20.0,2.659648614299476,,NA,τιμιότητα,,213,1,71,0,4,60+
26329,CYP,Cyprus,invalid,rule_B_only,74,NORMAL,,0,0,0,0,0,18.0,4.482521414168707,-0.31622776601683794,NA,"το βαθος της ερευνας και κυριοτερο  η αποτελεσματικοτητα  αυτης,στην πραξη
",,213,1,67,1,3,60+
26371,GRC,Greece,invalid,rule_B_only,10,NORMAL,,0,0,0,0,0,26.0,2.8250487875273866,,NA,Δε γνωρίζω,,213,1,43,1,3,40-49
26403,GRC,Greece,invalid,rule_B_only,140,NORMAL,,0,0,0,0,0,18.0,7.30789009182019,,"ΕΞΑΡΤΑΤΑΙ ΓΙΑ ΠΟΙΟΥΣ ΕΠΙΣΤΗΜΟΝΕΣ ΜΙΛΑΜΕ !!
ΟΙ ΕΠΙΣΤΗΜΟΝΕΣ ΠΟΥ ΒΓΕΝΟΥΝ ΣΤΗΝ TV ΓΙΑ ΕΜΕΝΑ ΔΕΝ ΕΙΝΑΙ ΕΠΙΣΤΗΜΟΝΕΣ ΕΙΝΑΙ ΤΣΑΡΛΑΤΑΝΟΙ.
ΕΥΧΑΡΙΣΤΟ",NA,,213,1,66,1,3,60+
26424,DEU,Germany,invalid,rule_B_only,13,NORMAL,,0,0,0,0,0,17.0,3.4832836334651516,,Allgemeinheit ,NA,,213,1,55,1,3,50-59
26430,DEU,Germany,invalid,rule_B_only,43,NORMAL,,0,0,0,0,0,17.0,2.8702774407051526,,NA,"Gute Ausdrucksweise, Überzeugung, Redensart",,213,1,33,0,3,30-39
26449,DEU,Germany,invalid,rule_B_only,12,NORMAL,,0,0,0,0,0,26.0,2.6862429866393325,,Keine Ahnung ,NA,,213,1,63,0,3,60+
26552,DEU,Germany,invalid,rule_B_only,10,NORMAL,,0,0,0,0,0,30.0,4.620612135487508,0.5,"ne Antwort
",NA,,213,1,28,0,3,18-29
26562,DEU,Germany,invalid,rule_B_only,35,NORMAL,,0,0,0,0,0,17.0,6.5165799850642045,0.26111648393354675,NA,gute Frage ich vertraue keinem mehr,,213,1,53,0,3,50-59
26566,GRC,Greece,invalid,rule_B_only,19,MEDIUM,odd_even_low,1,0,0,0,1,22.0,3.978240307191857,-1.0,NA,Να λέει την αλήθεια ,,213,1,50,0,3,50-59
26654,IRL,Ireland,invalid,rule_B_only,14,NORMAL,,0,0,0,0,0,19.0,3.8219707803912994,,NA,concrete proov,,213,1,60,1,2,60+
26771,SVN,Slovenia,invalid,rule_B_only,39,NORMAL,,0,0,0,0,0,18.0,3.072423389867248,,znanstveniki dobijo denar za več izumov,NA,,213,1,23,1,3,18-29
26821,IRL,Ireland,invalid,rule_B_only,70,NORMAL,,0,0,0,0,0,18.0,5.484244364004826,,We all benefit from science because changes taking place affect us all,NA,,213,1,65,0,3,60+
26831,GRC,Greece,invalid,rule_B_only,42,NORMAL,,0,0,0,0,0,23.0,3.9070899627169013,0.0,NA,"Εμπειρία, σπουδές, επιτυχίες, μετριοπαθεια",,213,1,22,1,4,18-29
26885,SVN,Slovenia,invalid,rule_B_only,25,NORMAL,,0,0,0,0,0,23.0,8.486617895855009,,elon musk-zaradi zaslužka,NA,,213,1,40,0,3,40-49
26899,DEU,Germany,invalid,rule_B_only,245,NORMAL,,0,0,0,0,0,21.0,5.150652622739423,0.0,NA,Fbiecibekbcknece cdbkcekncekbcebkcervknf tlngojrcuegcihexe cekbcekncejbceccelnceljcehcej ceknceljckecjbex eckbeckhecjevxkhc ecnkrcljrvtljvykpojdxihexs celncdkhcebc eclneckebcnkec ekclnecekncnecnelcpkg vronvlncekbcek celncekbcekbcec ecnleckbeckne,,213,1,32,0,4,30-39
26962,DEU,Germany,invalid,rule_B_only,12,NORMAL,,0,0,0,0,0,18.0,3.1267540315304343,0.31622776601683794,Keine Ahnung,NA,,213,1,55,0,3,50-59
27024,DEU,Germany,invalid,rule_B_only,48,NORMAL,,0,0,0,0,0,17.0,4.395010902739318,,NA,Wenn sie unbeeinflusst Ihre Arbeit machen können,,213,1,41,1,4,40-49
27046,IRL,Ireland,invalid,rule_B_only,82,NORMAL,,0,0,0,0,0,17.0,3.8112145836343743,,NA,"Back up data of all tests and theories, proof of the contents of their statements.",,213,1,64,0,4,60+
27063,SVN,Slovenia,invalid,rule_B_only,23,NORMAL,,0,0,0,0,0,17.0,4.037322185878706,0.10846522890932808,"Ne vem, mogoce politika",NA,,213,1,48,0,3,40-49
27110,SVN,Slovenia,invalid,rule_B_only,41,NORMAL,,0,0,0,0,0,24.0,2.5808537781490313,,ljudje saj lahko tako clovestvo napreduje,NA,,213,1,20,1,3,18-29
27128,DEU,Germany,invalid,rule_B_only,14,MEDIUM,longstring_exceed,1,0,1,0,0,34.0,5.403931596460889,0.6324555320336759,Keine Gedanken ,NA,,213,1,44,0,3,40-49
27233,GRC,Greece,invalid,rule_B_only,19,MEDIUM,longstring_exceed,1,0,1,0,0,38.0,3.7110164286312637,-0.4472135954999579,"Ολόκληρη η κοινωνία
",NA,,213,1,44,1,3,40-49
27253,GRC,Greece,invalid,rule_B_only,11,MEDIUM,longstring_exceed,1,0,1,0,0,61.0,7.259669859013125,,Δεν γνωρίζω ,NA,,213,1,33,0,3,30-39
27255,GRC,Greece,invalid,rule_B_only,25,MEDIUM,longstring_exceed,1,0,1,0,0,36.0,2.3052793853805778,,Το σύνολο του πλυθισμου.. ,NA,,213,1,60,0,3,60+
27263,GRC,Greece,invalid,rule_B_only,7,NORMAL,,0,0,0,0,0,25.0,2.4252718461785068,,NA,ερευνες,,213,1,48,0,3,40-49
27284,GRC,Greece,invalid,rule_B_only,10,NORMAL,,0,0,0,0,0,19.0,4.249034176245223,0.5,Ο άνθρωπος ,NA,,213,1,43,0,3,40-49
27304,NLD,Netherlands,invalid,rule_B_only,16,NORMAL,,0,0,0,0,0,23.0,4.523472101953631,,Ik heb geen idee,NA,,213,1,32,0,4,30-39
27409,GRC,Greece,invalid,rule_B_only,6,MEDIUM,longstring_exceed,1,0,1,0,0,71.0,7.259669859013125,,Τα ζωα,NA,,213,1,90,2,1,60+
27464,SVN,Slovenia,invalid,rule_B_only,6,NORMAL,,0,0,0,0,0,26.0,2.4255605687682364,,Ljudje,NA,,213,1,34,1,3,30-39
27486,GRC,Greece,invalid,rule_B_only,13,MEDIUM,longstring_exceed,1,0,1,0,0,71.0,7.259669859013125,,NA,δεν εχω να πω,,213,1,30,1,2,30-39
27519,DEU,Germany,invalid,rule_B_only,15,NORMAL,,0,0,0,0,0,18.0,2.667428854372306,,NA,überhaupt nicht,,213,1,58,0,3,50-59
27548,GRC,Greece,invalid,rule_B_only,48,NORMAL,,0,0,0,0,0,17.0,3.3284376114904557,,h koinonia genikotera kai o anthropos eidikotera,NA,,213,1,37,1,3,30-39
27571,GRC,Greece,invalid,rule_B_only,51,NORMAL,,0,0,0,0,0,20.0,3.586922448573959,,NA,Βοηθάει το κοινό να ενημερωθούν για κάποιο πρόβλημα ,,213,1,40,1,3,40-49
27617,DEU,Germany,invalid,rule_B_only,35,MEDIUM,longstring_exceed,1,0,1,0,0,50.0,3.8449914062023725,,3r31fqf ffr f 3rf 3r2 f4 3f34f3ff43,NA,,213,1,27,1,4,18-29
27661,NLD,Netherlands,invalid,rule_B_only,9,NORMAL,,0,0,0,0,0,20.0,2.8508321377498707,,Weet niet,NA,,213,1,49,0,2,40-49
27735,DEU,Germany,invalid,rule_B_only,20,NORMAL,,0,0,0,0,0,25.0,8.741516176254663,1.0,Die Wissenschaftler.,NA,,213,1,33,1,3,30-39
27791,DEU,Germany,invalid,rule_B_only,7,NORMAL,,0,0,0,0,0,29.0,2.5844708755618893,,niemand,NA,,213,1,60,1,3,60+
27837,NLD,Netherlands,invalid,rule_B_only,17,NORMAL,,0,0,0,0,0,24.0,7.812802373283535,1.0,Geen verstand van,NA,,213,1,30,1,3,30-39
27841,GRC,Greece,invalid,rule_B_only,30,NORMAL,,0,0,0,0,0,23.0,3.0486500230768034,,NA,Η κατάρτηση και η σπουδές του.,,213,1,34,1,3,30-39
27854,DEU,Germany,invalid,rule_B_only,32,NORMAL,,0,0,0,0,0,29.0,2.420846364374037,,NA,Das sie ihre Idee verwirklichen. ,,213,1,29,1,3,18-29
27860,DEU,Germany,invalid,rule_B_only,10,NORMAL,,0,0,0,0,0,19.0,3.258981888733625,,weiß nicht,NA,,213,1,46,0,3,40-49
27870,DEU,Germany,invalid,rule_B_only,30,NORMAL,,0,0,0,0,0,19.0,3.5694055307951436,,NA,die Person und deren Charakter,,213,1,64,1,4,60+
27886,DEU,Germany,invalid,rule_B_only,10,NORMAL,,0,0,0,0,0,23.0,2.8513884177430895,,NA,weiß nicht,,213,1,23,1,2,18-29
27893,DEU,Germany,invalid,rule_B_only,100,NORMAL,,0,0,0,0,0,18.0,5.376305390157614,,Die Wissenschaftler selbst profitieren von der Wissenschaft am meisten weil sie Geld damit verdienen,NA,,213,1,48,1,3,40-49
27898,DEU,Germany,invalid,rule_B_only,95,NORMAL,,0,0,0,0,0,27.0,2.6326894413769995,,"alle Menschen, weil sie dann Informiert werden wie so stand der dinge sind und wie es sein wird",NA,,213,1,37,0,3,30-39
27902,DEU,Germany,invalid,rule_B_only,10,NORMAL,,0,0,0,0,0,24.0,4.37212634995366,0.31622776601683794,"ne Antwort
",NA,,213,1,27,1,4,18-29
27904,DEU,Germany,invalid,rule_B_only,31,NORMAL,,0,0,0,0,0,25.0,2.95831631103307,,Schwache Menschen und die Armee ,NA,,213,1,32,1,4,30-39
27917,DEU,Germany,invalid,rule_B_only,161,NORMAL,,0,0,0,0,0,18.0,5.4330021804466195,,NA,"Was Wissenschaftler vertrauenswürdig macht, ist, dass sie Forschung betreiben und Hypothesen aufstellen, die zu einer Theorie führen, wenn sie verifiziert werden ",,213,1,42,1,4,40-49
27922,DEU,Germany,invalid,rule_B_only,10,NORMAL,,0,0,0,0,0,18.0,4.845470497276476,-0.2,der mensch,NA,,213,1,59,0,3,50-59
27925,DEU,Germany,invalid,rule_B_only,12,NORMAL,,0,0,0,0,0,18.0,4.246025468888342,,Keine Ahnung ,NA,,213,1,45,1,3,40-49
27926,DEU,Germany,invalid,rule_B_only,185,NORMAL,,0,0,0,0,0,29.0,8.463977272758786,-0.5570860145311557,"Bitte verwenden Sie das untenstehende Textfeld und schreiben Sie so viel, wie Sie möchten. Ihre Gedanken und Meinungen sind wichtig für uns! Es gibt keine richtige oder falsche Antwort.
",NA,,213,1,27,1,3,18-29
27983,DEU,Germany,invalid,rule_B_only,14,NORMAL,,0,0,0,0,0,17.0,3.803841229028644,,NA,ich weiß nicht,,213,1,52,0,3,50-59
28014,DEU,Germany,invalid,rule_B_only,20,NORMAL,,0,0,0,0,0,18.0,2.8657074033858048,,NA,Kann ich nicht sagen ,,213,1,52,1,3,50-59
28022,DEU,Germany,invalid,rule_B_only,46,NORMAL,,0,0,0,0,0,20.0,2.3832036728599464,,NA,Seriöse Forschungsarbeit und fundiertes Wissen,,213,1,43,0,3,40-49
28054,NLD,Netherlands,invalid,rule_B_only,39,NORMAL,,0,0,0,0,0,22.0,2.4122066361819137,,NA,Als hij goed weet waar hij mee bezig is ,,213,1,33,NA,3,30-39
28123,DEU,Germany,invalid,rule_B_only,10,NORMAL,,0,0,0,0,0,18.0,6.455492502839619,,NA,Weiß nicht,,213,1,54,1,3,50-59
28133,DEU,Germany,invalid,rule_B_only,10,NORMAL,,0,0,0,0,0,18.0,4.433686787459075,0.2,NA,Weiß nicht ,,213,1,42,0,3,40-49
28149,DEU,Germany,invalid,rule_B_only,6,NORMAL,,0,0,0,0,0,26.0,2.011296719723115,,Keiner,NA,,213,1,24,0,3,18-29
28156,DEU,Germany,invalid,rule_B_only,6,NORMAL,,0,0,0,0,0,20.0,2.894492768512289,,NA,Wissen,,213,1,38,1,4,30-39
28165,ESP,Spain,invalid,rule_B_only,11,NORMAL,,0,0,0,0,0,26.0,4.020474892551674,1.0,NA,Trayectoria,,213,1,38,1,4,30-39
28168,NLD,Netherlands,invalid,rule_B_only,135,NORMAL,,0,0,0,0,0,22.0,3.2546897636306804,0.7071067811865476,"De mensheid.
Nieuwe innovaties kunnen een positieve invloed hebben op onze omstandigheden op deze planeet en ons voortbestaan daar op.",NA,,213,1,55,1,4,50-59
28179,DEU,Germany,invalid,rule_B_only,14,NORMAL,,0,0,0,0,0,19.0,2.5821112747702095,,weiß ich nicht,NA,,213,1,58,1,4,50-59
28216,DEU,Germany,invalid,rule_B_only,16,NORMAL,,0,0,0,0,0,19.0,4.785457665683092,0.3216337604513384,NA,Fundierte Belege ,,213,1,43,0,3,40-49
28261,DEU,Germany,invalid,rule_B_only,12,NORMAL,,0,0,0,0,0,18.0,3.2650535835787444,,Keine Ahnung ,NA,,213,1,59,2,3,50-59
28266,DEU,Germany,invalid,rule_B_only,182,NORMAL,,0,0,0,0,0,19.0,4.814181285064824,,NA,Dies hängt von der Bedeutung der von ihm durchgeführten Forschung und der Glaubwürdigkeit der von ihm durchgeführten früheren Forschungen und deren Auswirkungen auf die Menschheit ab,,213,1,37,1,4,30-39
28278,DEU,Germany,invalid,rule_B_only,10,NORMAL,,0,0,0,0,0,27.0,2.6326894413769995,,weiß nicht,NA,,213,1,61,1,3,60+
28307,DEU,Germany,invalid,rule_B_only,26,NORMAL,,0,0,0,0,0,28.0,2.011296719723115,,die hohen tiere wegen geld,NA,,213,1,49,0,3,40-49
28386,DEU,Germany,invalid,rule_B_only,72,NORMAL,,0,0,0,0,0,17.0,2.466438967324801,,"Forschung, Technik, Medizin…. meist je nach Macht- und/ oder Profitgier.",NA,,213,1,51,0,3,50-59
28413,DEU,Germany,invalid,rule_B_only,40,NORMAL,,0,0,0,0,0,18.0,4.146800061311639,-0.31622776601683794,Die gesamte Bevölkerung profitiert davon,NA,,213,1,40,1,3,40-49
28440,DEU,Germany,invalid,rule_B_only,32,NORMAL,,0,0,0,0,0,27.0,2.595570649683736,,das möchte ich auch gerne wissen,NA,,213,1,64,1,3,60+
28473,DEU,Germany,invalid,rule_B_only,161,NORMAL,,0,0,0,0,0,21.0,3.3036222713774532,0.7905694150420948,"Jede interessierte Bürgerin bzw jeder interessierte Bürger dieses Landes, denn nur mit fundierten Informationen sollten Entscheidungen abgewogen/getroffen werden ",NA,,213,1,62,0,4,60+
28480,DEU,Germany,invalid,rule_B_only,9,NORMAL,,0,0,0,0,0,31.0,2.6500262214045147,1.0,NA,Kompetenz ,,213,1,49,0,3,40-49
28538,DEU,Germany,invalid,rule_B_only,7,NORMAL,,0,0,0,0,0,30.0,3.8562338852277316,,NA,Bildung ,,213,1,36,0,4,30-39
28585,SVN,Slovenia,invalid,rule_B_only,20,NORMAL,,0,0,0,0,0,18.0,4.2346060313380285,,NA,Splosno zaradi etike,,213,1,64,0,4,60+
28593,DEU,Germany,invalid,rule_B_only,10,NORMAL,,0,0,0,0,0,30.0,3.3388302909617957,,"ne Antwort
",NA,,213,1,28,1,4,18-29
28638,SVN,Slovenia,invalid,rule_B_only,6,NORMAL,,0,0,0,0,0,26.0,2.4754979791663483,,Ne vem,NA,,213,1,61,0,3,60+
28708,NLD,Netherlands,invalid,rule_B_only,26,NORMAL,,0,0,0,0,0,18.0,3.2253597763538098,,bedrijfsleven en industrie,NA,,213,1,52,1,3,50-59
28725,DEU,Germany,invalid,rule_B_only,109,NORMAL,,0,0,0,0,0,17.0,2.9805784932333568,,"ich hoffe die Umwelt wird davon profitieren, dass die Wissensachaft über die Folgen des Klimawandels aufklärt",NA,,213,1,20,1,3,18-29
28737,DEU,Germany,invalid,rule_B_only,9,NORMAL,,0,0,0,0,0,18.0,8.43816060698756,0.0,NA,Garnichts,,213,1,65,0,3,60+
28743,SVN,Slovenia,invalid,rule_B_only,53,NORMAL,,0,0,0,0,0,18.0,5.484707197587976,,"Življenje ljudi predvsem, če gledam iz vidika zdravja",NA,,213,1,66,0,3,60+
28803,DEU,Germany,invalid,rule_B_only,35,NORMAL,,0,0,0,0,0,18.0,3.27379206400242,,NA,Glauben an seine Arbeit/Überzeugung,,213,1,31,0,3,30-39
28816,DEU,Germany,invalid,rule_B_only,11,NORMAL,,0,0,0,0,0,24.0,2.9284632813554206,,Unternehmen,NA,,213,1,26,0,3,18-29
28830,DEU,Germany,invalid,rule_B_only,6,NORMAL,,0,0,0,0,0,17.0,4.091380558681582,,NA,Nichts,,213,1,54,1,3,50-59
28871,DEU,Germany,invalid,rule_B_only,43,NORMAL,,0,0,0,0,0,17.0,3.1835881358637437,,Die grossen Firmen um mehr Profit zu machen,NA,,213,1,53,1,3,50-59
28880,SVN,Slovenia,invalid,rule_B_only,95,NORMAL,,0,0,0,0,0,21.0,3.626328840667727,,"družba - ekološki in medicinski doprinos, razvoj tehnologije, razumevanje okolja in družbe same",NA,,213,1,37,0,4,30-39
28918,SVN,Slovenia,invalid,rule_B_only,40,NORMAL,,0,0,0,0,0,20.0,4.2332080563216445,,Ljudstvo v izboljšavi svojega življenja.,NA,,213,1,72,1,4,60+
28920,DEU,Germany,invalid,rule_B_only,61,NORMAL,,0,0,0,0,0,23.0,5.320557418826945,,Science creates new technologies to ease our daily activities ,NA,,213,1,35,1,4,30-39
28957,DEU,Germany,invalid,rule_B_only,42,NORMAL,,0,0,0,0,0,18.0,4.052696598574018,,NA,Wenn er bei seinem Tun an die Bürger denkt,,213,1,59,0,3,50-59
29058,DEU,Germany,invalid,rule_B_only,60,NORMAL,,0,0,0,0,0,19.0,2.3267730864953973,,Die Unternehmer und der Staat. Der Staat bekommt die Steuer. ,NA,,213,1,45,0,4,40-49
29106,SVN,Slovenia,invalid,rule_B_only,98,NORMAL,,0,0,0,0,0,22.0,2.693068594121716,,"Vsi imamo koristi na razlicnih podrocjih kot so medicina, transport, komunikacije, predelava hrane",NA,,213,1,52,0,4,50-59
29209,DEU,Germany,invalid,rule_B_only,63,NORMAL,,0,0,0,0,0,20.0,3.464564992446339,0.31622776601683794,Zur Zeit von Corona die Unternehmer die Teststationen betreiben,NA,,213,1,45,1,3,40-49
29210,NLD,Netherlands,invalid,rule_B_only,12,NORMAL,,0,0,0,0,0,17.0,5.182070168233826,-0.3692744729379982,I don't know,NA,,213,1,32,1,3,30-39
29213,DEU,Germany,invalid,rule_B_only,143,NORMAL,,0,0,0,0,0,29.0,4.903153083888192,,NA,Für mich ist gar nichts zu 100% vertrauenswürdig aber ich denke so bald er einen stattlichen Titel erhält sind Wissenschaftler vertrauenswürdig ,,213,1,18,0,3,18-29
29311,DEU,Germany,invalid,rule_B_only,42,NORMAL,,0,0,0,0,0,19.0,3.46083549558936,,NA,Dank wissenschaftlern wissen wir noch mehr,,213,1,27,0,3,18-29
29363,DEU,Germany,invalid,rule_B_only,12,NORMAL,,0,0,0,0,0,19.0,2.560125931517922,,keine Ahnung ,NA,,213,1,43,1,4,40-49
29365,DEU,Germany,invalid,rule_B_only,10,NORMAL,,0,0,0,0,0,17.0,3.5638278811843542,,NA,fachwissen,,213,1,59,0,4,50-59
29384,DEU,Germany,invalid,rule_B_only,34,NORMAL,,0,0,0,0,0,25.0,8.582393349788498,,Die sowieso schon reichen Menschen ,NA,,213,1,43,2,3,40-49
29402,DEU,Germany,invalid,rule_B_only,130,NORMAL,,0,0,0,0,0,22.0,8.552282225497757,,NA,Seine Studie ist eine moderne und genaue wissenschaftliche Studie und Untersuchung der Mysterien und Geheimnisse seiner Entstehung,,213,1,28,1,4,18-29
29417,NLD,Netherlands,invalid,rule_B_only,8,NORMAL,,0,0,0,0,0,27.0,3.7399081267667835,,iedereen,NA,,213,1,27,0,4,18-29
29449,DEU,Germany,invalid,rule_B_only,14,NORMAL,,0,0,0,0,0,28.0,2.1760589168912623,,Weiß ich nicht ,NA,,213,1,23,1,3,18-29
29489,DEU,Germany,invalid,rule_B_only,60,NORMAL,,0,0,0,0,0,20.0,6.358519900603214,,Alle profitieren von der Wissenschaft wenn man sie nur lässt,NA,,213,1,60,1,3,60+
29527,DEU,Germany,invalid,rule_B_only,157,NORMAL,,0,0,0,0,0,26.0,2.011296719723115,,im prinzip die menschheit. aber die politik kann leider meistens keinen konsens finden um die wissenschaftlichen erkenntnisse effektiv in die tat umzusetzen.,NA,,213,1,33,1,4,30-39
29557,DEU,Germany,invalid,rule_B_only,98,NORMAL,,0,0,0,0,0,19.0,3.667292991008933,,NA,"Detaillierte Informationen von wissenschaftlichen Beträgen, die aufgrund von Forschungen basieren. ",,213,1,65,0,3,60+
29566,DEU,Germany,invalid,rule_B_only,36,NORMAL,,0,0,0,0,0,22.0,2.7383933165397787,,NA,Viele bekannte und korrekte Arbeiten ,,213,1,29,1,3,18-29
29585,DEU,Germany,invalid,rule_B_only,28,NORMAL,,0,0,0,0,0,18.0,2.5087843099040996,,NA,Fällt mir spontan nichts ein,,213,1,35,0,3,30-39
29611,DEU,Germany,invalid,rule_B_only,11,NORMAL,,0,0,0,0,0,26.0,5.518918188572201,,NA,Ehrlichkeit,,213,1,36,1,4,30-39
29617,DEU,Germany,invalid,rule_B_only,16,NORMAL,,0,0,0,0,0,19.0,5.334817429023206,0.43301270189221935,NA,"Qualifikationen, ",,213,1,25,1,3,18-29
29626,DEU,Germany,invalid,rule_B_only,26,NORMAL,,0,0,0,0,0,28.0,8.360485017072044,,die wissenschaftler selbst,NA,,213,1,66,0,3,60+
29687,DEU,Germany,invalid,rule_B_only,22,NORMAL,,0,0,0,0,0,26.0,5.389385496824281,,Weil ich Neugierig bin,NA,,213,1,35,1,4,30-39
29693,DEU,Germany,invalid,rule_B_only,51,NORMAL,,0,0,0,0,0,17.0,5.322490369802474,0.5,NA,wenn sie sachkundige nachprüfbare Egebnisse vorlegt,,213,1,57,1,4,50-59
29715,DEU,Germany,invalid,rule_B_only,14,NORMAL,,0,0,0,0,0,22.0,1.97296000148819,,die ganze Welt,NA,,213,1,67,0,3,60+
29722,DEU,Germany,invalid,rule_B_only,63,NORMAL,,0,0,0,0,0,20.0,5.5041409306691245,,unser leben wird dadurch verbessert und die natur wird geschüzt,NA,,213,1,27,0,4,18-29
29758,DEU,Germany,invalid,rule_B_only,10,NORMAL,,0,0,0,0,0,18.0,6.031066489668057,,weiß nicht,NA,,213,1,35,0,3,30-39
29815,DEU,Germany,invalid,rule_B_only,31,NORMAL,,0,0,0,0,0,18.0,3.9479566802665405,,NA,Sie forschen bestimmte bereiche,,213,1,46,0,3,40-49
29832,DEU,Germany,invalid,rule_B_only,16,NORMAL,,0,0,0,0,0,22.0,4.635577370110511,,die Gesellschaft ,NA,,213,1,33,1,4,30-39
29833,DEU,Germany,invalid,rule_B_only,25,NORMAL,,0,0,0,0,0,22.0,6.681003051783698,,vcgh bvchbcc vxfhvc bcxfh,NA,,213,1,29,1,4,18-29
29835,DEU,Germany,invalid,rule_B_only,15,NORMAL,,0,0,0,0,0,18.0,6.113049046839439,,NA,Weiß ich nicht.,,213,1,60,0,3,60+
29850,DEU,Germany,invalid,rule_B_only,13,NORMAL,,0,0,0,0,0,23.0,5.447954372565972,1.0,Die politiker,NA,,213,1,23,0,4,18-29
29863,DEU,Germany,invalid,rule_B_only,13,NORMAL,,0,0,0,0,0,20.0,4.070706881649116,,die industrie,NA,,213,1,71,1,3,60+
29895,NLD,Netherlands,invalid,rule_B_only,47,NORMAL,,0,0,0,0,0,19.0,4.7448439823658335,,NA,"Als het wetenschappelijk, fysiek onderbouwd is. ",,213,1,49,1,3,40-49
29905,DEU,Germany,invalid,rule_B_only,78,NORMAL,,0,0,0,0,0,20.0,2.3069569853242893,,NA,Konkrete aussagn die allgemeinvertändlich und nachvollziehbar bermittelt werdn,,213,1,38,0,4,30-39
29936,DEU,Germany,invalid,rule_B_only,42,NORMAL,,0,0,0,0,0,17.0,4.603739609759154,,NA,"Keine Ahnung, Wissenschaft ist nicht meins",,213,1,28,0,3,18-29
29959,DEU,Germany,invalid,rule_B_only,23,NORMAL,,0,0,0,0,0,20.0,3.787386900537072,,Ich erinnere mich nicht,NA,,213,1,28,1,2,18-29
29987,DEU,Germany,invalid,rule_B_only,6,MEDIUM,longstring_exceed,1,0,1,0,0,57.0,2.105969436065255,,Reiche ,NA,,213,1,27,1,3,18-29
30001,DEU,Germany,invalid,rule_B_only,14,NORMAL,,0,0,0,0,0,18.0,4.462126383160136,,NA,die Referenzen ,,213,1,23,1,3,18-29
30046,DEU,Germany,invalid,rule_B_only,32,NORMAL,,0,0,0,0,0,20.0,3.864000424478168,,NA,Wenn sie über die Wahrheit reden ,,213,1,60,0,3,60+
30049,DEU,Germany,invalid,rule_B_only,38,NORMAL,,0,0,0,0,0,26.0,3.3619497794243864,0.31622776601683794,NA,Fundierte Ausbildung und Weiterbildung ,,213,1,62,0,3,60+
30050,DEU,Germany,invalid,rule_B_only,66,NORMAL,,0,0,0,0,0,21.0,3.8556197990156686,0.4472135954999579,NA,Ohne politisch oder durch Medien gefärbt ein Thema neutral angehen,,213,1,46,1,4,40-49
30087,DEU,Germany,invalid,rule_B_only,16,NORMAL,,0,0,0,0,0,26.0,2.1247630098438766,,weiß nicht genau,NA,,213,1,31,0,4,30-39
30089,DEU,Germany,invalid,rule_B_only,6,NORMAL,,0,0,0,0,0,17.0,4.3765419260186595,,keiner,NA,,213,1,65,1,3,60+
30165,DEU,Germany,invalid,rule_B_only,14,NORMAL,,0,0,0,0,0,24.0,4.900392486330716,-0.5773502691896257,"ich weiß nicht
",NA,,213,1,28,1,4,18-29
30206,DEU,Germany,invalid,rule_B_only,75,NORMAL,,0,0,0,0,0,18.0,5.218767157841516,,NA,Ja durch ihr Streben nach der Wahrheit.Sowie das erforschen des unbekannten ,,213,1,45,1,3,40-49
30217,SVN,Slovenia,invalid,rule_B_only,6,NORMAL,,0,0,0,0,0,26.0,4.677361239425144,,ljudje,NA,,213,1,38,0,3,30-39
30242,DEU,Germany,invalid,rule_B_only,14,NORMAL,,0,0,0,0,0,19.0,6.161248529322864,,Alle denke ich,NA,,213,1,43,1,3,40-49
30276,DEU,Germany,invalid,rule_B_only,23,NORMAL,,0,0,0,0,0,17.0,3.721031001864163,0.6123724356957946,"Wirtschaft, Technologie ",NA,,213,1,25,0,3,18-29
30303,DEU,Germany,invalid,rule_B_only,11,NORMAL,,0,0,0,0,0,19.0,4.316420614072086,,Das Kapital ,NA,,213,1,70,1,4,60+
30306,DEU,Germany,invalid,rule_B_only,13,NORMAL,,0,0,0,0,0,17.0,2.6259263324591906,,NA,Lernfähigkeit,,213,1,63,1,4,60+
30341,DEU,Germany,invalid,rule_B_only,19,NORMAL,,0,0,0,0,0,17.0,3.760777900503874,,Die Pharmaindustrie,NA,,213,1,61,0,3,60+
30346,DEU,Germany,invalid,rule_B_only,30,NORMAL,,0,0,0,0,0,17.0,5.185912012585329,0.25,NA,"Abschluss, Auftreten, Ausdruck",,213,1,33,0,4,30-39
30414,DEU,Germany,invalid,rule_B_only,47,NORMAL,,0,0,0,0,0,19.0,4.900081379461012,0.5,NA,"Keine Ahnung, da kein Interesse an Wissenschaft",,213,1,51,1,3,50-59
30460,DEU,Germany,invalid,rule_B_only,9,NORMAL,,0,0,0,0,0,31.0,3.785396367110208,,srdtfzghj,NA,,213,1,33,1,4,30-39
30483,DEU,Germany,invalid,rule_B_only,12,NORMAL,,0,0,0,0,0,30.0,2.975421675268652,,NA,keine Angabe,,213,1,36,1,3,30-39
30510,DEU,Germany,invalid,rule_B_only,13,NORMAL,,0,0,0,0,0,19.0,7.545399705877774,-0.2548235957188128,alle Menschen ,NA,,213,1,38,1,4,30-39
30531,DEU,Germany,invalid,rule_B_only,64,NORMAL,,0,0,0,0,0,20.0,4.049696311908566,-0.25,"Die Industrie, weil sie die Ergebnisse gewinnbringend vermarktet",NA,,213,1,81,0,3,60+
30540,DEU,Germany,invalid,rule_B_only,53,NORMAL,,0,0,0,0,0,20.0,2.8274711589935584,,Die wissenschaftler. Weil es der rest nicht versteht.,NA,,213,1,38,0,4,30-39
30573,DEU,Germany,invalid,rule_B_only,7,MEDIUM,longstring_exceed,1,0,1,0,0,67.0,1.907995950213076,,Politik ,NA,,213,1,37,0,4,30-39
30575,DEU,Germany,invalid,rule_B_only,7,NORMAL,,0,0,0,0,0,18.0,5.348766294523034,,NA,Erfolge,,213,1,58,0,3,50-59
30583,DEU,Germany,invalid,rule_B_only,12,NORMAL,,0,0,0,0,0,21.0,3.766464256854819,-0.2,NA,Gute Studien ,,213,1,38,1,3,30-39
30585,DEU,Germany,invalid,rule_B_only,39,NORMAL,,0,0,0,0,0,17.0,7.180956243770575,0.4338609156373123,NA,Sich auch anderen Meinungen zu stellen.,,213,1,77,0,3,60+
30613,DEU,Germany,invalid,rule_B_only,9,NORMAL,,0,0,0,0,0,31.0,4.85259878825383,,NA,Good work ,,213,1,32,1,4,30-39
30628,DEU,Germany,invalid,rule_B_only,71,NORMAL,,0,0,0,0,0,18.0,7.115843942357558,0.5330017908890261,Wissenschaft an sich selbst. Der Profiteur ist abhängig von der Studie.,NA,,213,1,37,0,3,30-39
30683,DEU,Germany,invalid,rule_B_only,10,MEDIUM,longstring_exceed,1,0,1,0,0,52.0,6.633159944486496,,niemand...,NA,,213,1,63,1,3,60+
30717,NLD,Netherlands,invalid,rule_B_only,9,NORMAL,,0,0,0,0,0,26.0,2.3389099887519817,,geen idee,NA,,213,1,62,0,3,60+
30749,DEU,Germany,invalid,rule_B_only,27,NORMAL,,0,0,0,0,0,18.0,4.715743020191802,,NA,dazu habe ich keine Meinung,,213,1,71,0,3,60+
30776,DEU,Germany,invalid,rule_B_only,126,NORMAL,,0,0,0,0,0,19.0,3.3029719565906106,,"Es könnten alle profitieren aber die Wirtschaft und die Politik unterbinden und verzögern, 
Man is zu viel Willkür aushesetzt",NA,,213,1,45,0,3,40-49
30806,DEU,Germany,invalid,rule_B_only,16,NORMAL,,0,0,0,0,0,18.0,2.847002633331248,,Die Gesellschaft,NA,,213,1,26,0,4,18-29
30848,DEU,Germany,invalid,rule_B_only,17,NORMAL,,0,0,0,0,0,27.0,2.011296719723115,,NA,ich weiß es nicht,,213,1,38,0,3,30-39
30910,DEU,Germany,invalid,rule_B_only,10,NORMAL,,0,0,0,0,0,22.0,4.206804067853402,,weiß nicht,NA,,213,1,59,1,3,50-59
30926,DEU,Germany,invalid,rule_B_only,23,NORMAL,,0,0,0,0,0,24.0,3.220419848356353,,NA,Ich erinnere mich nicht,,213,1,27,1,3,18-29
30950,DEU,Germany,invalid,rule_B_only,112,NORMAL,,0,0,0,0,0,27.0,3.5391146064495915,,"kann ich nicht sagen, da ich das nicht verfolge bzw verstehe was die sogenanten Wissenschaftler d von sich geben",NA,,213,1,58,0,3,50-59
30977,DEU,Germany,invalid,rule_B_only,25,NORMAL,,0,0,0,0,0,27.0,2.011296719723115,,NA,Das kann ich nicht sagen.,,213,1,54,1,3,50-59
30981,DEU,Germany,invalid,rule_B_only,47,NORMAL,,0,0,0,0,0,18.0,3.4040752846274476,,NA,Da hab ich mir noch nie Gedanken drüber gemacht,,213,1,49,0,3,40-49
30984,DEU,Germany,invalid,rule_B_only,35,NORMAL,,0,0,0,0,0,20.0,2.7579234632532903,-0.2,"Der Mensch, die Forschung, die Welt",NA,,213,1,54,0,3,50-59
31030,DEU,Germany,invalid,rule_B_only,149,NORMAL,,0,0,0,0,0,30.0,4.961571032173498,0.25,NA,Unabhängigkeit. Transparenz über Auftraggeber. Bereitschaft die eigenen Ergebnisse prüfen zu lassen. Bereitschaft evtl. Fehler transparent zu machen.,,213,1,45,1,4,40-49
31034,DEU,Germany,invalid,rule_B_only,49,NORMAL,,0,0,0,0,0,27.0,4.85259878825383,,NA,seine ergebnisse offenund erhlich veröffentlichen,,213,1,27,0,4,18-29
31103,DEU,Germany,invalid,rule_B_only,113,NORMAL,,0,0,0,0,0,17.0,5.263648005653346,,WIssenschaft ist ein bedeutender Bestandteil der Weiterentwicklung. Ohne fundierte Wissenschaft kein Fortschritt. ,NA,,213,1,59,0,4,50-59
31120,DEU,Germany,invalid,rule_B_only,79,NORMAL,,0,0,0,0,0,22.0,2.99337010469841,0.6324555320336759,NA,Bestimmte Themengebiete für alle verständlich erläutern und mit Fakten darlegen ,,213,1,35,1,3,30-39
31123,NLD,Netherlands,invalid,rule_B_only,11,MEDIUM,longstring_exceed,1,0,1,0,0,48.0,2.1638709933787044,,NA,geen mening,,213,1,64,1,3,60+
31163,DEU,Germany,invalid,rule_B_only,75,NORMAL,,0,0,0,0,0,17.0,5.2743672050862225,0.0,NA,Nachvollziehbare Erklärungen bzw. Veröffentlichungen. Sinn des Ergebnisses.,,213,1,37,1,3,30-39
31167,DEU,Germany,invalid,rule_B_only,10,NORMAL,,0,0,0,0,0,23.0,3.342566820988131,,NA,keine idee,,213,1,73,0,3,60+
31264,DEU,Germany,invalid,rule_B_only,222,NORMAL,,0,0,0,0,0,21.0,5.952097324951207,-0.42008402520840293,NA,"Die Bereitschaft Irrtümer und Fehler zuzugeben und zu korrigieren.
Selbst zu Themen zu recherchieren und nicht einfach Aussagen zu  übernehmen. Eine angemessene und verständliche Sprache. Abstand zu Politik und Industrie. ",,213,1,56,0,4,50-59
31291,DEU,Germany,invalid,rule_B_only,372,NORMAL,,0,0,0,0,0,29.0,4.85259878825383,,"Wissenschaftliche Erkenntnisse ermöglichen es uns, neue Technologien zu entwickeln, praktische Probleme zu lösen und fundierte Entscheidungen zu treffen – sowohl individuell als auch kollektiv.  Da seine Produkte so nützlich sind, ist der wissenschaftliche Prozess mit diesen Anwendungen verflochten: Neue wissenschaftliche Erkenntnisse können zu neuen Anwendungen führen.",NA,,213,1,27,0,4,18-29
31313,DEU,Germany,invalid,rule_B_only,36,NORMAL,,0,0,0,0,0,19.0,5.750376646789558,,NA,Komplette Informationen des gesamten ,,213,1,70,0,3,60+
31316,DEU,Germany,invalid,rule_B_only,35,NORMAL,,0,0,0,0,0,17.0,3.1696924274501206,,"Wir alle, ermöglicht besseres Leben",NA,,213,1,23,1,3,18-29
31319,DEU,Germany,invalid,rule_B_only,9,NORMAL,,0,0,0,0,0,22.0,2.2663435512092636,,Der Staat ,NA,,213,1,56,0,3,50-59
31355,DEU,Germany,invalid,rule_B_only,15,NORMAL,,0,0,0,0,0,31.0,5.433760079709089,0.8401680504168059,NA,schwer zu sagen,,213,1,52,1,4,50-59
31362,DEU,Germany,invalid,rule_B_only,188,NORMAL,,0,0,0,0,0,29.0,4.85259878825383,,NA,"die systematische Untersuchung der Struktur und des Verhaltens der physischen und natürlichen Welt durch Beobachtung, Experimente und das Testen von Theorien anhand der erhaltenen Beweise.",,213,1,48,0,4,40-49
31428,GRC,Greece,invalid,rule_B_only,68,MEDIUM,longstring_exceed,1,0,1,0,0,43.0,9.018753267741863,-0.49923017660270624,Πιστεύω πως ο μόνος που ωφελείται από την επιστήμη είναι η κυβέρνηση ,NA,,213,1,59,1,3,50-59
31440,DEU,Germany,invalid,rule_B_only,7,NORMAL,,0,0,0,0,0,17.0,4.660372694380658,,politik,NA,,213,1,65,0,3,60+
31487,DEU,Germany,invalid,rule_B_only,10,NORMAL,,0,0,0,0,0,26.0,4.555497711092905,,NA,weiß nicht,,213,1,47,0,3,40-49
31493,DEU,Germany,invalid,rule_B_only,7,NORMAL,,0,0,0,0,0,22.0,2.7874047420208243,0.31622776601683794,gfffb^3,NA,,213,1,54,1,4,50-59
31538,DEU,Germany,invalid,rule_B_only,67,NORMAL,,0,0,0,0,0,21.0,4.429167657892159,,"Die Menschheit, weil immer wieder neue Entdeckungen gemacht werden.",NA,,213,1,68,0,3,60+
31594,DEU,Germany,invalid,rule_B_only,23,NORMAL,,0,0,0,0,0,17.0,4.9749599045782995,,NA,Wie soll ich das wissen ,,213,1,56,1,3,50-59
31620,DEU,Germany,invalid,rule_B_only,29,NORMAL,,0,0,0,0,0,21.0,2.9288824296668383,,NA,Darauf weiß ich keine Antwort ,,213,1,19,1,3,18-29
31657,DEU,Germany,invalid,rule_B_only,146,NORMAL,,0,0,0,0,0,20.0,4.85259878825383,,die Verbraucher aufgrund von Fortschritten in der wissenschaftlichen Forschung sowohl in der Medizin als auch in anderen Aspekten der Wissenschaft,NA,,213,1,26,1,4,18-29
31660,DEU,Germany,invalid,rule_B_only,84,NORMAL,,0,0,0,0,0,18.0,3.779404688831275,,"die Gesellschaft. Weil sie so neue und unabhängige, gesicherte Erkenntnisse bekommt.",NA,,213,1,43,0,4,40-49
31663,DEU,Germany,invalid,rule_B_only,20,NORMAL,,0,0,0,0,0,20.0,5.437858006093449,,NA,Das man ihnen glaubt,,213,1,57,0,3,50-59
31676,DEU,Germany,invalid,rule_B_only,51,NORMAL,,0,0,0,0,0,17.0,4.8239575317528,,"Industrie 
Wegen der möglichen Finanziellen Folgen ",NA,,213,1,72,NA,3,60+
31677,DEU,Germany,invalid,rule_B_only,54,NORMAL,,0,0,0,0,0,22.0,5.154866377272744,-0.6643638388299198,NA,Publizierte Studien mit Belegen durch weitere Personen,,213,1,30,1,3,30-39
31718,DEU,Germany,invalid,rule_B_only,203,NORMAL,,0,0,0,0,0,20.0,5.541753303150258,,"Ich persönlich denke, der Staat. Es wird immer alles teurer und versteuert. Warum genau ich diese Meinung habe, kann ich nichtchristlicher sagen. Man hat es im Gefühl oder viele Menschen denken genau so.",NA,,213,1,26,0,3,18-29
31740,DEU,Germany,invalid,rule_B_only,13,NORMAL,,0,0,0,0,0,17.0,5.202952191659386,0.6324555320336759,alle Menschen,NA,,213,1,44,1,4,40-49
31747,DEU,Germany,invalid,rule_B_only,120,NORMAL,,0,0,0,0,0,21.0,2.6027271363286815,,Die Vorteile kommen zwar zeitversetzt in der Weltbevölkerung an jedoch profitiert eigentlich jeder von der Wissenschaft.,NA,,213,1,35,1,4,30-39
31782,DEU,Germany,invalid,rule_B_only,9,NORMAL,,0,0,0,0,0,27.0,5.5321865529729095,,NA,Forschung,,213,1,38,1,3,30-39
31803,GRC,Greece,invalid,rule_B_only,11,NORMAL,,0,0,0,0,0,27.0,3.1803439153843396,,NA,Ο λογος του,,213,1,40,1,4,40-49
31862,DEU,Germany,invalid,rule_B_only,372,NORMAL,,0,0,0,0,0,17.0,2.692094293767878,1.0,"Da gibt es meiner Meinung nach keine klare Antwort. An der Entwicklung neuer Medikamente, wie jetzt bei der Corona-Pandemie profitieren natürlich auch die Menschen. Aber die Pharmazie-Konzerne profitieren noch viel mehr. Eine gute Geste wäre gewesen, wenn sie die Herstellung der Medikamente auch in anderen, vor allem ärmeren Ländern, ohne Lizenz-Gebühren erlaubt hätten.",NA,,213,1,66,1,4,60+
31930,DEU,Germany,invalid,rule_B_only,26,NORMAL,,0,0,0,0,0,20.0,4.666530930493538,,NA,"Ehrlich, sachkundig, klug.",,213,1,48,0,3,40-49
31985,DEU,Germany,invalid,rule_B_only,30,NORMAL,,0,0,0,0,0,26.0,2.011296719723115,,NA,Wenn er/sie unabhängig forscht,,213,1,57,0,3,50-59
31992,DEU,Germany,invalid,rule_B_only,12,NORMAL,,0,0,0,0,0,22.0,2.560619002153612,1.0,NA,Hohe Bildung,,213,1,57,1,3,50-59
31998,DEU,Germany,invalid,rule_B_only,43,NORMAL,,0,0,0,0,0,19.0,5.531267999380807,0.4472135954999579,NA,Ich vertraue niemandem man wird nur belogen ,,213,1,51,0,3,50-59
32030,DEU,Germany,invalid,rule_B_only,29,NORMAL,,0,0,0,0,0,20.0,4.935881001221165,,NA,"wenn er, sie ehrlich schreibt",,213,1,26,0,3,18-29
32057,DEU,Germany,invalid,rule_B_only,39,NORMAL,,0,0,0,0,0,18.0,5.617555924031462,,NA,being honest and giving accurate result,,213,1,32,0,4,30-39
32062,DEU,Germany,invalid,rule_B_only,99,NORMAL,,0,0,0,0,0,17.0,5.08242815270226,0.43301270189221935,NA,"Es kann nichts eine oder einen Wissenschaftler vertrauenswürdig, da man kaum jemanden trauen kann.!",,213,1,26,0,4,18-29
32097,DEU,Germany,invalid,rule_B_only,40,NORMAL,,0,0,0,0,0,17.0,3.0625236011302923,,das Gesundheitswesen wegen der Forschung,NA,,213,1,52,0,3,50-59
32127,DEU,Germany,invalid,rule_B_only,153,NORMAL,,0,0,0,0,0,17.0,4.122862687214103,0.7071067811865476,NA,"Er hinterlegt seine Arbeiten mit anderen wissenschaftlichen Arbeiten und erarbeitet eigene wissenschaftliche Themen, die nachvollziehbar und geprüft sind ",,213,1,73,0,4,60+
32164,DEU,Germany,invalid,rule_B_only,11,NORMAL,,0,0,0,0,0,27.0,4.243303898347714,,NA,Ehrlichkeit ,,213,1,38,0,3,30-39
32215,DEU,Germany,invalid,rule_B_only,23,NORMAL,,0,0,0,0,0,28.0,3.8580392318563277,1.0,NA,Ich erinnere mich nicht,,213,1,28,1,4,18-29
32260,DEU,Germany,invalid,rule_B_only,6,NORMAL,,0,0,0,0,0,17.0,2.7476648147288523,,wn....,NA,,213,1,63,0,3,60+
32265,DEU,Germany,invalid,rule_B_only,135,NORMAL,,0,0,0,0,0,18.0,3.81979103950818,0.8783100656536799,NA,"Wissenschaftler sollen ständig neue, bahnbrechende Erkenntnisse produzieren. Die Erkenntnisse und Idee sollte ehrlich und belegbar sein ",,213,1,30,0,3,30-39
32273,DEU,Germany,invalid,rule_B_only,97,NORMAL,,0,0,0,0,0,18.0,5.601453104016007,,Diese Frage ist für mich schwer zu beantworten denke alle profitieren davon warum weiss Ich nicht ,NA,,213,1,28,0,3,18-29
32303,DEU,Germany,invalid,rule_B_only,213,NORMAL,,0,0,0,0,0,21.0,2.8522275153814842,,Egal welche wissenschaft profitiert in erster liebe immer der Verbraucher oder der Mensch das Tier die Umwelt. Weil wenn wir egal in welcher Entwicklung alle richtig handeln würden würde die Welt viel besser sein.,NA,,213,1,27,0,3,18-29
32312,DEU,Germany,invalid,rule_B_only,152,NORMAL,,0,0,0,0,0,22.0,3.393610696954807,0.31622776601683794,NA,"Wenn er/sie sich nicht nur auf eine Studie bezieht sondern auf mehrere und diese auch vergleicht.
Und wenn er/sie eigene unabhängige Studien durchführt",,213,1,28,0,3,18-29
32317,DEU,Germany,invalid,rule_B_only,8,NORMAL,,0,0,0,0,0,22.0,4.223494218635727,,Wir alle ,NA,,213,1,30,1,3,30-39
32336,DEU,Germany,invalid,rule_B_only,32,NORMAL,,0,0,0,0,0,26.0,5.909381984102157,,"Die Reichen, weil sie Geld haben",NA,,213,1,43,1,4,40-49
32366,DEU,Germany,invalid,rule_B_only,11,NORMAL,,0,0,0,0,0,26.0,1.9303772273937083,,NA,gute arbeit,,213,1,46,0,3,40-49
32374,DEU,Germany,invalid,rule_B_only,67,NORMAL,,0,0,0,0,0,19.0,6.354181739033455,-0.22360679774997896,"Alle, da es alle Schichten der Gesellschaft und Wirtschaft umfasst.",NA,,213,1,33,1,4,30-39
32413,DEU,Germany,invalid,rule_B_only,91,NORMAL,,0,0,0,0,0,18.0,7.346054469346945,,"Die Wissenschaft hat viel zum Menschen beigetragen, angefangen von Medizin, Technologie usw",NA,,213,1,30,0,4,30-39
32443,DEU,Germany,invalid,rule_B_only,46,NORMAL,,0,0,0,0,0,24.0,2.336199252522671,,Die Wissenschaftler selbst und die Bevölkerung,NA,,213,1,31,1,3,30-39
32450,DEU,Germany,invalid,rule_B_only,721,NORMAL,,0,0,0,0,0,19.0,4.2471943353496,0.43301270189221935,NA,"Das ist eine sehr gute und gleichzeitig sehr schwierige Frage. Aktuell habe ich ziemlich das Vertrauen in die Wissenschaft verloren. Der Umgang mit dem Coronavirus hat sehr viel zerstört. Ich finde, dass oft viel geredet wird, aber keine Fakten auf den Tisch gelegt werden. Ebenso ist es wichtig nicht nur positive Erkenntnisse, sondern auch negative offen zu nennen. Belege, Beweise, die ehrlich und nachgewiesen sind, machen einen Wissenschaftler ( in gender nicht) für mich vertrauenswürdig. Nachvollziehbare Ergebnisse. Erklärungen die auch ein Laie verstehen kann. Kein ""Schöngerede"" und kein Gerede um den heißen Brei. Fakten zu kennen, diese erkläutern zu können. Ist wirklich schwierig diese Frage zu beantworten. ",,213,1,41,0,3,40-49
32494,DEU,Germany,invalid,rule_B_only,13,NORMAL,,0,0,0,0,0,26.0,2.1247630098438766,,weiß es nicht,NA,,213,1,56,1,3,50-59
32568,DEU,Germany,invalid,rule_B_only,38,NORMAL,,0,0,0,0,0,24.0,2.0610258788374654,,Die Wissenschaftler und die Politiker.,NA,,213,1,28,0,3,18-29
32575,DEU,Germany,invalid,rule_B_only,30,NORMAL,,0,0,0,0,0,24.0,4.651595764503221,,NA,Seriöse und glaubhafte Angaben ,,213,1,26,1,3,18-29
32658,DEU,Germany,invalid,rule_B_only,45,NORMAL,,0,0,0,0,0,20.0,2.532223013879804,,Auf jedenfall nicht der Bürger/Endverbraucher,NA,,213,1,72,NA,3,60+
32663,DEU,Germany,invalid,rule_B_only,6,NORMAL,,0,0,0,0,0,19.0,3.887396399247338,,Medien,NA,,213,1,29,0,3,18-29
32670,DEU,Germany,invalid,rule_B_only,35,NORMAL,,0,0,0,0,0,27.0,2.32428879242503,,"Unternehmen, Lobbyisten und Politik",NA,,213,1,48,0,3,40-49
32678,DEU,Germany,invalid,rule_B_only,92,NORMAL,,0,0,0,0,0,21.0,3.3343196701057365,-0.5423261445466404,NA,"Wenn es nicht um Profit geht. Sobald es darum geht Geld zu verdienen, ist alles andere egal. ",,213,1,43,0,3,40-49
32690,DEU,Germany,invalid,rule_B_only,112,NORMAL,,0,0,0,0,0,22.0,3.8629774711806752,,NA,"die Verpflichtung, sich an wissenschaftliche ERkenntnisse zu halten, und sich ethisch zu verhalten beim Forschen",,213,1,20,0,3,18-29
32693,DEU,Germany,invalid,rule_B_only,41,NORMAL,,0,0,0,0,0,17.0,5.447229538157905,,Der Endverbraucher weil er es nutzen kann,NA,,213,1,38,1,3,30-39
32747,DEU,Germany,invalid,rule_B_only,12,NORMAL,,0,0,0,0,0,22.0,3.5679559092742026,1.0,Ist mir egal ,NA,,213,1,44,0,3,40-49
32761,DEU,Germany,invalid,rule_B_only,112,NORMAL,,0,0,0,0,0,21.0,4.849541580058875,,"Die Ingenieure profitieren am meisten von der Wissenschaft, weil sie die Praxis nutzen. Ich bin ihr Studienfach.",NA,,213,1,32,1,4,30-39
32763,DEU,Germany,invalid,rule_B_only,14,NORMAL,,0,0,0,0,0,22.0,5.906093696693481,,"ich weiß nicht
",NA,,213,1,28,1,4,18-29
32808,DEU,Germany,invalid,rule_B_only,12,NORMAL,,0,0,0,0,0,24.0,3.292761381024583,,Keine Angabe ,NA,,213,1,41,1,3,40-49
32853,DEU,Germany,invalid,rule_B_only,37,NORMAL,,0,0,0,0,0,17.0,6.782790365032299,0.7071067811865476,NA,Sie legen Fakten vor und Hintergründe ,,213,1,47,1,3,40-49
32910,DEU,Germany,invalid,rule_B_only,23,NORMAL,,0,0,0,0,0,22.0,3.1009095604069223,,NA,Ich erinnere mich nicht,,213,1,28,1,4,18-29
33044,GRC,Greece,invalid,rule_B_only,120,MEDIUM,longstring_exceed,1,0,1,0,0,39.0,2.1332425513653215,,Περισσότερο επωφελούνται οι επιχειρήσεις αλλά και ο απλός λαός για την υγεία και για την διευκόλυνση της καθημερινότητας ,NA,,213,1,21,1,4,18-29
33049,GRC,Greece,invalid,rule_B_only,29,NORMAL,,0,0,0,0,0,20.0,3.669470288220928,0.5813183589761798,NA,Η τεκμηρίωση των απόψεων του. ,,213,1,62,0,4,60+
33072,GRC,Greece,invalid,rule_B_only,36,NORMAL,,0,0,0,0,0,18.0,5.325821481327341,,NA,Ενδιαφέρεται για το καλό των πολιτών ,,213,1,49,1,3,40-49
33130,GRC,Greece,invalid,rule_B_only,71,NORMAL,,0,0,0,0,0,17.0,3.5196851369639477,,NA,Να έχει κάνει πολλές έρευνες και να έχει αποδείξεις για τις μελέτες του ,,213,1,68,0,3,60+
33199,GRC,Greece,invalid,rule_B_only,200,NORMAL,,0,0,0,0,0,27.0,3.231243289940651,0.6324555320336759,NA,"ο όρος δηλώνει το σύστημα απόκτησης γνώσης με βάση την επιστημονική μεθοδολογία που βασίζεται στην επιστημονική έρευνα, καθώς και στην οργάνωση και ταξινόμηση της αποκτώμενης με αυτόν τον τρόπο γνώσης",,213,1,39,0,4,30-39
33218,GRC,Greece,invalid,rule_B_only,40,NORMAL,,0,0,0,0,0,22.0,3.1801181222112125,,NA,πείραμα - δοκιμή - επαλήθευση- επανάληψη ,,213,1,51,1,4,50-59
33220,GRC,Greece,invalid,rule_B_only,11,MEDIUM,longstring_exceed,1,0,1,0,0,39.0,3.26312976338838,1.0,δεν γνωρίζω,NA,,213,1,61,1,4,60+
33264,GRC,Greece,invalid,rule_B_only,11,NORMAL,,0,0,0,0,0,20.0,3.5252776734653306,-0.2,NA,I dont know,,213,1,62,0,3,60+
33266,DEU,Germany,invalid,rule_B_only,45,NORMAL,,0,0,0,0,0,20.0,2.878410093388407,,keine Ahnung - hängt vom Thema bzw. Gebiet ab,NA,,213,1,40,0,3,40-49
33370,DEU,Germany,invalid,rule_B_only,52,NORMAL,,0,0,0,0,0,22.0,7.220004594780076,0.6078306738548308,"Alle Menschen, weil es unser Leben angenehmer macht. ",NA,,213,1,40,1,4,40-49
33371,DEU,Germany,invalid,rule_B_only,71,NORMAL,,0,0,0,0,0,20.0,3.8530737602385705,,NA,muss auf seinem gebiet gut sein. muss ein sympathisches auftreten haben,,213,1,42,1,3,40-49
33373,GRC,Greece,invalid,rule_B_only,7,NORMAL,,0,0,0,0,0,21.0,2.7554147144882926,,NA,"Η γνώση

",,213,1,25,0,4,18-29
33406,DEU,Germany,invalid,rule_B_only,8,MEDIUM,longstring_exceed,1,0,1,0,0,57.0,2.011296719723115,,NA,wahrheit,,213,1,49,1,3,40-49
33444,DEU,Germany,invalid,rule_B_only,11,NORMAL,,0,0,0,0,0,26.0,2.878410093388407,,NA,teils teils,,213,1,45,1,3,40-49
33517,GRC,Greece,invalid,rule_B_only,139,NORMAL,,0,0,0,0,0,20.0,5.0676374795871695,,NA,"Η κατάρτηση του στο ζήτημα, η απάντηση των ερωτημάτων με απαντήσεις που να καλύπτουν τα ερωτήματα καθώς και τα αποτελέσματα των απαντήσεων.",,213,1,37,1,4,30-39
33566,DEU,Germany,invalid,rule_B_only,35,NORMAL,,0,0,0,0,0,19.0,3.451576170786111,,Alle  denn Wissenschaft ist Zukunft ,NA,,213,1,63,0,3,60+
33580,DEU,Germany,invalid,rule_B_only,104,NORMAL,,0,0,0,0,0,17.0,4.684337662537968,-0.15811388300841897,NA,"Offenheit und absolute Ehrlichkeit. Weitblick und Neutralität, Unabhängigkeit von Status,  Geld, Erfolg.",,213,1,55,0,3,50-59
33602,GRC,Greece,invalid,rule_B_only,7,MEDIUM,longstring_exceed,1,0,1,0,0,32.0,2.1332425513653215,,Ιατρική ,NA,,213,1,21,0,4,18-29
33605,GRC,Greece,invalid,rule_B_only,27,NORMAL,,0,0,0,0,0,18.0,2.5672204140202974,,NA,Η αιτιολόγηση στον λόγο του ,,213,1,23,NA,3,18-29
33673,GRC,Greece,invalid,rule_B_only,10,NORMAL,,0,0,0,0,0,20.0,5.599050430913949,0.4472135954999579,Ο άνθρωπος ,NA,,213,1,40,0,4,40-49
33690,DEU,Germany,invalid,rule_B_only,85,NORMAL,,0,0,0,0,0,17.0,2.8780855534347176,,Ich denke mal z. B. Bei Medikamenten die Hersteller. Diese Leute bestimmen die Preise ,NA,,213,1,67,0,3,60+
33721,DEU,Germany,invalid,rule_B_only,39,NORMAL,,0,0,0,0,0,27.0,5.389665677080618,,NA,Ich halte nichts von wissenschaftlichen ,,213,1,45,0,3,40-49
33752,NLD,Netherlands,invalid,rule_B_only,9,NORMAL,,0,0,0,0,0,28.0,3.0797836543020067,,NA,Weet niet ,,213,1,22,1,3,18-29
33827,GRC,Greece,invalid,rule_B_only,10,NORMAL,,0,0,0,0,0,27.0,2.1950813281390245,,Οι πολίτες,NA,,213,1,54,1,4,50-59
33865,NLD,Netherlands,invalid,rule_B_only,12,NORMAL,,0,0,0,0,0,17.0,8.238821044227453,,Weet ik niet,NA,,213,1,26,1,2,18-29
33869,DEU,Germany,invalid,rule_B_only,13,NORMAL,,0,0,0,0,0,26.0,3.4115922495693805,,alle menschen,NA,,213,1,61,0,3,60+
33873,GRC,Greece,invalid,rule_B_only,72,NORMAL,,0,0,0,0,0,23.0,4.162671722807479,-0.7071067811865476,NA,Να μην εξαγοράζεται να κάνει σωστά την δουλειά του και να είναι εχεμυθος,,213,1,24,1,4,18-29
33877,DEU,Germany,invalid,rule_B_only,11,NORMAL,,0,0,0,0,0,18.0,2.8132245969829626,,NA,entwicklung,,213,1,28,0,3,18-29
33962,NLD,Netherlands,invalid,rule_B_only,9,MEDIUM,longstring_exceed,1,0,1,0,0,37.0,2.5180535867885223,,NA,weet niet,,213,1,42,0,3,40-49
34012,GRC,Greece,invalid,rule_B_only,55,MEDIUM,longstring_exceed,1,0,1,0,0,51.0,5.57901600246973,,Η Κυβέρνηση διότι αυτή είναι υπεύθυνη πίσω από όλα αυτά ,NA,,213,1,23,1,4,18-29
34015,DEU,Germany,invalid,rule_B_only,12,NORMAL,,0,0,0,0,0,27.0,2.0598478703712697,,Keine Ahnung ,NA,,213,1,28,0,3,18-29
34058,DEU,Germany,invalid,rule_B_only,21,NORMAL,,0,0,0,0,0,17.0,3.9197761002077036,0.7745966692414834,"Wissenschaftler
Geld",NA,,213,1,57,0,4,50-59
34095,AUT,Austria,invalid,rule_B_only,77,NORMAL,,0,0,0,0,0,20.0,4.204028714070841,-0.7592566023652966,NA,wenn er/sie seine Sache das Thema mit Wissen und Fakten gut beantworten kann.,,213,1,51,0,4,50-59
34100,DEU,Germany,invalid,rule_B_only,10,NORMAL,,0,0,0,0,0,18.0,5.7972325258948825,,Die Bürger ,NA,,213,1,27,0,3,18-29
34125,DEU,Germany,invalid,rule_B_only,87,NORMAL,,0,0,0,0,0,20.0,3.0752330244240316,,Die Menschheit sollte die Wissenschaft ausnahmsweise einmal neutral und unabhängig sein,NA,,213,1,28,1,4,18-29
34165,DEU,Germany,invalid,rule_B_only,351,NORMAL,,0,0,0,0,0,19.0,6.054206224137064,,"Jeder, der in unserem Staat lebt und hier arbeitet. Die Wissenschaft forscht, stellt Dinge auf den Kopf, prüft, hinterfragt und ändert Dinge, Abläufe usw. Also, durch die Wissenschaft ändern sich Dinge und Abläufe voreilhaft. Es wird dadurch eingespart, Zeit, Ressourcen, Kraft, Energie, Geld. Es profitieren Menschen, Firmen, Unternehmen, die Umwelt.    ",NA,,213,1,68,0,3,60+
34169,AUT,Austria,invalid,rule_B_only,144,NORMAL,,0,0,0,0,0,19.0,4.453691031660015,0.7559289460184544,"Die ganze Menschheit sollte von Wissenschaft profitieren, meistens sind es aber nur bestimmte Unternehmen und/oder Personen, die reich werden...",NA,,213,1,67,0,4,60+
34221,DEU,Germany,invalid,rule_B_only,31,NORMAL,,0,0,0,0,0,22.0,4.07938961384561,,"Der Uni CH und Fluginfo der  CH
",NA,,213,1,25,1,4,18-29
34287,DEU,Germany,invalid,rule_B_only,151,NORMAL,,0,0,0,0,0,17.0,5.134773642264574,0.5,NA,"Das schöne an Wissenschaft ist, dass es nicht darum geht ob ein einzelner Wissenschaftler vertrauenswürdig ist, sondern ob Daten valide sind oder nicht",,213,1,29,1,3,18-29
34292,DEU,Germany,invalid,rule_B_only,6,MEDIUM,longstring_exceed,1,0,1,0,0,43.0,2.9211203587628094,,NA,Jawoll,,213,1,22,1,3,18-29
34371,AUT,Austria,invalid,rule_B_only,37,NORMAL,,0,0,0,0,0,28.0,2.6167786950628162,,Grundsätzlich die gesamte Bevölkerung,NA,,213,1,33,0,3,30-39
34380,AUT,Austria,invalid,rule_B_only,66,NORMAL,,0,0,0,0,0,23.0,3.365625204979765,0.4472135954999579,"Die Wirtschaft, da sie die Errungenschaften kommerziell verwendet.",NA,,213,1,44,1,3,40-49
34439,DEU,Germany,invalid,rule_B_only,18,NORMAL,,0,0,0,0,0,22.0,4.243415918560851,-0.7071067811865476,Die Allgemeinheit.,NA,,213,1,26,1,3,18-29
34521,AUT,Austria,invalid,rule_B_only,11,NORMAL,,0,0,0,0,0,26.0,6.276069170400047,,Human being,NA,,213,1,22,2,4,18-29
34534,AUT,Austria,invalid,rule_B_only,8,NORMAL,,0,0,0,0,0,22.0,3.5345859131258304,0.2,Wir alle,NA,,213,1,28,0,3,18-29
34547,AUT,Austria,invalid,rule_B_only,175,NORMAL,,0,0,0,0,0,17.0,3.73822418826057,,NA,Langjährige Erfahrung im Bereich der Wissenschaft. Gute fundierte Ausbildung. Positive Ergebnisse im Bereich der Forschung. Gutes persönliches Auftreten in der Öffentlichkeit.,,213,1,70,1,2,60+
34579,DEU,Germany,invalid,rule_B_only,85,NORMAL,,0,0,0,0,0,23.0,4.9019045022996455,,Jcjcjfhchhxhyugjfjjcnvcnbxgzhxjfcjjgkgkjfhfjgjgjfjfjfjfjfhfdggufjjchchxgssgdjfjghxhxh,NA,,213,1,28,1,4,18-29
34648,NLD,Netherlands,invalid,rule_B_only,52,NORMAL,,0,0,0,0,0,29.0,8.03048287711075,-0.12964074471043288,samenleving omdat het onze levenskwaliteit verbetert,NA,,213,1,36,0,2,30-39
34676,AUT,Austria,invalid,rule_B_only,51,NORMAL,,0,0,0,0,0,19.0,3.6308892437904383,,"Die studierenden und die PErsonen die lernen wollen
",NA,,213,1,23,1,3,18-29
34750,NLD,Netherlands,invalid,rule_B_only,11,NORMAL,,0,0,0,0,0,20.0,4.830721535502291,,Astronouten,NA,,213,1,38,0,3,30-39
34786,AUT,Austria,invalid,rule_B_only,10,NORMAL,,0,0,0,0,0,18.0,3.6034282059455363,,NA,Integrität,,213,1,45,1,4,40-49
34799,AUT,Austria,invalid,rule_B_only,62,NORMAL,,0,0,0,0,0,28.0,2.1779910073013937,,alle Menschen weil es in jedem Bereich immer wieder Neues gibt ,NA,,213,1,47,0,3,40-49
34806,FRA,France,invalid,rule_B_only,14,NORMAL,,0,0,0,0,0,27.0,2.5899308855920715,,Je né saisnpas ,NA,,213,1,32,0,3,30-39
34819,FRA,France,invalid,rule_B_only,80,NORMAL,,0,0,0,0,0,22.0,2.5466022471475,,"Les chercheurs, les ingénieurs, les laboratoires, les archéologues, les médecins ",NA,,213,1,29,0,3,18-29
34834,FRA,France,invalid,rule_B_only,47,NORMAL,,0,0,0,0,0,17.0,3.6357001921623286,,NA,Apporte des preuves concret sur se qu'il avance,,213,1,33,0,4,30-39
34855,FRA,France,invalid,rule_B_only,59,NORMAL,,0,0,0,0,0,31.0,3.0578899357492375,,L ETRE HUMAIN CAR LA SCIENCE NOUS FAIT VIVRE PLUS LONGTEMPS,NA,,213,1,53,1,3,50-59
34861,FRA,France,invalid,rule_B_only,23,NORMAL,,0,0,0,0,0,17.0,3.642698261653708,0.5,ce qui ont des maladies,NA,,213,1,25,1,3,18-29
34911,FRA,France,invalid,rule_B_only,51,NORMAL,,0,0,0,0,0,17.0,3.6355871619124405,,NA,La recherche effectuée et le type d' étude réalisée ,,213,1,66,0,3,60+
34930,FRA,France,invalid,rule_B_only,107,NORMAL,,0,0,0,0,0,18.0,6.0788608710485565,,"Bonjour, ceux qui bénéficient le plus de la science c’est la médecine, la recherche et encore ! ? Trop peu.",NA,,213,1,66,1,3,60+
34949,FRA,France,invalid,rule_B_only,14,NORMAL,,0,0,0,0,0,26.0,3.150028379583207,,NA,je ne sais pas,,213,1,63,1,3,60+
34963,FRA,France,invalid,rule_B_only,7,NORMAL,,0,0,0,0,0,30.0,6.206004866435856,0.4472135954999579,Science,NA,,213,1,23,1,3,18-29
34965,FRA,France,invalid,rule_B_only,47,NORMAL,,0,0,0,0,0,17.0,8.982414335950104,-0.3779644730092272,NA,le sérieux qu'il ou elle fait dans son travail.,,213,1,52,1,3,50-59
34979,FRA,France,invalid,rule_B_only,46,NORMAL,,0,0,0,0,0,29.0,3.7938057481505107,,NA,son parcours et la reconnaissance de ses pairs,,213,1,51,1,4,50-59
35048,FRA,France,invalid,rule_B_only,311,NORMAL,,0,0,0,0,0,17.0,6.233903606729949,-0.242535625036333,"la population dans le sens positif ou negatif, suivant le type de developpement et l'organisation pour laquelle son utilisation est destinée. Internet était destinée aux militaires et s'est démocratisée. Le nucléaire que tous les pays veulent maitriser est un cote negatif pour le peuple et pour l'environnement",NA,,213,1,58,1,3,50-59
35054,FRA,France,invalid,rule_B_only,97,NORMAL,,0,0,0,0,0,19.0,4.416660463049867,,les scientifiques grassement payé et jamais inquiet quand ils se trompent ou manipulent les faits,NA,,213,1,47,1,4,40-49
35104,FRA,France,invalid,rule_B_only,48,NORMAL,,0,0,0,0,0,20.0,2.92276273144917,,Les scientifiques car ils sont en première ligne ,NA,,213,1,35,1,4,30-39
35129,FRA,France,invalid,rule_B_only,30,NORMAL,,0,0,0,0,0,17.0,5.758687621472512,0.4,NA,Si ses travaux ont été valides ,,213,1,57,0,4,50-59
35163,NLD,Netherlands,invalid,rule_B_only,36,NORMAL,,0,0,0,0,0,23.0,3.4652646980945248,,NA,"Geen idee, nooit echt over nagedacht",,213,1,56,0,3,50-59
35167,FRA,France,invalid,rule_B_only,15,NORMAL,,0,0,0,0,0,21.0,4.902140291760469,,NA,plein de savoir,,213,1,54,0,3,50-59
35216,FRA,France,invalid,rule_B_only,13,NORMAL,,0,0,0,0,0,19.0,2.991300221575759,,Tout le monde,NA,,213,1,40,0,3,40-49
35306,FRA,France,invalid,rule_B_only,14,MEDIUM,longstring_exceed,1,0,1,0,0,58.0,2.485657739217905,,NA,Je ne sais pas ,,213,1,56,0,3,50-59
35324,AUT,Austria,invalid,rule_B_only,77,NORMAL,,0,0,0,0,0,21.0,7.709864745217996,-0.16609095970747995,"Menschen mit starker Meinung halten sich für klug, auch wenn das nicht stimmt",NA,,213,1,28,0,3,18-29
35346,FRA,France,invalid,rule_B_only,139,NORMAL,,0,0,0,0,0,17.0,5.348065247480047,0.4472135954999579,NA,Il suit une procédure intellectuelle avec une hypothèse de d'expérimentation et une conclusion. Cela garantit la véracité de la conclusion. ,,213,1,20,1,4,18-29
35352,AUT,Austria,invalid,rule_B_only,119,NORMAL,,0,0,0,0,0,18.0,4.0002785675976975,,NA,"faltenbasierte argumentation, vermittelt in einer für mich als laie verständlichen und nachvollziehbaren art und weise.",,213,1,55,0,3,50-59
35409,FRA,France,invalid,rule_B_only,40,NORMAL,,0,0,0,0,0,26.0,7.012531442880561,-0.43000658178376583,Les laboratoires et les pouvoirs publics ,NA,,213,1,55,0,3,50-59
35455,FRA,France,invalid,rule_B_only,67,NORMAL,,0,0,0,0,0,19.0,2.7281239980602354,,NA,un qui a fait des études et des experiences avec des bons résultats,,213,1,37,0,4,30-39
35554,FRA,France,invalid,rule_B_only,32,NORMAL,,0,0,0,0,0,26.0,2.6714601743975184,,NA,Je pense que c'est les résultats ,,213,1,33,0,4,30-39
35556,AUT,Austria,invalid,rule_B_only,25,NORMAL,,0,0,0,0,0,21.0,6.535566503368287,,Die Interesse daran haben,NA,,213,1,18,1,4,18-29
35616,FRA,France,invalid,rule_B_only,44,NORMAL,,0,0,0,0,0,17.0,6.6972099442263735,0.4629100498862757,"l'armée, c'est la recherche la plus financée",NA,,213,1,61,1,3,60+
35716,FRA,France,invalid,rule_B_only,17,NORMAL,,0,0,0,0,0,20.0,6.225060574142584,0.7071067811865476,les scinetifiques,NA,,213,1,47,1,4,40-49
35730,FRA,France,invalid,rule_B_only,17,NORMAL,,0,0,0,0,0,17.0,5.203614097756463,,Les êtres humains ,NA,,213,1,18,1,3,18-29
35768,FRA,France,invalid,rule_B_only,34,NORMAL,,0,0,0,0,0,17.0,3.12499802672049,,NA,Son expérience son sens d'argument,,213,1,40,0,4,40-49
35772,FRA,France,invalid,rule_B_only,56,NORMAL,,0,0,0,0,0,17.0,3.465070657533119,,Cela me m'intéresse pas car la science n'est pas exacte. ,NA,,213,1,62,1,3,60+
35814,AUT,Austria,invalid,rule_B_only,255,NORMAL,,0,0,0,0,0,27.0,4.418631701854453,,"Die Wissenschaft bringt uns täglich neue Erkenntnisse. Sie hilft uns, unsere Welt zu verstehen und zu verbessern, sie inspiriert Innovation, löst Probleme und bietet neue Perspektiven. Wer sich für das wissen entscheidet, entscheidet sich für die Zukunft.",NA,,213,1,46,0,3,40-49
35850,AUT,Austria,invalid,rule_B_only,43,NORMAL,,0,0,0,0,0,17.0,5.35675108490103,0.0,NA,"die seriösität der wissenschaft, ehrenkodex",,213,1,49,1,4,40-49
35883,FRA,France,invalid,rule_B_only,14,NORMAL,,0,0,0,0,0,24.0,2.479830897527125,,JE NE SAIS PAS,NA,,213,1,20,0,4,18-29
35920,FRA,France,invalid,rule_B_only,9,NORMAL,,0,0,0,0,0,28.0,3.074049056954722,,NA,LA BLOUSE,,213,1,23,0,4,18-29
35960,FRA,France,invalid,rule_B_only,23,NORMAL,,0,0,0,0,0,21.0,2.557699950081576,,NA,Je ne sais pas vraiment,,213,1,39,0,4,30-39
35985,FRA,France,invalid,rule_B_only,54,NORMAL,,0,0,0,0,0,22.0,5.448478106530325,-0.31622776601683794,"Les personnes riches, car elle ont le pouvoir d achats ",NA,,213,1,21,0,4,18-29
35987,FRA,France,invalid,rule_B_only,25,NORMAL,,0,0,0,0,0,17.0,4.845680045893437,,l'humanité toute entière.,NA,,213,1,70,1,4,60+
36095,FRA,France,invalid,rule_B_only,63,NORMAL,,0,0,0,0,0,18.0,2.5500740327677063,,NA,Son parcours sa personnalité sa capacité à expliquer simplement ,,213,1,50,0,4,50-59
36182,FRA,France,invalid,rule_B_only,11,MEDIUM,longstring_exceed,1,0,1,0,0,71.0,6.8528091425032684,,Je sais pas ,NA,,213,1,29,0,3,18-29
36186,FRA,France,invalid,rule_B_only,14,NORMAL,,0,0,0,0,0,19.0,2.614662735096751,,Je ne sais pas,NA,,213,1,37,0,4,30-39
36249,AUT,Austria,invalid,rule_B_only,29,NORMAL,,0,0,0,0,0,19.0,3.279827636242308,-0.31622776601683794,NA,Wenn er seine Theorie beweist ,,213,1,62,0,3,60+
36259,FRA,France,invalid,rule_B_only,11,MEDIUM,longstring_exceed,1,0,1,0,0,71.0,6.8528091425032684,,je sais pas,NA,,213,1,66,1,2,60+
36283,FRA,France,invalid,rule_B_only,60,NORMAL,,0,0,0,0,0,24.0,2.440774762306951,,Tout le monde et plus particulièrement  dans domaine médical ,NA,,213,1,67,0,4,60+
36284,AUT,Austria,invalid,rule_B_only,56,NORMAL,,0,0,0,0,0,19.0,7.2461649585811125,-0.22086305214969307,"Die Politik, weil sie finanzielle Vorteile daraus ziehen ",NA,,213,1,34,1,3,30-39
36287,AUT,Austria,invalid,rule_B_only,76,NORMAL,,0,0,0,0,0,19.0,4.255164590285128,,"Ich denke das alle davon Profitieren, die einen mehr und die anderen weniger",NA,,213,1,55,1,3,50-59
36304,FRA,France,invalid,rule_B_only,10,NORMAL,,0,0,0,0,0,18.0,5.626567998647557,1.0,le patient,NA,,213,1,37,1,4,30-39
36397,AUT,Austria,invalid,rule_B_only,31,NORMAL,,0,0,0,0,0,18.0,6.976639307703741,,NA,Korrekte seriöse Auskunft gibt.,,213,1,58,0,3,50-59
36438,FRA,France,invalid,rule_B_only,272,NORMAL,,0,0,0,0,0,20.0,4.460063768260819,-0.5,NA,"La Fiabilité des informations (qui prouvent ou donnent une réalité des faits ou des avances dans un domaine particulier) ou par les résultats obtenus (exemples : médicament / vaccin / chirurgie efficace sur des maladies graves ou orpheline,, étude / expertise du climat …)",,213,1,55,1,3,50-59
36544,AUT,Austria,invalid,rule_B_only,15,NORMAL,,0,0,0,0,0,24.0,2.7810699438226774,,NA,logische Fakten,,213,1,22,1,3,18-29
36568,FRA,France,invalid,rule_B_only,30,NORMAL,,0,0,0,0,0,20.0,2.519544806941832,,NA,sa neutralité et son intégrité,,213,1,39,0,4,30-39
36581,FRA,France,invalid,rule_B_only,130,NORMAL,,0,0,0,0,0,20.0,2.815868678699025,-0.2,"La science est à la disposition de toutes et tous, par conséquent je pense qu'elle est bénéfique à toute personne s'y intéressant.",NA,,213,1,24,1,4,18-29
36599,FRA,France,invalid,rule_B_only,54,NORMAL,,0,0,0,0,0,17.0,4.719051419995813,0.727606875108999,C est la population dans son ensemble qui en beneficie ,NA,,213,1,53,1,3,50-59
36653,FRA,France,invalid,rule_B_only,15,NORMAL,,0,0,0,0,0,17.0,3.151059081860805,,NA,les expériences,,213,1,25,1,4,18-29
36667,FRA,France,invalid,rule_B_only,25,NORMAL,,0,0,0,0,0,19.0,2.8859342079994215,,NA,Son savoir et les preuves,,213,1,28,1,4,18-29
36672,NLD,Netherlands,invalid,rule_B_only,94,NORMAL,,0,0,0,0,0,18.0,3.7242043072564925,,De regering en de nieuwsmedia hebben een grote invloed op de menselijke indrukken en meningen.,NA,,213,1,60,1,3,60+
36704,FRA,France,invalid,rule_B_only,39,NORMAL,,0,0,0,0,0,17.0,3.271088904471008,,Personnes d'un milieu social privilégié ,NA,,213,1,28,0,4,18-29
36762,AUT,Austria,invalid,rule_B_only,77,NORMAL,,0,0,0,0,0,19.0,5.9958083864311895,0.4472135954999579,Die Gesellschaft; Wissenschaft treibt die Gesellschaft voran und ändert diese,NA,,213,1,33,0,4,30-39
36827,FRA,France,invalid,rule_B_only,8,NORMAL,,0,0,0,0,0,31.0,2.700570476710268,,Personne ,NA,,213,1,42,0,3,40-49
36879,FRA,France,invalid,rule_B_only,51,NORMAL,,0,0,0,0,0,19.0,4.641336568511292,,NA,LE FAIT QU4IL OU ELLE SOIT RECONNU DANS SON DOMAINE ,,213,1,59,0,3,50-59
36890,FRA,France,invalid,rule_B_only,22,NORMAL,,0,0,0,0,0,18.0,3.5587532429713855,0.7745966692414834,NA,car ils sont qualifiés,,213,1,64,1,3,60+
36947,FRA,France,invalid,rule_B_only,19,NORMAL,,0,0,0,0,0,26.0,2.3154030864786157,,NA,Des faits confirmés ,,213,1,33,1,3,30-39
36972,FRA,France,invalid,rule_B_only,17,NORMAL,,0,0,0,0,0,30.0,8.078548649698961,,Je ne sais pas...,NA,,213,1,38,0,4,30-39
36975,FRA,France,invalid,rule_B_only,11,MEDIUM,longstring_exceed,1,0,1,0,0,57.0,2.1326868103191066,,les malades,NA,,213,1,50,1,4,50-59
36981,FRA,France,invalid,rule_B_only,72,NORMAL,,0,0,0,0,0,20.0,3.5951316820415484,,NA,quand il publie des résultats officiels d'expériences sur du long terme.,,213,1,49,1,4,40-49
36988,FRA,France,invalid,rule_B_only,203,NORMAL,,0,0,0,0,0,22.0,3.8159609526907055,-0.2,"La médecine avec de nouveaux médicaments plus ciblés sur des maladies rares (myopathie, sida..) La radiologie (irm ,scanner ..) La chirurgie avec des matériaux plus précis et des instruments plus fiables   ",NA,,213,1,63,0,3,60+
37009,FRA,France,invalid,rule_B_only,180,NORMAL,,0,0,0,0,0,17.0,6.901299731246399,0.34299717028501764,NA,"Ses doutes,n'écoute que les scientifiques qui interviennent sur des émissions scientifiques par exemple sur France Culture,j'écoute peu les experts scientifiques des chaînes infos. ",,213,1,61,1,3,60+
37021,FRA,France,invalid,rule_B_only,39,NORMAL,,0,0,0,0,0,21.0,2.815177403185596,,les scientifiques car c'est leur métier,NA,,213,1,62,0,3,60+
37054,FRA,France,invalid,rule_B_only,13,NORMAL,,0,0,0,0,0,17.0,2.9959198439834047,,NA,Son honnêteté ,,213,1,50,1,4,50-59
37084,FRA,France,invalid,rule_B_only,135,NORMAL,,0,0,0,0,0,17.0,4.439380937257771,0.0,Les pays riches et les investissements dans la recherche et le développement. Toutes les grandes universités sont dans des pays riches…,NA,,213,1,50,1,4,50-59
37109,FRA,France,invalid,rule_B_only,11,MEDIUM,longstring_exceed,1,0,1,0,0,71.0,6.8528091425032684,,Je sais pas ,NA,,213,1,35,1,3,30-39
37120,FRA,France,invalid,rule_B_only,9,NORMAL,,0,0,0,0,0,23.0,2.9402265850364038,,NA,competent,,213,1,67,0,3,60+
37198,FRA,France,invalid,rule_B_only,73,NORMAL,,0,0,0,0,0,22.0,3.8189048065969815,0.0,Certains malades qui sont intéressants pour la science ou les plus riches ,NA,,213,1,52,0,3,50-59
37279,FRA,France,invalid,rule_B_only,11,NORMAL,,0,0,0,0,0,26.0,2.168105911679082,,Ne sais pas ,NA,,213,1,31,0,4,30-39
37281,FRA,France,invalid,rule_B_only,67,NORMAL,,0,0,0,0,0,20.0,2.1326868103191066,,Les gouvernements et les associations > fonds importants financiers ,NA,,213,1,38,0,4,30-39
37286,FRA,France,invalid,rule_B_only,11,MEDIUM,longstring_exceed,1,0,1,0,0,67.0,2.3023629835929675,,ne sais pas,NA,,213,1,45,1,4,40-49
37301,FRA,France,invalid,rule_B_only,12,NORMAL,,0,0,0,0,0,17.0,3.487513571454569,0.6324555320336759,NA,Les analyses ,,213,1,45,1,4,40-49
37304,FRA,France,invalid,rule_B_only,11,NORMAL,,0,0,0,0,0,18.0,3.6449945483975283,,NA,Les preuves ,,213,1,44,0,4,40-49
37313,FRA,France,invalid,rule_B_only,169,NORMAL,,0,0,0,0,0,17.0,7.280785138338835,0.8215838362577491,NA,L'impression de sérieux qu'il/elle renvoie. La vulgarisation de son propos qui permet au plus grand nombre de le comprendre et de vérifier les informations communiquées.,,213,1,51,1,3,50-59
37351,FRA,France,invalid,rule_B_only,17,NORMAL,,0,0,0,0,0,26.0,2.1326868103191066,,Les scientifiques ,NA,,213,1,33,0,3,30-39
37355,FRA,France,invalid,rule_B_only,69,NORMAL,,0,0,0,0,0,19.0,3.0448851165695547,,NA,quand il y a des résultats. et des bons jusau'au bout pas qu'un temps,,213,1,42,0,3,40-49
37379,FRA,France,invalid,rule_B_only,22,NORMAL,,0,0,0,0,0,17.0,4.096883955930293,,Je n'en ai aucune idée ,NA,,213,1,36,0,4,30-39
37442,FRA,France,invalid,rule_B_only,74,NORMAL,,0,0,0,0,0,20.0,2.976619821531764,,NA,"son analyse, son expertise et quand il arrive à vulgariser ses expériences",,213,1,56,1,4,50-59
37504,NLD,Netherlands,invalid,rule_B_only,9,NORMAL,,0,0,0,0,0,17.0,2.88852578941789,,NA,geen idee,,213,1,50,1,3,50-59
37527,AUT,Austria,invalid,rule_B_only,79,NORMAL,,0,0,0,0,0,19.0,4.596929387905132,0.31622776601683794,NA,"Gutes erklären, Beispiele, Vergleiche ziehen, einfach und verständlich erklären ",,213,1,50,2,3,50-59
37549,AUT,Austria,invalid,rule_B_only,11,NORMAL,,0,0,0,0,0,22.0,7.25137366795052,0.34188172937891387,NA,das ist gut,,213,1,27,1,4,18-29
37593,SVK,Slovakia,invalid,rule_B_only,8,NORMAL,,0,0,0,0,0,18.0,3.3854107261490283,,NA,Minulosť ,,213,1,21,1,3,18-29
37678,SVK,Slovakia,invalid,rule_B_only,24,NORMAL,,0,0,0,0,0,19.0,4.447490718513509,0.6324555320336759,NA,"odvedena praca, vysledky",,213,1,35,1,4,30-39
37699,SVK,Slovakia,invalid,rule_B_only,13,NORMAL,,0,0,0,0,0,26.0,5.219534669348815,,NA,Inteligencia.,,213,1,58,1,3,50-59
37706,SVK,Slovakia,invalid,rule_B_only,87,NORMAL,,0,0,0,0,0,24.0,4.296954230139645,0.3333333333333333,"Veda podľa najviac prospieva mladým ľuďom, môžu sa zúčastňovať na vedeckých poznatkoch.",NA,,213,1,30,0,4,30-39
37746,SVK,Slovakia,invalid,rule_B_only,53,NORMAL,,0,0,0,0,0,21.0,5.4499158864633825,,Vďaka pokroku vo vede sme tam kde sme t.j. v riti....,NA,,213,1,76,1,3,60+
37760,SVK,Slovakia,invalid,rule_B_only,8,NORMAL,,0,0,0,0,0,26.0,5.219534669348815,,Všetkým.,NA,,213,1,36,1,3,30-39
37768,SVK,Slovakia,invalid,rule_B_only,78,NORMAL,,0,0,0,0,0,17.0,6.29795371069834,,Veda by mala prospievať každému a každý by sa mal aspoň čiastočne venovať vede,NA,,213,1,53,1,3,50-59
37832,SVK,Slovakia,invalid,rule_B_only,8,NORMAL,,0,0,0,0,0,29.0,3.137421463471482,,NA,výsledky,,213,1,52,1,4,50-59
37855,SVK,Slovakia,invalid,rule_B_only,20,NORMAL,,0,0,0,0,0,26.0,5.916992184289869,0.6324555320336759,taha ludstvo dopredu,NA,,213,1,30,1,4,30-39
37867,SVK,Slovakia,invalid,rule_B_only,6,NORMAL,,0,0,0,0,0,17.0,3.9483682972273706,0.25,Neviem,NA,,213,1,49,1,3,40-49
37885,SVK,Slovakia,invalid,rule_B_only,22,NORMAL,,0,0,0,0,0,18.0,5.296062254243101,0.7071067811865476,NA,"jeho znalosti, studium",,213,1,30,0,3,30-39
37898,SVK,Slovakia,invalid,rule_B_only,11,NORMAL,,0,0,0,0,0,19.0,2.697782147660879,,pre človeka,NA,,213,1,34,1,3,30-39
37900,SVK,Slovakia,invalid,rule_B_only,11,NORMAL,,0,0,0,0,0,26.0,2.1578907811475188,,NA,Studovanost,,213,1,37,0,3,30-39
37906,SVK,Slovakia,invalid,rule_B_only,13,NORMAL,,0,0,0,0,0,20.0,2.5330255988744645,,Všetkým ľuďom ,NA,,213,1,64,0,3,60+
37910,SVK,Slovakia,invalid,rule_B_only,12,NORMAL,,0,0,0,0,0,25.0,2.8385966296651737,,mladým ľuďom,NA,,213,1,59,0,3,50-59
37916,SVK,Slovakia,invalid,rule_B_only,6,NORMAL,,0,0,0,0,0,27.0,5.948743799585953,,NA,neviem,,213,1,70,0,3,60+
37933,SVK,Slovakia,invalid,rule_B_only,13,NORMAL,,0,0,0,0,0,26.0,5.219534669348815,,NA,Inteligencia.,,213,1,77,0,3,60+
37953,SVK,Slovakia,invalid,rule_B_only,8,NORMAL,,0,0,0,0,0,26.0,5.219534669348815,,Všetkým.,NA,,213,1,55,0,3,50-59
37983,SVK,Slovakia,invalid,rule_B_only,7,NORMAL,,0,0,0,0,0,17.0,4.436755470083995,-0.5813183589761798,nevuiem,NA,,213,1,60,0,3,60+
38036,SVK,Slovakia,invalid,rule_B_only,13,NORMAL,,0,0,0,0,0,26.0,5.219534669348815,,NA,Inteligencia.,,213,1,53,0,3,50-59
38041,SVK,Slovakia,invalid,rule_B_only,110,NORMAL,,0,0,0,0,0,26.0,2.0994302453573215,,"Každému od najmladších ohľaďne vzdelania, bývania, práce až po najstarších dôchodcov ohľadne chodôb, života ..",NA,,213,1,45,0,4,40-49
38071,SVK,Slovakia,invalid,rule_B_only,14,NORMAL,,0,0,0,0,0,26.0,2.1569452709655015,,NA,kvalitná práca,,213,1,21,1,3,18-29
38084,SVK,Slovakia,invalid,rule_B_only,6,NORMAL,,0,0,0,0,0,27.0,3.680995772366026,-0.5,NA,Neviem,,213,1,41,0,3,40-49
38133,SVK,Slovakia,invalid,rule_B_only,29,NORMAL,,0,0,0,0,0,24.0,3.1497484130638376,1.0,NA,skúma neustále nové okolnosti,,213,1,64,0,3,60+
38144,SVK,Slovakia,invalid,rule_B_only,9,NORMAL,,0,0,0,0,0,18.0,4.144832721852211,,NA,vedomosti,,213,1,68,0,2,60+
38164,SVK,Slovakia,invalid,rule_B_only,8,NORMAL,,0,0,0,0,0,20.0,2.4714467868301004,,NA,výsledky,,213,1,61,0,3,60+
38204,NLD,Netherlands,invalid,rule_B_only,33,NORMAL,,0,0,0,0,0,21.0,5.94497113344126,,Om vooruit te gaan in de toekomst ,NA,,213,1,35,1,4,30-39
38236,NLD,Netherlands,invalid,rule_B_only,143,NORMAL,,0,0,0,0,0,18.0,5.836488239322937,,Ik heb hier geen interesse in en bemoei me hier niet mee. Ik bezit dus ook niet de juiste kennis om deze vraag objectief te kunnen beantwoorden ,NA,,213,1,38,1,4,30-39
38256,GRC,Greece,invalid,rule_B_only,80,NORMAL,,0,0,0,0,0,17.0,3.13649807516697,,NA,"Η ομιλία του να είναι τεκμηριωμένη,να αναφέρει σωστά και κατανοητά παραδείγματα.",,213,1,66,0,3,60+
38258,GRC,Greece,invalid,rule_B_only,11,NORMAL,,0,0,0,0,0,20.0,3.299245989524037,1.0,Den gnorixo,NA,,213,1,63,0,3,60+
38263,NLD,Netherlands,invalid,rule_B_only,48,NORMAL,,0,0,0,0,0,18.0,4.493928014924341,,De universiteit omdat daar de professoren zitten ,NA,,213,1,47,1,3,40-49
38293,NLD,Netherlands,invalid,rule_B_only,69,NORMAL,,0,0,0,0,0,18.0,2.7461322768217866,,Het milieu omdat die ervoor zorgt dat de mensheid kan blijven bestaan ,NA,,213,1,32,0,3,30-39
38315,NLD,Netherlands,invalid,rule_B_only,54,NORMAL,,0,0,0,0,0,19.0,2.8137937475341452,,De wetenschappers omdat het gaat om wat zij uitdragen. ,NA,,213,1,60,0,3,60+
38320,NLD,Netherlands,invalid,rule_B_only,41,NORMAL,,0,0,0,0,0,20.0,3.496855638894395,,De mensen die er gebruik van moeten maken,NA,,213,1,39,0,4,30-39
38354,NLD,Netherlands,invalid,rule_B_only,8,MEDIUM,longstring_exceed,1,0,1,0,0,42.0,2.1638709933787044,,weetniet,NA,,213,1,62,0,3,60+
38360,GRC,Greece,invalid,rule_B_only,31,MEDIUM,longstring_exceed,1,0,1,0,0,32.0,7.945643245808333,,NA,Να ειναι ειλικρινης σε οτι λεει,,213,1,31,0,2,30-39
38381,NLD,Netherlands,invalid,rule_B_only,9,MEDIUM,longstring_exceed,1,0,1,0,0,42.0,2.6973451752144975,,Geen idee,NA,,213,1,45,0,3,40-49
38453,GRC,Greece,invalid,rule_B_only,106,NORMAL,,0,0,0,0,0,21.0,7.294668566080503,0.7647058823529411,NA,Το κομμάτι με το οποίο ασχολείται. Ο τρόπος με τον οποίο προσεγγίζει ένα θέμα. Οι γενικοτερες απόψεις του. ,,213,1,28,1,3,18-29
38530,GRC,Greece,invalid,rule_B_only,8,MEDIUM,longstring_exceed,1,0,1,0,0,57.0,2.039983615132206,,NA, δεν ξέρω ,,213,1,32,0,3,30-39
38589,PRT,Portugal,invalid,rule_B_only,8,MEDIUM,longstring_exceed,1,0,1,0,0,57.0,2.0380544510988146,,.,Não sei,,213,3,36,0,4,30-39
38678,PRT,Portugal,invalid,rule_B_only,14,VERIFY,,0,0,0,0,0,23.0,3.8226261059318953,0.4472135954999579,Não sei,Não sei ,,213,3,38,1,3,30-39
38682,PRT,Portugal,invalid,rule_B_only,183,NORMAL,,0,0,0,0,0,20.0,4.977796495093168,-0.8401680504168059,A ciência é a única forma de demonstrarmos a verdade ,São as únicas pessoas que procuram a verdade incessantemente daí qualquer estudo científico tem de ser feito por pessoas confiáveis ,,213,1,69,1,3,60+
38692,PRT,Portugal,invalid,rule_B_only,77,NORMAL,,0,0,0,0,0,18.0,5.839075738164444,,Todos os cidadãos porque a ciência trabalha e prol dos cidadãos.,Ser assertivo,,213,1,35,0,4,30-39
38748,PRT,Portugal,invalid,rule_B_only,12,VERIFY,,0,0,0,0,0,30.0,3.7492256606284537,0.7071067811865476,todos ,estudos,,213,4,28,0,4,18-29
38778,PRT,Portugal,invalid,rule_B_only,17,NORMAL,,0,0,0,0,0,20.0,4.614122402197705,,Todo o mundo,Dados,,213,1,44,1,3,40-49
38783,PRT,Portugal,invalid,rule_B_only,14,VERIFY,,0,0,0,0,0,24.0,3.354465943896232,0.7071067811865476,"nao sei
","nao sei
",,213,3,48,1,3,40-49
38796,PRT,Portugal,invalid,rule_B_only,16,VERIFY,,0,0,0,0,0,26.0,2.9275854308513547,,O homem ,Os óculos ,,213,3,36,1,3,30-39
38798,PRT,Portugal,invalid,rule_B_only,76,NORMAL,,0,0,0,0,0,19.0,4.816385135210284,0.21693045781865616,"Se bem apliada, que normalmente não é, deveria ser a humanidade.",Muito pouco.,,213,1,57,1,3,50-59
38816,PRT,Portugal,invalid,rule_B_only,80,NORMAL,,0,0,0,0,0,19.0,4.006839847092407,0.6123724356957946,beneficia a população em geral,Os artigos publicados e os experimentos realizados,,213,1,36,0,4,30-39
38838,PRT,Portugal,invalid,rule_B_only,41,NORMAL,,0,0,0,0,0,19.0,2.972137685660938,,Prefiro não responder,A evidência empírica,,213,1,26,0,4,18-29
38854,PRT,Portugal,invalid,rule_B_only,14,MEDIUM,longstring_exceed,1,0,1,0,0,39.0,3.144135756096032,1.0,nao sei,nao sei,,213,4,51,1,3,50-59
38860,PRT,Portugal,invalid,rule_B_only,34,NORMAL,,0,0,0,0,0,19.0,3.966131616745217,0.31622776601683794,Todos,Pelos resultados apresentados,,213,1,31,1,3,30-39
38868,PRT,Portugal,invalid,rule_B_only,19,MEDIUM,longstring_exceed,1,0,1,0,0,51.0,2.0777547188033783,,TODOS,COM RESULTADOS,,213,3,50,1,3,50-59
38874,PRT,Portugal,invalid,rule_B_only,445,NORMAL,,0,0,0,0,0,17.0,6.016248530236125,0.727606875108999,"Depende do ramo da ciência. A descoberta de novos fármacos, quem beneficia é a industria farmaceutica.. Tratamentos atarvés de máquinas, os fabricantes,doutra forma não as construiam. Isto na ciência médica. na ci~encia da engenharia, onde me incluo, os beneficiários somos todos nós, com novas formas de construir, com pontes mais seguras, habitações mais cómodas e funcionais, etc.",A sua obra. Depois da constatação dos resultados apresentados.,,213,1,74,1,4,60+
38905,PRT,Portugal,invalid,rule_B_only,33,NORMAL,,0,0,0,0,0,20.0,3.4384534360270402,,somos nos os humanos ,credibilidade,,213,1,50,1,4,50-59
38911,PRT,Portugal,invalid,rule_B_only,131,NORMAL,,0,0,0,0,0,17.0,3.6595761049349216,0.6324555320336759,TODOS BENEFICIAMOS UNS MAIS QUE OUTROS ...AQUI COMO EM TUDO  DINHEIRO FALA MAIS ALTO,se ele conseguiu provar que usou em proveito de,,213,1,62,0,3,60+
38923,PRT,Portugal,invalid,rule_B_only,14,VERIFY,,0,0,0,0,0,26.0,3.4963013357953963,,Não sei,Não sei ,,213,3,54,1,3,50-59
38940,PRT,Portugal,invalid,rule_B_only,66,NORMAL,,0,0,0,0,0,19.0,3.9715239594319423,,"todas pessoas, pode atingir todas pessoas.",ser validado pelos pares,,213,1,52,1,4,50-59
38953,PRT,Portugal,invalid,rule_B_only,14,MEDIUM,longstring_exceed,1,0,1,0,0,46.0,1.9789491535956005,,Não sei ,Estudos ,,213,3,40,1,3,40-49
38954,PRT,Portugal,invalid,rule_B_only,18,NORMAL,,0,0,0,0,0,18.0,3.10985528716054,,Não tenho opinião ,.,,213,1,39,1,3,30-39
38956,PRT,Portugal,invalid,rule_B_only,8,VERIFY,,0,0,0,0,0,23.0,2.932828903716012,,Não sei,T,,213,3,27,0,4,18-29
39010,PRT,Portugal,invalid,rule_B_only,14,MEDIUM,longstring_exceed,1,0,1,0,0,57.0,2.0777547188033783,,Não sei,Não sei,,213,3,55,1,4,50-59
39022,PRT,Portugal,invalid,rule_B_only,188,NORMAL,,0,0,0,0,0,20.0,4.767493417383956,,Todos nós como seres humanos. E a ciencia como a arte devia ser mais valorizada em Portugal,"Todo o seu percurso profissional, até que seja devidamente reconhecido pela entrega de um premio.",,213,1,28,1,3,18-29
39072,GBR,United Kingdom,invalid,rule_B_only,48,NORMAL,,0,0,0,0,0,19.0,3.2462617373199905,1.0,NA,Giving a balanced argument using relevant facts.,,213,1,59,1,4,50-59
39086,GBR,United Kingdom,invalid,rule_B_only,97,NORMAL,,0,0,0,0,0,17.0,5.744714192302866,,most people in life benefit from it could be new beneficial in many ways from health too research,NA,,213,1,36,1,3,30-39
39097,GBR,United Kingdom,invalid,rule_B_only,18,NORMAL,,0,0,0,0,0,23.0,6.253296104586352,,NA,Absolutely no idea ,,213,1,58,1,4,50-59
39115,GBR,United Kingdom,invalid,rule_B_only,8,NORMAL,,0,0,0,0,0,18.0,5.272328711991568,-0.5423261445466404,Everyone ,NA,,213,1,48,0,4,40-49
39127,GBR,United Kingdom,invalid,rule_B_only,9,NORMAL,,0,0,0,0,0,22.0,2.474551490618354,,new drugs,NA,,213,1,49,0,3,40-49
39128,GBR,United Kingdom,invalid,rule_B_only,57,NORMAL,,0,0,0,0,0,20.0,2.875673091907543,,NA,If the information he has is tested and proven to be true ,,213,1,30,1,4,30-39
39137,GBR,United Kingdom,invalid,rule_B_only,8,NORMAL,,0,0,0,0,0,28.0,3.3950239371326787,0.6324555320336759,NA,not sure,,213,1,44,1,4,40-49
39138,GBR,United Kingdom,invalid,rule_B_only,30,NORMAL,,0,0,0,0,0,18.0,2.682612108841566,,NA,knowlege competence credibilty,,213,1,66,1,4,60+
39148,GBR,United Kingdom,invalid,rule_B_only,34,NORMAL,,0,0,0,0,0,19.0,4.837712323689393,,All consumers benefit from science ,NA,,213,1,49,1,4,40-49
39151,GBR,United Kingdom,invalid,rule_B_only,38,NORMAL,,0,0,0,0,0,20.0,4.940221628965662,,NA,Science is based on facts and research,,213,1,35,0,3,30-39
39159,GBR,United Kingdom,invalid,rule_B_only,65,NORMAL,,0,0,0,0,0,20.0,5.201596873913924,,NA,Their research to make the world a safer and better place to live,,213,1,35,1,4,30-39
39162,GBR,United Kingdom,invalid,rule_B_only,8,NORMAL,,0,0,0,0,0,21.0,5.347020988827116,0.0,Everyone ,NA,,213,1,52,1,4,50-59
39167,GBR,United Kingdom,invalid,rule_B_only,66,NORMAL,,0,0,0,0,0,20.0,7.011255680524468,,"health, scientists are always coming up with new answers and cures",NA,,213,1,59,0,3,50-59
39178,GBR,United Kingdom,invalid,rule_B_only,93,NORMAL,,0,0,0,0,0,17.0,5.774163333823284,0.4482758620689655,NA,"Its all about their research, which they do, such as perspective of weather and their reality ",,213,1,23,0,4,18-29
39225,GBR,United Kingdom,invalid,rule_B_only,62,NORMAL,,0,0,0,0,0,22.0,2.86078335944194,,NA,dont know really i suppose if they have done a lot of research,,213,1,29,0,3,18-29
39233,GBR,United Kingdom,invalid,rule_B_only,226,NORMAL,,0,0,0,0,0,23.0,6.908192043520858,,science tends to benefit more the wealthy than the poor because research agendas are shaped in a variety of both explicit and invisible ways by incumbent groups without open debate on public values and wider societal benefits.,NA,,213,1,35,1,4,30-39
39234,GBR,United Kingdom,invalid,rule_B_only,8,NORMAL,,0,0,0,0,0,26.0,5.237269574854229,,NA,his work,,213,1,37,0,4,30-39
39237,GBR,United Kingdom,invalid,rule_B_only,224,NORMAL,,0,0,0,0,0,26.0,2.7371061192735295,,Everyone in theory benefits from science even when the science might be utter shite. Science in itself is human evolution. Science is neither good or bad but can be used for good or bad ie nuclear power plant vs nuclear bomb,NA,,213,1,38,1,4,30-39
39238,GBR,United Kingdom,invalid,rule_B_only,34,NORMAL,,0,0,0,0,0,22.0,4.1395717772040825,0.7071067811865476,NA,Experience and good qualifications ,,213,1,32,1,3,30-39
39251,GBR,United Kingdom,invalid,rule_B_only,114,NORMAL,,0,0,0,0,0,18.0,5.428207996242759,,NA,given true facts of tests or experiments(not on animals) that have proven to do good to people and the environment,,213,1,68,0,4,60+
39278,GBR,United Kingdom,invalid,rule_B_only,110,NORMAL,,0,0,0,0,0,18.0,5.154123644361609,,"I think everyone benefits equally from science because it touches everyone, no matter there belief or location",NA,,213,1,42,1,4,40-49
39285,GBR,United Kingdom,invalid,rule_B_only,20,NORMAL,,0,0,0,0,0,27.0,2.4061154834649976,,No thoughts on that.,NA,,213,1,46,0,4,40-49
39298,GBR,United Kingdom,invalid,rule_B_only,48,NORMAL,,0,0,0,0,0,20.0,3.840373074924049,,NA,has hard data to back up their work and findings,,213,1,47,1,4,40-49
39317,GBR,United Kingdom,invalid,rule_B_only,57,NORMAL,,0,0,0,0,0,19.0,8.676984667143142,-0.29277002188455997,NA,Previous experience of the subject and their peer reviews,,213,1,39,1,4,30-39
39332,GBR,United Kingdom,invalid,rule_B_only,6,NORMAL,,0,0,0,0,0,28.0,2.875673091907543,,NA,UNSURE,,213,1,31,0,3,30-39
39369,GBR,United Kingdom,invalid,rule_B_only,13,NORMAL,,0,0,0,0,0,17.0,4.840445210503763,,NA,Its efficient,,213,1,36,1,4,30-39
39391,GBR,United Kingdom,invalid,rule_B_only,33,NORMAL,,0,0,0,0,0,30.0,4.827716776134296,1.0,Not sure Not really into science.,NA,,213,1,36,0,3,30-39
39418,GBR,United Kingdom,invalid,rule_B_only,32,NORMAL,,0,0,0,0,0,27.0,8.078167721161236,,NA,When he doesn't serve big pharma ,,213,1,40,1,4,40-49
39433,GBR,United Kingdom,invalid,rule_B_only,67,NORMAL,,0,0,0,0,0,23.0,7.385922704099589,,Everybody benefits from science we all learn something from science ,NA,,213,1,31,0,3,30-39
39464,GBR,United Kingdom,invalid,rule_B_only,26,NORMAL,,0,0,0,0,0,28.0,3.172460403474367,,NA,"Data , results, experience",,213,1,55,1,3,50-59
39466,GBR,United Kingdom,invalid,rule_B_only,17,NORMAL,,0,0,0,0,0,23.0,3.7926756547424914,,NA,RESEARCH FINDINGS,,213,1,50,1,4,50-59
39478,GBR,United Kingdom,invalid,rule_B_only,6,MEDIUM,longstring_exceed,1,0,1,0,0,57.0,2.916973674199935,,rgtrst,NA,,213,1,26,0,4,18-29
39518,GBR,United Kingdom,invalid,rule_B_only,14,NORMAL,,0,0,0,0,0,19.0,4.587866570558129,0.6324555320336759,NA,clear eveidnce,,213,1,49,0,4,40-49
39595,GBR,United Kingdom,invalid,rule_B_only,8,NORMAL,,0,0,0,0,0,27.0,3.228844438823143,-0.4472135954999579,NA,not sure,,213,1,42,1,4,40-49
39611,GBR,United Kingdom,invalid,rule_B_only,76,NORMAL,,0,0,0,0,0,18.0,6.788143919644134,,NA,His generalization should not be based on values and bias. It must be tested ,,213,1,28,1,4,18-29
39681,GBR,United Kingdom,invalid,rule_B_only,88,NORMAL,,0,0,0,0,0,17.0,4.177183463199497,1.0,NA,"They conduct rigorous testing procedures, which are governed by various official bodies.",,213,1,56,0,4,50-59
39682,GBR,United Kingdom,invalid,rule_B_only,72,NORMAL,,0,0,0,0,0,27.0,3.2972601420610252,,we need science to move on and make things better for man and the planet ,NA,,213,1,59,1,3,50-59
39685,GBR,United Kingdom,invalid,rule_B_only,7,NORMAL,,0,0,0,0,0,17.0,3.4621228634814543,0.6123724356957946,NA,honesty,,213,1,69,1,3,60+
39693,GBR,United Kingdom,invalid,rule_B_only,12,NORMAL,,0,0,0,0,0,28.0,8.626010570420435,-0.058823529411764705,NA,i don’t know,,213,1,32,0,3,30-39
39697,GBR,United Kingdom,invalid,rule_B_only,29,NORMAL,,0,0,0,0,0,27.0,2.7697804377464283,,"Everyone, as it is our future",NA,,213,1,38,1,4,30-39
39701,GBR,United Kingdom,invalid,rule_B_only,55,NORMAL,,0,0,0,0,0,19.0,6.252610336946092,0.9135002783911397,scientist benefit most as it gives them something to do,NA,,213,1,30,1,4,30-39
39703,GBR,United Kingdom,invalid,rule_B_only,7,NORMAL,,0,0,0,0,0,19.0,5.1391119697602745,0.5423261445466404,No idea ,NA,,213,1,52,1,4,50-59
39710,GBR,United Kingdom,invalid,rule_B_only,146,NORMAL,,0,0,0,0,0,18.0,4.358221139558803,-0.6324555320336759,I think science is a great thing as if they were no scientist the would not be any medical help or what is happening with the world climate change,NA,,213,1,58,0,3,50-59
39718,GBR,United Kingdom,invalid,rule_B_only,50,NORMAL,,0,0,0,0,0,23.0,6.843096360132451,,NA,By stating Is theory and proving it experimentally ,,213,1,30,0,4,30-39
39724,GBR,United Kingdom,invalid,rule_B_only,59,NORMAL,,0,0,0,0,0,18.0,2.2110590353773913,,NA,science is tecnology of learning about diseases and viruses,,213,1,49,0,3,40-49
39736,GBR,United Kingdom,invalid,rule_B_only,80,NORMAL,,0,0,0,0,0,23.0,8.060812709413616,,I think its is good to make medical prescriptions and put people in good health.,NA,,213,1,44,0,3,40-49
39753,GBR,United Kingdom,invalid,rule_B_only,20,NORMAL,,0,0,0,0,0,19.0,3.527883271500054,,NA,research and sources,,213,1,23,0,3,18-29
39754,GBR,United Kingdom,invalid,rule_B_only,15,NORMAL,,0,0,0,0,0,26.0,5.237269574854229,,the whole world,NA,,213,1,37,1,4,30-39
39793,GBR,United Kingdom,invalid,rule_B_only,32,NORMAL,,0,0,0,0,0,17.0,4.9319588936688366,0.408248290463863,NA,dont know never thought about it,,213,1,48,0,4,40-49
39806,GBR,United Kingdom,invalid,rule_B_only,48,NORMAL,,0,0,0,0,0,18.0,4.5182956233670435,,NA,BECAUSE THEY ARE MORE HONEST THAN THE GOVERNMENT,,213,1,74,1,3,60+
39819,GBR,United Kingdom,invalid,rule_B_only,15,NORMAL,,0,0,0,0,0,19.0,5.9026072767478635,0.41522739926869984,TO FIND ILLNESS,NA,,213,1,41,0,4,40-49
39897,GBR,United Kingdom,invalid,rule_B_only,52,NORMAL,,0,0,0,0,0,26.0,2.7176037742470522,,im not sure really. I would like to think the public ,NA,,213,1,29,0,4,18-29
39904,GBR,United Kingdom,invalid,rule_B_only,77,NORMAL,,0,0,0,0,0,22.0,6.830722033902551,,It will make our life easier and also helps is organize our daily activities.,NA,,213,1,30,0,4,30-39
39913,GBR,United Kingdom,invalid,rule_B_only,40,NORMAL,,0,0,0,0,0,18.0,5.363041105551532,,NA,The information they give can be trusted,,213,1,53,0,4,50-59
39923,GBR,United Kingdom,invalid,rule_B_only,10,NORMAL,,0,0,0,0,0,23.0,3.5310524760259554,0.2,NA,Don't know,,213,1,77,1,2,60+
39954,GBR,United Kingdom,invalid,rule_B_only,12,NORMAL,,0,0,0,0,0,26.0,5.620279622810789,,New findings,NA,,213,1,34,0,3,30-39
39960,GBR,United Kingdom,invalid,rule_B_only,40,NORMAL,,0,0,0,0,0,19.0,4.680763265488999,,NA,From the education back ground they have,,213,1,45,0,4,40-49
39965,GBR,United Kingdom,invalid,rule_B_only,84,NORMAL,,0,0,0,0,0,18.0,3.3233126849337866,,NA,That they have studied well in their field of work and have evidence to back claims.,,213,1,51,0,3,50-59
39974,GBR,United Kingdom,invalid,rule_B_only,229,NORMAL,,0,0,0,0,0,18.0,4.09148591810139,,NA,Sometimes you think the scientist is trustworthy but don't have enough information about the product the scientist is using or producing so I honestly don't know what would make a scientist trustworthy probably the company's name ,,213,1,58,0,3,50-59
39976,GBR,United Kingdom,invalid,rule_B_only,45,NORMAL,,0,0,0,0,0,26.0,3.122124955713786,,NA,Science is fun! I teach it to my school kids!,,213,1,45,1,4,40-49
39982,GBR,United Kingdom,invalid,rule_B_only,8,NORMAL,,0,0,0,0,0,18.0,4.661342313160763,,NA,Not sure ,,213,1,50,0,3,50-59
40081,GBR,United Kingdom,invalid,rule_B_only,89,NORMAL,,0,0,0,0,0,19.0,5.813040348561129,0.0,I believe people who benefit the most are the scientist and also the patients of the drug,NA,,213,1,24,1,4,18-29
40124,GBR,United Kingdom,invalid,rule_B_only,8,MEDIUM,longstring_exceed,1,0,1,0,0,35.0,5.170247209494813,-0.242535625036333,medicine ,NA,,213,1,21,0,3,18-29
40178,GBR,United Kingdom,invalid,rule_B_only,51,NORMAL,,0,0,0,0,0,27.0,2.7428144046229574,,NA,The fact there is evidence and research based on it,,213,1,22,0,4,18-29
40292,GBR,United Kingdom,invalid,rule_B_only,9,NORMAL,,0,0,0,0,0,28.0,7.560358312173137,-0.3692744729379982,NA,The facts,,213,1,61,1,4,60+
40313,GBR,United Kingdom,invalid,rule_B_only,183,NORMAL,,0,0,0,0,0,20.0,5.442819671793892,0.9432422182837986,NA,"A trustworthy scientist is difficult to qualify, but in principal their findings or teaching should be based on empirical data gathered over a significant and relevant amount of time.",,213,1,44,1,4,40-49
40320,GBR,United Kingdom,invalid,rule_B_only,94,NORMAL,,0,0,0,0,0,19.0,4.9775721334958565,0.3333333333333333,NA,"A scientist is only trustworthy if they are trained, transparent and open to review by others.",,213,1,53,1,4,50-59
40453,GBR,United Kingdom,invalid,rule_B_only,74,NORMAL,,0,0,0,0,0,19.0,4.760122021346914,,NA,the qualifications that are held and the knowledge help by the scientists.,,213,1,45,1,4,40-49
40495,GBR,United Kingdom,invalid,rule_B_only,77,NORMAL,,0,0,0,0,0,17.0,3.7583934299989052,,NA,Qualifications gained  and years of experience working in their chosen field.,,213,1,48,1,4,40-49
40587,GBR,United Kingdom,invalid,rule_B_only,21,NORMAL,,0,0,0,0,0,24.0,4.481026170507584,0.7071067811865476,NA,The scientific method,,213,1,34,1,4,30-39
40689,GBR,United Kingdom,invalid,rule_B_only,93,NORMAL,,0,0,0,0,0,18.0,5.199176190037981,0.31622776601683794,NA,"A scientist will observe and report factual outcomes and be unbiased, objective and accurate. ",,213,1,44,1,3,40-49
40892,GBR,United Kingdom,invalid,rule_B_only,86,NORMAL,,0,0,0,0,0,18.0,2.7552070065604393,,I think the general population gains most from discoveries and advancements in science ,NA,,213,1,60,1,4,60+
41049,GBR,United Kingdom,invalid,rule_B_only,91,NORMAL,,0,0,0,0,0,18.0,4.363793077535637,0.34299717028501764,NA,"Research, and publishing everything good and bad about the research. Being open and honest.",,213,1,58,0,4,50-59
41063,GEO,Georgia,invalid,rule_B_only,7,NORMAL,,0,0,0,0,0,30.0,4.497502407349038,,Не знаю,NA,,213,1,20,1,3,18-29
41068,GEO,Georgia,invalid,rule_B_only,22,NORMAL,,0,0,0,0,0,18.0,4.238462767460918,0.8677218312746247,NA,вклад в развитие науки,,213,1,48,0,4,40-49
41069,GEO,Georgia,invalid,rule_B_only,10,NORMAL,,0,0,0,0,0,19.0,2.4343835166446373,,NA,Bilmiyorum ,,213,1,56,0,4,50-59
41080,GEO,Georgia,invalid,rule_B_only,15,NORMAL,,0,0,0,0,0,28.0,5.09961193357395,-0.6324555320336759,NA,докажанный опыт,,213,1,44,1,4,40-49
41096,GEO,Georgia,invalid,rule_B_only,66,NORMAL,,0,0,0,0,0,17.0,6.390686269033576,0.4629100498862757,World people so can learn important things about science and learn ,NA,,213,1,30,0,4,30-39
41100,GEO,Georgia,invalid,rule_B_only,147,NORMAL,,0,0,0,0,0,18.0,7.204761622502201,0.34188172937891387,NA,"Доверяю ученым - благодаря науке идет технический прогресс. Наука сейчас - это техника и технология, компьютеры, ядерная техника, генная инженерия.",,213,1,24,0,3,18-29
41151,GEO,Georgia,invalid,rule_B_only,13,NORMAL,,0,0,0,0,0,28.0,3.4034140888197064,,NA,Dürüst olmasi,,213,1,34,0,4,30-39
41170,GEO,Georgia,invalid,rule_B_only,43,MEDIUM,longstring_exceed,1,0,1,0,0,57.0,2.3326250550116145,,все жители страны. это все полезное - наука,NA,,213,1,52,1,4,50-59
41182,GEO,Georgia,invalid,rule_B_only,6,MEDIUM,longstring_exceed,1,0,1,0,0,61.0,4.454921506807105,,NA,Egfggf,,213,1,NA,0,2,NA
41184,GEO,Georgia,invalid,rule_B_only,14,NORMAL,,0,0,0,0,0,26.0,3.2130964926778987,,NA,охват областей,,213,1,30,0,4,30-39
41189,GEO,Georgia,invalid,rule_B_only,50,NORMAL,,0,0,0,0,0,19.0,5.545617673447297,-0.10846522890932808,insallar hayatlarını daha kolay geçmesini sağlıyor,NA,,213,1,39,1,4,30-39
41200,GEO,Georgia,invalid,rule_B_only,29,NORMAL,,0,0,0,0,0,19.0,3.5412225164368865,,Halk ve insanlar yararlaniyor,NA,,213,1,24,0,4,18-29
41201,GEO,Georgia,invalid,rule_B_only,27,NORMAL,,0,0,0,0,0,19.0,8.031135734457362,-0.2,все получают это нужно всем,NA,,213,1,50,1,3,50-59
41204,GEO,Georgia,invalid,rule_B_only,24,NORMAL,,0,0,0,0,0,22.0,6.3246939063724765,1.0,NA,Sabırlı ve meraklı oluşu ,,213,1,31,0,4,30-39
41205,GEO,Georgia,invalid,rule_B_only,14,NORMAL,,0,0,0,0,0,21.0,2.99691637991299,,Zeki ve akilli,NA,,213,1,65,0,2,60+
41206,GEO,Georgia,invalid,rule_B_only,32,NORMAL,,0,0,0,0,0,17.0,3.9896398373567257,0.10846522890932808,NA,авторитет о пределяет его работы ,,213,1,25,0,3,18-29
41227,GEO,Georgia,invalid,rule_B_only,7,NORMAL,,0,0,0,0,0,20.0,2.985549808768262,,NA,Kendisi ,,213,1,31,0,4,30-39
41248,GEO,Georgia,invalid,rule_B_only,69,NORMAL,,0,0,0,0,0,22.0,3.884082828424539,-0.31622776601683794,Bütün insanlar yarallanmalidir çünkü bütün bilgileri oradan buluyoruz,NA,,213,1,39,1,4,30-39
41255,GEO,Georgia,invalid,rule_B_only,38,NORMAL,,0,0,0,0,0,17.0,4.990080033467863,1.0,Bilim adamları ve bilime ilgi duyanlar ,NA,,213,1,33,0,4,30-39
41259,GEO,Georgia,invalid,rule_B_only,26,MEDIUM,longstring_exceed,1,0,1,0,0,54.0,2.5223133468791534,,Кто-то возможно может быть,NA,,213,1,27,0,3,18-29
41261,GEO,Georgia,invalid,rule_B_only,10,MEDIUM,longstring_exceed,1,0,1,0,0,62.0,4.454921506807105,,Mzmzmsmaks,NA,,213,1,37,0,2,30-39
41274,GEO,Georgia,invalid,rule_B_only,70,NORMAL,,0,0,0,0,0,20.0,7.120188868323196,0.7599605956573484,NA,"ученый, который поглощен наукой, который не отвлекается на другие вещи",,213,1,49,0,3,40-49
41297,GEO,Georgia,invalid,rule_B_only,12,NORMAL,,0,0,0,0,0,21.0,4.150311814320828,0.0,все общество,NA,,213,1,56,1,4,50-59
41302,GEO,Georgia,invalid,rule_B_only,319,NORMAL,,0,0,0,0,0,18.0,2.9466590609488357,,"Çalışma biçimine yönelik yapılacak bir diğer tanımla bilim, olguları açıklamaya çalışan, bir yanıyla eylemsel (gözlem, deney, sayım, ölçme vb.), öbür yanıyla zihinsel (kavram, hipotez, indüktif ve dedüktif çıkarım) bir etkinliktir. Bilim, olgudan kurama gider. Bilim olgular hakkında doğrulanabilir kuramlar geliştirir. ",NA,,213,1,46,0,4,40-49
41315,GEO,Georgia,invalid,rule_B_only,9,NORMAL,,0,0,0,0,0,22.0,5.971567338927045,,NA,Teknoloji ,,213,1,33,2,3,30-39
41322,GEO,Georgia,invalid,rule_B_only,6,NORMAL,,0,0,0,0,0,27.0,4.986258764938697,0.25,NA,знания,,213,1,65,1,3,60+
41325,GEO,Georgia,invalid,rule_B_only,19,NORMAL,,0,0,0,0,0,31.0,4.407255582586406,0.5252257314388902,мецниеребы-что это?,NA,,213,1,48,1,4,40-49
41333,GEO,Georgia,invalid,rule_B_only,15,NORMAL,,0,0,0,0,0,19.0,5.608073666157944,0.5,Сами мецниеребы,NA,,213,1,63,1,3,60+
41352,GEO,Georgia,invalid,rule_B_only,39,NORMAL,,0,0,0,0,0,21.0,4.638456739304207,-0.25,Daha çok bilgili ileri görüşlü insanlar ,NA,,213,1,27,0,4,18-29
41372,GEO,Georgia,invalid,rule_B_only,72,NORMAL,,0,0,0,0,0,19.0,4.829910683347197,0.7745966692414834,NA,Tezleri hipotezleri örnekleri günlük hayatta kullanılan bir durum olmasi,,213,1,33,0,3,30-39
41379,GEO,Georgia,invalid,rule_B_only,15,NORMAL,,0,0,0,0,0,28.0,4.607263335810279,,Bilim insanlari,NA,,213,1,42,0,3,40-49
41386,GEO,Georgia,invalid,rule_B_only,7,NORMAL,,0,0,0,0,0,18.0,2.847153115953101,,не знаю,NA,,213,1,58,0,4,50-59
41387,GEO,Georgia,invalid,rule_B_only,80,NORMAL,,0,0,0,0,0,18.0,3.903626092953535,1.0,В первую очередь выигрывают частные компании. И в последнюю очередь потребители.,NA,,213,1,32,1,4,30-39
41402,GEO,Georgia,invalid,rule_B_only,8,MEDIUM,longstring_exceed,1,0,1,0,0,57.0,3.2130964926778987,,NA,Cesareti,,213,1,33,1,3,30-39
41408,GEO,Georgia,invalid,rule_B_only,23,NORMAL,,0,0,0,0,0,24.0,8.840660160126816,0.6324555320336759,NA,"знание,взгляды на жизнь",,213,1,49,1,4,40-49
41433,GEO,Georgia,invalid,rule_B_only,20,NORMAL,,0,0,0,0,0,20.0,2.2729719724750437,,NA,Yaptıkları eylemleri,,213,1,52,1,4,50-59
41434,GEO,Georgia,invalid,rule_B_only,73,NORMAL,,0,0,0,0,0,28.0,6.850183422865615,0.2,NA,"Его реальные научные достижения, применимые для подавляющего числа людей. ",,213,1,51,2,4,50-59
41439,GEO,Georgia,invalid,rule_B_only,9,MEDIUM,longstring_exceed,1,0,1,0,0,36.0,5.125003059326461,0.5773502691896257,NA,Buluşları ,,213,1,24,1,3,18-29
41445,GEO,Georgia,invalid,rule_B_only,69,NORMAL,,0,0,0,0,0,17.0,4.491134044131949,0.8574929257125441,NA,Bilim üzerine eğitim almış kişiler doğaya insanlığa kendini adamışlar,,213,1,33,0,4,30-39
41454,GEO,Georgia,invalid,rule_B_only,67,NORMAL,,0,0,0,0,0,23.0,1.7997506535679195,,"Gelişmiş toplumlar, çünkü bilimi hayatlarına çabuk adapteediyorlar.",NA,,213,1,53,1,4,50-59
41469,GEO,Georgia,invalid,rule_B_only,290,NORMAL,,0,0,0,0,0,19.0,4.6307205501364965,,"Bilim insanları dünya hakkında gözlem ve deneye dayalı bilgi üretmek için eğitilmişler, bu konuda uzmanlaşmışlardır. Kuşkusuz bilim insanları da bazen hata yapabilir. Bilim yanılabilir bir insan faaliyetidir, ama kendini denetlemeye, hatalarını düzeltmeye programlanmış bir yapıya sahiptir.",NA,,213,1,24,0,4,18-29
41471,GEO,Georgia,invalid,rule_B_only,106,NORMAL,,0,0,0,0,0,24.0,2.961295363793773,-0.2,insanlar ve kazanç elde edenler çünkü kazanç elde edenler bu işin kaymağında insanlar da fayalanır durumda,NA,,213,1,56,0,4,50-59
41480,GEO,Georgia,invalid,rule_B_only,47,NORMAL,,0,0,0,0,0,23.0,3.4712271801111827,,NA,выводы: объективное восприятие действительности,,213,1,55,0,4,50-59
41482,GEO,Georgia,invalid,rule_B_only,62,NORMAL,,0,0,0,0,0,28.0,5.638216372830083,,NA,Наличие новых разработок способствующих улучшению жизни людей.,,213,1,51,2,4,50-59
41483,GEO,Georgia,invalid,rule_B_only,98,NORMAL,,0,0,0,0,0,18.0,6.804810380273724,0.09759000729485331,"я считаю, что от наук выигрывает все человечество, потому что это развитие всего общества в целом.",NA,,213,1,73,2,4,60+
41498,GEO,Georgia,invalid,rule_B_only,6,NORMAL,,0,0,0,0,0,29.0,4.915714755860995,0.7745966692414834,NA,знание,,213,1,61,0,4,60+
41521,GEO,Georgia,invalid,rule_B_only,14,NORMAL,,0,0,0,0,0,23.0,3.2130964926778987,,Bilim adamları ,NA,,213,1,23,0,3,18-29
41522,GEO,Georgia,invalid,rule_B_only,14,NORMAL,,0,0,0,0,0,22.0,3.868687616167871,0.4472135954999579,NA,Учёная степень ,,213,1,54,1,4,50-59
41529,GEO,Georgia,invalid,rule_B_only,25,NORMAL,,0,0,0,0,0,24.0,4.4459696887061515,,NA,"Талант, самопожертвование",,213,1,51,0,4,50-59
41539,GEO,Georgia,invalid,rule_B_only,20,NORMAL,,0,0,0,0,0,22.0,3.60872490930556,0.6324555320336759,NA,Yaptığı arastirmalar,,213,1,53,0,4,50-59
41549,GEO,Georgia,invalid,rule_B_only,6,MEDIUM,longstring_exceed,1,0,1,0,0,57.0,2.902965649758064,,NA,знания,,213,1,65,1,3,60+
41554,GEO,Georgia,invalid,rule_B_only,25,NORMAL,,0,0,0,0,0,18.0,6.6782729067741124,,люди всё делается для нас,NA,,213,1,53,0,3,50-59
41566,GEO,Georgia,invalid,rule_B_only,39,NORMAL,,0,0,0,0,0,19.0,4.667715432525538,,NA,აქ არ არსებობს სწორი ან არასწორი პასუხი,,213,1,NA,0,NA,NA
41568,GEO,Georgia,invalid,rule_B_only,65,NORMAL,,0,0,0,0,0,26.0,2.8310855870310205,,NA,Результат его исследований - глубина познаний в своем направлении,,213,1,52,0,4,50-59
41586,GEO,Georgia,invalid,rule_B_only,36,NORMAL,,0,0,0,0,0,22.0,4.607263335810279,,NA,Bilim insanı yetiştirmek kolay degil,,213,1,61,0,3,60+
41599,GHA,Ghana,invalid,rule_B_only,44,NORMAL,,0,0,0,0,0,17.0,4.660095253475802,0.8574929257125441,"human race, because science is all around us",NA,,213,1,41,0,4,40-49
41729,GHA,Ghana,invalid,rule_B_only,634,NORMAL,,0,0,0,0,0,17.0,5.666045024769728,0.6943650748294136,"I think science has been most beneficial to nature itself but more especially in the lives of humans.
From Automobile, Health Care, Telecommunications,Agriculture, Electricity and Electronics. Science has coke a long way and is making lots of impact on Mother Nature.
Christians do believe the world might end someday, I do believe it’s science that end this same world someday. With the introduction of AI(Artificial Intelligence, I think with Science and Scientists, the world has a long way to go and more awesome things to witness.
I am not doubtful if at some point DIEING would be a matter of choice with the help of science.",NA,,213,1,39,1,4,30-39
41787,GHA,Ghana,invalid,rule_B_only,74,NORMAL,,0,0,0,0,0,17.0,3.9683230706809347,,"Me and my family
Because I it has protected us from infection and disease
",NA,,213,1,29,1,4,18-29
41791,GHA,Ghana,invalid,rule_B_only,158,NORMAL,,0,0,0,0,0,17.0,6.45493467762153,-0.7427813527082076,We the people benefit more from science because through science we are able to know the better way of eating healthy food and having a healthy and longer life,NA,,213,1,29,1,4,18-29
41846,GHA,Ghana,invalid,rule_B_only,48,NORMAL,,0,0,0,0,0,24.0,7.007429465089834,,"Doctors, because they use it as a life time job.",NA,,213,1,19,0,3,18-29
41924,GHA,Ghana,invalid,rule_B_only,711,NORMAL,,0,0,0,0,0,19.0,4.879299348080974,,NA,"Yes they’re trustworthy…they find solutions for our everyday problems and makes life easier and better. While political ideology, including views of right-wing populist parties, is often correlated with trust in scientists, it has only a modest connection with general views about whether scientists’ judgments are based solely on the facts or as likely to be biased as those of other people. In general terms, about half to three-quarters across all of these publics think it is better to rely on people with practical experience to solve pressing problems in society than to rely on those with expertise. Public skepticism of relying on experts, generally, is widely shared across those on the right and left.",,213,1,30,NA,3,30-39
41925,GHA,Ghana,invalid,rule_B_only,114,NORMAL,,0,0,0,0,0,27.0,4.7236982674540515,,To gain knowledge and have a broader understanding about the human body and how living things came into existence. ,NA,,213,1,29,1,4,18-29
41952,GHA,Ghana,invalid,rule_B_only,99,NORMAL,,0,0,0,0,0,18.0,4.324176987544339,0.3535533905932738,NA,"how they explain their findings to the public, and how beneficial their finding will serve everyone",,213,1,32,1,4,30-39
41973,GHA,Ghana,invalid,rule_B_only,346,NORMAL,,0,0,0,0,0,22.0,5.03382602375819,,NA,"In  this generation, Science is everything. The technology, engineering and more are using science. Not only that, sometimes things happened but we don't what cause it. Example, slippery in smooth surface. Me  I wasn't know that there is something call frictional force. But I now know when a surface lack frictional 
force  it will be slippery.",,213,1,32,0,4,30-39
42015,GHA,Ghana,invalid,rule_B_only,1029,NORMAL,,0,0,0,0,0,17.0,3.9555010267586206,0.9284766908852594,NA,"There are several qualities that contribute to the trustworthiness of a scientist:

Expertise: A scientist should have a deep understanding of the subject they are researching and should be able to demonstrate their knowledge through their work.

Objectivity: A scientist should be objective in their work, meaning they should not allow personal biases or preconceptions to influence their research or conclusions.

Honesty: A scientist should be honest in their work and should report their findings accurately and transparently, without exaggerating or downplaying the results.

Rigor: A scientist should follow established scientific methods and protocols when conducting research, and should be thorough and precise in their work.

Responsibility: A scientist should take responsibility for their work and be willing to answer questions about it and defend their conclusions when necessary.

Overall, a trustworthy scientist is one who is knowledgeable, objective, honest, rigorous, and responsible in their work.",,213,1,23,1,4,18-29
42018,GHA,Ghana,invalid,rule_B_only,505,NORMAL,,0,0,0,0,0,18.0,3.2357649902006176,,NA,"Science, basically, is the method of obtaining or getting knowledge through observation and experimentation. When one observes a particular phenomenon or an instance which requires observation, there is a quick analysis which runs through the head with an immediate conclusion. Nonetheless, more of these observations are subject to experiments before the final conclusion is made. More often than not, the experimentation process compliments the initial thoughts from the observation that was first made. ",,213,1,26,1,4,18-29
42040,GHA,Ghana,invalid,rule_B_only,182,NORMAL,,0,0,0,0,0,20.0,3.977676558808989,,NA,when he/she spent years in researching using appropriate tools about a topic or an area of interest to the benefit of all with prove beyond doubt and comparison with other scientist.,,213,1,38,0,4,30-39
42065,GHA,Ghana,invalid,rule_B_only,72,NORMAL,,0,0,0,0,0,20.0,4.2895004986237115,,NA,Because they make life easier and simple they make using of tools lively ,,213,1,36,1,2,30-39
42069,GHA,Ghana,invalid,rule_B_only,423,NORMAL,,0,0,0,0,0,19.0,6.496067586490792,,"Science is the greatest collective endeavor. It contributes to ensuring a longer and healthier life, monitors our health, provides medicine to cure our diseases, alleviates aches and pains, helps us to provide water for our basic needs – including our food, provides energy and makes life more fun, including sports, music, entertainment and the latest communication technology. Last but not least, it nourishes our spirit.",NA,,213,1,28,1,3,18-29
42096,HKG,Hong Kong,invalid,rule_B_only,17,NORMAL,,0,0,0,0,0,20.0,4.049331293925056,0.5423261445466404,NA,曾經發表重要的言論，受後世人影響。,,213,1,41,0,3,40-49
42111,HKG,Hong Kong,invalid,rule_B_only,204,NORMAL,,0,0,0,0,0,17.0,4.206891639672233,0.4,"Science has influenced our life so much, it brings advantages and also disadvantages, However, not all of human being can take it benefits as you need to spend money to let Hi-tech included in your lives. ",NA,,213,1,29,0,4,18-29
42205,HKG,Hong Kong,invalid,rule_B_only,17,NORMAL,,0,0,0,0,0,19.0,3.440725394640284,,可以探知一些自然現象，合理化去解釋,NA,,213,1,40,0,4,40-49
42254,HKG,Hong Kong,invalid,rule_B_only,27,NORMAL,,0,0,0,0,0,17.0,9.26354243958451,0.5,NA,科學是未發現，但發現咗，就要研究，可能花數十年才有結果,,213,1,42,1,3,40-49
42308,HKG,Hong Kong,invalid,rule_B_only,26,NORMAL,,0,0,0,0,0,22.0,8.585075441734311,-0.31622776601683794,或者所有人都受益，因為有助了解問題癥結，從而解決問題,NA,,213,1,38,1,4,30-39
42336,HKG,Hong Kong,invalid,rule_B_only,11,NORMAL,,0,0,0,0,0,19.0,4.789451111211848,,NA,無數實驗和大數數據支持,,213,1,47,1,3,40-49
42366,HKG,Hong Kong,invalid,rule_B_only,25,NORMAL,,0,0,0,0,0,18.0,5.145506693736398,,NA,"Research and data support
",,213,1,40,0,4,40-49
42460,HKG,Hong Kong,invalid,rule_B_only,14,NORMAL,,0,0,0,0,0,25.0,1.958895995562499,,"人類
帶來更方便舒適的生活",NA,,213,1,47,0,4,40-49
42576,HKG,Hong Kong,invalid,rule_B_only,31,NORMAL,,0,0,0,0,0,17.0,3.0763934311416214,,NA,Science near appear every where,,213,1,45,1,4,40-49
42600,HKG,Hong Kong,invalid,rule_B_only,13,NORMAL,,0,0,0,0,0,17.0,3.5284128312886676,0.25,NA,"提出有跟據的論証,不偏不倚",,213,1,67,1,4,60+
42675,HKG,Hong Kong,invalid,rule_B_only,15,NORMAL,,0,0,0,0,0,23.0,2.306839217594069,,NA,good reputation,,213,1,60,0,4,60+
42736,HUN,Hungary,invalid,rule_B_only,16,NORMAL,,0,0,0,0,0,19.0,3.302386349060356,,Az emberisédnek.,NA,,213,1,60,1,3,60+
42810,HUN,Hungary,invalid,rule_B_only,46,NORMAL,,0,0,0,0,0,17.0,3.785746491204761,0.25,NA,"Hiteles, megalapozott, elismert széles körben.",,213,1,35,1,4,30-39
42835,HUN,Hungary,invalid,rule_B_only,38,NORMAL,,0,0,0,0,0,18.0,5.198732789198212,,NA,"Véleménye tényszerű, hiteles, objektív",,213,1,67,0,3,60+
42836,HUN,Hungary,invalid,rule_B_only,36,NORMAL,,0,0,0,0,0,18.0,4.634643979412396,,"Politikusok, orvosok, gyógyszerészek",NA,,213,1,58,0,3,50-59
42854,HUN,Hungary,invalid,rule_B_only,48,NORMAL,,0,0,0,0,0,23.0,2.6399562315115372,,"Az embereknek, mert saját céljaik vezérlik őket. ",NA,,213,1,36,0,4,30-39
43062,HUN,Hungary,invalid,rule_B_only,12,NORMAL,,0,0,0,0,0,18.0,4.156500187881553,0.0,NA,Nem is tudom,,213,1,54,0,3,50-59
43083,HUN,Hungary,invalid,rule_B_only,38,NORMAL,,0,0,0,0,0,21.0,5.09638608701504,,NA,"Minden tudását, beleadja és energiáját",,213,1,38,0,4,30-39
43179,HUN,Hungary,invalid,rule_B_only,15,NORMAL,,0,0,0,0,0,19.0,3.3183470517228906,,Sajnos senkinek ,NA,,213,1,48,1,3,40-49
43207,IDN,Indonesia,invalid,rule_B_only,12,NORMAL,,0,0,0,0,0,20.0,2.3105406070805787,,Bagus sekali,NA,,213,1,23,1,3,18-29
43212,IDN,Indonesia,invalid,rule_B_only,9,MEDIUM,longstring_exceed,1,0,1,0,0,42.0,2.8946880927929137,,tdak tahu,NA,,213,3,34,1,3,30-39
43214,IDN,Indonesia,invalid,rule_B_only,62,NORMAL,,0,0,0,0,0,25.0,5.725879073533342,1.0,NA,HASIL TEMUANNYA BISA DIBUKTIKAN DAN BERMANFAAT BAGI ORANG LAIN,,213,1,36,0,3,30-39
43232,IDN,Indonesia,invalid,rule_B_only,261,NORMAL,,0,0,0,0,0,18.0,5.543035362985282,,NA,"Fokus pada bidang ilmu sesuai minat, hindari cara berpikir instan, ibadah setiap hari, Sesuatu yang dimulai dengan positif akan membawa ke arah positif juga. Mengiringi ilmu dengan kejujuranmembuat orang menjadi ilmuwan yang dapat dipercaya di manapun kapanpun. ",,213,1,35,0,4,30-39
43236,IDN,Indonesia,invalid,rule_B_only,66,NORMAL,,0,0,0,0,0,18.0,2.568604676000162,,Seluruh manusia karena setiap manusia membutuhkan ilmu pengetahuan,NA,,213,1,31,0,4,30-39
43242,IDN,Indonesia,invalid,rule_B_only,8,MEDIUM,longstring_exceed,1,0,1,0,0,57.0,1.9647315973709172,,NA,Karyanya,,213,4,32,1,4,30-39
43259,IDN,Indonesia,invalid,rule_B_only,18,NORMAL,,0,0,0,0,0,22.0,4.040789798556216,,Semua umat manusia ,NA,,213,1,21,1,3,18-29
43264,IDN,Indonesia,invalid,rule_B_only,10,MEDIUM,longstring_exceed,1,0,1,0,0,57.0,6.473074701482113,,Masyarakat,NA,,213,4,25,1,3,18-29
43271,IDN,Indonesia,invalid,rule_B_only,9,VERIFY,,0,0,0,0,0,25.0,3.7786634019024725,-0.2,NA,Temuannya,,213,3,28,0,3,18-29
43286,IDN,Indonesia,invalid,rule_B_only,68,NORMAL,,0,0,0,0,0,19.0,7.047418392573398,0.8401680504168059,NA,Telah terbukti dalam kehidupan nyata dan dapat dipertanggungjawabkan,,213,1,45,0,4,40-49
43306,IDN,Indonesia,invalid,rule_B_only,104,NORMAL,,0,0,0,0,0,20.0,5.855593598067184,,NA,Karena dia telah melakukan uji coba berulang-ulang sampai mendapatkan hasil yang terbukti keakuratannya.,,213,1,52,0,4,50-59
43324,IDN,Indonesia,invalid,rule_B_only,69,NORMAL,,0,0,0,0,0,20.0,4.8594454247527,,"DIRINSENDIRI,KARENA DENGAN ILMU PENGETAHUAN KITA JADI BISA LEBIH TAHU",NA,,213,1,38,1,3,30-39
43329,IDN,Indonesia,invalid,rule_B_only,32,NORMAL,,0,0,0,0,0,31.0,3.1725948405469486,,NA,Karena ilmuwan menampilkan fakta,,213,1,32,1,4,30-39
43346,IDN,Indonesia,invalid,rule_B_only,140,NORMAL,,0,0,0,0,0,18.0,3.5665379610802654,,Menurut saya semua orang bisa diuntungkan dengan ilmu pengetahuan.karena semua orang akan banyak tahu tentang ilmu pengetahuan dan hal baru.,NA,,213,1,40,0,3,40-49
43348,IDN,Indonesia,invalid,rule_B_only,118,NORMAL,,0,0,0,0,0,20.0,2.799428392504138,,"Semua masyarakat, karena ilmu pengetahuan membantu masyarakat menemukan hal baru dan menjalankan kehidupan dengan baik",NA,,213,1,21,0,3,18-29
43384,IDN,Indonesia,invalid,rule_B_only,33,NORMAL,,0,0,0,0,0,22.0,4.039851657298083,0.0,NA,hasil penelitiannya yang terbukti,,213,1,36,0,4,30-39
43386,IDN,Indonesia,invalid,rule_B_only,116,NORMAL,,0,0,0,0,0,18.0,6.585561972558307,,"Semua orang, karena ilmu pengetahuan itu penting untuk kehidupan, baik di rumah, ataupun di masyarakat pada umumnya.",NA,,213,1,39,1,4,30-39
43402,IDN,Indonesia,invalid,rule_B_only,35,NORMAL,,0,0,0,0,0,21.0,5.0878888771972965,,NA,Uji kebenaran akan produk ilmiahnya,,213,1,42,1,4,40-49
43411,IDN,Indonesia,invalid,rule_B_only,12,NORMAL,,0,0,0,0,0,19.0,4.646810498859947,0.25,Saya sendiri ,NA,,213,1,50,1,4,50-59
43426,IDN,Indonesia,invalid,rule_B_only,13,NORMAL,,0,0,0,0,0,25.0,7.630558270938365,0.8783100656536799,NA,Karna ilmuwan,,213,1,NA,0,4,NA
43440,IDN,Indonesia,invalid,rule_B_only,98,NORMAL,,0,0,0,0,0,21.0,5.0878888771972965,,Masyarakat umum karena dengan ilmu pengetahuan manusia dapat lebih bijak dalam menata kehidupannya,NA,,213,1,45,1,4,40-49
43459,IDN,Indonesia,invalid,rule_B_only,28,NORMAL,,0,0,0,0,0,20.0,4.663194227491358,,Bisnis dan perusahaan besar. ,NA,,213,1,48,0,4,40-49
43486,IDN,Indonesia,invalid,rule_B_only,47,NORMAL,,0,0,0,0,0,20.0,1.9179731924756185,,"Ilmuwan, karena mereka yqng mencari pengetahuan",NA,,213,1,26,0,3,18-29
43512,IDN,Indonesia,invalid,rule_B_only,67,NORMAL,,0,0,0,0,0,18.0,2.798435861481262,,Anak anak jaman sekarang.karena mudah sekali mendapatkan informasi.,NA,,213,1,42,1,3,40-49
43514,IDN,Indonesia,invalid,rule_B_only,21,NORMAL,,0,0,0,0,0,20.0,1.9339331340698893,,NA,Hasil   yang maksimal ,,213,1,41,1,4,40-49
43559,IDN,Indonesia,invalid,rule_B_only,68,NORMAL,,0,0,0,0,0,21.0,3.2795685461151707,,NA,"Karna seorang ilmuwan sudah melakukan penelitian maka bisa dipercaya
",,213,1,47,1,3,40-49
43572,IDN,Indonesia,invalid,rule_B_only,88,NORMAL,,0,0,0,0,0,21.0,5.0878888771972965,,Uumat manusia karena dengan ilmu penetahuan manusia lebih mempermudah dalam kehidupannya,NA,,213,1,33,1,4,30-39
43573,IDN,Indonesia,invalid,rule_B_only,72,NORMAL,,0,0,0,0,0,20.0,8.437001019655199,-0.5345224838248488,NA,Bisa membuktikan secara ilmiah dan bisa menjadikan contoh ke semua orang,,213,1,21,2,3,18-29
43582,IDN,Indonesia,invalid,rule_B_only,251,NORMAL,,0,0,0,0,0,18.0,6.224884207221712,0.08304547985373997,NA,"Seorang ilmuwan dapat dipercaya karena mempunyai dasar dari hasil uji coba, penelitian dan praktekkan dengan menggunakan sampel yang real dan di aplikasikan sesuai dengan perkembangan ilmu pengetahuan dan teknologi yang zaman kezaman terus berkembang.",,213,1,36,1,4,30-39
43588,IDN,Indonesia,invalid,rule_B_only,160,NORMAL,,0,0,0,0,0,17.0,5.8118484549970475,,NA,"seorang ilmuwan dapat dipercaya perkataannya dapat dilihat dari research yang ia lakukan dengan pembuktian yang dilakukan, juga background dari ilmuwan tersebut",,213,1,22,0,3,18-29
43646,IDN,Indonesia,invalid,rule_B_only,76,NORMAL,,0,0,0,0,0,24.0,3.336282551083608,0.6324555320336759,NA,karena kata-kata yang mereka keluarkan berdasarkan penelitian yang dilakukan,,213,1,39,1,3,30-39
43672,IDN,Indonesia,invalid,rule_B_only,57,NORMAL,,0,0,0,0,0,23.0,1.9179731924756185,,NA,Sudah membuat penelitian dulu sebelum diberikan ke publik,,213,1,26,0,4,18-29
43683,IDN,Indonesia,invalid,rule_B_only,12,MEDIUM,longstring_exceed,1,0,1,0,0,57.0,2.9487467592297865,,NA,penemuan nya,,213,1,32,1,4,30-39
43684,IDN,Indonesia,invalid,rule_B_only,8,MEDIUM,longstring_exceed,1,0,1,0,0,48.0,3.8743077012194083,,NA,terbukti,,213,3,38,1,4,30-39
43704,IDN,Indonesia,invalid,rule_B_only,70,NORMAL,,0,0,0,0,0,26.0,2.9487467592297865,,NA,"karena semua berdasarkan ilmu, dan ilmu itu bisa dipertanggungjawabkan",,213,1,29,0,4,18-29
43712,IDN,Indonesia,invalid,rule_B_only,10,MEDIUM,longstring_exceed,1,0,1,0,0,42.0,4.8044670038888,0.6324555320336759,masyarakat,NA,,213,1,35,0,3,30-39
43724,IDN,Indonesia,invalid,rule_B_only,112,NORMAL,,0,0,0,0,0,19.0,4.4934468944618144,,NA,Yang membuat seorang ilmuan dapat di percaya adalah dengan setiap penemuan nya yang telah di uji coba dan teruji,,213,1,30,0,4,30-39
43732,IDN,Indonesia,invalid,rule_B_only,12,MEDIUM,longstring_exceed,1,0,1,0,0,57.0,2.9487467592297865,,Penemuan nya,NA,,213,1,32,1,4,30-39
43741,IDN,Indonesia,invalid,rule_B_only,41,NORMAL,,0,0,0,0,0,18.0,3.036558324894358,0.3333333333333333,"masyarakat, karena mereka adalah pengguna",NA,,213,1,43,1,4,40-49
43768,IDN,Indonesia,invalid,rule_B_only,55,NORMAL,,0,0,0,0,0,20.0,5.315456837700996,,NA,HASIL RISETNYA BISA DIPERCAYA DAN DIPERTANGGUNGJAWABKAN,,213,1,59,1,4,50-59
43775,IDN,Indonesia,invalid,rule_B_only,54,NORMAL,,0,0,0,0,0,18.0,3.8590173402278984,,NA,jika ada bukti riset yang telah dilakukan dan hasilnya,,213,1,33,0,4,30-39
43778,IDN,Indonesia,invalid,rule_B_only,49,NORMAL,,0,0,0,0,0,20.0,2.739324179433576,,"Semua orang, karena ilmu pengetahuan itu penting.",NA,,213,1,38,1,4,30-39
43785,IDN,Indonesia,invalid,rule_B_only,10,MEDIUM,longstring_exceed,1,0,1,0,0,57.0,2.8946880927929137,,NA,tidak tahu,,213,3,30,0,3,30-39
43803,IDN,Indonesia,invalid,rule_B_only,51,NORMAL,,0,0,0,0,0,17.0,2.55787049574839,,saya sendiri dan banyak pihak yang di untungkan nya,NA,,213,1,41,1,3,40-49
43854,IDN,Indonesia,invalid,rule_B_only,474,NORMAL,,0,0,0,0,0,19.0,4.688797998378844,,NA,"ilmuwan berawal dari sebuah studi tentang sesuatu baik dan tidak baik, benar dan salah. dengan dasar-dasar keilmuan yang mereka miliki mereka melakukan sebuah penelitian. penelitian demi penelitian dilakukan untuk mengungkap segala sesuatu sesuai dengan disipilin yang mereka miliki. alam sudah memiliki garisnya, sehingga apa yang dilakukan dan diteliti akan ditemukan benar dan tidak benarnya. seperti apabila kita mengaduk warna merah dengan kuning, hasilnya pasti hijau.",,213,1,49,1,4,40-49
43883,IDN,Indonesia,invalid,rule_B_only,239,NORMAL,,0,0,0,0,0,20.0,3.1358465578265315,,NA,Bisa menunjukan hasil penelitian yang bisa di pertanggungjawabkan sesuai dengan bidang keilmuannya dan merupakan hasil karya yang original bukan mencuri/menyalin hasil karya orang lain serta mengakuinya sendiri sebagai hasil karya sendiri.,,213,1,51,1,4,50-59
43885,IDN,Indonesia,invalid,rule_B_only,81,NORMAL,,0,0,0,0,0,18.0,2.259743249576793,,Masyarakat pada umumnya karena secara tidak langsung mengikuti perkembangan jaman,NA,,213,1,53,0,4,50-59
43927,IDN,Indonesia,invalid,rule_B_only,14,NORMAL,,0,0,0,0,0,21.0,3.2818276072924872,,NA,Kerja kerasnya,,213,1,25,0,3,18-29
43939,IDN,Indonesia,invalid,rule_B_only,53,NORMAL,,0,0,0,0,0,18.0,4.6260340463139675,,NA,experiment yang bisa dapat di gunakan buat masyarakat,,213,1,39,1,4,30-39
43958,IDN,Indonesia,invalid,rule_B_only,93,NORMAL,,0,0,0,0,0,27.0,3.2824596961382926,,Penemu Ilmu Tersebut dan Pengguna Ilmu yang Menggunakan Ilmu Tersebut Untuk Keperluan Bisnis.,NA,,213,1,24,1,3,18-29
43975,IDN,Indonesia,invalid,rule_B_only,51,NORMAL,,0,0,0,0,0,17.0,3.2612805387972714,0.6123724356957946,NA,Pandangan terhadap teknologi yang akan dikembangkan,,213,1,27,1,3,18-29
43981,IDN,Indonesia,invalid,rule_B_only,74,NORMAL,,0,0,0,0,0,20.0,2.427639212882386,,masing-masing pribadi manuasia karena  sebagai alat bantu dalam kehidupan.,NA,,213,1,50,1,4,50-59
43984,IDN,Indonesia,invalid,rule_B_only,42,NORMAL,,0,0,0,0,0,26.0,3.191871369999894,,"manusia, karena kehidupan terus berkembang",NA,,213,1,50,1,4,50-59
44030,IDN,Indonesia,invalid,rule_B_only,64,NORMAL,,0,0,0,0,0,22.0,3.0403829830133384,,pribadi masing-masing karena berguna untuk kehidupan sehari-hari,NA,,213,1,58,1,4,50-59
44036,IDN,Indonesia,invalid,rule_B_only,56,NORMAL,,0,0,0,0,0,17.0,3.538950899669538,-0.31622776601683794,Semua orang baik penemu maupun yang tidak menikam apapun,NA,,213,1,45,0,4,40-49
44070,IDN,Indonesia,invalid,rule_B_only,126,NORMAL,,0,0,0,0,0,20.0,4.391816730134484,,NA,"apa yang pernah ia kerjakan hasilnya dapat diterima akal manusia, sesuai dengan kondisi yang sebenarnya dan sangat bermanfaat.",,213,1,36,1,4,30-39
44089,IDN,Indonesia,invalid,rule_B_only,63,NORMAL,,0,0,0,0,0,22.0,5.051478222296559,0.0,"diri sendiri, lebih banyak tentang ilmu membuat seseorang waras",NA,,213,1,41,0,4,40-49
44098,IDN,Indonesia,invalid,rule_B_only,156,NORMAL,,0,0,0,0,0,20.0,6.846405751457929,,NA,"Selain Ilmu atau penemuan yang dikemukakan kepada masyarakat umum didukung dengan Validitas data yang Ilmiah, juga harus berpijak pada Etika dan Norma Agama",,213,1,44,1,4,40-49
44105,IDN,Indonesia,invalid,rule_B_only,58,NORMAL,,0,0,0,0,0,19.0,2.3168411931000907,,diri kita sendiri karena ilmu akan berguna hingga kapanpun,NA,,213,1,29,0,4,18-29
44116,IDN,Indonesia,invalid,rule_B_only,44,NORMAL,,0,0,0,0,0,29.0,4.040146672835429,,Semua manusia dan berbagai usia dan kalangan,NA,,213,1,37,0,4,30-39
44122,IDN,Indonesia,invalid,rule_B_only,14,NORMAL,,0,0,0,0,0,20.0,5.699071989039373,,NA,Banyak ilmunya,,213,1,35,1,4,30-39
44139,IDN,Indonesia,invalid,rule_B_only,909,NORMAL,,0,0,0,0,0,19.0,3.2733244335484657,,NA,"Seorang ilmuwan dapat dipercaya ketika ia mengikuti prinsip-prinsip dasar dari metode ilmiah, yang meliputi:

Objektivitas: Ilmuwan harus tetap objektif dalam mengumpulkan, menganalisis, dan menafsirkan data, tanpa dipengaruhi oleh kepentingan pribadi atau pendapat yang sudah terbentuk sebelumnya.

Reproduktibilitas: Temuan ilmiah harus dapat direproduksi oleh orang lain yang menggunakan metode yang sama.

Verifikasi: Temuan ilmiah harus dapat diverifikasi oleh orang lain melalui pengujian dan penelitian yang independen.

Kesesuaian dengan data: Kesimpulan yang ditarik harus didasarkan pada data yang valid dan akurat, dan harus diuji secara kritis.

Kredibilitas sumber: Ilmuwan harus menerbitkan hasil penelitian mereka di jurnal ilmiah yang telah melewati proses peer review, sehingga dapat dipastikan bahwa hasil penelitian tersebut telah diverifikasi dan dipercaya oleh komunitas ilmiah.",,213,1,40,0,4,40-49
44141,IDN,Indonesia,invalid,rule_B_only,110,NORMAL,,0,0,0,0,0,21.0,4.506528608557222,,"ilmu pengetahuan yaitu ilmu yang ada di berbagai media dan bentuk, dan dapat digunakan untuk pembelajaran umum",NA,,213,1,22,0,4,18-29
44145,IDN,Indonesia,invalid,rule_B_only,72,NORMAL,,0,0,0,0,0,22.0,3.4237603206747034,,Semua orang karena ilmu dapat merubah hidup lebih baik dan berkelanjutan,NA,,213,1,31,0,4,30-39
44175,IDN,Indonesia,invalid,rule_B_only,25,NORMAL,,0,0,0,0,0,20.0,4.122552190580534,,NA,penemuannya yang terbukti,,213,1,43,0,4,40-49
44190,IDN,Indonesia,invalid,rule_B_only,36,NORMAL,,0,0,0,0,0,26.0,2.9487467592297865,,"manusia, karena bisa berpikir kritis",NA,,213,1,42,0,4,40-49
44254,IDN,Indonesia,invalid,rule_B_only,33,NORMAL,,0,0,0,0,0,29.0,2.0620376462553356,,NA,sumber jelas dan dapat dibuktikan,,213,1,40,0,4,40-49
44256,IDN,Indonesia,invalid,rule_B_only,132,NORMAL,,0,0,0,0,0,20.0,4.524008727375756,,"Semua manusia karena dengan pengetahuan maka manusia bisa menciptakan ide, menjalankan bisnis, dan roda perekonomian akan meningkat,",NA,,213,1,37,0,4,30-39
44272,IDN,Indonesia,invalid,rule_B_only,7,NORMAL,,0,0,0,0,0,26.0,1.6272574145795142,,manusia,NA,,213,1,46,1,4,40-49
44288,IDN,Indonesia,invalid,rule_B_only,35,NORMAL,,0,0,0,0,0,20.0,2.9790153216098965,,manusia karena dapat menguasai alam,NA,,213,1,43,0,4,40-49
44321,IDN,Indonesia,invalid,rule_B_only,102,NORMAL,,0,0,0,0,0,19.0,5.288304327707785,0.5813183589761798,semua orang saat ini sebagian besar di untungkan dengan adanya ilmu pengetahuan dan dapat semakin maju,NA,,213,1,47,1,4,40-49
44330,IDN,Indonesia,invalid,rule_B_only,55,NORMAL,,0,0,0,0,0,21.0,4.009816882830691,,"masyarakat, karena masyarakat akan menjadi lebih pintar",NA,,213,1,43,1,4,40-49
44336,IDN,Indonesia,invalid,rule_B_only,69,NORMAL,,0,0,0,0,0,19.0,8.186908238043374,0.1856953381770519,NA,karena mereka melakukan uji hipotesis dan survey ke lapangan langsung,,213,1,25,0,4,18-29
44337,IDN,Indonesia,invalid,rule_B_only,64,NORMAL,,0,0,0,0,0,18.0,8.222958382567615,,NA,Dapat memberikan manfaat yang besar atas qilmu yang ditemukannya,,213,1,42,0,4,40-49
44347,IDN,Indonesia,invalid,rule_B_only,47,NORMAL,,0,0,0,0,0,17.0,2.753624785403701,,NA,yang penemuannya bisa dipercaya  dan masuk akal,,213,1,71,1,4,60+
44386,IDN,Indonesia,invalid,rule_B_only,57,NORMAL,,0,0,0,0,0,18.0,3.9939126899327992,,masyarakat karena perlunya sebuah yg baru mudah dan ceoat,NA,,213,1,38,1,4,30-39
44390,IDN,Indonesia,invalid,rule_B_only,16,NORMAL,,0,0,0,0,0,19.0,4.864906886644656,,MANUSIA DAN ALAM,NA,,213,1,37,0,4,30-39
44393,IDN,Indonesia,invalid,rule_B_only,24,NORMAL,,0,0,0,0,0,17.0,2.568604676000162,,NA,Penemuan yang luar biasa ,,213,1,32,0,3,30-39
44395,IDN,Indonesia,invalid,rule_B_only,90,NORMAL,,0,0,0,0,0,19.0,3.9663337959876994,,NA,Jurnal ilmiahnyang sudah dikeluarkan serta implementasi pada kehidupan manusia yang relate,,213,1,30,0,4,30-39
44448,IDN,Indonesia,invalid,rule_B_only,85,NORMAL,,0,0,0,0,0,22.0,3.6130748116151383,0.31622776601683794,NA,"Karya ilmiah yang dihasilkan, kemampuan untuk menyampaikan ilmunya da implementasinya",,213,1,39,1,4,30-39
44454,IDN,Indonesia,invalid,rule_B_only,20,NORMAL,,0,0,0,0,0,20.0,5.076984954876436,-0.2672612419124244,Harusnya publik umum,NA,,213,1,44,1,3,40-49
44470,IDN,Indonesia,invalid,rule_B_only,159,NORMAL,,0,0,0,0,0,18.0,4.617279858530339,,NA,ilmuwan dapat dipercaya karena dasar pendapatnya ilmiah dari hasil penelitian atau hasil perhitungan yang teliti dan akurat dari rumus-rumus yang berkesesuaian,,213,1,57,1,4,50-59
44475,IDN,Indonesia,invalid,rule_B_only,84,NORMAL,,0,0,0,0,0,19.0,7.3202470177503765,,NA,Ilmuwan menciptakan sebuah karya yang dapat membantu dan menolong kehidupan manusia.,,213,1,47,1,3,40-49
44493,IDN,Indonesia,invalid,rule_B_only,44,NORMAL,,0,0,0,0,0,17.0,2.8156057306214937,,"ilmuwan
karena bisa menjual hasil karya nya",NA,,213,1,42,1,4,40-49
44501,IDN,Indonesia,invalid,rule_B_only,207,NORMAL,,0,0,0,0,0,21.0,6.622565298595418,,ilmu pengetahuan sangat menguntungkan untuk diri kita sendiri khususnya dan juga sangat menguntungkan buat orang lain karena dengan ilmu pengetahuan kita dapat belajar dan memimplitasikan di kehidupan nyata.,NA,,213,1,37,0,4,30-39
44512,IDN,Indonesia,invalid,rule_B_only,56,NORMAL,,0,0,0,0,0,21.0,4.181923704898309,,"semua manusia, karena menjadi mengerti akan hal tersebut",NA,,213,1,57,0,4,50-59
44516,IDN,Indonesia,invalid,rule_B_only,71,NORMAL,,0,0,0,0,0,19.0,5.352760101435177,0.2,"KITA SENDIRI,KARENA DENGAN ILMU PENGETAHUAN PEMAHAMAN KITA JADI BERTBAH
",NA,,213,1,41,0,3,40-49
44524,IDN,Indonesia,invalid,rule_B_only,28,NORMAL,,0,0,0,0,0,17.0,4.668436974057445,,Manusia karena ingin bahagia ,NA,,213,1,44,1,4,40-49
44546,IDN,Indonesia,invalid,rule_B_only,20,NORMAL,,0,0,0,0,0,19.0,4.456285169610707,,Manusia pada umumnya ,NA,,213,1,32,0,4,30-39
44572,IDN,Indonesia,invalid,rule_B_only,64,NORMAL,,0,0,0,0,0,21.0,3.8904187197964633,,Yang di untung kan adalah ssmua mahkluk manusia di seluruh dunia,NA,,213,1,31,0,4,30-39
44591,IDN,Indonesia,invalid,rule_B_only,13,NORMAL,,0,0,0,0,0,25.0,3.115796793707569,,NA,Kepintarannya,,213,1,27,0,4,18-29
44623,IDN,Indonesia,invalid,rule_B_only,7,NORMAL,,0,0,0,0,0,24.0,2.927539648240026,,NA,dikenal ,,213,1,39,1,4,30-39
44646,IDN,Indonesia,invalid,rule_B_only,135,NORMAL,,0,0,0,0,0,20.0,5.949686252185603,,"Yang paling diuntungkan dari ilmu pengetahuan adalah seluruh manusia di muka bumi karena kita dapat berkembang, maju, lebih berwawasan.",NA,,213,1,38,0,4,30-39
44696,IDN,Indonesia,invalid,rule_B_only,13,NORMAL,,0,0,0,0,0,18.0,3.672111144167378,,NA,Kepintarannya,,213,1,27,0,4,18-29
44703,IDN,Indonesia,invalid,rule_B_only,104,NORMAL,,0,0,0,0,0,17.0,6.12389910600555,,Masyarakat lebih diuntungkan karena informasi ini membuat masyarakat cepat memahami keadaan yang penting,NA,,213,1,43,1,4,40-49
44706,IDN,Indonesia,invalid,rule_B_only,36,NORMAL,,0,0,0,0,0,20.0,4.348261917587827,,NA,berdasarkan penelitian yang mutakhir,,213,1,30,1,4,30-39
44730,IDN,Indonesia,invalid,rule_B_only,6,NORMAL,,0,0,0,0,0,23.0,3.1513994848112024,,Pintar,NA,,213,1,26,1,4,18-29
44756,IDN,Indonesia,invalid,rule_B_only,14,NORMAL,,0,0,0,0,0,20.0,3.72729727503303,,NA,Kejeniusan nya,,213,1,28,0,4,18-29
44810,IDN,Indonesia,invalid,rule_B_only,46,NORMAL,,0,0,0,0,0,22.0,3.6844233492654435,0.5,NA,hasil temuannya yg dapat dipertanggungjawabkan,,213,1,36,1,4,30-39
44829,IDN,Indonesia,invalid,rule_B_only,46,NORMAL,,0,0,0,0,0,19.0,3.554427446612065,,"manusia, karena dengan ilmu manusia makin maju",NA,,213,1,34,0,4,30-39
44834,IDN,Indonesia,invalid,rule_B_only,21,NORMAL,,0,0,0,0,0,28.0,2.9487467592297865,,NA,tentang jepintarannya,,213,1,32,0,3,30-39
44840,IDN,Indonesia,invalid,rule_B_only,38,NORMAL,,0,0,0,0,0,19.0,4.201753983270635,,NA,Karena sudah di akui karena pendidikan,,213,1,24,0,3,18-29
44859,IDN,Indonesia,invalid,rule_B_only,16,NORMAL,,0,0,0,0,0,18.0,5.504383645190699,,manusia dan alam,NA,,213,1,38,1,4,30-39
44867,IDN,Indonesia,invalid,rule_B_only,209,NORMAL,,0,0,0,0,0,18.0,3.9579942084337962,,"Semua, masyarakat juga sang ilmuwan,sang ilmuwan bisa mendapatkan lebih banyak pengalaman tentang pengetahuan secara langsung, dan masyarakat pun bisa mendapatkan pengetahuan yang diberitakan oleh sang ilmuwan",NA,,213,1,36,0,4,30-39
44879,IDN,Indonesia,invalid,rule_B_only,59,NORMAL,,0,0,0,0,0,20.0,7.167270123243612,,NA,Karena jenius dan dapat menciptakan sesuatu yang bermanfaat,,213,1,32,0,4,30-39
44891,IDN,Indonesia,invalid,rule_B_only,73,NORMAL,,0,0,0,0,0,22.0,2.7100777451236047,,NA,Hasil bukti data penelitiannya menjadi sebagai bentuk hasil proses riset.,,213,1,21,1,3,18-29
44893,IDN,Indonesia,invalid,rule_B_only,74,NORMAL,,0,0,0,0,0,22.0,4.508565324524054,,Manusia dikarenakan teknologi dapat membantu mempermudah kehidupan manusia,NA,,213,1,36,1,4,30-39
44911,IDN,Indonesia,invalid,rule_B_only,53,NORMAL,,0,0,0,0,0,31.0,4.450779489052923,,NA,mereka terpelajar dan berfikir untuk kebaikan bersama,,213,1,35,1,4,30-39
44947,IDN,Indonesia,invalid,rule_B_only,10,MEDIUM,longstring_exceed,1,0,1,0,0,57.0,2.9487467592297865,,Masyarakat,NA,,213,1,35,1,4,30-39
44954,IDN,Indonesia,invalid,rule_B_only,134,NORMAL,,0,0,0,0,0,18.0,2.945163385758376,,NA,"latar belakang pendidikan, sehingga mereka lebih mengerti dan menguasai hal yang mereka pelajari. serta reputasi yang melekat padanya.",,213,1,31,1,3,30-39
44961,IDN,Indonesia,invalid,rule_B_only,30,NORMAL,,0,0,0,0,0,22.0,3.870145556411035,0.25,NA,hasil temuannya sudah terbukti,,213,1,48,0,4,40-49
44980,IDN,Indonesia,invalid,rule_B_only,20,NORMAL,,0,0,0,0,0,20.0,4.426740455817507,,NA,terbukti dan terjadi,,213,1,59,1,4,50-59
45014,IDN,Indonesia,invalid,rule_B_only,13,NORMAL,,0,0,0,0,0,18.0,3.831770320777646,,NA,Sangat jenius,,213,1,24,0,4,18-29
45018,IDN,Indonesia,invalid,rule_B_only,135,NORMAL,,0,0,0,0,0,20.0,5.9239788846401655,,"yang paling diuntungkan adalah diri sendiri, karena pengetahuan apapun tentang ilmu pengetahuan dapat bermanfaat dan mencegah keburukan ",NA,,213,1,38,0,3,30-39
45030,IDN,Indonesia,invalid,rule_B_only,67,NORMAL,,0,0,0,0,0,18.0,5.42964280652897,,NA,penelitiannya sesuai bukti ilmiah dan bermanfaat untuk orang banyak,,213,1,47,0,3,40-49
45031,IDN,Indonesia,invalid,rule_B_only,47,NORMAL,,0,0,0,0,0,24.0,2.934079025334829,,NA,Menciptakan produk yang bermanfaat orang banyak,,213,1,32,1,4,30-39
45050,IDN,Indonesia,invalid,rule_B_only,92,NORMAL,,0,0,0,0,0,18.0,3.598619083495937,,manusia. karena dari ilmu pengetahuan kita dapat melakukan kegiatan sehari-hari dengan mudah ,NA,,213,1,25,0,4,18-29
45089,IDN,Indonesia,invalid,rule_B_only,43,NORMAL,,0,0,0,0,0,17.0,1.8640960729104898,,semua orang. karena membuka cakrawala dunia,NA,,213,1,37,1,4,30-39
45131,IDN,Indonesia,invalid,rule_B_only,84,NORMAL,,0,0,0,0,0,28.0,3.024619383482812,1.0,Yang paling di untungkan dari ilmu pengetahuan bagi yang mempelajarinya dengan tekun,NA,,213,1,34,0,4,30-39
45148,IDN,Indonesia,invalid,rule_B_only,99,NORMAL,,0,0,0,0,0,19.0,2.2852604729919705,,"Seluruh manusia tentunya, karena ilmu pengetahuan dapat menunjang kehidupan saat ini dan masa depan",NA,,213,1,30,0,4,30-39
45190,IDN,Indonesia,invalid,rule_B_only,118,NORMAL,,0,0,0,0,0,20.0,9.368430631646298,,NA,yang membuat seorang ilmuwan dapat dipercaya yaitu dengan memiliki kemampuan komunikasi dan bersosialisasi dengan baik,,213,1,32,0,4,30-39
45195,IDN,Indonesia,invalid,rule_B_only,110,NORMAL,,0,0,0,0,0,22.0,5.107307654946695,,untuk diri kita sendiri dan anak cucu kita agar mampu menjalani hidup ini dengan baik melalui ilmu pengetahuan,NA,,213,1,35,1,3,30-39
45198,IDN,Indonesia,invalid,rule_B_only,105,NORMAL,,0,0,0,0,0,20.0,3.617377485148196,,NA,Karena cara hal berfikirnya untuk menghasilkan hal hal yang tidak diketahui sebelumnya oleh banyak orang.,,213,1,30,1,4,30-39
45223,IDN,Indonesia,invalid,rule_B_only,52,NORMAL,,0,0,0,0,0,21.0,7.031609189613252,-0.31900813481115786,NA,Temuan yang bisa dibuktikan dan di akui banyak orang,,213,1,40,1,3,40-49
45243,IDN,Indonesia,invalid,rule_B_only,15,NORMAL,,0,0,0,0,0,31.0,6.044886708475956,,masyarakat luas,NA,,213,1,46,0,4,40-49
45253,IDN,Indonesia,invalid,rule_B_only,109,NORMAL,,0,0,0,0,0,20.0,4.399609404700379,-0.6324555320336759,orang yang memiliki akses terhadap pendidikan dan ilmuwan. Karena tidak semua orang bisa mengakses pendidikan ,NA,,213,1,23,0,3,18-29
45256,IDN,Indonesia,invalid,rule_B_only,7,NORMAL,,0,0,0,0,0,26.0,2.9487467592297865,,Manusia,NA,,213,1,44,1,3,40-49
45259,IDN,Indonesia,invalid,rule_B_only,42,NORMAL,,0,0,0,0,0,28.0,7.5810994518046675,,NA,"Hasil riset, speak by data, dan nama besar",,213,1,44,1,4,40-49
45265,IDN,Indonesia,invalid,rule_B_only,193,NORMAL,,0,0,0,0,0,22.0,3.173823443338385,,NA,rumus dan hasil ilmuah yang dilakukan.percobaan percobaan yang membuahkan hasil serta pendidikan yangvtinggi sehingga ilmunya banyak yang diserap dan digunakan untuk penelitian dalam kehidupan.,,213,1,40,1,3,40-49
45326,ISR,Israel,invalid,rule_B_only,29,NORMAL,,0,0,0,0,0,17.0,3.5909142224160613,-0.4472135954999579,NA,דברים מאומתים ודברים הגיוניים,,213,1,63,NA,3,60+
45363,ISR,Israel,invalid,rule_B_only,53,NORMAL,,0,0,0,0,0,19.0,3.8946663139793967,0.727606875108999,המדענים. כנראה משכורות עתק. על פיתוח שנמשך עשרות שנים,NA,,213,1,56,0,4,50-59
45381,ISR,Israel,invalid,rule_B_only,6,MEDIUM,longstring_exceed,1,0,1,0,0,49.0,2.715029835851185,,NA,ניסיון,,213,1,28,1,3,18-29
45398,ISR,Israel,invalid,rule_B_only,18,NORMAL,,0,0,0,0,0,23.0,4.026028370938119,,NA,"נסיון למידה
השכלה",,213,1,42,2,3,40-49
45512,ISR,Israel,invalid,rule_B_only,24,NORMAL,,0,0,0,0,0,18.0,4.0636162764319,,NA,אם הוא עומד במבחן התוצאה,,213,1,51,1,4,50-59
45579,ISR,Israel,invalid,rule_B_only,8,NORMAL,,0,0,0,0,0,23.0,3.809291578978828,0.7071067811865476,התאגידים ,NA,,213,1,20,1,4,18-29
45634,ISR,Israel,invalid,rule_B_only,27,NORMAL,,0,0,0,0,0,18.0,5.658584941250337,0.6324555320336759,NA,אחרי מחקרים מקיפים ונסיונות,,213,1,36,1,3,30-39
45666,ISR,Israel,invalid,rule_B_only,6,MEDIUM,longstring_exceed,1,0,1,0,0,44.0,7.439170793450022,,NA,אחוזים,,213,1,46,0,3,40-49
45734,ISR,Israel,invalid,rule_B_only,44,NORMAL,,0,0,0,0,0,26.0,2.940819297184461,,NA,ניסויים גדולים שמוכיחים טענה כלשהי חד משמעית,,213,1,37,0,4,30-39
45749,ISR,Israel,invalid,rule_B_only,67,NORMAL,,0,0,0,0,0,19.0,5.928522789127069,0.21821789023599236,NA,מחקרים שבהם הוא הצליח לחזות מה יקרה ואילו השלכות יהיו במקרים שונים.,,213,1,28,1,4,18-29
45781,ISR,Israel,invalid,rule_B_only,6,MEDIUM,longstring_exceed,1,0,1,0,0,57.0,2.6053964372105463,,NA,מחקרים,,213,1,43,1,4,40-49
45859,ISR,Israel,invalid,rule_B_only,38,NORMAL,,0,0,0,0,0,28.0,5.355883406856799,,NA,מחקרים והצגת הוכחות בלתי ניתנות להפרכה,,213,1,40,1,2,40-49
45875,ISR,Israel,invalid,rule_B_only,44,NORMAL,,0,0,0,0,0,20.0,6.3766658864586026,0.4472135954999579,NA,"אמינות אישית ותו לא
כל הישראליים נוכלים !!!",,213,1,58,1,3,50-59
45956,ISR,Israel,invalid,rule_B_only,155,NORMAL,,0,0,0,0,0,21.0,5.485134702172535,,NA,"אדם שרכש את ההשכלה המתאימה וממשיך לחדש את ידיעותיו ממקורות מדעיים מהימנים ובמקביל גם ""מייצר"" ידע חדש על ידי מחקרים וכתיבת מאמרים על פי הקריטריונים המקובלים",,213,1,62,0,4,60+
46009,ISR,Israel,invalid,rule_B_only,13,NORMAL,,0,0,0,0,0,17.0,7.956016059647064,,מי שמתעסק בזה ,NA,,213,1,60,0,3,60+
46025,ISR,Israel,invalid,rule_B_only,44,NORMAL,,0,0,0,0,0,26.0,2.415062961965051,,האנשים בעולם כי הם נהנים מהתועלות של המחקרים,NA,,213,1,31,1,4,30-39
46079,ISR,Israel,invalid,rule_B_only,71,NORMAL,,0,0,0,0,0,20.0,6.447791561535809,,"בנוסף למדענים, החברה זקוקה למדע גם לקידום ברפואה וכן לשיפור איכות החיים",NA,,213,1,50,0,3,50-59
46119,ISR,Israel,invalid,rule_B_only,75,NORMAL,,0,0,0,0,0,18.0,3.405966886984374,,"קבוצות כלכליים
שרוצים לשווק מוצר חדש
מדענים חדשניים שרוצים לשווק את המחקר",NA,,213,1,57,1,3,50-59
46190,ISR,Israel,invalid,rule_B_only,56,NORMAL,,0,0,0,0,0,17.0,5.705511925747238,0.0,החברה מחקר וניסויים יתן להגיע לגילויים שיקדמו אותנו ככלל,NA,,213,1,24,1,3,18-29
46197,ISR,Israel,invalid,rule_B_only,58,NORMAL,,0,0,0,0,0,18.0,5.132659673971331,-0.6324555320336759,NA,קשה לדעת- בעיקר לפי תגובות של מדענים אחרים על מחקרים ודעות,,213,1,53,1,4,50-59
46209,ISR,Israel,invalid,rule_B_only,6,MEDIUM,longstring_exceed,1,0,1,0,0,39.0,5.037154061837154,0.7905694150420948,NA,נתונים,,213,1,27,1,4,18-29
46228,ISR,Israel,invalid,rule_B_only,21,NORMAL,,0,0,0,0,0,30.0,3.717031257403073,,NA,"דיסקרטי, כמעט אנונימי",,213,1,65,1,4,60+
46252,ISR,Israel,invalid,rule_B_only,15,NORMAL,,0,0,0,0,0,26.0,2.3623446354743702,,NA,לימודים וניסיון,,213,1,45,1,4,40-49
46257,ISR,Israel,invalid,rule_B_only,11,NORMAL,,0,0,0,0,0,19.0,6.054599939325692,0.8838834764831844,NA,אין לי מושג,,213,1,41,1,3,40-49
46297,ISR,Israel,invalid,rule_B_only,44,NORMAL,,0,0,0,0,0,20.0,2.71725528647794,,NA,מחקרים מדעיים שמבוצעים בקפידה ובודקים תופעות ,,213,1,72,1,3,60+
46309,ISR,Israel,invalid,rule_B_only,42,NORMAL,,0,0,0,0,0,22.0,3.4934485656995884,,NA,שהמחרים אמיתיים ולא זייף וששום דבר לא ממון,,213,1,18,1,4,18-29
46316,ISR,Israel,invalid,rule_B_only,49,NORMAL,,0,0,0,0,0,24.0,5.472621812382294,-0.31622776601683794,NA,המאמרים אותם הוא רושם והאוניברסיטה אותה הוא מייצג ,,213,1,26,1,4,18-29
46328,ISR,Israel,invalid,rule_B_only,153,NORMAL,,0,0,0,0,0,19.0,5.056474754391136,,NA,"קודם כל שתהיה לו אובייקטיביות ,במידה והחוקר אינו אובייקטיבי תוצאות המחקר עלולות להיות מוטות לטובת דעותיו האישיות או הקדומות של החוקר מכיוון שכבר ישלו דעה  ",,213,1,22,1,4,18-29
46364,IND,India,invalid,rule_B_only,60,NORMAL,,0,0,0,0,0,24.0,2.412588660252043,,I am the most beneficial because it learns a lot of thing...,NA,,213,1,30,0,4,30-39
46372,IND,India,invalid,rule_B_only,127,NORMAL,,0,0,0,0,0,28.0,3.18672050007836,,The people in general will benefit from science. With new discoveries which help people to solve some of their problems easily.,NA,,213,1,45,1,4,40-49
46385,IND,India,invalid,rule_B_only,42,NORMAL,,0,0,0,0,0,19.0,3.353349487559144,,NA,It's development our life and personality.,,213,1,47,1,4,40-49
46397,IND,India,invalid,rule_B_only,89,NORMAL,,0,0,0,0,0,19.0,2.989561542575972,1.0,NA,Scientists are best because it discover many others think that can help us to human being,,213,1,35,1,4,30-39
46400,IND,India,invalid,rule_B_only,108,NORMAL,,0,0,0,0,0,22.0,3.614635171039842,,"Me , because scince is most important in our life because all about want medicine that also science for test ",NA,,213,1,25,1,4,18-29
46403,IND,India,invalid,rule_B_only,83,NORMAL,,0,0,0,0,0,22.0,3.660299546835138,,Science development very important in world global warming is very important issues,NA,,213,1,34,2,4,30-39
46406,IND,India,invalid,rule_B_only,592,NORMAL,,0,0,0,0,0,22.0,5.550169937723151,,"Peoples around the globe benefits the most from science. 

We use cars, bikes, or bicycles to go from one place to another; these all are inventions of science. We use soaps; these are also given by science. We use LPG gas and stove etc., for cooking; these are all given by science.
Scientific knowledge allows us to develop new technologies, solve practical problems, and make informed decisions — both individually and collectively. Because its products are so useful, the process of science is intertwined with those applications: New scientific knowledge may lead to new applications.",NA,,213,1,40,1,4,40-49
46443,IND,India,invalid,rule_B_only,163,NORMAL,,0,0,0,0,0,21.0,5.942312246939144,,science is beneficial to the mankind as it provides us solutions to various problems and diseases. At the same time it produces negative things like atom bomb also,NA,,213,1,70,1,4,60+
46448,IND,India,invalid,rule_B_only,60,NORMAL,,0,0,0,0,0,28.0,2.7221190061200153,,Science is the development education..it is very development,NA,,213,1,24,0,4,18-29
46460,IND,India,invalid,rule_B_only,44,NORMAL,,0,0,0,0,0,28.0,1.8909094323590356,,Almost everybody is benefitted from science.,NA,,213,1,83,1,4,60+
46467,IND,India,invalid,rule_B_only,46,NORMAL,,0,0,0,0,0,29.0,2.0665545278482313,,its everything about science to easy lifestyle ,NA,,213,1,24,0,4,18-29
46480,IND,India,invalid,rule_B_only,51,NORMAL,,0,0,0,0,0,20.0,2.866824839356363,,NA,Nothing to says scientis gives their best fornworld,,213,1,66,1,3,60+
46485,IND,India,invalid,rule_B_only,63,NORMAL,,0,0,0,0,0,17.0,4.826119458892305,,NA,Scientist gives his view not only in words but also with proof. ,,213,1,62,1,4,60+
46488,IND,India,invalid,rule_B_only,27,NORMAL,,0,0,0,0,0,20.0,4.4848197823228215,,NA,SCIENCE MAKES OUR LIFE EASY,,213,1,56,1,4,50-59
46489,IND,India,invalid,rule_B_only,31,NORMAL,,0,0,0,0,0,24.0,2.0665545278482313,,Science is a part of our lives. ,NA,,213,1,46,0,4,40-49
46498,IND,India,invalid,rule_B_only,53,NORMAL,,0,0,0,0,0,22.0,2.670553039085016,,everyone benfit with science. both humans and animals,NA,,213,1,36,1,4,30-39
46517,IND,India,invalid,rule_B_only,98,NORMAL,,0,0,0,0,0,29.0,3.668966702693845,,NA,They are among the trusted groups in society though many value practical experience over expertise ,,213,1,36,0,4,30-39
46543,IND,India,invalid,rule_B_only,115,NORMAL,,0,0,0,0,0,21.0,2.234877050280762,,NA,Science is improving everyday...but the same time too much problems also arise..example..pollution.wether change...,,213,1,53,0,4,50-59
46548,IND,India,invalid,rule_B_only,48,NORMAL,,0,0,0,0,0,19.0,3.5383955206961692,,NA,You are so better survey very interested in your,,213,1,42,1,4,40-49
46561,IND,India,invalid,rule_B_only,94,NORMAL,,0,0,0,0,0,21.0,2.1519493977304838,,NA,"G o it o it o it o o it is very much i travel with the best way for us up for us up at my home
",,213,1,45,1,4,40-49
46562,IND,India,invalid,rule_B_only,178,NORMAL,,0,0,0,0,0,19.0,2.527598080845889,,"A common belief among policy makers, scientist and businesspeople is that more science and technology funding leads to more S&T development, which in turn leads to a better life.",NA,,213,1,52,2,3,50-59
46566,IND,India,invalid,rule_B_only,86,NORMAL,,0,0,0,0,0,30.0,5.99692545965637,,NA,It's very assential for every human being for serviever for future panaminc situations ,,213,1,34,NA,4,30-39
46578,IND,India,invalid,rule_B_only,87,NORMAL,,0,0,0,0,0,26.0,2.0665545278482313,,NA,Science is the most important in this world . Scientific evidence is the most important ,,213,1,29,1,4,18-29
46583,IND,India,invalid,rule_B_only,88,NORMAL,,0,0,0,0,0,19.0,3.350060754532788,,Scientific knowledge allows us to develop  new technologies and make informed decisions. ,NA,,213,1,22,0,4,18-29
46588,IND,India,invalid,rule_B_only,129,NORMAL,,0,0,0,0,0,23.0,2.543427395916069,,science is very important for us in our life because science says always with point to point and always guide you with right path,NA,,213,1,24,0,4,18-29
46603,IND,India,invalid,rule_B_only,320,NORMAL,,0,0,0,0,0,17.0,3.9322184076178224,,Science is the pursuit and application of knowledge and understanding of the natural and social world following a systematic methodology based on evidence. Scientific methodology includes the following: Objective observation: Measurement and data (possibly although not necessarily using mathematics as a tool) Evidence.,NA,,213,1,23,0,4,18-29
46606,IND,India,invalid,rule_B_only,38,NORMAL,,0,0,0,0,0,20.0,1.4544446631620487,,Science is most helpful for human life ,NA,,213,1,58,0,3,50-59
46611,IND,India,invalid,rule_B_only,93,NORMAL,,0,0,0,0,0,19.0,2.395950291852065,,"science is the fuel that propels young minds to optimal performance,simlar to gas to a stove.",NA,,213,1,31,1,4,30-39
46624,IND,India,invalid,rule_B_only,69,NORMAL,,0,0,0,0,0,22.0,2.8554864832528706,,I think not specifically one person but it is applicable for everyone,NA,,213,1,34,1,4,30-39
46628,IND,India,invalid,rule_B_only,56,NORMAL,,0,0,0,0,0,18.0,4.210020719650766,,NA,innovation that helps humanity is worthy for a scientist,,213,1,49,0,4,40-49
46644,IND,India,invalid,rule_B_only,74,NORMAL,,0,0,0,0,0,26.0,2.0665545278482313,,science helps for better understand technology and easy to help human life,NA,,213,1,31,1,4,30-39
46656,IND,India,invalid,rule_B_only,17,NORMAL,,0,0,0,0,0,21.0,2.087880694912641,,NA,"Yes always trusty
",,213,1,50,0,4,50-59
46659,IND,India,invalid,rule_B_only,69,NORMAL,,0,0,0,0,0,21.0,6.699651144775507,,NA,Recent surveys reveal that public confidence in science is increasing ,,213,1,38,1,3,30-39
46667,IND,India,invalid,rule_B_only,7,MEDIUM,longstring_exceed,1,0,1,0,0,57.0,2.0665545278482313,,NA,No idea,,213,1,23,0,4,18-29
46670,IND,India,invalid,rule_B_only,452,NORMAL,,0,0,0,0,0,22.0,8.126522429982417,,"The process of science is a way of building knowledge about the universe — constructing new ideas that illuminate the world around us. Those ideas are inherently tentative, but as they cycle through the process of science again and again and are tested and retested in different ways, we become increasingly confident in them. Furthermore, through this same iterative process, ideas are modified, expanded, and combined into more powerful explanations. ",NA,,213,1,34,1,4,30-39
46675,IND,India,invalid,rule_B_only,25,NORMAL,,0,0,0,0,0,26.0,3.6617406634982355,-0.2,NA,Very good and interesting ,,213,1,28,0,4,18-29
46678,IND,India,invalid,rule_B_only,110,NORMAL,,0,0,0,0,0,17.0,2.606477776633476,,NA,"Scientists are among the most trusted groups in society, though many value practical experience over expertise",,213,1,31,2,4,30-39
46698,IND,India,invalid,rule_B_only,36,NORMAL,,0,0,0,0,0,27.0,2.0665545278482313,,Science  is our nature an all in all,NA,,213,1,30,0,4,30-39
46715,IND,India,invalid,rule_B_only,83,NORMAL,,0,0,0,0,0,18.0,2.32304655330905,,Science is good for our world and technology which makes our life easy and creative ,NA,,213,1,42,0,4,40-49
46718,IND,India,invalid,rule_B_only,136,NORMAL,,0,0,0,0,0,17.0,5.634607555754178,,NA,"Scientists discover any things or products under the threat of death, so there is no reason to confuse trustworthy about any scientists. ",,213,1,57,2,4,50-59
46719,IND,India,invalid,rule_B_only,15,NORMAL,,0,0,0,0,0,24.0,2.0665545278482313,,The whole world,NA,,213,1,37,0,4,30-39
46720,IND,India,invalid,rule_B_only,10,NORMAL,,0,0,0,0,0,19.0,5.014516827870576,0.0,NA,Don't know ,,213,1,46,1,4,40-49
46757,IND,India,invalid,rule_B_only,11,NORMAL,,0,0,0,0,0,26.0,1.8909094323590356,,NA,No comments ,,213,1,30,0,4,30-39
46767,IND,India,invalid,rule_B_only,98,NORMAL,,0,0,0,0,0,19.0,6.630710732644757,,NA,The scientist research on the selection topic  thatu help.us in our life wether it is good or not.  ,,213,1,45,1,4,40-49
46786,IND,India,invalid,rule_B_only,46,NORMAL,,0,0,0,0,0,18.0,4.85203231168774,,Science will give the knowledge and experience ,NA,,213,1,26,1,4,18-29
46794,IND,India,invalid,rule_B_only,102,NORMAL,,0,0,0,0,0,26.0,2.885741032324264,,NA,Scientist should be very transparent about their test results. This should make scientist trustworthy.,,213,1,52,1,4,50-59
46800,IND,India,invalid,rule_B_only,88,NORMAL,,0,0,0,0,0,20.0,4.773105754698401,,NA,Scientist become trustworthy for the public because of his research and its new creation,,213,1,41,1,4,40-49
46809,IND,India,invalid,rule_B_only,27,NORMAL,,0,0,0,0,0,26.0,4.993505171696441,,For our country and peoples,NA,,213,1,57,1,3,50-59
46836,IND,India,invalid,rule_B_only,63,NORMAL,,0,0,0,0,0,18.0,3.1323140356166177,,science is most increasing growth. so many have good qualities.,NA,,213,1,53,0,4,50-59
46839,IND,India,invalid,rule_B_only,7,NORMAL,,0,0,0,0,0,26.0,4.013616613531323,,Peoples,NA,,213,1,57,2,3,50-59
46845,IND,India,invalid,rule_B_only,71,NORMAL,,0,0,0,0,0,17.0,2.449708138600252,,"The whole mankind is benefited by science but the environment is harmed
",NA,,213,1,52,1,4,50-59
46854,IND,India,invalid,rule_B_only,185,NORMAL,,0,0,0,0,0,29.0,2.0665545278482313,,"A common belief among policy-makers, scientists, and business people is that more  science and technology funding leads to more S & T development, which in turn leads to a better life..",NA,,213,1,57,0,4,50-59
46857,IND,India,invalid,rule_B_only,57,NORMAL,,0,0,0,0,0,26.0,2.0665545278482313,,NA,Science helps us to advance as humans and improveourlives,,213,1,52,0,4,50-59
46902,JPN,Japan,invalid,rule_B_only,16,MEDIUM,longstring_exceed,1,0,1,0,0,49.0,3.064720612581114,1.0,NA,正しいデータを示して説明すること,,213,1,50,1,3,50-59
46907,JPN,Japan,invalid,rule_B_only,7,NORMAL,,0,0,0,0,0,18.0,3.8330808699777283,,全然分からない,NA,,213,1,54,0,4,50-59
46961,JPN,Japan,invalid,rule_B_only,65,NORMAL,,0,0,0,0,0,18.0,9.736273892131253,0.4472135954999579,"日本では高齢者と慢性疾患患者です。
疾患、障害、介護に関する科学分野へは公的資金がふんだんに投入されており今後も継続する為です。
",NA,,213,1,44,0,4,40-49
46974,JPN,Japan,invalid,rule_B_only,13,MEDIUM,longstring_exceed,1,0,1,0,0,37.0,3.017499740584794,,NA,どこの組織に所属しているか,,213,1,31,1,4,30-39
47097,JPN,Japan,invalid,rule_B_only,25,NORMAL,,0,0,0,0,0,17.0,5.266340207203967,0.3872983346207417,NA,自分の信念を持って、そして貫いて研究してくれる人。,,213,1,71,1,4,60+
47113,JPN,Japan,invalid,rule_B_only,17,MEDIUM,longstring_exceed,1,0,1,0,0,49.0,2.6042289317401717,,NA,わからないです。申し訳ありません。,,213,1,50,0,4,50-59
47147,JPN,Japan,invalid,rule_B_only,14,MEDIUM,longstring_exceed,1,0,1,0,0,57.0,1.6820726693965826,,NA,事実を分かりやすく体現できる,,213,1,29,0,4,18-29
47233,JPN,Japan,invalid,rule_B_only,78,NORMAL,,0,0,0,0,0,19.0,3.9150487203084574,,誰もいないと思います。一時期恩恵を得たと感じた人がいたとしても、後にそのしっぺ返しのように損失を被ることが、これまで経験的に繰り返されていると思うからです。,NA,,213,1,72,1,4,60+
47250,JPN,Japan,invalid,rule_B_only,10,MEDIUM,longstring_exceed,1,0,1,0,0,32.0,3.384465256983979,,NA,長く研究を重ねてきた,,213,1,35,0,3,30-39
47262,JPN,Japan,invalid,rule_B_only,9,NORMAL,,0,0,0,0,0,20.0,2.5335454044350603,,NA,真実のみを追求する,,213,1,54,1,4,50-59
47287,JPN,Japan,invalid,rule_B_only,17,NORMAL,,0,0,0,0,0,20.0,2.880979279858914,,NA,みんなに必要とされる研究をすること,,213,1,57,1,4,50-59
47294,JPN,Japan,invalid,rule_B_only,6,MEDIUM,longstring_exceed,1,0,1,0,0,45.0,2.7370075231251954,,NA,わかりません,,213,1,41,0,4,40-49
47346,JPN,Japan,invalid,rule_B_only,28,NORMAL,,0,0,0,0,0,18.0,4.208777203401097,,NA,不都合なことも受け入れられる。政治に左右されない。客観性,,213,1,58,0,4,50-59
47349,JPN,Japan,invalid,rule_B_only,10,NORMAL,,0,0,0,0,0,18.0,2.088864671100427,,NA,追求心　忍耐力　知識,,213,1,52,0,4,50-59
47403,JPN,Japan,invalid,rule_B_only,6,NORMAL,,0,0,0,0,0,23.0,2.7337089864038036,,NA,真面目　誠実,,213,1,42,0,4,40-49
47410,JPN,Japan,invalid,rule_B_only,7,MEDIUM,longstring_exceed,1,0,1,0,0,45.0,2.7365953682648936,,NA,安心できるもの,,213,1,34,1,3,30-39
47482,JPN,Japan,invalid,rule_B_only,17,NORMAL,,0,0,0,0,0,17.0,3.0958002792509722,,NA,正確な情報・知識に基づいていること,,213,1,60,1,4,60+
47556,JPN,Japan,invalid,rule_B_only,6,NORMAL,,0,0,0,0,0,20.0,6.426648558301158,,NA,わかりません,,213,1,55,1,3,50-59
47560,JPN,Japan,invalid,rule_B_only,11,NORMAL,,0,0,0,0,0,24.0,2.172489304793761,,恩恵は人が受けている。,NA,,213,1,51,1,4,50-59
47567,JPN,Japan,invalid,rule_B_only,61,NORMAL,,0,0,0,0,0,21.0,3.5179160539254046,,会社や学校を通して、最終的には生きてる人皆んなだと思います。誰がの恩恵が社会を通して、生活につながっているかだと思います。,NA,,213,1,64,1,4,60+
47639,JPN,Japan,invalid,rule_B_only,8,MEDIUM,longstring_exceed,1,0,1,0,0,39.0,4.736122037506095,,NA,真実に基づく態度,,213,1,62,1,4,60+
47741,JPN,Japan,invalid,rule_B_only,7,MEDIUM,longstring_exceed,1,0,1,0,0,35.0,7.023177848577059,,NA,よく分からない,,213,1,59,1,4,50-59
47764,JPN,Japan,invalid,rule_B_only,7,NORMAL,,0,0,0,0,0,19.0,3.899924437998163,,NA,真面目で正直者,,213,1,25,1,3,18-29
47796,JPN,Japan,invalid,rule_B_only,18,MEDIUM,longstring_exceed,1,0,1,0,0,57.0,2.1140396926800156,,全人類。生活の支えになっているから。,NA,,213,1,27,1,4,18-29
47807,JPN,Japan,invalid,rule_B_only,6,MEDIUM,longstring_exceed,1,0,1,0,0,71.0,6.161412381774846,,いないと思う,NA,,213,1,27,1,4,18-29
47808,JPN,Japan,invalid,rule_B_only,6,NORMAL,,0,0,0,0,0,19.0,7.006217746437587,1.0,NA,結果が出る人,,213,1,61,0,3,60+
47830,JPN,Japan,invalid,rule_B_only,7,NORMAL,,0,0,0,0,0,17.0,5.985932645323245,-0.30151134457776363,国会議員、官僚,NA,,213,1,59,1,4,50-59
47890,KEN,Kenya,invalid,rule_B_only,49,NORMAL,,0,0,0,0,0,27.0,5.2428062722536,,Science helps us to predict uncertainties in life ,NA,,213,1,33,1,4,30-39
47893,KEN,Kenya,invalid,rule_B_only,24,NORMAL,,0,0,0,0,0,18.0,2.8465533007332673,,NA,Because it can be proven ,,213,1,50,1,4,50-59
47921,KEN,Kenya,invalid,rule_B_only,246,NORMAL,,0,0,0,0,0,17.0,4.303579567353251,,Almost everyone benefits from scientists.espeacially in our youthful days. we encounter situations and circumstances that May sometimes need us to think from the scientifical view. everything that evolve around need Us to perceive them scientists ,NA,,213,1,23,0,4,18-29
47963,KEN,Kenya,invalid,rule_B_only,176,NORMAL,,0,0,0,0,0,17.0,6.676349775500152,0.8783100656536799,"First and foremost the general population benefits from science in many ways,when it comes to lab test,developing of drugs to cure disease,being able to access newer treatment.",NA,,213,1,32,0,4,30-39
47964,KEN,Kenya,invalid,rule_B_only,51,NORMAL,,0,0,0,0,0,17.0,9.284847277244172,-0.434926455122351,NA,because of the things they invent in our daily life,,213,1,19,1,3,18-29
48074,KEN,Kenya,invalid,rule_B_only,90,NORMAL,,0,0,0,0,0,20.0,4.405001366030317,,Human beings as we need to know what is happening around us affecting our day-to-day life.,NA,,213,1,56,1,2,50-59
48121,KEN,Kenya,invalid,rule_B_only,184,NORMAL,,0,0,0,0,0,19.0,3.3929494954946566,,NA,a trustworthy scientist is one that makes observations that are as accurate as possible. one that does extensive research and document their observations for current use and posterity.,,213,1,52,1,3,50-59
48136,KEN,Kenya,invalid,rule_B_only,384,NORMAL,,0,0,0,0,0,19.0,5.798074668964666,0.13130643285972254,NA,Scientists are patient as they repeat experiments multiple times to verify results. For them to be trustworthy they have to be courageous and persistent and should constantly be in communication with the public and be as open as possible so as to win the public's confidence and trust hence ensuring and giving room for an open-minded debate and full acceptance from the public domain,,213,1,25,1,4,18-29
48163,KEN,Kenya,invalid,rule_B_only,67,NORMAL,,0,0,0,0,0,17.0,4.456147104339948,,"Common man,will able to be advised on many issues ie climate change",NA,,213,1,52,1,4,50-59
48169,KEN,Kenya,invalid,rule_B_only,97,NORMAL,,0,0,0,0,0,22.0,2.26418177543695,,NA,What makes scientist trustworthy is research based evidence for any scientific discovery or claim,,213,1,57,1,4,50-59
48188,KEN,Kenya,invalid,rule_B_only,325,NORMAL,,0,0,0,0,0,19.0,5.143605982183003,,"THE SOCIETY GENERALLY since science is one of the most important channels of knowledge. It has a specific role, as well as a variety of functions for the benefit of our society: creating new knowledge, improving education, and increasing the quality of our lives. Science must respond to societal needs and global challenges.",NA,,213,1,22,1,4,18-29
48257,KEN,Kenya,invalid,rule_B_only,254,NORMAL,,0,0,0,0,0,19.0,7.013993038691578,0.11952286093343936,I wish there was a way of promoting science more in our institutions of learning and also on social media.  Science will be the answer to the problems we are experiencing in the world today.  Scientists should get it promoted like all the other subjects.,NA,,213,1,58,0,4,50-59
48302,KEN,Kenya,invalid,rule_B_only,432,NORMAL,,0,0,0,0,0,18.0,3.61890826118116,,"Human beings benefits alot from science.Without science,we cannot do without it; science is everything.Imagine all the Technology is the product gained from science.The subject has changed our life,look at agriculture,it has revolutionize since when science was introduced in farms, food industries are employs experts in the fields related to science,NASA is pure science and all related fields.I can say the subject is everything.",NA,,213,1,54,0,4,50-59
48304,KEN,Kenya,invalid,rule_B_only,44,NORMAL,,0,0,0,0,0,18.0,4.649769880864982,0.41522739926869984,studying and understanding why things happen,NA,,213,1,50,0,4,50-59
48334,KEN,Kenya,invalid,rule_B_only,33,NORMAL,,0,0,0,0,0,24.0,7.18213626016005,0.8058772873379613,Scientists. For research purposes ,NA,,213,1,39,1,4,30-39
48350,KEN,Kenya,invalid,rule_B_only,53,NORMAL,,0,0,0,0,0,23.0,2.557202394364587,,Helps us solve day to day issues and make work easier ,NA,,213,1,21,NA,3,18-29
48410,KOR,South Korea,invalid,rule_B_only,7,MEDIUM,longstring_exceed,1,0,1,0,0,42.0,2.9222607240419074,,NA,믿음직한 사실,,213,1,39,0,4,30-39
48499,KOR,South Korea,invalid,rule_B_only,13,NORMAL,,0,0,0,0,0,19.0,2.870973888903174,,NA,딱히 생각해 본 적 없음,,213,1,36,1,4,30-39
48519,KOR,South Korea,invalid,rule_B_only,39,NORMAL,,0,0,0,0,0,28.0,4.560603617689752,,NA,과학의 탐구과정을 통해 검증된 사실이나 정확한 근거를 토대로 추론하는것,,213,1,49,1,4,40-49
48551,KOR,South Korea,invalid,rule_B_only,6,NORMAL,,0,0,0,0,0,17.0,4.682339284588745,0.8574929257125441,"대도시,시민",NA,,213,1,53,1,4,50-59
48576,KOR,South Korea,invalid,rule_B_only,10,NORMAL,,0,0,0,0,0,20.0,4.192232586474252,,NA,실험의 의한. 증명,,213,1,52,1,3,50-59
48597,KOR,South Korea,invalid,rule_B_only,15,NORMAL,,0,0,0,0,0,23.0,3.7102132434417583,0.4629100498862757,일반 대중 - 삶의 질 향상,NA,,213,1,76,1,4,60+
48655,KOR,South Korea,invalid,rule_B_only,21,MEDIUM,longstring_exceed,1,0,1,0,0,32.0,5.17372026343499,-0.2,NA,증명을 통해 정확한 결과가 나와야한다.,,213,1,45,1,4,40-49
48750,KOR,South Korea,invalid,rule_B_only,15,NORMAL,,0,0,0,0,0,28.0,4.506503431510338,1.0,NA,통계와 데이터에 기반한 논리,,213,1,39,1,4,30-39
48858,KOR,South Korea,invalid,rule_B_only,11,NORMAL,,0,0,0,0,0,18.0,3.019901158117078,,NA,들어보지 못한 단어임,,213,1,38,1,4,30-39
48892,KAZ,Kazakhstan,invalid,rule_B_only,26,NORMAL,,0,0,0,0,0,18.0,4.243938531267974,0.6324555320336759,NA, делать пользу для общества,,213,1,24,0,4,18-29
48924,KAZ,Kazakhstan,invalid,rule_B_only,61,NORMAL,,0,0,0,0,0,19.0,3.7129887369255212,0.0,NA,"Посвятил науке жизнь, постоянно проводит опыты и исследования",,213,1,36,0,4,30-39
48986,KAZ,Kazakhstan,invalid,rule_B_only,11,NORMAL,,0,0,0,0,0,20.0,3.6762324897699368,,NA,Известность,,213,1,41,1,4,40-49
49012,KAZ,Kazakhstan,invalid,rule_B_only,36,NORMAL,,0,0,0,0,0,17.0,3.6523457248385784,-0.6324555320336759,NA,Ученого делают хорошим специалистом.,,213,1,43,NA,3,40-49
49014,KAZ,Kazakhstan,invalid,rule_B_only,26,NORMAL,,0,0,0,0,0,17.0,2.6334528928677012,,NA,Наверное какие то открытия ,,213,1,39,0,3,30-39
49030,KAZ,Kazakhstan,invalid,rule_B_only,40,NORMAL,,0,0,0,0,0,19.0,6.4101942494342365,0.4472135954999579,Люди потому что они этим пользуются всем,NA,,213,1,27,1,3,18-29
49039,KAZ,Kazakhstan,invalid,rule_B_only,103,NORMAL,,0,0,0,0,0,19.0,2.435656609731341,,NA," настоящего ученого отличает скромность, и он не станет повсюду рекламировать себя и свои научные работы",,213,1,24,0,4,18-29
49071,KAZ,Kazakhstan,invalid,rule_B_only,6,NORMAL,,0,0,0,0,0,19.0,7.207403661068763,0.31622776601683794,NA,Его ум,,213,1,42,1,3,40-49
49083,KAZ,Kazakhstan,invalid,rule_B_only,11,NORMAL,,0,0,0,0,0,30.0,4.506446971114222,-0.5423261445466404,NA,Его заслуги,,213,1,35,1,3,30-39
49090,KAZ,Kazakhstan,invalid,rule_B_only,7,NORMAL,,0,0,0,0,0,18.0,2.435656609731341,,не знаю,NA,,213,1,24,0,4,18-29
49108,KAZ,Kazakhstan,invalid,rule_B_only,36,NORMAL,,0,0,0,0,0,21.0,8.150541243571546,0.3779644730092272,Ғылымнан ең көп пайда көретін халық. ,NA,,213,1,18,1,3,18-29
49200,KAZ,Kazakhstan,invalid,rule_B_only,304,NORMAL,,0,0,0,0,0,17.0,5.022494280367222,-0.31622776601683794,NA,"Я считаю, что Ученый - это прежде всего человек, КОТОРЫЙ;
- непрерывно занимается саморазвитием; 
- плоды его труда служат только во благо человечества, а не на их уничтожение
- открытый, умеющий делиться знанием с теми, кто желает познать науку
- ценит свое окружение, обращается ко всем с уважением",,213,1,37,0,4,30-39
49205,KAZ,Kazakhstan,invalid,rule_B_only,64,NORMAL,,0,0,0,0,0,18.0,5.0829217665613555,,Научные люди. Делают лекарства. Потому что зарабатывают на этом. ,NA,,213,1,39,0,3,30-39
49236,KAZ,Kazakhstan,invalid,rule_B_only,7,NORMAL,,0,0,0,0,0,18.0,2.4189543378549025,,не знаю,NA,,213,1,24,0,4,18-29
49297,KAZ,Kazakhstan,invalid,rule_B_only,69,NORMAL,,0,0,0,0,0,17.0,6.62503314215084,0.4629100498862757,Наука не свободна. Кто заказывает исследования тот и получает выгоду.,NA,,213,1,64,1,4,60+
49387,KAZ,Kazakhstan,invalid,rule_B_only,25,NORMAL,,0,0,0,0,0,18.0,3.9759373679580254,0.7071067811865476,NA,Наука это благо для людеи,,213,1,46,1,4,40-49
49402,MAR,Morocco,invalid,rule_B_only,7,NORMAL,,0,0,0,0,0,31.0,7.378736892926808,0.727606875108999,انشطاين ,NA,,213,1,20,2,3,18-29
49585,MAR,Morocco,invalid,rule_B_only,131,NORMAL,,0,0,0,0,0,20.0,2.7856201402298453,,NA,ما  يجعل العالم يكون جدير بالثقة يجب ان يتحلى بصفات متعددة منها الصدق والشفافية والاخلاص في العمل وتقديم محتوى هادف للناس و المجتمع,,213,1,43,0,4,40-49
49594,MAR,Morocco,invalid,rule_B_only,24,NORMAL,,0,0,0,0,0,19.0,3.895219891840954,,NA,الحب و الإحترام المتبادل,,213,1,42,0,4,40-49
49599,MAR,Morocco,invalid,rule_B_only,25,NORMAL,,0,0,0,0,0,21.0,7.1398253397879845,-0.26967994498529685,NA,نضرا لأنه كرس حياته للعلم,,213,1,22,1,3,18-29
49664,MAR,Morocco,invalid,rule_B_only,16,NORMAL,,0,0,0,0,0,25.0,8.81708530053028,-0.714012831542562,اضن العلوم مفيدة,NA,,213,1,22,1,4,18-29
49696,MAR,Morocco,invalid,rule_B_only,87,NORMAL,,0,0,0,0,0,19.0,4.094485079162416,,NA,العلوم هي مفتاح الحياة إذ بدونها سنكون الحياة صعبة ابتدائية اضافة الى كونها كلمة ورتيبة,,213,1,55,1,3,50-59
49714,MAR,Morocco,invalid,rule_B_only,146,NORMAL,,0,0,0,0,0,18.0,3.815496757948863,1.0,دراسة العلوم والتمعن فيها يقربك من فهم عظمة الخالق تناسق الجزيءات فيما بينها ؛ العلوم تساعد الناس لفهم الطبيعة والمجرات والحياة في البحاروالمحيطات,NA,,213,1,54,1,3,50-59
49744,MAR,Morocco,invalid,rule_B_only,7,NORMAL,,0,0,0,0,0,20.0,4.768881427349396,,NA,التفائل ,,213,1,30,NA,3,30-39
49826,MAR,Morocco,invalid,rule_B_only,6,NORMAL,,0,0,0,0,0,29.0,2.872789074465326,,NA,لا شيء,,213,1,49,0,3,40-49
49829,MAR,Morocco,invalid,rule_B_only,51,NORMAL,,0,0,0,0,0,24.0,5.887510946490925,0.8528028654224417,"المستفيد الاكبر من العلوم هو الجيش 
لي صنع الأسلحة ",NA,,213,1,28,NA,3,18-29
49846,MAR,Morocco,invalid,rule_B_only,40,NORMAL,,0,0,0,0,0,18.0,2.7938870232024993,-0.2,NA,نثق بالعالم عندما تكون بحوثه ذات مصداقية,,213,1,73,1,4,60+
50012,MEX,Mexico,invalid,rule_B_only,168,NORMAL,,0,0,0,0,0,17.0,4.396291018601706,,"Todos las personas y seres vivos Por qué crean bacon las a creo antádotos para liberar alguna enfermedad o también la tecnologáa más avanzada para operar , Salvar vidas",NA,,213,1,33,0,4,30-39
50019,MEX,Mexico,invalid,rule_B_only,43,NORMAL,,0,0,0,0,0,19.0,4.595379372369842,,NA,"investiga productos, cura para enfermedades",,213,1,50,0,3,50-59
50022,MEX,Mexico,invalid,rule_B_only,61,NORMAL,,0,0,0,0,0,17.0,3.141432703878932,,NA,Pues nos enseñan a tener un conocimiento.mas amolio del mundo,,213,1,35,0,4,30-39
50025,MEX,Mexico,invalid,rule_B_only,66,NORMAL,,0,0,0,0,0,26.0,4.043822010283994,,NA,Que tenga investigaciones muy relevantes y con grandes referencias ,,213,1,34,1,4,30-39
50087,MEX,Mexico,invalid,rule_B_only,120,NORMAL,,0,0,0,0,0,18.0,5.855659155206952,,La ciencia es importante para todos y estar informados y al dáa de como va la ciencia y los progresos es muy interesante ,NA,,213,1,40,0,4,40-49
50106,MEX,Mexico,invalid,rule_B_only,45,NORMAL,,0,0,0,0,0,20.0,6.349860509131351,,Somos nosotros y pues por que nos ayuda mucho,NA,,213,1,23,1,3,18-29
50157,MEX,Mexico,invalid,rule_B_only,9,NORMAL,,0,0,0,0,0,27.0,3.4212021464146987,,NA,Seguridad ,,213,1,53,1,3,50-59
50201,MEX,Mexico,invalid,rule_B_only,12,NORMAL,,0,0,0,0,0,21.0,3.885291447902463,,NA,Credibilidad ,,213,1,53,1,3,50-59
50330,MEX,Mexico,invalid,rule_B_only,74,NORMAL,,0,0,0,0,0,17.0,5.126014338551678,,NA,SU EXPERIENCIA E INTELIGENCIA Y ESTUDIOS AL HABER LLEGADO A SER CIENTIFIC@,,213,1,29,0,3,18-29
50368,MEX,Mexico,invalid,rule_B_only,37,NORMAL,,0,0,0,0,0,18.0,4.675377342617839,,"EL GOBIERNO,YA QUE GENERAN MAS DINERO
",NA,,213,1,26,1,4,18-29
50408,MEX,Mexico,invalid,rule_B_only,108,NORMAL,,0,0,0,0,0,20.0,3.8115656026310876,,NA,Q descubra cosas nuevas e interesantes en el marco de la ciencia q sea benéfica para las personas y el mundo ,,213,1,51,1,4,50-59
50415,MEX,Mexico,invalid,rule_B_only,288,NORMAL,,0,0,0,0,0,20.0,4.422509780874478,,NA,Que sus opiniones o estudios que realice sean claros y sobretodo que no engañe a las personas con comentarios falsos para llamar la atención del público y medios de comunicación que busque soluciones para problemas del medio ambiente que estén al alcance de las personas de menos recuerdo ,,213,1,31,1,4,30-39
50435,MYS,Malaysia,invalid,rule_B_only,317,NORMAL,,0,0,0,0,0,19.0,2.535185680760377,,Kita sebagai manusia yang paling banyak dapat manfaat daripada sains kerana sekeliling manusia hidup di dunia ini dengan cara sains. Sains dan teknologi sekarang semakin maju. Setiap kelakuan kita mengguna kan sains dan teknologi canggih. Manusia hidup memerlukan oksigen salah satu punca kita hidup berpandukan sains,NA,,213,1,33,NA,3,30-39
50519,MYS,Malaysia,invalid,rule_B_only,10,NORMAL,,0,0,0,0,0,25.0,1.581991407984971,,No comment ,NA,,213,1,44,1,4,40-49
50567,MYS,Malaysia,invalid,rule_B_only,81,NORMAL,,0,0,0,0,0,25.0,1.581991407984971,,NA,Kebanyakan saintis tidak boleh dipercayai jika kajiannya tidak berlandaskan islam,,213,1,46,1,3,40-49
50603,MYS,Malaysia,invalid,rule_B_only,14,NORMAL,,0,0,0,0,0,25.0,1.581991407984971,,NA,Bercakap benar,,213,1,66,1,4,60+
50624,MYS,Malaysia,invalid,rule_B_only,76,NORMAL,,0,0,0,0,0,24.0,3.9088192299179347,,NA,Mereka telak membuat kajian lapangan yang jitu sebelum maklumat di terbitkan,,213,1,35,1,4,30-39
50640,MYS,Malaysia,invalid,rule_B_only,104,NORMAL,,0,0,0,0,0,19.0,4.335520253632175,,"Pelajar yang paling banyak mendapat manfaat, belajar sains dapat memperluadkan pemikiran dan pengetahuan",NA,,213,1,31,1,3,30-39
50664,MYS,Malaysia,invalid,rule_B_only,76,NORMAL,,0,0,0,0,0,19.0,3.691403279694513,,"Saya sendiri, kerana dapat faham pelbagai process dan reason sesuatu masalah ",NA,,213,1,42,0,4,40-49
50875,MYS,Malaysia,invalid,rule_B_only,14,NORMAL,,0,0,0,0,0,25.0,1.581991407984971,,tak ada commen ,NA,,213,1,30,0,3,30-39
50896,MYS,Malaysia,invalid,rule_B_only,12,NORMAL,,0,0,0,0,0,25.0,5.884431576248111,,vrrfrfrgfgfg,NA,,213,1,23,0,3,18-29
50903,MYS,Malaysia,invalid,rule_B_only,309,NORMAL,,0,0,0,0,0,20.0,3.9088192299179347,,NA,"Seseorang saintis dapat membuktikan sesuatu penyelidikan dengan bukti yang dikemukakan. Teori yang tidak dapat dibuktikan tidak boleh diterima sama sekali. Sebagai contoh, manusia berasal dari monyet atau bumi terhasil teori bigbang, namun asal hidupan bumi tidak dapat dibuktikan dari teori bigbang tersebut.",,213,1,35,1,4,30-39
50924,MYS,Malaysia,invalid,rule_B_only,35,NORMAL,,0,0,0,0,0,25.0,3.9088192299179347,,NA,Dengan kelulusan yang saintis ambil,,213,1,35,0,4,30-39
50961,MYS,Malaysia,invalid,rule_B_only,32,NORMAL,,0,0,0,0,0,25.0,1.581991407984971,,saya tak tahu tentang soalan ini,NA,,213,1,34,1,4,30-39
51119,MYS,Malaysia,invalid,rule_B_only,11,NORMAL,,0,0,0,0,0,17.0,2.30439700555622,,Do not know,NA,,213,1,60,0,4,60+
51163,MYS,Malaysia,invalid,rule_B_only,103,NORMAL,,0,0,0,0,0,21.0,1.8106024284272249,,NA,"Seseorang saintis boleh dipercayai dengan melakukan sesuatu experience yang membawakan natijah berjaya.
",,213,1,22,0,4,18-29
51165,MYS,Malaysia,invalid,rule_B_only,10,NORMAL,,0,0,0,0,0,20.0,3.9088192299179347,,My teacher ,NA,,213,1,25,0,4,18-29
51335,MYS,Malaysia,invalid,rule_B_only,16,NORMAL,,0,0,0,0,0,23.0,2.5636167581075084,,Tak faham soalan,NA,,213,1,76,1,4,60+
51370,MYS,Malaysia,invalid,rule_B_only,212,NORMAL,,0,0,0,0,0,25.0,1.581991407984971,,NA,Science has its limitations and it is still exploring the truth of the human and the universe. How trustworthy of a scientist is depends on how much truth has been revealed to them by the Creator of the universe.,,213,1,47,1,3,40-49
51373,MYS,Malaysia,invalid,rule_B_only,11,NORMAL,,0,0,0,0,0,25.0,5.884431576248111,,Semua orang,NA,,213,1,51,1,4,50-59
51393,MYS,Malaysia,invalid,rule_B_only,10,NORMAL,,0,0,0,0,0,18.0,4.296491460493599,1.0,Tidak tau.,NA,,213,1,24,1,3,18-29
51484,NGA,Nigeria,invalid,rule_B_only,42,NORMAL,,0,0,0,0,0,17.0,3.8657231064623296,,NA,Climate change makes scientist trustworthy,,213,1,32,0,4,30-39
51501,NGA,Nigeria,invalid,rule_B_only,145,NORMAL,,0,0,0,0,0,20.0,6.387580537761288,,NA,Properly conducted research conscientiously uses techniques of observation and experimentation that have generated recognizably stable successes.,,213,1,34,1,4,30-39
51517,NGA,Nigeria,invalid,rule_B_only,602,NORMAL,,0,0,0,0,0,21.0,5.008883054818505,,"Science has been part of man since the creation and he has help man to solve many problems and the most good things about science is the fact that is continuous in nature. For example the first computer is big and now with the help of further research we now have smaller version of computer, the same can be said about phone and other medical equipment that make life easy for mankind. Also in the area of agriculture it has help a lot there are modern equipment that make farming so easy and increase the productivity of mankind, so my point is that basically, human being can not do without science.",NA,,213,1,36,1,4,30-39
51522,NGA,Nigeria,invalid,rule_B_only,27,NORMAL,,0,0,0,0,0,20.0,4.313477704856158,,NA,If his words are verifaible,,213,1,41,1,4,40-49
51550,NGA,Nigeria,invalid,rule_B_only,98,NORMAL,,0,0,0,0,0,18.0,4.8233154095245805,,Human benefited the most from science because the advent of science has transformed his whole life ,NA,,213,1,40,1,4,40-49
51556,NGA,Nigeria,invalid,rule_B_only,161,NORMAL,,0,0,0,0,0,26.0,3.6520870962767296,,NA,"A scientist is someone who systematically gathers and uses research and evidence, to make hypotheses and test them, to gain and share understanding and knowledge",,213,1,50,0,4,50-59
51563,NGA,Nigeria,invalid,rule_B_only,30,NORMAL,,0,0,0,0,0,20.0,5.683410643134167,,NA,Science is the study of nature,,213,1,20,1,4,18-29
51571,NGA,Nigeria,invalid,rule_B_only,30,NORMAL,,0,0,0,0,0,31.0,4.061775547142718,,Human and it's to our benefits,NA,,213,1,52,0,4,50-59
51587,NGA,Nigeria,invalid,rule_B_only,57,NORMAL,,0,0,0,0,0,20.0,4.99900622281588,,"Albert Einstein
Because he is the most famous scientists",NA,,213,1,23,1,4,18-29
51596,NGA,Nigeria,invalid,rule_B_only,49,NORMAL,,0,0,0,0,0,20.0,4.842834676396284,,NA,Because scientist owns the world base on research ,,213,1,26,0,3,18-29
51602,NGA,Nigeria,invalid,rule_B_only,226,NORMAL,,0,0,0,0,0,26.0,3.7302368280222846,,science tends to benefit more the wealthy than the poor because research agendas are shaped in a variety of both explicit and invisible ways by incumbent groups without open debate on public values and wider societal benefits.,NA,,213,1,50,0,4,50-59
51606,NGA,Nigeria,invalid,rule_B_only,123,NORMAL,,0,0,0,0,0,19.0,3.826531826231021,-0.25,NA,"Scientist truthfulness, thorough investigation, the amount of research his covers, the amount of publications he published.",,213,1,51,1,4,50-59
51663,NGA,Nigeria,invalid,rule_B_only,170,NORMAL,,0,0,0,0,0,18.0,4.0012913588427566,,NA,"What makes a scientist trustworthy is basically determined by the method and data transparency, analytic reproducibility and robustness together with effect replicability",,213,1,30,0,4,30-39
51665,NGA,Nigeria,invalid,rule_B_only,72,NORMAL,,0,0,0,0,0,30.0,3.7302368280222846,,Doctors the are life living and are remembered for the great jobs the do,NA,,213,1,48,1,4,40-49
51673,NGA,Nigeria,invalid,rule_B_only,7,NORMAL,,0,0,0,0,0,20.0,4.668381121788041,,Doctors,NA,,213,1,21,1,4,18-29
51695,NGA,Nigeria,invalid,rule_B_only,51,NORMAL,,0,0,0,0,0,19.0,5.920350635566727,,Medicine because without health nothing is possible ,NA,,213,1,21,1,4,18-29
51702,NGA,Nigeria,invalid,rule_B_only,124,NORMAL,,0,0,0,0,0,17.0,3.7869070063358574,,Human because our day to day life revolves around science our health our job almost everything we do have a trace of science ,NA,,213,1,34,1,4,30-39
51704,NGA,Nigeria,invalid,rule_B_only,216,NORMAL,,0,0,0,0,0,24.0,4.101079161438373,,NA,"Science is the new beginning, also an advanced form of nature on man's behavior concerned with environment and others with technology producing special gift if nature to earn a living regardless of the wants received ",,213,1,25,1,4,18-29
51731,NGA,Nigeria,invalid,rule_B_only,30,NORMAL,,0,0,0,0,0,20.0,4.61684446784461,,NA,It gives reliable information.,,213,1,51,1,4,50-59
51778,NGA,Nigeria,invalid,rule_B_only,79,NORMAL,,0,0,0,0,0,26.0,3.7302368280222846,,Scientific knowledge Allow us to develop new technology solve practical problem,NA,,213,1,19,1,4,18-29
51781,NGA,Nigeria,invalid,rule_B_only,118,NORMAL,,0,0,0,0,0,18.0,2.765610245965251,,"Actually, mankind has benefitted immersely from science. science has no doubt improve human life on this planet earth.",NA,,213,1,36,1,4,30-39
51783,NGA,Nigeria,invalid,rule_B_only,104,NORMAL,,0,0,0,0,0,17.0,5.100116314424814,-0.31622776601683794,Medicine and that's because the broader science becomes the more better we get in knowing medical stuffs,NA,,213,1,19,0,4,18-29
51798,NGA,Nigeria,invalid,rule_B_only,168,NORMAL,,0,0,0,0,0,18.0,8.911534094000066,,"Everybody benefits is benefiting from science. Through science a lot of things like phones, calculators,sola light,aeroplanes have been discovered and made for our use.",NA,,213,1,57,1,3,50-59
51894,NGA,Nigeria,invalid,rule_B_only,39,NORMAL,,0,0,0,0,0,28.0,5.118519030496723,,NA,It's their field so I think they got it ,,213,1,23,1,3,18-29
51917,NGA,Nigeria,invalid,rule_B_only,116,NORMAL,,0,0,0,0,0,26.0,3.9781070324663617,,NA,"Science is generally accepted, it helps humanity to understand the environment and the world, and things find in it.",,213,1,35,1,4,30-39
51936,NGA,Nigeria,invalid,rule_B_only,166,NORMAL,,0,0,0,0,0,31.0,4.098464939378814,-0.31622776601683794,"Human because we benefits from the soil, sun, rain and plants because when we plant it is natural for it to grow n after we eat it that is from the soil it coming out ",NA,,213,1,42,1,4,40-49
51953,NGA,Nigeria,invalid,rule_B_only,101,NORMAL,,0,0,0,0,0,21.0,3.83138825139993,,NA,"Because they make good research for example to those students who study medicine, psychology, history",,213,1,22,1,4,18-29
51975,NGA,Nigeria,invalid,rule_B_only,40,NORMAL,,0,0,0,0,0,19.0,6.336986040536759,0.4472135954999579,How to survive in life and to be healthy,NA,,213,1,38,NA,4,30-39
51992,NGA,Nigeria,invalid,rule_B_only,20,NORMAL,,0,0,0,0,0,22.0,3.1253143409429875,,NA,Reliable information,,213,1,42,1,4,40-49
51998,NGA,Nigeria,invalid,rule_B_only,60,NORMAL,,0,0,0,0,0,17.0,5.155662848039508,,The doctor and scientist are the one that benefits the most.,NA,,213,1,29,1,3,18-29
52014,NGA,Nigeria,invalid,rule_B_only,120,NORMAL,,0,0,0,0,0,18.0,3.6182001056651933,,NA,Facts are only gotten from what is seen. So I believe Scientist works on past evidences. Which might not always be true.,,213,1,35,1,4,30-39
52019,NGA,Nigeria,invalid,rule_B_only,24,NORMAL,,0,0,0,0,0,26.0,3.7302368280222846,,NA,Because it honours norms,,213,1,19,1,3,18-29
52027,NGA,Nigeria,invalid,rule_B_only,85,NORMAL,,0,0,0,0,0,19.0,7.060464820726237,0.6324555320336759,"The benefits the most from science is the technology, tech has made living seamlessly",NA,,213,1,24,1,4,18-29
52050,NGA,Nigeria,invalid,rule_B_only,149,NORMAL,,0,0,0,0,0,18.0,3.956083967165654,,NA,"Scientists are trustworthy because of different experiment and accurate predictions in various fields of life. Such as in commerce, science, aviation ",,213,1,38,0,4,30-39
52171,NGA,Nigeria,invalid,rule_B_only,86,NORMAL,,0,0,0,0,0,17.0,7.043405647460462,,Everyone benefits from science and this is because science is part of our daily lives.,NA,,213,1,22,0,3,18-29
52264,NGA,Nigeria,invalid,rule_B_only,222,NORMAL,,0,0,0,0,0,17.0,4.840762379206222,,NA,"To determine credibility, scientific studies need to be assessed along (at least) the following three dimensions: (1) method and data transparency, (2) analytic reproducibility and robustness, and (3) effect replicability.",,213,1,25,1,4,18-29
52290,NGA,Nigeria,invalid,rule_B_only,57,NORMAL,,0,0,0,0,0,19.0,5.59673523731966,,NA,Because I believe that they are genuine and trust worthy.,,213,1,57,1,2,50-59
52292,NGA,Nigeria,invalid,rule_B_only,232,NORMAL,,0,0,0,0,0,27.0,3.7302368280222846,,"Thus, science tends to benefit more the wealthy than the poor because research agendas are shaped in a variety of both explicit and invisible ways by incumbent groups without open debate on public values and wider societal benefits.",NA,,213,1,25,1,4,18-29
52306,NGA,Nigeria,invalid,rule_B_only,176,NORMAL,,0,0,0,0,0,17.0,5.124468495487172,,Science benefits humanity in general as It comes with physical or mental result that has the capacity to enhance or make life easy for people especially in the remote villages.   ,NA,,213,1,48,1,4,40-49
52313,NGA,Nigeria,invalid,rule_B_only,82,NORMAL,,0,0,0,0,0,26.0,5.353780721517427,,I benefit from science cause most of the things we use today its all about science ,NA,,213,1,27,1,4,18-29
52315,NGA,Nigeria,invalid,rule_B_only,9,NORMAL,,0,0,0,0,0,28.0,3.8431207969647048,0.2,NA,The world ,,213,1,29,1,4,18-29
52351,NGA,Nigeria,invalid,rule_B_only,42,NORMAL,,0,0,0,0,0,26.0,3.9781070324663617,,"Humans
Because we have knowledge about it
",NA,,213,1,24,0,4,18-29
52381,NGA,Nigeria,invalid,rule_B_only,76,NORMAL,,0,0,0,0,0,21.0,3.2645137540701605,,Everyone benefits from science because it required for day to day activities ,NA,,213,1,41,0,4,40-49
52519,NIC,Nicaragua,invalid,rule_B_only,284,NORMAL,,0,0,0,0,0,28.0,4.834624532113173,,"Todos nos beneficiamos de la ciencia dia a dia, gracias a la ciencia se ha creado la vacuna contra el covid y ha generado que hayan menos muertes a nivel mundial, los avances cientificos hacen que se tomemos conciencia de muchas cosas que estan generando el calentamiento global, etc.",NA,,213,1,36,0,4,30-39
52565,NIC,Nicaragua,invalid,rule_B_only,108,NORMAL,,0,0,0,0,0,24.0,5.961303211504342,,Todos somos beneficiado con la ciencia ya que entre mas avance hay se descubren cosas tales como vacunas ect ,NA,,213,1,35,0,4,30-39
52588,NIC,Nicaragua,invalid,rule_B_only,94,NORMAL,,0,0,0,0,0,31.0,5.544228472336852,,Todos los seres humanos somos beneficiados con la ciencia influye mucho en cuestiones de salud ,NA,,213,1,32,0,4,30-39
52606,NIC,Nicaragua,invalid,rule_B_only,243,NORMAL,,0,0,0,0,0,21.0,4.500606502111106,,NA,"Las noticias que publican, los hechos que ellos exiben por los medios de comunicación, para que así todos las personas o población se entere de todos okbha ido descubriendo la ciencia en día a día  en todo el país y por toda la población...etc",,213,1,27,0,3,18-29
52710,NIC,Nicaragua,invalid,rule_B_only,84,NORMAL,,0,0,0,0,0,19.0,4.596412048319122,,"El mundo es el que se beneficia, ya que sin ella, todo lo que conocemos no existiría ",NA,,213,1,49,1,4,40-49
52747,NIC,Nicaragua,invalid,rule_B_only,158,NORMAL,,0,0,0,0,0,19.0,3.14426282771546,,en mi opinión todos salimos beneficiados con la ciencia pero a menudo considero que los que están en total estudio evolutivo como lo son médicos y científicos,NA,,213,1,30,1,4,30-39
52808,NIC,Nicaragua,invalid,rule_B_only,216,NORMAL,,0,0,0,0,0,18.0,3.1601098611640444,,NA,"más que todo la información y datos concretos que posee, si un científico no posee información y datos concretos para demostrarlas el mundo que las investigaciones en las que trabaja son reales no puede ser confiable ",,213,1,40,NA,3,40-49
52877,NIC,Nicaragua,invalid,rule_B_only,129,NORMAL,,0,0,0,0,0,29.0,3.9400007611917465,,"nosotros, porque a medida que buscamos como conocer mejor con que nuestro creador Jehova nos brindo con la creación del universo.",NA,,213,1,53,0,4,50-59
52934,NIC,Nicaragua,invalid,rule_B_only,93,NORMAL,,0,0,0,0,0,22.0,5.152342178145826,0.29277002188455997,NA,"Cuando entrega la información sin ocultar nada, dando hechos y pruebas de lo esta estudiando.",,213,1,52,0,4,50-59
52938,NIC,Nicaragua,invalid,rule_B_only,75,NORMAL,,0,0,0,0,0,26.0,7.498144456967454,,NA,Un científico trata de descubrir algo que otros no pueden hacer o descubrir ,,213,1,55,0,3,50-59
52961,NIC,Nicaragua,invalid,rule_B_only,58,NORMAL,,0,0,0,0,0,19.0,4.862385291459766,0.9258200997725514,los que se benefician son los gobiernos que están el poder,NA,,213,1,50,0,4,50-59
53002,NIC,Nicaragua,invalid,rule_B_only,163,NORMAL,,0,0,0,0,0,22.0,6.584798020230112,0.20851441405707474,"Nos beneficiamos todos gracias ala ciencia hay cura para el. Cáncer, hay medicinas, se fue al espacio gracias ala ciencia hay electricidad, aviones automóviles etc ",NA,,213,1,47,2,3,40-49
53053,NOR,Norway,invalid,rule_B_only,7,NORMAL,,0,0,0,0,0,23.0,4.759360998855713,0.242535625036333,NA,Usikker,,213,1,29,1,4,18-29
53086,NOR,Norway,invalid,rule_B_only,72,NORMAL,,0,0,0,0,0,31.0,4.87575619977672,,NA,It's something that involves Development of country ghfdvb vou tstt fdav,,213,1,34,1,4,30-39
53114,NOR,Norway,invalid,rule_B_only,8,NORMAL,,0,0,0,0,0,25.0,3.446897164267256,,Vet ikke,NA,,213,1,59,1,3,50-59
53129,NOR,Norway,invalid,rule_B_only,13,NORMAL,,0,0,0,0,0,18.0,3.869275209241897,,NA,"Keine Antwort
",,213,1,34,0,4,30-39
53131,NOR,Norway,invalid,rule_B_only,20,NORMAL,,0,0,0,0,0,22.0,2.4000524933119807,,Ingen svar   Coolbet ,NA,,213,1,34,0,4,30-39
53134,NOR,Norway,invalid,rule_B_only,8,NORMAL,,0,0,0,0,0,23.0,4.020244830955908,,Vet ikke,NA,,213,1,44,1,3,40-49
53153,NOR,Norway,invalid,rule_B_only,289,NORMAL,,0,0,0,0,0,22.0,8.508153880398309,,"Jeg er ikke så interessert i vitenskap spørsmål fordi jeg 
 lærer om Bibelen,Jehova og Jesus.

Dette har forandret livet mitt så mye ønsker att dere også skal vite at det er sannheten, jeg er så glad i alle mennesker selv de som ikke tror fordi de har alle et liv og dette kan forandres ",NA,,213,1,20,0,3,18-29
53154,NOR,Norway,invalid,rule_B_only,65,NORMAL,,0,0,0,0,0,18.0,4.039132622030841,,"Usikker, vanskelig å vite hva man skal tro på. Mye penger i dette",NA,,213,1,49,0,4,40-49
53179,NOR,Norway,invalid,rule_B_only,39,NORMAL,,0,0,0,0,0,20.0,5.104474078101754,-0.2,Alle mennesker. For å forstå og utvikle,NA,,213,1,29,0,3,18-29
53208,NOR,Norway,invalid,rule_B_only,86,NORMAL,,0,0,0,0,0,29.0,4.334138836861191,1.0,There is science in everything. So basically all beings in the nature gets benefitted.,NA,,213,1,26,0,4,18-29
53246,NOR,Norway,invalid,rule_B_only,96,NORMAL,,0,0,0,0,0,19.0,3.7196163240359663,,NA,"At den personen prøver å gjere sitt beste, og at dei kjem med sannheta og ikkje held noe tilbake",,213,1,56,1,3,50-59
53263,NOR,Norway,invalid,rule_B_only,8,NORMAL,,0,0,0,0,0,18.0,3.5673638566730412,,Vet ikke,NA,,213,1,33,0,3,30-39
53266,NOR,Norway,invalid,rule_B_only,29,NORMAL,,0,0,0,0,0,24.0,4.361377816946995,0.6666666666666666,jeg forsker og jeg elsker det,NA,,213,1,49,0,4,40-49
53284,NOR,Norway,invalid,rule_B_only,27,NORMAL,,0,0,0,0,0,17.0,3.8775144419465417,,"Alle, det kan lære oss ting ",NA,,213,1,22,1,2,18-29
53288,NOR,Norway,invalid,rule_B_only,8,MEDIUM,longstring_exceed,1,0,1,0,0,61.0,6.440243676231283,,NA,"Vet ikke
",,213,1,NA,0,2,NA
53307,NOR,Norway,invalid,rule_B_only,25,NORMAL,,0,0,0,0,0,26.0,2.345851197298985,,Til nytte for menneskene. ,NA,,213,1,47,1,2,40-49
53344,NOR,Norway,invalid,rule_B_only,16,NORMAL,,0,0,0,0,0,26.0,1.9881305804797291,,Det som har lyst ,NA,,213,1,53,1,2,50-59
53363,NOR,Norway,invalid,rule_B_only,21,NORMAL,,0,0,0,0,0,19.0,3.9952148716187104,0.31622776601683794,NA,Faktabasert forskning ,,213,1,54,1,4,50-59
53413,NOR,Norway,invalid,rule_B_only,29,NORMAL,,0,0,0,0,0,19.0,5.670130690580167,0.10846522890932808,er vel bra for mennskligheten,NA,,213,1,39,1,3,30-39
53449,NOR,Norway,invalid,rule_B_only,8,NORMAL,,0,0,0,0,0,29.0,3.364696545596103,,NA,vet ikke ,,213,1,67,0,2,60+
53482,NOR,Norway,invalid,rule_B_only,9,NORMAL,,0,0,0,0,0,18.0,4.905188888649219,,NA,Bare tull,,213,1,61,0,3,60+
53507,NOR,Norway,invalid,rule_B_only,35,NORMAL,,0,0,0,0,0,21.0,4.890588220017187,-0.242535625036333,Alle fordi alle har nytte av å lære,NA,,213,1,45,0,4,40-49
53548,NZL,New Zealand,invalid,rule_B_only,12,NORMAL,,0,0,0,0,0,27.0,2.405318272678932,,I don't know,NA,,213,1,39,1,3,30-39
53557,NZL,New Zealand,invalid,rule_B_only,46,NORMAL,,0,0,0,0,0,22.0,2.8364277514748073,,NA,They are more highly educated than most people,,213,1,33,0,3,30-39
53565,NZL,New Zealand,invalid,rule_B_only,375,NORMAL,,0,0,0,0,0,19.0,3.0825429490800134,,NA,"Much is based on trust! We have to believe that the scientific reports that we hear about in the news etc is correctly verified. Often we can see for ourselves eg. the recent Covid pandemic - Oxford University/Ffizer  announced they had a vaccine, the public were vaccinated & cases dropped. BUT we had to trust the scientists that it would not harm us more than Covid would.",,213,1,50,0,4,50-59
53612,NZL,New Zealand,invalid,rule_B_only,12,NORMAL,,0,0,0,0,0,21.0,3.582475822199566,,human beings,NA,,213,1,35,1,4,30-39
53623,NZL,New Zealand,invalid,rule_B_only,8,NORMAL,,0,0,0,0,0,26.0,2.414881988154781,,NA,Not sure ,,213,1,22,1,3,18-29
53628,NZL,New Zealand,invalid,rule_B_only,141,NORMAL,,0,0,0,0,0,19.0,5.238148935434197,,"It improves all walks of life! medical science in particular, for example, continues to look & find different ways of improving life & health",NA,,213,1,50,0,3,50-59
53637,NZL,New Zealand,invalid,rule_B_only,51,NORMAL,,0,0,0,0,0,21.0,2.723422250803072,,NA,To be honest and knowledgeable in what he/she says.,,213,1,46,0,4,40-49
53640,NZL,New Zealand,invalid,rule_B_only,193,NORMAL,,0,0,0,0,0,23.0,5.676064293663148,-0.29277002188455997,The people living benefits from science. Because it is knowledge that helps us survive and if there is no science there is no knowledge about what’s going on around us and why they come to life ,NA,,213,1,23,1,3,18-29
53645,NZL,New Zealand,invalid,rule_B_only,110,NORMAL,,0,0,0,0,0,17.0,4.470097504820229,,NA,"Sticking to rules of ethics
Caring about following the rigours of scans not just trying to prove a hypothesis ",,213,1,55,0,4,50-59
53647,NZL,New Zealand,invalid,rule_B_only,23,NORMAL,,0,0,0,0,0,18.0,3.4467026498117037,,Everything and everyone ,NA,,213,1,38,0,3,30-39
53664,NZL,New Zealand,invalid,rule_B_only,102,NORMAL,,0,0,0,0,0,17.0,3.109415116747382,,"I think every one benefits from science, because without science we wouldn't have vaccines, medicines. ",NA,,213,1,38,0,4,30-39
53666,NZL,New Zealand,invalid,rule_B_only,45,NORMAL,,0,0,0,0,0,17.0,7.376366100676452,0.4472135954999579,NA,Science is backed up with evidence most times ,,213,1,25,0,4,18-29
53673,NZL,New Zealand,invalid,rule_B_only,103,NORMAL,,0,0,0,0,0,31.0,4.859581581265987,,He aha te mea nui mo tenei ao he mokopuna this grandchild is the most important being that of the world,NA,,213,1,65,1,4,60+
53746,NZL,New Zealand,invalid,rule_B_only,7,NORMAL,,0,0,0,0,0,25.0,4.610545214007191,0.4472135954999579,NA,Honesty,,213,1,57,0,3,50-59
53802,NZL,New Zealand,invalid,rule_B_only,21,NORMAL,,0,0,0,0,0,26.0,3.0640319006678594,,NA,Education and degrees,,213,1,40,0,3,40-49
53810,NZL,New Zealand,invalid,rule_B_only,39,NORMAL,,0,0,0,0,0,25.0,2.235735892443456,,make life more easy with new technology,NA,,213,1,70,1,3,60+
53846,NZL,New Zealand,invalid,rule_B_only,165,NORMAL,,0,0,0,0,0,17.0,3.862496037455868,,NA,"curiosity, motivation and passion to discover the truth through valid research and justifiable methods then being able to explain the outcomes in simple terms to all",,213,1,61,0,4,60+
53850,NZL,New Zealand,invalid,rule_B_only,8,NORMAL,,0,0,0,0,0,19.0,7.73486508999964,,NA,Not sure,,213,1,59,0,3,50-59
53858,NZL,New Zealand,invalid,rule_B_only,58,NORMAL,,0,0,0,0,0,19.0,4.357517282367141,0.6432675209026768,Everyone it’s very important to improve everything we know ,NA,,213,1,45,1,3,40-49
53874,NZL,New Zealand,invalid,rule_B_only,6,NORMAL,,0,0,0,0,0,29.0,2.2297857152820475,,NA,Proven,,213,1,50,0,4,50-59
53889,NZL,New Zealand,invalid,rule_B_only,71,NORMAL,,0,0,0,0,0,20.0,2.5652804181951665,,Science is a part of us and our lives. Scientific research is important ,NA,,213,1,58,0,3,50-59
53900,NZL,New Zealand,invalid,rule_B_only,20,NORMAL,,0,0,0,0,0,20.0,8.424276551858739,0.727606875108999,NA,nothing to be honest,,213,1,52,1,3,50-59
53913,NZL,New Zealand,invalid,rule_B_only,15,NORMAL,,0,0,0,0,0,21.0,3.743305965187647,0.2,NA,Factual results,,213,1,50,1,3,50-59
53914,NZL,New Zealand,invalid,rule_B_only,349,NORMAL,,0,0,0,0,0,19.0,4.110447625364123,,"We know absolutely very little about existence, about our plant, about our solar system, even tho science does get it wrong sometimes I still think science is very important for our youth to learn about, I personally don't believe in God himself, I belive a higher power but I think religion will destroy this earth thats why science is so important",NA,,213,1,29,1,3,18-29
53925,NZL,New Zealand,invalid,rule_B_only,28,NORMAL,,0,0,0,0,0,22.0,5.560330403739274,0.2,Scientist because they study,NA,,213,1,27,1,3,18-29
53945,NZL,New Zealand,invalid,rule_B_only,65,NORMAL,,0,0,0,0,0,27.0,4.0177582623264465,0.4,It's a chance to look at something and then learn more about this ,NA,,213,1,42,1,3,40-49
53957,NZL,New Zealand,invalid,rule_B_only,92,NORMAL,,0,0,0,0,0,17.0,3.6412831625739224,,"We all do, especially in areas like our health as new discoveries and developments are found",NA,,213,1,50,0,3,50-59
53966,NZL,New Zealand,invalid,rule_B_only,21,NORMAL,,0,0,0,0,0,29.0,6.799698800103606,,NA,I'm not into Science.,,213,1,51,0,3,50-59
54011,NZL,New Zealand,invalid,rule_B_only,75,NORMAL,,0,0,0,0,0,19.0,4.869271513988162,,NA,There research makes it trustworthy they put so much time and effort in it.,,213,1,40,1,4,40-49
54031,NZL,New Zealand,invalid,rule_B_only,10,NORMAL,,0,0,0,0,0,24.0,2.787640095609321,,NA,don't know,,213,1,58,1,4,50-59
54049,NZL,New Zealand,invalid,rule_B_only,73,NORMAL,,0,0,0,0,0,18.0,5.2145589904525,,The world learns and why so our future lives the next generation benefits,NA,,213,1,65,1,4,60+
54057,NZL,New Zealand,invalid,rule_B_only,7,MEDIUM,longstring_exceed,1,0,1,0,0,32.0,2.615219740911614,,no idea,NA,,213,1,40,0,3,40-49
54065,NZL,New Zealand,invalid,rule_B_only,53,NORMAL,,0,0,0,0,0,20.0,4.25476554094206,-0.5,Everyone does because information is freely available,NA,,213,1,43,0,4,40-49
54070,NZL,New Zealand,invalid,rule_B_only,19,NORMAL,,0,0,0,0,0,18.0,2.9923442119031636,,"Environment, people",NA,,213,1,38,0,4,30-39
54088,NZL,New Zealand,invalid,rule_B_only,36,NORMAL,,0,0,0,0,0,17.0,2.7964179455959117,,Everyone that reads or listens to it,NA,,213,1,37,0,4,30-39
54103,NZL,New Zealand,invalid,rule_B_only,21,NORMAL,,0,0,0,0,0,25.0,4.146611610952575,0.29277002188455997,people and the planet,NA,,213,1,58,1,4,50-59
54148,NZL,New Zealand,invalid,rule_B_only,93,NORMAL,,0,0,0,0,0,21.0,4.434204488444588,,NA,"Their training, University education, inquisitive mind.
Always trying to solve big questions",,213,1,44,0,4,40-49
54196,NZL,New Zealand,invalid,rule_B_only,16,NORMAL,,0,0,0,0,0,17.0,3.4902687691539613,-0.31622776601683794,NA,i am not to sure,,213,1,41,1,4,40-49
54257,NZL,New Zealand,invalid,rule_B_only,70,NORMAL,,0,0,0,0,0,23.0,3.605795179299403,,NA,To be honest in what he/she communicates about scientific information.,,213,1,46,0,4,40-49
54331,NZL,New Zealand,invalid,rule_B_only,175,NORMAL,,0,0,0,0,0,21.0,5.985902242053497,0.8660254037844386,NA,"Scientists have undertaken advanced studies in scientific subjects which enables them to better understand natural and unnatural aspects of the past, present and likely future",,213,1,74,0,4,60+
54343,NZL,New Zealand,invalid,rule_B_only,28,NORMAL,,0,0,0,0,0,18.0,4.927052096813501,,NA,The proof behind there facts,,213,1,29,1,4,18-29
54372,NZL,New Zealand,invalid,rule_B_only,47,NORMAL,,0,0,0,0,0,17.0,6.469277198455848,,NA,I have complete trust in science and scientists,,213,1,64,1,3,60+
54391,NZL,New Zealand,invalid,rule_B_only,25,NORMAL,,0,0,0,0,0,18.0,3.4196377375677063,,all living beings benefit,NA,,213,1,53,0,4,50-59
54406,NZL,New Zealand,invalid,rule_B_only,82,NORMAL,,0,0,0,0,0,17.0,2.9794606998877224,,NA,A scientist is trustworthy if the comments he makes about his inventions are true.,,213,1,68,0,3,60+
54439,NZL,New Zealand,invalid,rule_B_only,6,MEDIUM,longstring_exceed,1,0,1,0,0,36.0,,,NA,fsdfds,,213,1,23,1,3,18-29
54460,NZL,New Zealand,invalid,rule_B_only,16,NORMAL,,0,0,0,0,0,27.0,3.2044011486225568,,broader question,NA,,213,1,28,0,2,18-29
54462,NZL,New Zealand,invalid,rule_B_only,16,NORMAL,,0,0,0,0,0,25.0,3.2881306982293905,,NA,much as you like,,213,1,25,1,2,18-29
54464,NZL,New Zealand,invalid,rule_B_only,16,NORMAL,,0,0,0,0,0,19.0,3.423399614769624,,broader question,NA,,213,1,26,1,2,18-29
54466,NZL,New Zealand,invalid,rule_B_only,18,NORMAL,,0,0,0,0,0,24.0,3.5746425820683463,,about your opinion,NA,,213,1,24,0,2,18-29
54468,NZL,New Zealand,invalid,rule_B_only,6,MEDIUM,longstring_exceed,1,0,1,0,0,57.0,2.874513944039408,,NA,dsfsdf,,213,1,23,0,4,18-29
54498,NZL,New Zealand,invalid,rule_B_only,28,NORMAL,,0,0,0,0,0,17.0,3.018379171430228,0.4472135954999579,Humanity learn from practice,NA,,213,1,43,1,3,40-49
54529,NZL,New Zealand,invalid,rule_B_only,12,NORMAL,,0,0,0,0,0,26.0,2.874513944039408,,NA,Great for us,,213,1,30,1,4,30-39
54674,NZL,New Zealand,invalid,rule_B_only,8,NORMAL,,0,0,0,0,0,19.0,3.989778905290602,,everyone,NA,,213,1,43,1,4,40-49
54685,NZL,New Zealand,invalid,rule_B_only,39,NORMAL,,0,0,0,0,0,29.0,5.182201289986934,0.5813183589761798,NA,When everything he says really happened,,213,1,45,NA,4,40-49
54818,NZL,New Zealand,invalid,rule_B_only,33,NORMAL,,0,0,0,0,0,20.0,6.519504191013415,,They lear and discover new things,NA,,213,1,30,0,4,30-39
54839,NZL,New Zealand,invalid,rule_B_only,103,NORMAL,,0,0,0,0,0,18.0,3.399720454943589,,NA,Evidence and data. Scientists spend time analysing and preparing data which informs our decision making,,213,1,39,0,4,30-39
54843,NZL,New Zealand,invalid,rule_B_only,66,NORMAL,,0,0,0,0,0,19.0,4.864149350684194,1.0,NA,Tell the the fact from thier research. Be selfless and responsible,,213,1,50,0,4,50-59
54861,NZL,New Zealand,invalid,rule_B_only,138,NORMAL,,0,0,0,0,0,20.0,3.115878325084884,0.6324555320336759,"Everyone ""benefits from science"", but not all science studies have benefits (some are even completely pointless wastes of time and money).",NA,,213,1,55,1,4,50-59
54925,NZL,New Zealand,invalid,rule_B_only,76,NORMAL,,0,0,0,0,0,17.0,4.234326241540999,0.0,"Society, because we advance as a civilisation as we progress with technology",NA,,213,1,23,1,4,18-29
54931,NZL,New Zealand,invalid,rule_B_only,219,NORMAL,,0,0,0,0,0,22.0,2.913730399155632,,"The most benefit of science his to our society we use cars, bikes, or bicycles to go from one place to another these all are inventions of science  we use LPG gas and stove etc for cooking these are all given by science",NA,,213,1,25,1,4,18-29
54933,NZL,New Zealand,invalid,rule_B_only,164,NORMAL,,0,0,0,0,0,22.0,4.740639790760981,,NA,They honour their norms. Adherence to these norms increases the reliability of the resulting knowledge and the likelihood that the public views science as reliable.,,213,1,23,1,4,18-29
54934,NZL,New Zealand,invalid,rule_B_only,7,NORMAL,,0,0,0,0,0,20.0,3.978658466187478,,NA,Nothing,,213,1,55,0,4,50-59
54953,NZL,New Zealand,invalid,rule_B_only,46,NORMAL,,0,0,0,0,0,18.0,3.6392415476260007,,NA,If he or she promulgates reliable information.,,213,1,91,1,4,60+
54956,NZL,New Zealand,invalid,rule_B_only,172,NORMAL,,0,0,0,0,0,19.0,3.176713448311085,,"I think we all benefit from science, in our everyday living and beyond.  From what we eat to where we live, science and it's findings help us understand and do what's best.",NA,,213,1,51,0,3,50-59
55014,NZL,New Zealand,invalid,rule_B_only,162,NORMAL,,0,0,0,0,0,26.0,2.874513944039408,,Those who are interested in science do benefits most from science and that are knowledgeable about science usually are the ones that show more interest in science,NA,,213,1,71,0,3,60+
55033,NZL,New Zealand,invalid,rule_B_only,66,NORMAL,,0,0,0,0,0,18.0,4.485386303117133,,NA,because he research all the facts and brings the same to the table,,213,1,73,1,4,60+
55065,NZL,New Zealand,invalid,rule_B_only,8,NORMAL,,0,0,0,0,0,24.0,4.434681025370694,,not sure,NA,,213,1,35,1,4,30-39
55075,NZL,New Zealand,invalid,rule_B_only,94,NORMAL,,0,0,0,0,0,28.0,4.046516262168929,0.7905694150420948,"The whole world as without science we couldn't figure out atmosphere, distance or medicine etc",NA,,213,1,45,0,3,40-49
55100,NZL,New Zealand,invalid,rule_B_only,30,NORMAL,,0,0,0,0,0,19.0,2.600774240412519,,NA,"competent, reliable and honest",,213,1,54,1,4,50-59
55126,NZL,New Zealand,invalid,rule_B_only,19,NORMAL,,0,0,0,0,0,18.0,3.3203904832194433,,it is a basic thing,NA,,213,1,NA,1,4,NA
55131,NZL,New Zealand,invalid,rule_B_only,45,NORMAL,,0,0,0,0,0,19.0,8.774880286565201,0.2651439066774996,Younger generation so they have all the facts,NA,,213,1,42,0,4,40-49
55161,NZL,New Zealand,invalid,rule_B_only,51,NORMAL,,0,0,0,0,0,20.0,6.049446052517313,0.17541160386140586,Scientists they understand science more then anyone,NA,,213,1,44,0,2,40-49
55167,NZL,New Zealand,invalid,rule_B_only,78,NORMAL,,0,0,0,0,0,17.0,7.0447887992991065,,"Everybody and everything, as time and scientists are always finding new things",NA,,213,1,64,0,4,60+
55168,NZL,New Zealand,invalid,rule_B_only,52,NORMAL,,0,0,0,0,0,17.0,3.8363261462859737,,NA,Easy to understand explanations backed up with stats,,213,1,64,0,4,60+
55172,NZL,New Zealand,invalid,rule_B_only,62,NORMAL,,0,0,0,0,0,28.0,3.0444080171681325,,NA,To be honest in what he/she says about the scientific results.,,213,1,46,0,4,40-49
55174,NZL,New Zealand,invalid,rule_B_only,164,NORMAL,,0,0,0,0,0,19.0,3.5750381735171364,,"Based on my views, the infrastructure sector has the most advantage over science and because it breaks down the complexity engineering operations into simpler forms",NA,,213,1,56,0,4,50-59
55213,NZL,New Zealand,invalid,rule_B_only,77,NORMAL,,0,0,0,0,0,19.0,5.324565148552763,-0.17149858514250882,NA,The scientific supported evidence they have for they hypothesis and discovery,,213,1,41,0,4,40-49
55239,NZL,New Zealand,invalid,rule_B_only,120,NORMAL,,0,0,0,0,0,19.0,3.117408539812116,,"Entrepreneurs, entrepreneurs, countries benefit most from science, because it has brought immeasurable benefits to them.
",NA,,213,1,43,1,4,40-49
55240,NZL,New Zealand,invalid,rule_B_only,120,NORMAL,,0,0,0,0,0,19.0,3.117408539812116,,"Entrepreneurs, entrepreneurs, countries benefit most from science, because it has brought immeasurable benefits to them.
",NA,,213,1,45,1,4,40-49
55278,NZL,New Zealand,invalid,rule_B_only,8,NORMAL,,0,0,0,0,0,27.0,3.3214445045192034,-0.6324555320336759,NA,Not sure,,213,1,52,0,3,50-59
55284,NZL,New Zealand,invalid,rule_B_only,87,NORMAL,,0,0,0,0,0,22.0,3.923122291326141,,"building knowledge about our world and how people, nature may exist positively together",NA,,213,1,61,0,4,60+
55296,NZL,New Zealand,invalid,rule_B_only,76,NORMAL,,0,0,0,0,0,20.0,3.006456862100792,,NA,The information that is given should be honest from a science point of view.,,213,1,46,0,4,40-49
55316,NZL,New Zealand,invalid,rule_B_only,10,NORMAL,,0,0,0,0,0,28.0,3.876697902907068,0.6123724356957946,NA,Don't know,,213,1,67,0,3,60+
55333,NZL,New Zealand,invalid,rule_B_only,76,NORMAL,,0,0,0,0,0,17.0,3.39389943174223,0.4,NA,"Honest  has integrity, can explain and back up statements. Very knowledgable",,213,1,52,0,4,50-59
55401,NZL,New Zealand,invalid,rule_B_only,247,NORMAL,,0,0,0,0,0,17.0,5.765506518960609,0.08304547985373997,NA,"Are they trustworthy?
You will get view on the way it has been written and who is paying for the research on what they are talking about.
As any one that are doing research I take it with a gain of salt and then do my own research on the matter.",,213,1,60,1,4,60+
55417,NZL,New Zealand,invalid,rule_B_only,37,NORMAL,,0,0,0,0,0,25.0,7.18693942582407,0.8783100656536799,Natural science is the most authentic,NA,,213,1,57,0,4,50-59
55439,NZL,New Zealand,invalid,rule_B_only,23,NORMAL,,0,0,0,0,0,17.0,2.3668168023204856,,NA,honesty and reliability,,213,1,54,1,4,50-59
55440,NZL,New Zealand,invalid,rule_B_only,78,NORMAL,,0,0,0,0,0,21.0,6.067595971492066,,I am a great believer in science as it is needed in the World to help everyone,NA,,213,1,64,1,3,60+
55558,PER,Peru,invalid,rule_B_only,58,NORMAL,,0,0,0,0,0,26.0,3.449185036756481,,"Todos, porque aprendemos y ayuda a solucionar muchas cosas
",NA,,213,1,51,0,4,50-59
55711,PER,Peru,invalid,rule_B_only,30,NORMAL,,0,0,0,0,0,20.0,4.813800525799056,,NA,Que aporte buenas experiencias ,,213,1,53,1,3,50-59
55821,PER,Peru,invalid,rule_B_only,87,NORMAL,,0,0,0,0,0,17.0,4.951032382038219,,NA,"QUE DIGA LA VERDAD, QUE TENGA ETICA PROFESIONAL, Y SOBRE TODO TESTIMONIO BUENO DE VIDA.",,213,1,67,0,4,60+
55855,PER,Peru,invalid,rule_B_only,21,NORMAL,,0,0,0,0,0,21.0,3.706689099252101,0.7071067811865476,NA,honesto y respetabl.e ,,213,1,60,0,3,60+
55885,PER,Peru,invalid,rule_B_only,42,NORMAL,,0,0,0,0,0,26.0,2.9333185932436963,,NA,"Sus aciertos, su trayectoria, sus estudios ",,213,1,57,1,4,50-59
55922,PER,Peru,invalid,rule_B_only,28,NORMAL,,0,0,0,0,0,18.0,3.092131858870892,,NA,que lo que cree sea efectivo,,213,1,41,0,4,40-49
56071,PHL,Philippines,invalid,rule_B_only,83,NORMAL,,0,0,0,0,0,18.0,3.3264170975915253,1.0,NA,lot of invention contribute in our society .. moving up to advance us to technology,,213,1,62,1,4,60+
56076,PHL,Philippines,invalid,rule_B_only,256,NORMAL,,0,0,0,0,0,19.0,2.813932830316115,,i think our new generation of people benefits the most from science because the technology today is very vast and absolutely awesome compared to the generation way many years ago. the sicience today is very rich and can be seen in all aspects of our lives.,NA,,213,1,43,1,4,40-49
56083,PHL,Philippines,invalid,rule_B_only,213,NORMAL,,0,0,0,0,0,17.0,4.062676338486597,,"For me, all living things benefits from science, science is innovation, innovation is revolution. Science changes the way humans do and think for the good benefits we gain and thus co-exist to other living things. ",NA,,213,1,52,0,3,50-59
56088,PHL,Philippines,invalid,rule_B_only,109,NORMAL,,0,0,0,0,0,17.0,8.195683978352529,,"People , especially the young generation so they will learn how to save the universe from the climate change.",NA,,213,1,53,1,4,50-59
56092,PHL,Philippines,invalid,rule_B_only,32,NORMAL,,0,0,0,0,0,27.0,7.4451938053780555,,NA,Because it has concrete evidence,,213,1,40,0,4,40-49
56093,PHL,Philippines,invalid,rule_B_only,39,NORMAL,,0,0,0,0,0,22.0,4.652138795606124,0.25,"Us, the people. Our lives depend on it.",NA,,213,1,73,1,4,60+
56115,PHL,Philippines,invalid,rule_B_only,81,NORMAL,,0,0,0,0,0,26.0,3.5340475965735876,,NA,Scientist became trustworthy because they have studied about how things work well ,,213,1,25,0,4,18-29
56150,PHL,Philippines,invalid,rule_B_only,111,NORMAL,,0,0,0,0,0,21.0,6.289386758631619,,NA,Scientists does extensive research and study before finalizing a certain objective thus making them trustworthy,,213,1,40,0,4,40-49
56165,PHL,Philippines,invalid,rule_B_only,128,NORMAL,,0,0,0,0,0,20.0,4.6394964282924525,,NA,It is about the engagement of the expert in a well-functioning expert community. And sharing their studies about human behavior.,,213,1,28,0,4,18-29
56181,PHL,Philippines,invalid,rule_B_only,62,NORMAL,,0,0,0,0,0,22.0,3.6944749441964646,0.34299717028501764,it can help you in your daily living and can enhance your life,NA,,213,1,53,0,4,50-59
56204,PHL,Philippines,invalid,rule_B_only,246,NORMAL,,0,0,0,0,0,20.0,2.7838983549428367,,"I think all of us can benefit when it comes to science because in our everyday living, science is always present and help us gain more knowledge on how to live smarter and better. From small things to our daily necessities there is always science",NA,,213,1,41,1,4,40-49
56247,PHL,Philippines,invalid,rule_B_only,146,NORMAL,,0,0,0,0,0,18.0,3.6664849529083177,,"The country benefits from results or data in science. Because it is based on scientific tests - systematized,  organized, and results were proven.
",NA,,213,1,66,0,4,60+
56249,PHL,Philippines,invalid,rule_B_only,27,NORMAL,,0,0,0,0,0,18.0,4.544104669046185,0.7592566023652966,NA,"Because of there perfection 
",,213,1,50,1,4,50-59
56261,PHL,Philippines,invalid,rule_B_only,172,NORMAL,,0,0,0,0,0,22.0,3.010526433705235,,NA,"A scientist can be considered trustworthy on my opinion ii he was able to may a breakthrough., like example if he was able to discover a cure to certain illness or sickness",,213,1,57,1,4,50-59
56303,PHL,Philippines,invalid,rule_B_only,61,NORMAL,,0,0,0,0,0,20.0,3.424241103337906,,Farmers. To grow their product that can adapt to any climate. ,NA,,213,1,27,1,4,18-29
56320,PHL,Philippines,invalid,rule_B_only,19,NORMAL,,0,0,0,0,0,22.0,4.169878864809297,-0.31622776601683794,NA,Results and Outputs,,213,1,39,1,4,30-39
56327,PHL,Philippines,invalid,rule_B_only,109,NORMAL,,0,0,0,0,0,26.0,3.5340475965735876,,NA,"In my opinion , a scientistcis trustworthy is because they will invent new technologies thatcwill help people",,213,1,24,0,3,18-29
56333,PHL,Philippines,invalid,rule_B_only,86,NORMAL,,0,0,0,0,0,26.0,3.4161260403263007,,In order to gain more knowledge towards self and the environment at present and beyond,NA,,213,1,56,1,4,50-59
56346,PHL,Philippines,invalid,rule_B_only,149,NORMAL,,0,0,0,0,0,18.0,4.155520321822321,,NA,It makes a scientist trustworthy if his study is legit. If there is clarity during the scientific investigation and reliability in producing results.,,213,1,58,0,4,50-59
56349,PHL,Philippines,invalid,rule_B_only,124,NORMAL,,0,0,0,0,0,19.0,4.363717124471554,,i think the one who benefits from science is everyone because of science we invent technology that make our daily work fast.,NA,,213,1,32,1,4,30-39
56359,PHL,Philippines,invalid,rule_B_only,48,NORMAL,,0,0,0,0,0,17.0,3.9054054314771194,,Chilren are the one who will benefits on science,NA,,213,1,50,0,4,50-59
56381,PHL,Philippines,invalid,rule_B_only,133,NORMAL,,0,0,0,0,0,21.0,2.398168221627917,,NA,the presence of expertise the engagement of the expert in well-functioning expert community and the sharing of values with the public,,213,1,42,1,4,40-49
56390,PHL,Philippines,invalid,rule_B_only,111,NORMAL,,0,0,0,0,0,27.0,4.20517725990072,,NA,A scientist makes trustworthy if his opinions are making the proof which the science needed for truthfulness...,,213,1,66,NA,3,60+
56397,PHL,Philippines,invalid,rule_B_only,79,NORMAL,,0,0,0,0,0,24.0,5.324502379038464,,The most benefit of sciece is making me equipt with the cure and best knowledge ,NA,,213,1,39,1,4,30-39
56410,PHL,Philippines,invalid,rule_B_only,36,NORMAL,,0,0,0,0,0,18.0,2.9968584986090208,0.7071067811865476,human benefits the most from science,NA,,213,1,33,2,4,30-39
56417,PHL,Philippines,invalid,rule_B_only,74,NORMAL,,0,0,0,0,0,17.0,8.782670055841557,0.25,"Let us allow to knowledge to develop what new technology and solve problem
",NA,,213,1,42,0,4,40-49
56450,PHL,Philippines,invalid,rule_B_only,79,NORMAL,,0,0,0,0,0,18.0,4.178107806320948,,Us living on Earth. Because we need to know how to take care of ou Mother Earth ,NA,,213,1,27,NA,3,18-29
56455,PHL,Philippines,invalid,rule_B_only,121,NORMAL,,0,0,0,0,0,20.0,7.315875189280791,,All of us.because we should have awareness about what is happening specially on the weather we are actually experiencing.,NA,,213,1,41,2,4,40-49
56501,PHL,Philippines,invalid,rule_B_only,83,NORMAL,,0,0,0,0,0,31.0,3.6607836592971275,0.9258200997725514,All the people in the world. Because science is the most useful thing in the world.,NA,,213,1,32,0,4,30-39
56536,PHL,Philippines,invalid,rule_B_only,69,NORMAL,,0,0,0,0,0,24.0,3.887922612779548,,"Society,people humans because science is the most needed in our world",NA,,213,1,25,NA,4,18-29
56567,PHL,Philippines,invalid,rule_B_only,10,NORMAL,,0,0,0,0,0,22.0,3.291424520672763,,NA,the result,,213,1,37,NA,4,30-39
56569,PHL,Philippines,invalid,rule_B_only,18,NORMAL,,0,0,0,0,0,19.0,8.01155985424869,0.21004201260420147,I dont know either,NA,,213,1,28,NA,3,18-29
56589,PHL,Philippines,invalid,rule_B_only,42,NORMAL,,0,0,0,0,0,23.0,5.157871891333429,-0.31622776601683794,Every one of us because we use it everyday,NA,,213,1,35,1,4,30-39
56599,PHL,Philippines,invalid,rule_B_only,155,NORMAL,,0,0,0,0,0,17.0,3.8671879805068055,,NA,"In my own opinion on what makes a scientist trustworthy is that his/her inventions,experiments or discoveries are proven safe and effective to human being.",,213,1,39,2,4,30-39
56624,PHL,Philippines,invalid,rule_B_only,88,NORMAL,,0,0,0,0,0,19.0,5.6655615597123745,,NA,Science is part of our lives. Almost 3/4 of the world population has beliefs on science.,,213,1,44,1,3,40-49
56635,PHL,Philippines,invalid,rule_B_only,262,NORMAL,,0,0,0,0,0,31.0,5.658880660189473,,NA,"In my opinion, scientist is the one who make medicines, discover new species or elements. They are also helping us to live in this world more easier of what are they would do or make for our everyday life. So i think that is the thing that made them trustworthy. ",,213,1,29,1,4,18-29
56636,PHL,Philippines,invalid,rule_B_only,236,NORMAL,,0,0,0,0,0,21.0,6.19400348430373,,"I think it is the humanity who would benefits the most from science because when intelligent people collabs and works together to create, invent, test, and utilize their ideas and creations, the world would be a better place to live in. ",NA,,213,1,47,1,3,40-49
56637,PHL,Philippines,invalid,rule_B_only,81,NORMAL,,0,0,0,0,0,18.0,5.5338607543131575,0.4472135954999579,"the human because more in science is experiment, nature that create human beings.",NA,,213,1,29,0,4,18-29
56643,PHL,Philippines,invalid,rule_B_only,14,NORMAL,,0,0,0,0,0,28.0,7.491761229801659,0.0,NA,By making test,,213,1,22,2,3,18-29
56693,PHL,Philippines,invalid,rule_B_only,78,NORMAL,,0,0,0,0,0,17.0,4.086389321199014,-0.4472135954999579,NA,if he can justify his work without hesitation and explained everything clearly,,213,1,41,0,4,40-49
56720,PHL,Philippines,invalid,rule_B_only,67,NORMAL,,0,0,0,0,0,18.0,4.578356380064867,-0.34299717028501764,NA,if their invention is for the better of everyone and earth friendly,,213,1,31,0,4,30-39
56769,POL,Poland,invalid,rule_B_only,90,NORMAL,,0,0,0,0,0,20.0,4.502119581109529,,"Całe społeczeństwo korzysta z nauki, bo naukowcy wdrażają nowe technologie, lekarstwa itd. ",NA,,213,1,66,1,4,60+
56790,POL,Poland,invalid,rule_B_only,6,MEDIUM,longstring_exceed,1,0,1,0,0,57.0,4.257185777688791,,NA,Wiedza,,213,1,33,1,3,30-39
56793,POL,Poland,invalid,rule_B_only,14,NORMAL,,0,0,0,0,0,29.0,2.466345209751077,,wszyscy ludzie,NA,,213,1,41,1,3,40-49
56803,POL,Poland,invalid,rule_B_only,16,NORMAL,,0,0,0,0,0,17.0,2.3444817033263936,,Cały wszechświat,NA,,213,1,72,1,3,60+
56843,POL,Poland,invalid,rule_B_only,34,NORMAL,,0,0,0,0,0,19.0,4.23604381483025,,Różne firmy aby dobrze prosperować,NA,,213,1,48,0,3,40-49
56844,POL,Poland,invalid,rule_B_only,14,NORMAL,,0,0,0,0,0,22.0,2.9681923525834537,,NA,Tytuły naukowe ,,213,1,28,0,3,18-29
56868,POL,Poland,invalid,rule_B_only,181,NORMAL,,0,0,0,0,0,28.0,2.90982654867704,,"ludzie którzy z tej nauki korzystają, aby specjalizować się w danej dziedzinie. Przynosi to profity w postaci własnego rozwoju, budowania kariery, a także na płaszczyźnie finansowej",NA,,213,1,27,0,4,18-29
56892,POL,Poland,invalid,rule_B_only,30,NORMAL,,0,0,0,0,0,21.0,6.588830571918668,,NA,Super oferta polecam wszystkim ,,213,1,65,1,3,60+
56900,POL,Poland,invalid,rule_B_only,8,NORMAL,,0,0,0,0,0,19.0,4.167029345015065,,NA,nazwisko,,213,1,37,1,3,30-39
56906,POL,Poland,invalid,rule_B_only,131,NORMAL,,0,0,0,0,0,20.0,2.608430878125497,,"Człowiek powinien lub zmuszony jest do nauki przez całe życie, ponieważ żeby być dobrym pracownikiem należy ciągle się dokształcać.",NA,,213,1,42,0,4,40-49
56919,POL,Poland,invalid,rule_B_only,8,NORMAL,,0,0,0,0,0,20.0,2.2288217724829114,,naukowcy,NA,,213,1,63,1,3,60+
56944,POL,Poland,invalid,rule_B_only,30,NORMAL,,0,0,0,0,0,28.0,4.257185777688791,,NA,Zna się na wielu płaszczyznach ,,213,1,60,0,3,60+
56996,POL,Poland,invalid,rule_B_only,8,NORMAL,,0,0,0,0,0,19.0,3.690687393941923,,Ludzkość ,NA,,213,1,37,1,4,30-39
56997,POL,Poland,invalid,rule_B_only,8,MEDIUM,longstring_exceed,1,0,1,0,0,71.0,6.039399445142384,,NA,nie wiem,,213,1,22,1,2,18-29
57019,POL,Poland,invalid,rule_B_only,45,NORMAL,,0,0,0,0,0,19.0,2.970518849142783,,NA,"badania wykonuje, poswieca duzo wolnego czasu",,213,1,32,0,4,30-39
57043,POL,Poland,invalid,rule_B_only,125,NORMAL,,0,0,0,0,0,26.0,4.991872679134712,,"ludzie ktorzy chca wiecj wiedziec na rozne tematy,nauka to cos bardzo ciekawego z czego napewno plyna korzysci dla wszystkich",NA,,213,1,51,0,3,50-59
57080,POL,Poland,invalid,rule_B_only,8,NORMAL,,0,0,0,0,0,18.0,2.469456021549151,,NA,Nie wiem,,213,1,40,0,3,40-49
57099,POL,Poland,invalid,rule_B_only,59,NORMAL,,0,0,0,0,0,17.0,5.196516718791668,0.31622776601683794,NA,"Merytokratyczne kompetencje, doświadczenie, etyka zawodowa.",,213,1,33,1,4,30-39
57111,POL,Poland,invalid,rule_B_only,8,MEDIUM,longstring_exceed,1,0,1,0,0,71.0,6.039399445142384,,Nie wiem,NA,,213,1,NA,1,2,NA
57121,POL,Poland,invalid,rule_B_only,7,NORMAL,,0,0,0,0,0,19.0,5.706520411714586,,Wszyscy ,NA,,213,1,59,2,3,50-59
57126,POL,Poland,invalid,rule_B_only,8,MEDIUM,longstring_exceed,1,0,1,0,0,50.0,1.9142761355352842,,NA,Nie wiem ,,213,1,65,0,3,60+
57142,POL,Poland,invalid,rule_B_only,12,NORMAL,,0,0,0,0,0,18.0,9.014031966151679,0.6831300510639732,Kto się uczy ,NA,,213,1,26,1,3,18-29
57143,POL,Poland,invalid,rule_B_only,74,NORMAL,,0,0,0,0,0,20.0,2.8509667793445974,,NA,Skoro wybrał taki zawód /fach i się temu poświęca myśle ze warto mu zaufac,,213,1,29,1,3,18-29
57148,POL,Poland,invalid,rule_B_only,8,NORMAL,,0,0,0,0,0,28.0,3.463883263036267,1.0,NA,Nie wiem ,,213,1,65,0,3,60+
57151,POL,Poland,invalid,rule_B_only,23,NORMAL,,0,0,0,0,0,28.0,2.9078615475251484,,NA,Dobre wyniki w zawodzie ,,213,1,25,0,4,18-29
57173,POL,Poland,invalid,rule_B_only,27,NORMAL,,0,0,0,0,0,17.0,3.0109025279147317,,NA,Reasoning and good research,,213,1,24,1,3,18-29
57205,POL,Poland,invalid,rule_B_only,75,NORMAL,,0,0,0,0,0,24.0,3.07342486584065,-0.3333333333333333,Każdy z nas codziennie dowiaduje się i uczy czegoś nowego.  Młodzi i starzy ,NA,,213,1,40,1,4,40-49
57206,POL,Poland,invalid,rule_B_only,51,NORMAL,,0,0,0,0,0,18.0,2.7383512502134084,,NA,"jego wykształcenie, wiedza i doświadczenie zawodowe",,213,1,56,1,3,50-59
57247,POL,Poland,invalid,rule_B_only,20,NORMAL,,0,0,0,0,0,18.0,3.1703978428686197,0.31622776601683794,NA,Jest wykwalifikowany,,213,1,36,0,3,30-39
57248,POL,Poland,invalid,rule_B_only,8,MEDIUM,longstring_exceed,1,0,1,0,0,57.0,1.7784704707837706,,NA,Nie wiem,,213,1,35,1,2,30-39
57249,POL,Poland,invalid,rule_B_only,89,NORMAL,,0,0,0,0,0,19.0,6.784911283019927,,"Najwięcej korzyści z nauki czerpie przemysł, bo wdraża patenty opracowane przez naukowców",NA,,213,1,66,1,4,60+
57266,POL,Poland,invalid,rule_B_only,32,NORMAL,,0,0,0,0,0,26.0,4.257185777688791,,slawa lepsza praca wyksztalcenie ,NA,,213,1,42,1,3,40-49
57328,POL,Poland,invalid,rule_B_only,21,NORMAL,,0,0,0,0,0,20.0,2.5109249364256083,,NA,stopien wyksztalcenia,,213,1,37,1,4,30-39
57337,POL,Poland,invalid,rule_B_only,89,NORMAL,,0,0,0,0,0,19.0,5.894732620532047,0.17149858514250882,wszyscy czerpiemy korzyści W każdym momencie mamy korzyści.nauka caly czas nam towarzyszy,NA,,213,1,60,0,3,60+
57368,POL,Poland,invalid,rule_B_only,8,MEDIUM,longstring_exceed,1,0,1,0,0,67.0,1.9220581880737997,,nie wiem,NA,,213,1,44,0,4,40-49
57376,POL,Poland,invalid,rule_B_only,43,NORMAL,,0,0,0,0,0,21.0,4.300794446504002,,NA,że swoje doświadczenia dokumentuje wynikami,,213,1,28,0,3,18-29
57392,POL,Poland,invalid,rule_B_only,6,NORMAL,,0,0,0,0,0,21.0,3.1614985309469295,,dzieci,NA,,213,1,46,0,4,40-49
57420,POL,Poland,invalid,rule_B_only,29,NORMAL,,0,0,0,0,0,27.0,1.9142761355352842,,NA,Nie do końca wierzę naukowcom,,213,1,40,0,3,40-49
57428,POL,Poland,invalid,rule_B_only,49,NORMAL,,0,0,0,0,0,20.0,2.0407877241607513,,"Wszyscy ludzie,bo nauka to rozwój i lepsze życie.",NA,,213,1,58,0,3,50-59
57444,POL,Poland,invalid,rule_B_only,19,NORMAL,,0,0,0,0,0,19.0,3.0105114066213337,,dobro dla ludzkośći ,NA,,213,1,55,0,3,50-59
57452,POL,Poland,invalid,rule_B_only,73,NORMAL,,0,0,0,0,0,23.0,1.9220581880737997,,"Dzieci. Im, więcej nauczymy się za młodu, tym łatwiej nam będzie później. ",NA,,213,1,30,0,4,30-39
57469,POL,Poland,invalid,rule_B_only,42,NORMAL,,0,0,0,0,0,20.0,2.646526809759239,,Najwięcej z nauki czerpie nową technologia,NA,,213,1,37,1,4,30-39
57479,POL,Poland,invalid,rule_B_only,30,NORMAL,,0,0,0,0,0,22.0,1.924089120497612,,NA,Nie interesuje mnie to zbytnio,,213,1,56,0,3,50-59
57502,POL,Poland,invalid,rule_B_only,8,MEDIUM,longstring_exceed,1,0,1,0,0,51.0,1.9220581880737997,,Nie wiem ,NA,,213,1,59,1,3,50-59
57504,POL,Poland,invalid,rule_B_only,8,NORMAL,,0,0,0,0,0,19.0,2.8323283429062047,,Nie wiem,NA,,213,1,26,0,2,18-29
57554,POL,Poland,invalid,rule_B_only,11,NORMAL,,0,0,0,0,0,28.0,2.8429277660165226,,NA,głód wiedzy,,213,1,58,0,4,50-59
57581,POL,Poland,invalid,rule_B_only,54,NORMAL,,0,0,0,0,0,30.0,5.588473843103757,,NA,posiada rzetelną wiedzę i pracuję w danej gałęzi nauki,,213,1,60,0,4,60+
57590,POL,Poland,invalid,rule_B_only,12,NORMAL,,0,0,0,0,0,26.0,2.041684343969088,,Rządy wojsko,NA,,213,1,55,1,4,50-59
57610,POL,Poland,invalid,rule_B_only,103,NORMAL,,0,0,0,0,0,19.0,5.846392890916629,-0.31622776601683794,"Najwięcej z nauki czerpią uczniowie w szkołach, naukowcy,wynalazcy podczas swojej pracy czerpią wiedzę.",NA,,213,1,51,0,4,50-59
57617,POL,Poland,invalid,rule_B_only,61,NORMAL,,0,0,0,0,0,17.0,3.741687013518629,0.7071067811865476,Każdy kto chłonie dużo wiedzy staje się bardziej wykształcony ,NA,,213,1,69,1,3,60+
57647,POL,Poland,invalid,rule_B_only,40,NORMAL,,0,0,0,0,0,29.0,3.8344149792771502,-0.5,"Wszyscy, nauka jest niezbędna do rozwoju",NA,,213,1,61,1,4,60+
57651,POL,Poland,invalid,rule_B_only,25,NORMAL,,0,0,0,0,0,22.0,8.573906507241439,-0.12403473458920847,NA,Przykładanie się do pracy ,,213,1,28,0,3,18-29
57674,POL,Poland,invalid,rule_B_only,33,NORMAL,,0,0,0,0,0,26.0,2.710099345283066,,wszyscy ludzie przez inowacyjnosc,NA,,213,1,57,1,3,50-59
57676,POL,Poland,invalid,rule_B_only,37,NORMAL,,0,0,0,0,0,23.0,2.3031250412051856,,NA,Nie umiem odpowiedzieć na to pytanie. ,,213,1,31,0,3,30-39
57700,POL,Poland,invalid,rule_B_only,25,NORMAL,,0,0,0,0,0,21.0,2.122285045506692,,NA,"Mądrość,. Dorobek naukowy ",,213,1,50,0,4,50-59
57704,POL,Poland,invalid,rule_B_only,10,NORMAL,,0,0,0,0,0,17.0,3.25716091020488,,NA,prawdomony,,213,1,56,0,3,50-59
57730,POL,Poland,invalid,rule_B_only,50,NORMAL,,0,0,0,0,0,28.0,2.7101784644919764,,NA,"mysle,ze lata nauki , zainteresowanie i dociekanie",,213,1,46,0,4,40-49
57749,POL,Poland,invalid,rule_B_only,37,NORMAL,,0,0,0,0,0,26.0,4.257185777688791,,"Dzieci, ponieważ się ciągle rozwijaja",NA,,213,1,30,0,4,30-39
57751,POL,Poland,invalid,rule_B_only,105,NORMAL,,0,0,0,0,0,19.0,6.536395219152103,,NA,Naukowiec jest godny zaufania gdy jest w stanie kwestionować własne odkrycia i wiedzieć że może sie mylić,,213,1,24,0,3,18-29
57760,POL,Poland,invalid,rule_B_only,13,NORMAL,,0,0,0,0,0,26.0,2.710099345283066,,NA,Że jest dobry,,213,1,30,1,4,30-39
57772,POL,Poland,invalid,rule_B_only,8,NORMAL,,0,0,0,0,0,19.0,3.526236830771577,0.7745966692414834,NA,duzo wie,,213,1,27,0,3,18-29
57782,POL,Poland,invalid,rule_B_only,82,NORMAL,,0,0,0,0,0,19.0,4.701048472834567,,"Ludzie 
Nauka daje im możliwość rozwijania się i poszerzania swoich zainteresowań ",NA,,213,1,22,0,3,18-29
57783,POL,Poland,invalid,rule_B_only,7,MEDIUM,longstring_exceed,1,0,1,0,0,50.0,2.652384495089886,,NA,empatia,,213,1,66,1,4,60+
57842,POL,Poland,invalid,rule_B_only,46,NORMAL,,0,0,0,0,0,22.0,2.488887672846899,,wszyscy ludzie bo korzystamy cały czas z nauki,NA,,213,1,49,0,4,40-49
57843,POL,Poland,invalid,rule_B_only,96,NORMAL,,0,0,0,0,0,26.0,5.221853075864691,0.9258200997725514,Osoby wykształcone tworząc nowe technologie przyczyniają się do rozwoju całej populacji i świata ,NA,,213,1,39,1,3,30-39
57885,POL,Poland,invalid,rule_B_only,7,NORMAL,,0,0,0,0,0,28.0,4.893065514174677,,Wszyscy,NA,,213,1,25,0,4,18-29
57929,POL,Poland,invalid,rule_B_only,7,NORMAL,,0,0,0,0,0,17.0,2.9788606476625623,0.6324555320336759,wszyscy,NA,,213,1,43,1,3,40-49
57962,POL,Poland,invalid,rule_B_only,8,NORMAL,,0,0,0,0,0,18.0,3.486555930713833,0.10846522890932808,NA,nie wiem,,213,1,59,1,3,50-59
57973,POL,Poland,invalid,rule_B_only,71,NORMAL,,0,0,0,0,0,20.0,5.112254253823465,,Wszyscy czerpią korzyści. Nauka wpływa na każdą dziedzinę naszego życia ,NA,,213,1,31,1,3,30-39
57990,POL,Poland,invalid,rule_B_only,61,NORMAL,,0,0,0,0,0,28.0,2.277927588242323,,NA,Pragmatyczne i naukowe podejście do rozwiązywanych problemów.,,213,1,57,1,4,50-59
58048,POL,Poland,invalid,rule_B_only,74,NORMAL,,0,0,0,0,0,26.0,2.348889199633752,,NA,"To, że posiada niezbędną wiedzę w danym zakresie i cały czas ją doskonali.",,213,1,43,0,4,40-49
58065,POL,Poland,invalid,rule_B_only,16,NORMAL,,0,0,0,0,0,17.0,7.996267456711094,0.3492151478847891,NA,Jego osiągnięcia ,,213,1,36,1,4,30-39
58086,POL,Poland,invalid,rule_B_only,11,NORMAL,,0,0,0,0,0,22.0,3.529197258834835,1.0,NA,Osiągnięcia ,,213,1,28,1,3,18-29
58089,POL,Poland,invalid,rule_B_only,62,NORMAL,,0,0,0,0,0,20.0,4.091642172082433,0.29277002188455997,NA,Wiedza oparta na faktachy i potwierdzona realnymi przykładami.,,213,1,33,1,4,30-39
58127,POL,Poland,invalid,rule_B_only,60,NORMAL,,0,0,0,0,0,20.0,7.27795773476797,0.6324555320336759,NA,"Naukowiec godny zaufania to taki, który działa dla ludzkości ",,213,1,26,1,3,18-29
58139,POL,Poland,invalid,rule_B_only,303,NORMAL,,0,0,0,0,0,22.0,5.29691298391808,,"Każdy człowiek który potrafi i chce tą nauke wykorzystać - pod warunkiem ze naprawde chce sie kształcić. Kazdy z nas ma równe szanse w tym aspekcie,ale jedni ta szanse wykorzystają bardziej, inni mniej a jeszcze inni wcale. Korzysci to : Radość z korzysci i sukcesu , rozwój kariery, wieksze mozliwosci.",NA,,213,1,29,0,3,18-29
58164,POL,Poland,invalid,rule_B_only,7,MEDIUM,longstring_exceed,1,0,1,0,0,71.0,6.039399445142384,,NA,Niewiem,,213,1,36,0,3,30-39
58179,POL,Poland,invalid,rule_B_only,271,NORMAL,,0,0,0,0,0,19.0,5.373315527522121,0.13483997249264842,"W zasadzie każdy powinien czerpać korzyści z nauki, ponieważ nauka jest finansowana ze środków publicznych.

Natomiast prawda jest taka, że korzyści czerpią jedynie osoby, które otrzymały środki finansowe na prowadzenie badań naukowych (pracownicy naukowi  i uczelnie).",NA,,213,1,32,1,4,30-39
58186,POL,Poland,invalid,rule_B_only,40,NORMAL,,0,0,0,0,0,26.0,4.257185777688791,,NA,To że zna się na nauce i można mu zaufać,,213,1,33,0,4,30-39
58198,POL,Poland,invalid,rule_B_only,29,NORMAL,,0,0,0,0,0,26.0,2.277927588242323,,kazdy czerpie jakies korzysci,NA,,213,1,37,0,3,30-39
58236,POL,Poland,invalid,rule_B_only,34,NORMAL,,0,0,0,0,0,22.0,3.1834335218401892,,NA,jego wykształcenie i doświadczenie,,213,1,26,1,4,18-29
58263,POL,Poland,invalid,rule_B_only,49,NORMAL,,0,0,0,0,0,18.0,6.229962885383181,0.7592566023652966,NA,"nic, bycie godnym zaufania to zależy od człowieka",,213,1,37,1,4,30-39
58275,POL,Poland,invalid,rule_B_only,50,NORMAL,,0,0,0,0,0,17.0,3.7466371244131706,0.4472135954999579,NA,Znany wymownie się odnosi w sprawach klimatycznych ,,213,1,55,1,3,50-59
58291,POL,Poland,invalid,rule_B_only,70,NORMAL,,0,0,0,0,0,17.0,6.767331389546198,0.5222329678670935,Naukowcy najwięcej korzystają  nauki ponieważ cały czas się doszkalaja ,NA,,213,1,36,1,3,30-39
58293,POL,Poland,invalid,rule_B_only,40,NORMAL,,0,0,0,0,0,24.0,4.2429479525437905,0.31622776601683794,Świat bo nauka jest potrzebna dla swiata,NA,,213,1,42,1,3,40-49
58309,POL,Poland,invalid,rule_B_only,8,MEDIUM,longstring_exceed,1,0,1,0,0,40.0,2.554436043516921,,Nie wiem ,NA,,213,1,30,1,3,30-39
58335,POL,Poland,invalid,rule_B_only,100,NORMAL,,0,0,0,0,0,26.0,4.257185777688791,,chyba wszyscy korzystamy bo jak by nie rozne dziedziny nauki to by nie bylo komputerow samolotow itd,NA,,213,1,44,1,4,40-49
58349,POL,Poland,invalid,rule_B_only,137,NORMAL,,0,0,0,0,0,19.0,2.477425825874372,0.2,"Ludzie żyjący w rejonach, które niedawno weszły na ścieżkę szybkiego rozwoju. Wpływa to pozytywnie na szeroko rozumianą jakość ich życia. ",NA,,213,1,68,1,4,60+
58372,POL,Poland,invalid,rule_B_only,29,NORMAL,,0,0,0,0,0,22.0,2.7528010951676958,,społeczeństwo czyli my ludzie,NA,,213,1,43,1,4,40-49
58392,POL,Poland,invalid,rule_B_only,47,NORMAL,,0,0,0,0,0,20.0,2.6870882956466144,,NA,Jeżeli wyniki jego nauki są efektywne prawdziwe,,213,1,57,1,4,50-59
58407,POL,Poland,invalid,rule_B_only,32,NORMAL,,0,0,0,0,0,18.0,2.631545352603672,,NA,Kiedy jego teorie się sprawdzają ,,213,1,45,0,4,40-49
58409,POL,Poland,invalid,rule_B_only,8,NORMAL,,0,0,0,0,0,26.0,4.257185777688791,,Naukowcy,NA,,213,1,31,1,4,30-39
58414,POL,Poland,invalid,rule_B_only,8,NORMAL,,0,0,0,0,0,26.0,2.684703095724711,,nie wiem,NA,,213,1,45,1,3,40-49
58420,POL,Poland,invalid,rule_B_only,14,NORMAL,,0,0,0,0,0,17.0,5.07389550205629,-0.2,NA,Nie mam zdania ,,213,1,55,0,4,50-59
58442,POL,Poland,invalid,rule_B_only,8,NORMAL,,0,0,0,0,0,18.0,2.9242173428535003,,NA,nie wiem,,213,1,53,0,3,50-59
58447,POL,Poland,invalid,rule_B_only,69,NORMAL,,0,0,0,0,0,21.0,3.5854890051133492,0.6324555320336759,Najwięcej nauki czerpią naukowcy ponieważ rozszerzają pojęcia naukowe ,NA,,213,1,54,0,2,50-59
58505,POL,Poland,invalid,rule_B_only,38,NORMAL,,0,0,0,0,0,25.0,7.2451995503522415,,Edukacja i medycyna produkowanie lekow,NA,,213,1,50,0,4,50-59
58543,POL,Poland,invalid,rule_B_only,94,NORMAL,,0,0,0,0,0,17.0,3.4062802273093133,,NA,Poprzez opublikowane opracowania naukowe. To ze jego badania w danej dziedzinie odnoszą sukces ,,213,1,43,0,3,40-49
58612,POL,Poland,invalid,rule_B_only,400,NORMAL,,0,0,0,0,0,19.0,5.564963848856936,1.0,"Badania naukowe i rezultaty tych badań służą przede wszystkim poprawie jakości życia ludzi, a także zapewnieniu bezpieczeństwa w różnego rodzaju zagrożeniach i sytuacjach. Najwięcej korzyści z rewelacyjnych odkryć naukowych czerpią ludzie, niekiedy ni zdają sobie z tego sprawy. Chwała tym, którzy propagują i nauczają o korzyściach płynących z odkryć naukowych i ich zastosowaniu w codziennym życiu.",NA,,213,1,64,2,4,60+
58615,POL,Poland,invalid,rule_B_only,87,NORMAL,,0,0,0,0,0,21.0,4.943681484320563,,NA,Jeżeli np.szepionka przez niego jest skuteczna i chroni od chory to czemu mu nie zaufać ,,213,1,47,0,2,40-49
58641,POL,Poland,invalid,rule_B_only,47,NORMAL,,0,0,0,0,0,26.0,4.257185777688791,,nauka jest bardzo przydatna w calym swoim zyciu,NA,,213,1,42,1,4,40-49
58658,POL,Poland,invalid,rule_B_only,6,NORMAL,,0,0,0,0,0,19.0,2.8783227201377133,,ludzie,NA,,213,1,55,1,3,50-59
58669,POL,Poland,invalid,rule_B_only,16,NORMAL,,0,0,0,0,0,25.0,5.182849027678635,-0.41522739926869984,NA,Nie sprzedał się,,213,1,44,0,4,40-49
58670,POL,Poland,invalid,rule_B_only,13,NORMAL,,0,0,0,0,0,24.0,4.726485641325128,0.2,Spoleczenstwo,NA,,213,1,34,0,4,30-39
58698,POL,Poland,invalid,rule_B_only,26,NORMAL,,0,0,0,0,0,26.0,1.9142761355352842,,mozna wiele sie dowiedziec ,NA,,213,1,35,0,3,30-39
58719,POL,Poland,invalid,rule_B_only,125,NORMAL,,0,0,0,0,0,17.0,2.706217289970431,,"Najwiecej korzyści z nauki czerpią wszyscy ludzie na świecie, gdyby nie nauka nie było by prądu, telefonu i innych wynalazków ",NA,,213,1,47,0,2,40-49
58737,POL,Poland,invalid,rule_B_only,47,NORMAL,,0,0,0,0,0,21.0,9.01261997830458,0.1767766952966369,Wykladoecy dyrektorzy bo dobrze zarabiają za to ,NA,,213,1,27,1,3,18-29
58740,POL,Poland,invalid,rule_B_only,6,NORMAL,,0,0,0,0,0,26.0,2.9259827503018334,,Dzieci,NA,,213,1,35,1,3,30-39
58756,POL,Poland,invalid,rule_B_only,107,NORMAL,,0,0,0,0,0,18.0,7.889008606105588,0.13130643285972254,"osoba ktora tego pragnie bo wowczas gromadzi wszelkiego rodzaju informacje w dziedzinie ktora ja interesuje 
",NA,,213,1,46,1,3,40-49
58766,POL,Poland,invalid,rule_B_only,68,NORMAL,,0,0,0,0,0,17.0,6.05466634653442,0.909717652294684,"Myślę, że każdy bezpośrednio lub pośrednio czerpie korzyści z nauki.",NA,,213,1,51,0,4,50-59
58776,POL,Poland,invalid,rule_B_only,102,NORMAL,,0,0,0,0,0,17.0,4.992053550743444,,NA,"osoba, której ustalenie zostały uznane za prawdziwe lub nie zostały zakwestionowane przez inne badania",,213,1,60,1,4,60+
58783,POL,Poland,invalid,rule_B_only,28,NORMAL,,0,0,0,0,0,23.0,4.539961120374265,,ludzie ktorzy szukają wiedzy,NA,,213,1,55,0,4,50-59
58902,POL,Poland,invalid,rule_B_only,52,NORMAL,,0,0,0,0,0,26.0,4.257185777688791,,człowiek bo dużo wie o technologii i dużo jej urzywa,NA,,213,1,31,0,4,30-39
58914,POL,Poland,invalid,rule_B_only,46,NORMAL,,0,0,0,0,0,19.0,4.748378078579461,1.0,NA,"nie wiem nie znam,żadnych naukowców osobiście.",,213,1,40,0,3,40-49
58915,POL,Poland,invalid,rule_B_only,15,NORMAL,,0,0,0,0,0,18.0,3.3941623876672073,,NA,Nie mam pojęcia ,,213,1,35,1,3,30-39
58921,POL,Poland,invalid,rule_B_only,8,MEDIUM,longstring_exceed,1,0,1,0,0,36.0,2.71013946123618,,NA,Nie wiem ,,213,1,50,0,3,50-59
58938,POL,Poland,invalid,rule_B_only,8,NORMAL,,0,0,0,0,0,19.0,2.5931281000977977,,naukowcy,NA,,213,1,44,0,4,40-49
58950,POL,Poland,invalid,rule_B_only,8,NORMAL,,0,0,0,0,0,18.0,5.639932113197972,,Nie wiem ,NA,,213,1,38,0,3,30-39
58980,POL,Poland,invalid,rule_B_only,6,MEDIUM,longstring_exceed,1,0,1,0,0,71.0,6.039399445142384,,Ludzie,NA,,213,1,58,0,3,50-59
58992,POL,Poland,invalid,rule_B_only,99,NORMAL,,0,0,0,0,0,25.0,7.158024413570433,,NA,Zajmuje się zagadnieniami naukowymi a więc wzbudzą zaufanie jako osoba inteligientna i wykształcona,,213,1,44,1,3,40-49
59008,POL,Poland,invalid,rule_B_only,116,NORMAL,,0,0,0,0,0,18.0,4.813322807863351,0.7071067811865476,Wszyscy ludzie. Najwiecej jednak biznes ktory moze wykorzystac technologiczne niwosci dla zdobycia przewagi rynkowej,NA,,213,1,37,1,4,30-39
59013,POL,Poland,invalid,rule_B_only,18,NORMAL,,0,0,0,0,0,17.0,2.9680366550931123,,Trudno to określić ,NA,,213,1,45,1,4,40-49
59018,POL,Poland,invalid,rule_B_only,18,NORMAL,,0,0,0,0,0,20.0,2.47227738619455,,NA,Errare humanum est,,213,1,40,1,4,40-49
59073,POL,Poland,invalid,rule_B_only,84,NORMAL,,0,0,0,0,0,18.0,3.0366340613243987,,"każdy czerpie korzyści z nauki, o ile źródła naukowe są poparte wiedzą, nie plotkami",NA,,213,1,27,0,4,18-29
59124,POL,Poland,invalid,rule_B_only,6,NORMAL,,0,0,0,0,0,17.0,4.014295552482481,,Dzieci,NA,,213,1,31,0,3,30-39
59141,POL,Poland,invalid,rule_B_only,93,NORMAL,,0,0,0,0,0,18.0,4.4053489357016415,,"Najwięcej czerpią ludzie chorzy, często na nieuleczalne choroby. Dzięki nauce mogą żyć dłużej ",NA,,213,1,40,0,4,40-49
59151,POL,Poland,invalid,rule_B_only,8,NORMAL,,0,0,0,0,0,20.0,3.622315292205338,0.5477225575051661,NA,Nie wiem ,,213,1,34,2,3,30-39
59165,POL,Poland,invalid,rule_B_only,8,NORMAL,,0,0,0,0,0,20.0,5.172525918396871,0.0,Mój mózg ,NA,,213,1,43,1,3,40-49
59175,POL,Poland,invalid,rule_B_only,131,NORMAL,,0,0,0,0,0,20.0,4.228791581476724,0.4472135954999579,Jeśli chodzi o korzyści finansowe to na pewno największe korporacje. Jeśli chodzi o ogólne korzyści to po części całe społeczeństwo,NA,,213,1,33,1,4,30-39
59179,POL,Poland,invalid,rule_B_only,23,NORMAL,,0,0,0,0,0,19.0,6.385147049629202,0.0,NA,jego wiedza jest cenna!,,213,1,42,1,4,40-49
59184,POL,Poland,invalid,rule_B_only,6,MEDIUM,longstring_exceed,1,0,1,0,0,34.0,3.7459731488074386,0.41522739926869984,NA,wiedza,,213,1,38,1,3,30-39
59193,POL,Poland,invalid,rule_B_only,13,NORMAL,,0,0,0,0,0,21.0,5.361304100045092,0.0,NA,Tworzy postęp,,213,1,57,0,3,50-59
59213,POL,Poland,invalid,rule_B_only,24,NORMAL,,0,0,0,0,0,17.0,3.8281183031210206,,NA,poparte badaniami sprawy,,213,1,24,0,3,18-29
59215,POL,Poland,invalid,rule_B_only,131,NORMAL,,0,0,0,0,0,17.0,3.5188207371125007,,"Największe korzyści czerpią sami naukowcy, bo wiele innych ludzi uwierzy i poprze te badania zanim odkryją, że naukowcy się mylili.",NA,,213,1,66,0,3,60+
59234,POL,Poland,invalid,rule_B_only,9,NORMAL,,0,0,0,0,0,18.0,7.927957731739731,0.31622776601683794,NA,Szczerość ,,213,1,20,NA,1,18-29
59258,POL,Poland,invalid,rule_B_only,27,NORMAL,,0,0,0,0,0,20.0,2.8416702002176977,,NA,jego wiedza i doświadczenie,,213,1,56,1,3,50-59
59279,POL,Poland,invalid,rule_B_only,44,NORMAL,,0,0,0,0,0,20.0,2.4581837687722636,,NA,to że stara się rozwiązać problemy ludzkości ,,213,1,68,1,3,60+
59295,POL,Poland,invalid,rule_B_only,8,NORMAL,,0,0,0,0,0,18.0,3.8326670302266987,,NA,nie wiem ,,213,1,21,1,2,18-29
59321,POL,Poland,invalid,rule_B_only,13,NORMAL,,0,0,0,0,0,17.0,7.796670701345026,0.8401680504168059,NA,wykształcenie,,213,1,22,1,3,18-29
59325,POL,Poland,invalid,rule_B_only,30,NORMAL,,0,0,0,0,0,20.0,5.927868911836789,,Super oferta polecam wszystkim ,NA,,213,1,65,1,3,60+
59353,POL,Poland,invalid,rule_B_only,43,NORMAL,,0,0,0,0,0,18.0,2.5529243598761506,,"Cały świat ,mamy jakieś nowości dzięki yemu",NA,,213,1,53,1,3,50-59
59366,POL,Poland,invalid,rule_B_only,8,NORMAL,,0,0,0,0,0,20.0,1.9142761355352842,,nie wiem ,NA,,213,1,51,1,3,50-59
59436,POL,Poland,invalid,rule_B_only,199,NORMAL,,0,0,0,0,0,19.0,4.182445616656782,0.7071067811865476,"Wszyscy ludzie na ziemi. Są przeróżne doświadczenia, badania , które pomagają nam wszystkim.Ludzie uczą się a tym samym są coraz mądrzejsi. Przynajmniej tak mi się wydaje. Nauka pomaga nam wszystkim.",NA,,213,1,50,0,3,50-59
59455,POL,Poland,invalid,rule_B_only,59,NORMAL,,0,0,0,0,0,22.0,2.502180273421576,,"Trudno powiedzieć,naukowcy pomagający w sferze klimatycznej",NA,,213,1,61,0,3,60+
59467,POL,Poland,invalid,rule_B_only,127,NORMAL,,0,0,0,0,0,22.0,3.7332327521279804,1.0,NA,Nie zawsze musi być godny zaufania. Jego dużo większa wiedza niż przeciętnego człowieka może być atutem jeśli chodzi o zaufanie,,213,1,55,1,4,50-59
59472,POL,Poland,invalid,rule_B_only,10,NORMAL,,0,0,0,0,0,18.0,5.7256242463529246,,NA,Jego praca,,213,1,55,1,3,50-59
59493,POL,Poland,invalid,rule_B_only,30,NORMAL,,0,0,0,0,0,20.0,5.581302483684994,,NA,Super oferta polecam wszystkim ,,213,1,65,1,3,60+
59502,POL,Poland,invalid,rule_B_only,8,NORMAL,,0,0,0,0,0,31.0,2.5612549708270476,,Nie wiem ,NA,,213,1,69,1,3,60+
59526,POL,Poland,invalid,rule_B_only,101,NORMAL,,0,0,0,0,0,19.0,2.4916088257362645,,"z nauki czerpiemy wszyscy, nauka pozwala nam pojmować świat, korzystać z niego, ulepszać go, rozumieć",NA,,213,1,73,0,4,60+
59536,POL,Poland,invalid,rule_B_only,12,NORMAL,,0,0,0,0,0,17.0,3.2381802516452804,,NA,Wiarygodnośc ,,213,1,72,1,4,60+
59562,POL,Poland,invalid,rule_B_only,120,NORMAL,,0,0,0,0,0,17.0,4.51762532968743,0.9284766908852594,NA,posiada wiedz której przeciętny człowiek nie jest w stanie posąść imoże ją przekazać innym nie zawsze w słusznej sprawie,,213,1,70,1,3,60+
59571,POL,Poland,invalid,rule_B_only,43,NORMAL,,0,0,0,0,0,20.0,1.9142761355352842,,NA,taki ktory mowi prawde ale nie za pieniadze,,213,1,60,0,3,60+
59573,POL,Poland,invalid,rule_B_only,61,NORMAL,,0,0,0,0,0,17.0,5.104087945715526,0.3333333333333333,NA,"Jego wiedza,doświadczenie ,lata praktyki, opinie innych ludzi",,213,1,51,0,4,50-59
59598,POL,Poland,invalid,rule_B_only,11,NORMAL,,0,0,0,0,0,20.0,2.4949066218995695,,NA,jego wiedza,,213,1,70,1,3,60+
59602,POL,Poland,invalid,rule_B_only,42,NORMAL,,0,0,0,0,0,17.0,2.3712129220704417,0.31622776601683794,NA,rzetelnie przedstawia źródło swojej wiedzy,,213,1,65,1,4,60+
59714,POL,Poland,invalid,rule_B_only,13,NORMAL,,0,0,0,0,0,19.0,2.7688107137839744,,cała ludzkość ,NA,,213,1,61,1,3,60+
59720,POL,Poland,invalid,rule_B_only,28,NORMAL,,0,0,0,0,0,27.0,2.1661379111409573,,Duże korporacje bo są bogate,NA,,213,1,55,1,4,50-59
59721,POL,Poland,invalid,rule_B_only,31,NORMAL,,0,0,0,0,0,19.0,3.5170679758691694,,NA,Jego praca i udowodnione wyniki,,213,1,64,0,3,60+
59729,POL,Poland,invalid,rule_B_only,59,NORMAL,,0,0,0,0,0,19.0,3.9444714723720953,,wszyscy ludzie zawsze jest cos nowego o czym warto wiedziec,NA,,213,1,59,0,3,50-59
59794,ROU,Romania,invalid,rule_B_only,19,NORMAL,,0,0,0,0,0,18.0,6.948599584743009,0.7985836518841366,NA,cercetare relevantă,,213,1,37,1,4,30-39
59837,ROU,Romania,invalid,rule_B_only,134,NORMAL,,0,0,0,0,0,17.0,5.254123348946641,0.6470588235294118,"toti oamenii. toti oamenii folosesc astazi doar lucruri obtinute printr-un act stintific de la haine, mancare, case, electronice, etc.",NA,,213,1,47,1,4,40-49
60003,ROU,Romania,invalid,rule_B_only,13,NORMAL,,0,0,0,0,0,19.0,4.495138520639589,0.7745966692414834,"Noi, oamenii. ",NA,,213,1,55,0,3,50-59
60013,ROU,Romania,invalid,rule_B_only,91,NORMAL,,0,0,0,0,0,18.0,5.262579239058752,0.7071067811865476,Omwnirea pentru ca doar asa va putea sa se adapteze schimbarilor si provacarilor viitorului,NA,,213,1,40,1,4,40-49
60113,ROU,Romania,invalid,rule_B_only,679,NORMAL,,0,0,0,0,0,20.0,4.802326752870047,,NA,"Cand am fost eu la facultate, de abia ma puteam trezi in anumite saptamani si de abia puteam sta pe scaun fara sa adorm, atat eram de obosit. Iar eu am urmat cursurile unei universitati care punea la dispozitie si facultati si profile de dificultate medie. Un om de stiinta care a putut absolvi cursuri cel putin la fel de dificile si care, dupa toate acestea, si-a rupt in continuare timp din viata sa pentru a inova muncind in cercetare intr-un domeniu stiintific este mult mai demn de incredere decat un cetatean care isi da cu parerea pe Facebook sau un politician care a plagiat lucrari de licenta, lucrari de dizertatie si teze de doctorat pentru a ajunge ""doctor in drept""",,213,1,24,1,4,18-29
60137,ROU,Romania,invalid,rule_B_only,87,NORMAL,,0,0,0,0,0,18.0,4.907176446069175,,mediul academic ulterior acestea reflectandu-se in activitati practice pentru societate,NA,,213,1,40,1,4,40-49
60217,SRB,Serbia,invalid,rule_B_only,60,NORMAL,,0,0,0,0,0,17.0,4.322120105113688,0.8660254037844386,"Svi, jer bez nauke ne bi bilo napredovanja ni u jednoj sferi",NA,,213,1,39,0,4,30-39
60226,SRB,Serbia,invalid,rule_B_only,203,NORMAL,,0,0,0,0,0,18.0,4.6836733130626085,0.7385489458759964,"Trebalo bi komplet covecanstvo da ima korist ! Ali na zalost korist imaju samo razni lobiji, parazitske drzave naj cesce iz zapadnog sveta . A veoma cesto naucna dostignuca se koriste za nehumane svrhe !",NA,,213,1,50,1,3,50-59
60238,SRB,Serbia,invalid,rule_B_only,6,MEDIUM,longstring_exceed,1,0,1,0,0,40.0,9.132911655044287,-0.4472135954999579,NA,znanje,,213,1,23,1,3,18-29
60272,SRB,Serbia,invalid,rule_B_only,33,NORMAL,,0,0,0,0,0,23.0,3.491767368919158,,NA,"Kontinuiran rad, znanje , praksa.",,213,1,56,0,4,50-59
60275,SRB,Serbia,invalid,rule_B_only,203,NORMAL,,0,0,0,0,0,22.0,4.403955363313444,-0.6324555320336759,NA,Teško pitanje...Trebalo bi da je njegova predanost i istrajnost u istraživanju onoga što kao naučnik istražuje. I naravno pozitivni rezultati toga a samim tim i stečeni autoritet. Ali uvek postoji ali... ,,213,1,56,0,3,50-59
60356,SRB,Serbia,invalid,rule_B_only,163,NORMAL,,0,0,0,0,0,17.0,3.4904999706325652,,"Čovečanstvo, čitavo čovečanstvo,, a ii cela planeta i univerzum. Nauka, u svom pravom i iskonskom obliku je jedna od najplemenitijih stvari koju je čovek napravio.",NA,,213,1,50,0,4,50-59
60359,SRB,Serbia,invalid,rule_B_only,12,NORMAL,,0,0,0,0,0,28.0,3.5777035129396184,,invenstitori,NA,,213,1,32,1,3,30-39
60376,SRB,Serbia,invalid,rule_B_only,6,NORMAL,,0,0,0,0,0,29.0,2.3609470114157523,,NA,istina,,213,1,55,1,4,50-59
60380,SRB,Serbia,invalid,rule_B_only,16,NORMAL,,0,0,0,0,0,18.0,5.976281029769641,0.21821789023599236,"Naučna zajednica
",NA,,213,1,23,1,3,18-29
60401,SRB,Serbia,invalid,rule_B_only,25,NORMAL,,0,0,0,0,0,26.0,6.302245685616576,,Covek zato sto se snalazi,NA,,213,1,31,1,3,30-39
60417,SRB,Serbia,invalid,rule_B_only,135,NORMAL,,0,0,0,0,0,20.0,2.839934206205658,,Trebalo bi da ima čovečanstvo uz uslov da bude dostupno svima. Ali često se dešava da napravi još veći jaz između bogatih i siromašnih.,NA,,213,1,32,1,3,30-39
60496,SRB,Serbia,invalid,rule_B_only,13,NORMAL,,0,0,0,0,0,18.0,3.9704756503468706,,NA,Da ima viziju,,213,1,44,1,3,40-49
60564,SRB,Serbia,invalid,rule_B_only,73,NORMAL,,0,0,0,0,0,19.0,2.9230862857691378,,NA,Korišćenje validnih izbora naučnih informacija i naučnih metoda i tehnika ,,213,1,61,0,4,60+
60568,SRB,Serbia,invalid,rule_B_only,43,NORMAL,,0,0,0,0,0,22.0,2.7083225857287063,,Vladari iz senke. Radi sopstvenog interesa.,NA,,213,1,49,2,3,40-49
60580,SRB,Serbia,invalid,rule_B_only,25,NORMAL,,0,0,0,0,0,30.0,3.7267019112696884,,Cela zemaljska populacija,NA,,213,1,71,0,4,60+
60589,SRB,Serbia,invalid,rule_B_only,17,NORMAL,,0,0,0,0,0,17.0,3.4162532553670637,0.7071067811865476,NA,posvecenost poslu,,213,1,41,0,4,40-49
60592,SRB,Serbia,invalid,rule_B_only,11,NORMAL,,0,0,0,0,0,30.0,4.175077103097947,0.7745966692414834,Covecanstvo,NA,,213,1,33,0,4,30-39
60604,SRB,Serbia,invalid,rule_B_only,58,NORMAL,,0,0,0,0,0,21.0,4.063449637088884,,Pa valjda oni koji se bave time jer nauka je svuda oko nas,NA,,213,1,45,2,3,40-49
60637,SRB,Serbia,invalid,rule_B_only,58,NORMAL,,0,0,0,0,0,17.0,4.000108233038186,,NA,Obim znanja i samouverenost tokom izlaganja odredjene teme,,213,1,24,0,3,18-29
60663,SRB,Serbia,invalid,rule_B_only,11,NORMAL,,0,0,0,0,0,20.0,3.7604978122619017,,Čovečanstvo ,NA,,213,1,62,2,3,60+
60687,SRB,Serbia,invalid,rule_B_only,34,NORMAL,,0,0,0,0,0,20.0,6.567585155271377,1.0,Država zato sto ona kontroliše sve,NA,,213,1,27,0,3,18-29
60725,SRB,Serbia,invalid,rule_B_only,67,NORMAL,,0,0,0,0,0,20.0,4.9442552715496015,,NA,Rezultati njegovog istrazivanja i obim interesovanja drugih o tome.,,213,1,64,1,4,60+
60727,SRB,Serbia,invalid,rule_B_only,99,NORMAL,,0,0,0,0,0,22.0,7.379758956198365,0.7340317845664998,Narod zato sto pronalazenje nekog naucnog istrazitelja se kasnije koristi u narodu u poslu i slicno,NA,,213,1,62,0,3,60+
60756,SRB,Serbia,invalid,rule_B_only,43,NORMAL,,0,0,0,0,0,18.0,4.358439196691252,,NA,"Način razmišljanja ,ponašanja, obrazlaganja
",,213,1,60,1,3,60+
60849,RUS,Russia,invalid,rule_B_only,11,NORMAL,,0,0,0,0,0,22.0,4.644845638445026,0.6324555320336759,Государство,NA,,213,1,56,1,4,50-59
60891,RUS,Russia,invalid,rule_B_only,72,NORMAL,,0,0,0,0,0,20.0,5.313398883565593,,NA,Доверия заслуживает человек достигший чего-то полезного в своей области.,,213,1,50,0,3,50-59
60907,RUS,Russia,invalid,rule_B_only,69,NORMAL,,0,0,0,0,0,17.0,4.485524084448277,0.43301270189221935,NA,полезные изобретения с доказательной базой и никому не наносящие вред,,213,1,52,0,4,50-59
60939,RUS,Russia,invalid,rule_B_only,20,NORMAL,,0,0,0,0,0,20.0,5.739434066988882,0.0,NA,Научные исследования,,213,1,26,0,3,18-29
60940,RUS,Russia,invalid,rule_B_only,84,NORMAL,,0,0,0,0,0,17.0,4.848904519889401,0.6324555320336759,"весь мир, потому что движение вперед и новые открытия это неизбежность развития мира",NA,,213,1,56,0,4,50-59
61015,RUS,Russia,invalid,rule_B_only,95,NORMAL,,0,0,0,0,0,28.0,4.187911087920853,,"Наука полезна для всего человечества, благодаря науке мы открываем новые горизонты жизни и мира",NA,,213,1,27,0,3,18-29
61021,RUS,Russia,invalid,rule_B_only,71,MEDIUM,longstring_exceed,1,0,1,0,0,34.0,6.5610598925779655,1.0,"Народ, потому что все научные открытия положительно влияли на общество.",NA,,213,1,18,1,3,18-29
61129,RUS,Russia,invalid,rule_B_only,10,NORMAL,,0,0,0,0,0,18.0,2.708407403424548,,NA,Его работа,,213,1,50,1,3,50-59
61169,RUS,Russia,invalid,rule_B_only,51,NORMAL,,0,0,0,0,0,19.0,5.269395808523281,0.3216337604513384,NA,Доказательство существования чего либо необычайного,,213,1,22,0,4,18-29
61191,RUS,Russia,invalid,rule_B_only,29,NORMAL,,0,0,0,0,0,22.0,4.63662034446079,0.7071067811865476,Бизнес. Для получения прибыли,NA,,213,1,51,1,4,50-59
61216,RUS,Russia,invalid,rule_B_only,90,NORMAL,,0,0,0,0,0,29.0,4.0151221729673985,0.6324555320336759,NA,"Положительный , полезный результат его работ для людей, животных, растений и мира в целом.",,213,1,47,0,4,40-49
61229,RUS,Russia,invalid,rule_B_only,151,NORMAL,,0,0,0,0,0,19.0,3.1379808005479943,,NA,"Специальное образование
Терпимость к обоснованным возражениям
Опора на наблюдаемые, экспериментально проверяемые или логически доказуемые утверждения",,213,1,58,1,4,50-59
61234,RUS,Russia,invalid,rule_B_only,9,NORMAL,,0,0,0,0,0,20.0,4.29640825461981,,NA,авторитет,,213,1,59,1,4,50-59
61256,RUS,Russia,invalid,rule_B_only,14,NORMAL,,0,0,0,0,0,18.0,3.8523858297014835,,NA,Компетентность,,213,1,64,0,3,60+
61257,RUS,Russia,invalid,rule_B_only,91,NORMAL,,0,0,0,0,0,17.0,4.9267566067136555,,"смотря в какой области. скорее всего потребители, использующие результаты научного открытия",NA,,213,1,36,0,4,30-39
61268,RUS,Russia,invalid,rule_B_only,44,NORMAL,,0,0,0,0,0,19.0,4.184964075306579,,"бизнес, потому, что активно участвует в этом",NA,,213,1,50,1,4,50-59
61314,RUS,Russia,invalid,rule_B_only,9,MEDIUM,longstring_exceed,1,0,1,0,0,57.0,2.173424183363251,,NA,честность,,213,1,45,0,3,40-49
61333,RUS,Russia,invalid,rule_B_only,97,NORMAL,,0,0,0,0,0,19.0,4.007963256489872,0.31622776601683794,NA,"Практическое применение знаний. Не пустословия а именно научное открытие которое ""можно пощупать""",,213,1,28,1,3,18-29
61359,RUS,Russia,invalid,rule_B_only,383,NORMAL,,0,0,0,0,0,22.0,3.2111907284467924,,"Пользу получают те, кто вовлечен в науку, остальные наблюдатели и возможно потребители, если результаты можно пощупать. Сами ученые заинтересованы и материально и духовно.  И чем больше им дадут возможностей (в основном в виде денег), тем они будут рады. Наука не всегда окупается, поэтому им нужны меценаты, государство должно помогать науке, даже если результаты будут не быстрыми.",NA,,213,1,55,1,3,50-59
61381,RUS,Russia,invalid,rule_B_only,11,NORMAL,,0,0,0,0,0,17.0,5.322610117292069,0.7071067811865476,NA,Его работа. ,,213,1,29,0,4,18-29
61386,RUS,Russia,invalid,rule_B_only,25,MEDIUM,longstring_exceed,1,0,1,0,0,57.0,2.173424183363251,,NA,Опыт проведённый в науке.,,213,1,50,0,3,50-59
61393,RUS,Russia,invalid,rule_B_only,34,NORMAL,,0,0,0,0,0,17.0,3.9365147242057987,0.5813183589761798,NA,Научные работы воплошëнные в жизнь,,213,1,70,0,4,60+
61474,RUS,Russia,invalid,rule_B_only,46,NORMAL,,0,0,0,0,0,18.0,4.004757776018598,,NA,Образование и авторитет в своей области знаний,,213,1,28,0,4,18-29
61484,RUS,Russia,invalid,rule_B_only,30,NORMAL,,0,0,0,0,0,19.0,3.8478402974067714,0.0,NA,Его знания в его области науки,,213,1,53,1,4,50-59
61487,RUS,Russia,invalid,rule_B_only,18,NORMAL,,0,0,0,0,0,19.0,3.8085667708775004,,производительность,NA,,213,1,65,1,4,60+
61524,RUS,Russia,invalid,rule_B_only,12,MEDIUM,longstring_exceed,1,0,1,0,0,67.0,2.742044866228942,,Человечество,NA,,213,1,62,NA,4,60+
61601,RUS,Russia,invalid,rule_B_only,193,NORMAL,,0,0,0,0,0,23.0,4.309936769099233,-0.31622776601683794,"Тот, кто финансирует научные исследования, потому что они определяют приоритетные сферы исследований, которые, в свою очередь, зависят от возможности максимальной отдачи от финансовых вложений.",NA,,213,1,69,1,4,60+
61607,RUS,Russia,invalid,rule_B_only,6,NORMAL,,0,0,0,0,0,17.0,3.862089558100998,0.8944271909999159,Бизнес,NA,,213,1,26,1,4,18-29
61668,RUS,Russia,invalid,rule_B_only,21,NORMAL,,0,0,0,0,0,28.0,4.807653428701998,0.25,NA,Открытия для общества,,213,1,62,1,3,60+
61710,RUS,Russia,invalid,rule_B_only,14,NORMAL,,0,0,0,0,0,26.0,3.026775657002818,,NA,доказательства,,213,1,66,0,4,60+
61722,RUS,Russia,invalid,rule_B_only,16,MEDIUM,longstring_exceed,1,0,1,0,0,57.0,2.173424183363251,,Все жители земли,NA,,213,1,30,1,3,30-39
61726,RUS,Russia,invalid,rule_B_only,34,NORMAL,,0,0,0,0,0,17.0,5.4538173065062105,,NA,чья работа не коммерческая прибыль,,213,1,36,0,4,30-39
61742,RUS,Russia,invalid,rule_B_only,7,MEDIUM,longstring_exceed,1,0,1,0,0,57.0,2.173424183363251,,не знаю,NA,,213,1,49,0,4,40-49
61789,RUS,Russia,invalid,rule_B_only,71,NORMAL,,0,0,0,0,0,22.0,4.272734620055817,-0.1856953381770519,"Бизнес путём продажи товаров, разработанных на основе научных открытий. ",NA,,213,1,45,1,4,40-49
61796,RUS,Russia,invalid,rule_B_only,12,NORMAL,,0,0,0,0,0,28.0,5.325157636779169,,NA,ум и харизма,,213,1,47,1,4,40-49
61830,RUS,Russia,invalid,rule_B_only,13,NORMAL,,0,0,0,0,0,20.0,5.345219133268139,,правительство,NA,,213,1,63,1,3,60+
61863,RUS,Russia,invalid,rule_B_only,35,NORMAL,,0,0,0,0,0,21.0,2.3477723769332512,,"Промышленность, сельское хозяйство.",NA,,213,1,36,1,4,30-39
61880,RUS,Russia,invalid,rule_B_only,155,NORMAL,,0,0,0,0,0,18.0,2.862612161638613,,"Я думаю человек, но также всё живое на планете (растения,животные) можно ещё сказать про реки,моря,океаны и т.д.и т.п.Но наибольшую выгоду конечно человек.",NA,,213,1,43,1,3,40-49
61924,RUS,Russia,invalid,rule_B_only,22,NORMAL,,0,0,0,0,0,17.0,3.838081231961749,,NA,его научные достижения,,213,1,27,1,3,18-29
61960,RUS,Russia,invalid,rule_B_only,113,NORMAL,,0,0,0,0,0,17.0,4.948777447323568,0.0,Обычные люди. Потому что все достижения в науке направлены исключительно для улучшения жизни и быта обычных людей,NA,,213,1,33,1,4,30-39
62042,RUS,Russia,invalid,rule_B_only,65,NORMAL,,0,0,0,0,0,17.0,4.338683664425319,1.0,NA,"наличие авторских работ, проведение исследований, гос. поддержка.",,213,1,46,1,4,40-49
62051,RUS,Russia,invalid,rule_B_only,162,NORMAL,,0,0,0,0,0,17.0,6.245998594966077,,Every individual benefit in science because it has always help us from one way or the other .. The way we live and majority of our discussion science is involved.,NA,,213,1,30,0,4,30-39
62067,RUS,Russia,invalid,rule_B_only,40,NORMAL,,0,0,0,0,0,22.0,2.8986595687571453,,Бизнесмены. Это возможность разбогатеть.,NA,,213,1,69,1,4,60+
62074,RUS,Russia,invalid,rule_B_only,38,NORMAL,,0,0,0,0,0,29.0,4.699315986066134,,"не знаю,никогда об этом не задумывался",NA,,213,1,47,1,3,40-49
62163,RUS,Russia,invalid,rule_B_only,23,NORMAL,,0,0,0,0,0,22.0,4.303667721393904,,NA,Правда и только Правда!,,213,1,65,0,4,60+
62195,RUS,Russia,invalid,rule_B_only,89,NORMAL,,0,0,0,0,0,17.0,5.592283806165544,-0.31622776601683794,"Наверное все. Потому что наука двигает прогресс, а значит делает нашу жизнь проще и лучше",NA,,213,1,65,1,4,60+
62208,RUS,Russia,invalid,rule_B_only,35,NORMAL,,0,0,0,0,0,24.0,7.7520614821764084,,вачрвяа явкрвякр вкярвкярв вякрвякр,NA,,213,1,26,1,4,18-29
62223,RUS,Russia,invalid,rule_B_only,76,NORMAL,,0,0,0,0,0,17.0,6.982351143975982,0.7745966692414834,NA,Отсутствие субьективности и наличие адекватного уровня критического мышления ,,213,1,22,0,3,18-29
62261,RUS,Russia,invalid,rule_B_only,22,NORMAL,,0,0,0,0,0,29.0,3.599772797638241,,NA,Честность и открытость,,213,1,27,0,3,18-29
62271,RUS,Russia,invalid,rule_B_only,95,NORMAL,,0,0,0,0,0,19.0,4.173834667986645,,"От науки большую выгоду получают сельскохозяйственные деятели, ведь забота от природе это наука",NA,,213,1,22,0,4,18-29
62276,RUS,Russia,invalid,rule_B_only,14,MEDIUM,longstring_exceed,1,0,1,0,0,57.0,2.173424183363251,,NA,"Продуктивность
",,213,1,19,0,3,18-29
62295,RUS,Russia,invalid,rule_B_only,61,NORMAL,,0,0,0,0,0,29.0,5.12773840903408,0.5773502691896257,"человечество, т.к. идет развитие людей и уровня жизни в целом",NA,,213,1,25,0,3,18-29
62327,SWE,Sweden,invalid,rule_B_only,85,NORMAL,,0,0,0,0,0,19.0,2.65114959631897,,NA,"Forskarens kvalite ska avspeglas av design, metod, analys och utnyttjande av resurser",,213,1,24,0,3,18-29
62330,SWE,Sweden,invalid,rule_B_only,6,NORMAL,,0,0,0,0,0,18.0,5.525493492968872,,NA,Vet ej,,213,1,57,0,3,50-59
62353,SWE,Sweden,invalid,rule_B_only,24,NORMAL,,0,0,0,0,0,17.0,5.396850530049302,,Till allmänhetens bästa.,NA,,213,1,73,1,4,60+
62389,SWE,Sweden,invalid,rule_B_only,11,NORMAL,,0,0,0,0,0,19.0,5.611889612643732,0.8509629433967631,allmänheten,NA,,213,1,23,1,3,18-29
62455,SWE,Sweden,invalid,rule_B_only,6,NORMAL,,0,0,0,0,0,26.0,5.80863850548575,,vet ej,NA,,213,1,25,1,3,18-29
62505,SWE,Sweden,invalid,rule_B_only,8,NORMAL,,0,0,0,0,0,20.0,2.751054448199836,,NA,Vet inte,,213,1,50,0,3,50-59
62568,SWE,Sweden,invalid,rule_B_only,15,NORMAL,,0,0,0,0,0,18.0,4.449179131512851,-0.408248290463863,NA,Lång utbildning ,,213,1,45,1,3,40-49
62572,SWE,Sweden,invalid,rule_B_only,6,NORMAL,,0,0,0,0,0,22.0,4.06666112206102,,Vet ej ,NA,,213,1,41,1,4,40-49
62590,SWE,Sweden,invalid,rule_B_only,51,NORMAL,,0,0,0,0,0,19.0,4.393079355062178,-0.5,De tror jag alla gör..frågan är bara hur den tolkas,NA,,213,1,64,0,3,60+
62674,SWE,Sweden,invalid,rule_B_only,84,NORMAL,,0,0,0,0,0,19.0,4.318382079749739,0.10846522890932808,NA,Har ingen referenspunkt på vad som gör en forskare tillförlitlig eller ej dessvärre.,,213,1,33,1,4,30-39
62677,SWE,Sweden,invalid,rule_B_only,100,NORMAL,,0,0,0,0,0,19.0,3.7882394073387635,0.6123724356957946,"vet ej..men klart allmänheten ska få känna till det, och det är intressant med fakta av alla de slag",NA,,213,1,53,0,3,50-59
62695,SWE,Sweden,invalid,rule_B_only,6,MEDIUM,longstring_exceed,1,0,1,0,0,46.0,3.1739408198258108,,vet ej,NA,,213,1,34,1,3,30-39
62740,SWE,Sweden,invalid,rule_B_only,6,NORMAL,,0,0,0,0,0,19.0,4.702790794868826,,vet ej,NA,,213,1,59,0,3,50-59
62752,SWE,Sweden,invalid,rule_B_only,242,NORMAL,,0,0,0,0,0,18.0,3.08361240777662,,NA,"Om de har gjort flera ”tester” som visar på samma svar, om de är öppen om både positivt och negativt- är det bara bra blir det lite för bra för att vara sant. Att de delas på tillförlitliga källor, inte ex expressen där allt inte stämmer helt",,213,1,18,0,3,18-29
62820,SWE,Sweden,invalid,rule_B_only,111,NORMAL,,0,0,0,0,0,17.0,5.359077269653507,-0.6432675209026768,NA,med bra källor som går att bevisa och som inte är jäv eller att nån har nån ekonomisk vinning på slutresultatet,,213,1,30,0,3,30-39
62837,SWE,Sweden,invalid,rule_B_only,151,NORMAL,,0,0,0,0,0,18.0,4.199220021889981,,Jag tror att hela mänskligheten har nytta av vetenskapen och att det kan leda till att vi blir av med pandemier och svårkurerade sjukdomar i framtiden.,NA,,213,1,35,1,3,30-39
62838,SWE,Sweden,invalid,rule_B_only,70,NORMAL,,0,0,0,0,0,18.0,5.9298454464666355,,NA,"Time invested,money invested,team work,dedication,effort,result,output",,213,1,24,0,4,18-29
62845,SWE,Sweden,invalid,rule_B_only,22,NORMAL,,0,0,0,0,0,23.0,4.479366539120778,,"Alla, är en viktig del ",NA,,213,1,47,0,4,40-49
62855,SWE,Sweden,invalid,rule_B_only,6,NORMAL,,0,0,0,0,0,17.0,5.733057258596835,,NA,Vet ej ,,213,1,53,0,2,50-59
62895,SWE,Sweden,invalid,rule_B_only,47,NORMAL,,0,0,0,0,0,28.0,5.055558814509324,,NA,den är viktig för att utveckla samhället framåt,,213,1,55,1,3,50-59
62951,SWE,Sweden,invalid,rule_B_only,14,NORMAL,,0,0,0,0,0,28.0,5.707052831024516,-0.17149858514250882,NA,fakta opartisk,,213,1,36,1,3,30-39
63042,SWE,Sweden,invalid,rule_B_only,21,NORMAL,,0,0,0,0,0,17.0,5.155533678734237,,Dem som styr världen.,NA,,213,1,33,1,3,30-39
63048,SWE,Sweden,invalid,rule_B_only,6,MEDIUM,longstring_exceed,1,0,1,0,0,48.0,8.54355994564777,,NA,Vet ej,,213,1,39,0,3,30-39
63059,SWE,Sweden,invalid,rule_B_only,8,NORMAL,,0,0,0,0,0,22.0,2.9299813063019466,,NA,Vet inte,,213,1,59,0,3,50-59
63072,SWE,Sweden,invalid,rule_B_only,6,NORMAL,,0,0,0,0,0,27.0,3.961570918061298,,NA,Vet ej,,213,1,53,0,3,50-59
63113,SWE,Sweden,invalid,rule_B_only,6,MEDIUM,longstring_exceed,1,0,1,0,0,41.0,2.222779955207344,,NA,vet ej,,213,1,41,1,4,40-49
63116,SWE,Sweden,invalid,rule_B_only,85,NORMAL,,0,0,0,0,0,19.0,5.4831855160985485,0.242535625036333,NA,De är deras jobb. Och de upptäcker nya saker hela tiden. Tror inte de skulle hitta på ,,213,1,23,0,2,18-29
63128,SWE,Sweden,invalid,rule_B_only,84,NORMAL,,0,0,0,0,0,17.0,5.9472298115601365,0.4,"Merparten av folket, då våra gamla uppslagsverk är inaktuella och behöver uppdateras",NA,,213,1,77,0,2,60+
63166,SWE,Sweden,invalid,rule_B_only,6,NORMAL,,0,0,0,0,0,17.0,2.9049779290533264,,NA,Vet ej,,213,1,38,0,4,30-39
63168,SWE,Sweden,invalid,rule_B_only,116,NORMAL,,0,0,0,0,0,22.0,5.645608902848752,,alla människor gör det tack vare vetenskap kommer vi framåt med utvecklingen av allt som vi behöver för att överleva,NA,,213,1,42,0,3,40-49
63284,SWE,Sweden,invalid,rule_B_only,24,NORMAL,,0,0,0,0,0,24.0,2.3747385081602936,,NA,Ingen aning är ej insatt,,213,1,55,0,3,50-59
63302,SWE,Sweden,invalid,rule_B_only,118,NORMAL,,0,0,0,0,0,21.0,7.890888010621798,-0.17149858514250882,NA,Det skall finnas grundläggande bevis och vetenskapliga studier som stöds av förening med konkreta exempel och resultat ,,213,1,29,1,3,18-29
63340,TUR,Türkiye,invalid,rule_B_only,95,NORMAL,,0,0,0,0,0,17.0,3.779224960577862,,NA,Tutarlı cevaplar vermeli insanlara yararlı işler yapmalı  disiplinli olmalı çok teşekkür ederim ,,213,1,27,0,4,18-29
63342,TUR,Türkiye,invalid,rule_B_only,64,NORMAL,,0,0,0,0,0,19.0,5.584931555629815,,NA,Araştırmalarını belirli deneyler deneyimler ve olduğu gibi sunar,,213,1,38,1,4,30-39
63343,TUR,Türkiye,invalid,rule_B_only,40,NORMAL,,0,0,0,0,0,17.0,3.859069255233431,0.21821789023599236,NA,"Veriler elde etme ,sistematik calismalar",,213,1,30,0,4,30-39
63351,TUR,Türkiye,invalid,rule_B_only,52,NORMAL,,0,0,0,0,0,21.0,4.101400936354142,1.0,NA,Bilim insanı çok bilgili boşuna bilim insanı olmamiş,,213,1,44,0,3,40-49
63366,TUR,Türkiye,invalid,rule_B_only,132,NORMAL,,0,0,0,0,0,31.0,2.330994582336663,,İnsan gerçek bilgiye ihtiyacı olduğu zaman veya gerçek bilgi hakkında merak ettiği bir şey olursa işte o zaman bilime ihtiyaç duyar.,NA,,213,1,62,1,4,60+
63380,TUR,Türkiye,invalid,rule_B_only,174,NORMAL,,0,0,0,0,0,22.0,4.489104128830986,-0.2,NA,Tamamen rasyonel temeller üzerine dayandığı için öznel bir fikir susmayıp tamamen doğru üzerine hayatını adayan insanlar olduğu için elbette bilim insanlarını guvenilir yapar ,,213,1,31,0,4,30-39
63387,TUR,Türkiye,invalid,rule_B_only,53,NORMAL,,0,0,0,0,0,18.0,3.1277903426515303,,NA,Bilgileri deneyimleri araştırmacı oldukları nedeniyle,,213,1,37,1,3,30-39
63394,TUR,Türkiye,invalid,rule_B_only,54,NORMAL,,0,0,0,0,0,22.0,4.912189778631848,,eğitim öğretimi fazla olan kişiler aklı oldukları için,NA,,213,1,37,1,3,30-39
63406,TUR,Türkiye,invalid,rule_B_only,16,NORMAL,,0,0,0,0,0,24.0,3.3238981780245527,,NA,Duruşu karakteri ,,213,1,34,1,4,30-39
63408,TUR,Türkiye,invalid,rule_B_only,16,NORMAL,,0,0,0,0,0,26.0,3.5212240980352734,,NA,Tıp yararlanıyor,,213,1,41,0,3,40-49
63412,TUR,Türkiye,invalid,rule_B_only,12,NORMAL,,0,0,0,0,0,20.0,3.5598069375273567,,Tüm insanlar,NA,,213,1,37,0,4,30-39
63413,TUR,Türkiye,invalid,rule_B_only,78,NORMAL,,0,0,0,0,0,20.0,3.6141763725803266,,NA,Araştırmalarla ve şimdiye kadar edindiği bilgiye göre insanları bilgilendirmek ,,213,1,36,0,4,30-39
63428,TUR,Türkiye,invalid,rule_B_only,48,NORMAL,,0,0,0,0,0,22.0,3.8837538209367395,,Tüm Dünya Faydalanıyor Bilim Dünyamızın geleceği ,NA,,213,1,54,0,3,50-59
63434,TUR,Türkiye,invalid,rule_B_only,127,NORMAL,,0,0,0,0,0,18.0,3.6070147773725663,,Bilimden en çok parası  olan ve tanınmış kişiler en çok yararlanıyor nedeni ise paraları ve tanınmış olmalarından kaynaklanıyor,NA,,213,1,18,1,3,18-29
63442,TUR,Türkiye,invalid,rule_B_only,121,NORMAL,,0,0,0,0,0,26.0,2.2170087897454884,,Daha çok sağlık alanında be teknoloji alanında bilimden yararlanıyor insanlar ve işleri gereği yardımcı bir kaynak oluşur ,NA,,213,1,31,0,4,30-39
63444,TUR,Türkiye,invalid,rule_B_only,7,MEDIUM,longstring_exceed,1,0,1,0,0,54.0,2.569228605199758,,NA,Tecrübe ,,213,1,22,1,3,18-29
63475,TUR,Türkiye,invalid,rule_B_only,33,NORMAL,,0,0,0,0,0,21.0,3.796927907707115,,NA,Araştırmacı bilgili okumuş olması ,,213,1,43,0,4,40-49
63495,TUR,Türkiye,invalid,rule_B_only,79,NORMAL,,0,0,0,0,0,17.0,3.6331639597422867,,doktorlar hastalıkları ve tedavi yöntemlerini düzenli takip etmeleri gerekiyor.,NA,,213,1,69,1,4,60+
63499,TUR,Türkiye,invalid,rule_B_only,28,NORMAL,,0,0,0,0,0,26.0,3.0436258718235156,,NA,Yeni teknolojileri sağlaması,,213,1,27,0,4,18-29
63508,TUR,Türkiye,invalid,rule_B_only,41,NORMAL,,0,0,0,0,0,17.0,4.433766267779633,,NA,İnsanlar için aradtirirlar bilgi sunatlar,,213,1,42,0,4,40-49
63528,TUR,Türkiye,invalid,rule_B_only,144,NORMAL,,0,0,0,0,0,21.0,4.605913975900099,,Bilimden en çok bilimi kullanan merak eden arastiran kişiler yararlanıyor çünkü bilim ancak bilmin değerini kıymetini bilen kişinin işine yarar.,NA,,213,1,26,1,4,18-29
63542,TUR,Türkiye,invalid,rule_B_only,77,NORMAL,,0,0,0,0,0,20.0,4.428722628139785,,NA,kendilerini bilime adamaları çok okumak ve insanlara faydalı olmak istemeleri,,213,1,52,0,3,50-59
63543,TUR,Türkiye,invalid,rule_B_only,44,NORMAL,,0,0,0,0,0,26.0,5.8015457257612075,,NA,Tabii bilim gerçek her gün bir şey çıkarıyor ,,213,1,23,1,4,18-29
63547,TUR,Türkiye,invalid,rule_B_only,62,NORMAL,,0,0,0,0,0,27.0,3.520762708991548,,NA,Bilim gayet başarılı ama bazen sorunlarıyla karsilasabiliyoruz,,213,1,53,0,4,50-59
63551,TUR,Türkiye,invalid,rule_B_only,28,NORMAL,,0,0,0,0,0,19.0,4.088122880360314,,NA,nokta atışı bilgiler vermesi ,,213,1,46,1,4,40-49
63575,TUR,Türkiye,invalid,rule_B_only,198,NORMAL,,0,0,0,0,0,30.0,4.322013806338427,-0.31622776601683794,NA,Bilim adami cok inceler bilgi dağarcığı genişletmek çevresine ifade ederek bilgiler vermek kesin yargıya dayanarak sunumununhazirlar araştırma sonucunda kendisine memnun olarak çevresine memnun eder,,213,1,54,0,3,50-59
63578,TUR,Türkiye,invalid,rule_B_only,46,NORMAL,,0,0,0,0,0,17.0,3.2081031000842484,,NA,Adamlar o raddeye gelesiye kadar çok okuyorlar ,,213,1,61,0,3,60+
63581,TUR,Türkiye,invalid,rule_B_only,92,NORMAL,,0,0,0,0,0,18.0,5.494115506697343,,soru eksik bence türkiyede mi dünyada mı? dünyayı bilmem ama türkiyede bilimin olmadığı açık,NA,,213,1,31,1,4,30-39
63589,TUR,Türkiye,invalid,rule_B_only,123,NORMAL,,0,0,0,0,0,20.0,3.6392179908331275,,Teknolojik aletler üreten şirketler hastaneler doktorlar mühendisler..bilimin getirdiği yeniliklere ihtiyacı oldukları için,NA,,213,1,43,0,4,40-49
63598,TUR,Türkiye,invalid,rule_B_only,74,NORMAL,,0,0,0,0,0,26.0,3.5212240980352734,,NA,Objektif ve iyi araştırmacı olan hükümetlere boyun eğmeyen siyasal olmayan,,213,1,31,1,4,30-39
63613,TUR,Türkiye,invalid,rule_B_only,111,NORMAL,,0,0,0,0,0,17.0,3.3590386538056856,1.0,"Bilim her alanda kullanılmalıdır. eğitimden tıpa, mühendislikten spora kadar her alanda bilim kullanılmaktadır.",NA,,213,1,46,1,4,40-49
63615,TUR,Türkiye,invalid,rule_B_only,37,NORMAL,,0,0,0,0,0,19.0,4.820942121063146,,ÖĞRENCİLER GÖRÜŞ SAHİBİ OLMAK İÇİN...,NA,,213,1,53,1,4,50-59
63632,TUR,Türkiye,invalid,rule_B_only,13,MEDIUM,longstring_exceed,1,0,1,0,0,34.0,8.182459378865099,0.8320502943378437,NA,sunduğu bulus,,213,1,56,NA,4,50-59
63644,TUR,Türkiye,invalid,rule_B_only,378,NORMAL,,0,0,0,0,0,19.0,3.7508671923095154,,Bilimden en çok küreselci elitler yararlanıyor. Bilim adı altında öjenik gerçekleştiriliyor. İnsanlar kitle iletişim araçları ve sosyal medya aracılığıyla manipüle edilerek elitlerin kendi istedikleri şekilde hareket etmelerini sağlıyorlar. Buna karşı çıkanlara ise itibar saldırısı yapılarak komplo teorisyeni olarak isimlendirilip topluma uyumsuz kişiler gibi gösteriliyorlar.,NA,,213,1,42,0,4,40-49
63647,TUR,Türkiye,invalid,rule_B_only,18,NORMAL,,0,0,0,0,0,22.0,3.0436258718235156,,NA,Gecmıs tecrübeleri ,,213,1,42,0,4,40-49
63654,TUR,Türkiye,invalid,rule_B_only,69,NORMAL,,0,0,0,0,0,26.0,3.0436258718235156,,Cocuklar yetişkinler ileriye dair daha iyi bir gelecek sağladığı için ,NA,,213,1,46,0,4,40-49
63656,TUR,Türkiye,invalid,rule_B_only,38,NORMAL,,0,0,0,0,0,26.0,3.5212240980352734,,Bence bilimden geleceğimizin nesilleri,NA,,213,1,48,0,4,40-49
63670,TUR,Türkiye,invalid,rule_B_only,8,NORMAL,,0,0,0,0,0,26.0,3.0436258718235156,,"bitkiler
",NA,,213,1,28,1,4,18-29
63717,TUR,Türkiye,invalid,rule_B_only,41,NORMAL,,0,0,0,0,0,28.0,1.8872946486109605,,NA,Söyledikleriyle yaptıklarının aynı olmasi,,213,1,37,0,4,30-39
63723,TUR,Türkiye,invalid,rule_B_only,49,NORMAL,,0,0,0,0,0,19.0,3.796927907707115,,NA,Şüpheci ve araştırıcı bir zekaya sahip olmasıdır.,,213,1,35,0,4,30-39
63748,TUR,Türkiye,invalid,rule_B_only,68,NORMAL,,0,0,0,0,0,22.0,4.7248996860902785,,Çağdaş ülkeler faydalanıyor. Araştırmacı ve yenilikçi oldukları için ,NA,,213,1,33,0,4,30-39
63753,TUR,Türkiye,invalid,rule_B_only,38,NORMAL,,0,0,0,0,0,24.0,2.7127353091268613,,NA,bilimsel sonuçlara göre hareket etmesi,,213,1,33,1,4,30-39
63761,TUR,Türkiye,invalid,rule_B_only,26,NORMAL,,0,0,0,0,0,18.0,3.6807257441116272,,Zengin ve itibarlı ülkeler ,NA,,213,1,50,1,4,50-59
63799,TUR,Türkiye,invalid,rule_B_only,8,MEDIUM,longstring_exceed,1,0,1,0,0,33.0,3.475263856520118,,İnsanlar ,NA,,213,1,40,2,4,40-49
63818,TUR,Türkiye,invalid,rule_B_only,14,NORMAL,,0,0,0,0,0,18.0,3.2279795325471823,1.0,NA,Akıllı ve zeki,,213,1,65,0,2,60+
63820,TUR,Türkiye,invalid,rule_B_only,15,NORMAL,,0,0,0,0,0,17.0,3.676866760530513,,NA,Dürüst olmaları ,,213,1,65,0,2,60+
63821,TUR,Türkiye,invalid,rule_B_only,15,NORMAL,,0,0,0,0,0,17.0,4.067667632640851,,NA,Dürüst olmaları ,,213,1,65,0,2,60+
63915,TWN,Taiwan,invalid,rule_B_only,9,NORMAL,,0,0,0,0,0,17.0,3.9887125183985908,,NA,科學的方式解析問題,,213,1,46,1,4,40-49
63996,TWN,Taiwan,invalid,rule_B_only,16,NORMAL,,0,0,0,0,0,20.0,2.96895789516528,,NA,數據蒐集，實驗驗證，歷史資料彙整,,213,1,50,1,4,50-59
63999,TWN,Taiwan,invalid,rule_B_only,32,NORMAL,,0,0,0,0,0,17.0,2.8180550700358467,,NA,"恆心加上毅力勇於嘗試,在不斷失敗中突破困境為人類創造新的里程碑。",,213,1,67,0,3,60+
64056,TWN,Taiwan,invalid,rule_B_only,13,NORMAL,,0,0,0,0,0,17.0,5.66675391289993,-0.2970442628930023,"由科學界專家研究開發的綺,",NA,,213,1,66,1,2,60+
64072,TWN,Taiwan,invalid,rule_B_only,9,NORMAL,,0,0,0,0,0,19.0,5.744874407470268,,我不知道 沒有關注,NA,,213,1,32,0,4,30-39
64083,TWN,Taiwan,invalid,rule_B_only,7,NORMAL,,0,0,0,0,0,19.0,5.0151930857996225,0.4472135954999579,大眾，影響廣泛,NA,,213,1,39,1,4,30-39
64090,TWN,Taiwan,invalid,rule_B_only,40,NORMAL,,0,0,0,0,0,20.0,2.905137266818346,,"所有人, 生活中科學無所不在, 從出生接種疫苗開始, 人無時無刻都存活於科學之中",NA,,213,1,58,1,4,50-59
64183,TWN,Taiwan,invalid,rule_B_only,41,NORMAL,,0,0,0,0,0,26.0,2.8877241835438556,,每個人都受益於科學 因為手機就是將許多科學理論化為工程實作 有益於全人類的偉大發明,NA,,213,1,43,1,4,40-49
64191,TWN,Taiwan,invalid,rule_B_only,17,NORMAL,,0,0,0,0,0,18.0,2.3644705500876735,,"全世界,因為科學可以改變世界,萬物",NA,,213,1,53,0,4,50-59
64263,TWN,Taiwan,invalid,rule_B_only,27,NORMAL,,0,0,0,0,0,17.0,5.085692357953137,0.15811388300841897,NA,提出能夠被驗證的理論以及完整的實驗數據或可被檢驗的資料,,213,1,50,1,4,50-59
64281,TWN,Taiwan,invalid,rule_B_only,13,NORMAL,,0,0,0,0,0,25.0,6.144313426945987,0.2,NA,數據 實驗結果 實驗的條件,,213,1,52,0,4,50-59
64286,TWN,Taiwan,invalid,rule_B_only,12,MEDIUM,longstring_exceed,1,0,1,0,0,34.0,4.087208343770884,1.0,"所有人民，
只要是人，",NA,,213,1,63,1,4,60+
64291,TWN,Taiwan,invalid,rule_B_only,12,NORMAL,,0,0,0,0,0,31.0,4.961434042461038,,學生，因為可以學習新事物,NA,,213,1,68,0,4,60+
64541,TWN,Taiwan,invalid,rule_B_only,13,NORMAL,,0,0,0,0,0,22.0,4.496391723223341,,台積電。得台積電者得天下。,NA,,213,1,53,1,4,50-59
64550,TWN,Taiwan,invalid,rule_B_only,12,NORMAL,,0,0,0,0,0,19.0,4.111703829201165,,天文學學者，因為興趣工作,NA,,213,1,44,0,4,40-49
64556,TWN,Taiwan,invalid,rule_B_only,7,NORMAL,,0,0,0,0,0,24.0,3.675081895970693,,NA,反覆實驗的精神,,213,1,35,1,4,30-39
64570,TWN,Taiwan,invalid,rule_B_only,7,NORMAL,,0,0,0,0,0,26.0,5.0190929600350875,,NA,喜歡自然性質的,,213,1,65,1,3,60+
64688,TWN,Taiwan,invalid,rule_B_only,19,NORMAL,,0,0,0,0,0,23.0,4.719752320818206,1.0,科學的進步，普羅大眾皆受益，生活改善。,NA,,213,1,68,1,4,60+
64708,TWN,Taiwan,invalid,rule_B_only,18,NORMAL,,0,0,0,0,0,20.0,6.380623034437435,0.31622776601683794,"所有人
有些事要靠科學驗證才會知道",NA,,213,1,30,0,4,30-39
64743,TWN,Taiwan,invalid,rule_B_only,24,NORMAL,,0,0,0,0,0,19.0,4.595710904897594,,"宇宙中的每一個人。
所有資源是每個人所共有的。",NA,,213,1,61,1,3,60+
64749,TWN,Taiwan,invalid,rule_B_only,26,NORMAL,,0,0,0,0,0,17.0,3.6380955842045295,-0.5,NA,可以用科學去驗證許多無法解釋或是可以找出定律的規則性,,213,1,44,0,4,40-49
64752,TWN,Taiwan,invalid,rule_B_only,14,NORMAL,,0,0,0,0,0,22.0,5.524633680353299,0.809312376595744,工作者，可以直接應用於工作中,NA,,213,1,28,0,4,18-29
64772,TWN,Taiwan,invalid,rule_B_only,28,NORMAL,,0,0,0,0,0,17.0,6.6447320102035725,,"一般民眾, 因為科學造成科技發達, 讓人類的生活變得輕鬆",NA,,213,1,43,0,4,40-49
64781,TWN,Taiwan,invalid,rule_B_only,13,NORMAL,,0,0,0,0,0,23.0,3.2638270441978112,0.6324555320336759,NA,有一些實驗證實讓可信度變高,,213,1,30,0,4,30-39
64842,TWN,Taiwan,invalid,rule_B_only,24,NORMAL,,0,0,0,0,0,23.0,3.4249727021270115,,每一個人都是受益科學的人，科技都是因為人類的需求,NA,,213,1,50,0,4,50-59
64852,TWN,Taiwan,invalid,rule_B_only,7,MEDIUM,longstring_exceed,1,0,1,0,0,54.0,2.9039318951127906,,NA,專業及道德良心,,213,1,53,0,4,50-59
64928,TWN,Taiwan,invalid,rule_B_only,25,NORMAL,,0,0,0,0,0,21.0,4.777231366986547,,NA,"利用數據讓大眾明白世界上發生的變化,有利的說服大眾",,213,1,52,0,3,50-59
64937,TWN,Taiwan,invalid,rule_B_only,19,NORMAL,,0,0,0,0,0,24.0,3.21612704087563,,所有人都因為科學的發明而享受生活的便利,NA,,213,1,56,0,4,50-59
64984,TWN,Taiwan,invalid,rule_B_only,32,NORMAL,,0,0,0,0,0,17.0,3.941439197612236,,先進國家人民，因為幾乎先進科學都由已開發國家產出，直接受惠於人民,NA,,213,1,77,0,2,60+
65010,TWN,Taiwan,invalid,rule_B_only,37,NORMAL,,0,0,0,0,0,18.0,5.283309128249005,,NA,科學家並不讓人信賴，很多後者還會推翻前者的理論，我們並不知該如何信賴科學家,,213,1,64,0,3,60+
65046,UKR,Ukraine,invalid,rule_B_only,16,NORMAL,,0,0,0,0,0,19.0,3.90095400525368,,Перж завсе люди.,NA,,213,1,32,0,4,30-39
65068,UKR,Ukraine,invalid,rule_B_only,32,NORMAL,,0,0,0,0,0,22.0,2.71396048458878,0.31622776601683794,NA,Користь його справи для людства.,,213,1,52,1,4,50-59
65117,UKR,Ukraine,invalid,rule_B_only,17,NORMAL,,0,0,0,0,0,18.0,9.078702060282286,0.6123724356957946,NA,Доказ його роботи,,213,1,24,0,4,18-29
65130,UKR,Ukraine,invalid,rule_B_only,14,NORMAL,,0,0,0,0,0,18.0,4.3051528528995595,,NA,наукова правда,,213,1,52,1,3,50-59
65253,UKR,Ukraine,invalid,rule_B_only,12,NORMAL,,0,0,0,0,0,22.0,3.281161321811504,0.6324555320336759,Суспільство.,NA,,213,1,64,1,4,60+
65355,UKR,Ukraine,invalid,rule_B_only,15,NORMAL,,0,0,0,0,0,22.0,7.094413342283227,0.39735970711951313,NA,Розум та досвід,,213,1,18,1,4,18-29
65441,UKR,Ukraine,invalid,rule_B_only,10,NORMAL,,0,0,0,0,0,20.0,3.613982857212795,1.0,корпорации,NA,,213,1,51,1,4,50-59
65472,UKR,Ukraine,invalid,rule_B_only,32,NORMAL,,0,0,0,0,0,17.0,3.160583921502929,,NA,Який працює на своє суспільство.,,213,1,35,1,3,30-39
65509,UKR,Ukraine,invalid,rule_B_only,14,NORMAL,,0,0,0,0,0,18.0,3.8775269256171407,,NA,Напевно досвід,,213,1,52,0,3,50-59
65521,UKR,Ukraine,invalid,rule_B_only,36,NORMAL,,0,0,0,0,0,18.0,3.1141988535578076,1.0,Людина. Тому що удосконалення життя.,NA,,213,1,37,1,3,30-39
65580,UKR,Ukraine,invalid,rule_B_only,23,NORMAL,,0,0,0,0,0,22.0,2.648749772338103,,NA,Мало приделяеться уваги,,213,1,32,1,4,30-39
65691,UKR,Ukraine,invalid,rule_B_only,8,NORMAL,,0,0,0,0,0,19.0,6.032562350576344,,Все люди,NA,,213,1,35,NA,4,30-39
65712,UKR,Ukraine,invalid,rule_B_only,7,NORMAL,,0,0,0,0,0,21.0,4.569026445765102,,не знаю,NA,,213,1,46,1,4,40-49
65720,UKR,Ukraine,invalid,rule_B_only,74,NORMAL,,0,0,0,0,0,19.0,8.00128938499348,0.22086305214969307,"Людство в цілому. Кожен отримує користь від того напрямку, яким займається",NA,,213,1,34,0,4,30-39
65748,UKR,Ukraine,invalid,rule_B_only,6,NORMAL,,0,0,0,0,0,17.0,7.841384333372994,,NA,знання,,213,1,47,1,4,40-49
65766,UKR,Ukraine,invalid,rule_B_only,7,NORMAL,,0,0,0,0,0,21.0,4.549967375137989,,Людство,NA,,213,1,32,1,4,30-39
65867,UKR,Ukraine,invalid,rule_B_only,15,NORMAL,,0,0,0,0,0,28.0,4.4456964431210775,0.0,Населення Землі,NA,,213,1,59,0,4,50-59
65871,UKR,Ukraine,invalid,rule_B_only,7,NORMAL,,0,0,0,0,0,19.0,4.181334682197163,1.0,NA,не знаю,,213,1,61,1,4,60+
65963,UKR,Ukraine,invalid,rule_B_only,46,NORMAL,,0,0,0,0,0,28.0,3.68451337153711,,NA,Довіра формується з досвіду та  компетентності,,213,1,58,0,4,50-59
66004,UKR,Ukraine,invalid,rule_B_only,6,NORMAL,,0,0,0,0,0,18.0,4.603027422795588,,всі ми,NA,,213,1,60,1,4,60+
66065,UGA,Uganda,invalid,rule_B_only,190,NORMAL,,0,0,0,0,0,17.0,4.679769488504842,0.3872983346207417,"I think governments benefit the most from science since they can always 'bend results of scientific studies to suit their own interests, usually at the expense of the rest of the population. ",NA,,213,1,40,0,4,40-49
66230,UGA,Uganda,invalid,rule_B_only,83,NORMAL,,0,0,0,0,0,17.0,4.688660193964264,-0.21693045781865616,NA,What makes science trustworthy is because it helps involve human standard of living,,213,1,32,1,4,30-39
66286,UGA,Uganda,invalid,rule_B_only,37,NORMAL,,0,0,0,0,0,18.0,3.735268964582162,,NA,"Science helps us to understand nature
",,213,1,24,NA,3,18-29
66326,UGA,Uganda,invalid,rule_B_only,266,NORMAL,,0,0,0,0,0,19.0,3.424611360831091,,NA,One of the most important features of the scientific method is its repeatability. The experiments performed to prove a working hypothesis must clearly record all details so that others may replicate them and eventually allow the hypothesis to become widely accepted.,,213,1,24,NA,3,18-29
66329,UGA,Uganda,invalid,rule_B_only,73,NORMAL,,0,0,0,0,0,18.0,4.846954659678378,0.6324555320336759,NA,A scientist who delivers the accurate results and doesn't manipulate them,,213,1,38,0,4,30-39
66338,UGA,Uganda,invalid,rule_B_only,231,NORMAL,,0,0,0,0,0,31.0,5.03266838489953,,"we all benefit from science because science is what we leave on, when it comes to food to be able to eat a nutritious me you need science to be able to match the proteins and vitamins avoiding carbohydrates and that is all science.

",NA,,213,1,48,0,4,40-49
66386,UGA,Uganda,invalid,rule_B_only,78,NORMAL,,0,0,0,0,0,18.0,6.108369938705376,,Government because much of technology assets used in field are through science,NA,,213,1,19,NA,3,18-29
66426,UGA,Uganda,invalid,rule_B_only,171,NORMAL,,0,0,0,0,0,22.0,3.7159148936670237,-0.6324555320336759,"Accordingly I benefit from science because I now survived for long time on science. 
I use internet to do business 
I do online transactions 
I do online marketing etc.
",NA,,213,1,35,1,3,30-39
66459,UGA,Uganda,invalid,rule_B_only,138,NORMAL,,0,0,0,0,0,17.0,6.0762092108367085,,NA,"Scientists do thing practically, they carry out practicals and control experiments and find out the real truth that's why they are trusted ",,213,1,25,NA,4,18-29
66476,UGA,Uganda,invalid,rule_B_only,59,NORMAL,,0,0,0,0,0,18.0,5.358543275815403,,The people / humans because it applies in their daily lives ,NA,,213,1,30,NA,3,30-39
66557,UGA,Uganda,invalid,rule_B_only,121,NORMAL,,0,0,0,0,0,20.0,6.309134888621827,,Those whom i share everyday about science and the reason why it's because they can understand more and more about science ,NA,,213,1,21,1,3,18-29
66564,USA,United States,invalid,rule_B_only,122,NORMAL,,0,0,0,0,0,22.0,3.3415597306899834,0.5,The Scientist because they are good at looking for for things because most of them have been looking for things for years.,NA,,213,1,64,0,3,60+
66577,USA,United States,invalid,rule_B_only,65,NORMAL,,0,0,0,0,0,22.0,1.9422129955209562,,NA,Quality product and service with unique and innovative technology ,,213,1,35,1,4,30-39
66589,USA,United States,invalid,rule_B_only,155,NORMAL,,0,0,0,0,0,28.0,4.732493059586606,,NA,He needs to have motivation and joy and confidence in himself and show proof of all of his knowledge with the confidence that he has and the things he says ,,213,1,43,0,3,40-49
66601,USA,United States,invalid,rule_B_only,61,NORMAL,,0,0,0,0,0,19.0,3.2761303896329292,,NA,When his conclusions  are based in proven facts not theories.,,213,1,69,1,4,60+
66623,USA,United States,invalid,rule_B_only,12,NORMAL,,0,0,0,0,0,26.0,1.7471181250163026,,NA,I'm not sure ,,213,1,57,1,3,50-59
66654,USA,United States,invalid,rule_B_only,21,NORMAL,,0,0,0,0,0,27.0,2.388685983958648,,The predict the truth,NA,,213,1,28,1,4,18-29
66663,USA,United States,invalid,rule_B_only,24,NORMAL,,0,0,0,0,0,26.0,2.388685983958648,,NA,How much he work do good,,213,1,35,1,4,30-39
66670,USA,United States,invalid,rule_B_only,98,NORMAL,,0,0,0,0,0,18.0,4.426573838356767,,Humans benefits the most from science because we learn more about nature and how the world evolves ,NA,,213,1,35,1,4,30-39
66676,USA,United States,invalid,rule_B_only,159,NORMAL,,0,0,0,0,0,19.0,4.020049011942565,,People. If it comes to saving the environment and climate change and dealing with things regarding the earth  if everyone would do their part everyone benefits ,NA,,213,1,51,0,4,50-59
66677,USA,United States,invalid,rule_B_only,53,NORMAL,,0,0,0,0,0,25.0,5.3411209630454906,,NA,If they are being honest and trueful about everything ,,213,1,40,0,3,40-49
66700,USA,United States,invalid,rule_B_only,79,NORMAL,,0,0,0,0,0,26.0,2.3408307573305116,,NA,What’s makes a scientist trust worthy maybe them giving us accurate information ,,213,1,19,1,4,18-29
66709,USA,United States,invalid,rule_B_only,40,NORMAL,,0,0,0,0,0,18.0,2.689523515851702,,NA,If he has evidence to back up his claims,,213,1,29,1,4,18-29
66721,USA,United States,invalid,rule_B_only,57,NORMAL,,0,0,0,0,0,22.0,4.395181768426997,0.2,NA,if they’ve been right about other theory’s and hypotheses,,213,1,55,1,3,50-59
66745,USA,United States,invalid,rule_B_only,21,NORMAL,,0,0,0,0,0,24.0,3.027419171582849,,Nothing in particular ,NA,,213,1,74,0,3,60+
66755,USA,United States,invalid,rule_B_only,39,NORMAL,,0,0,0,0,0,20.0,4.3270296919812985,,NA,i never said they were we are all human,,213,1,40,1,3,40-49
66762,USA,United States,invalid,rule_B_only,14,NORMAL,,0,0,0,0,0,24.0,2.388685983958648,,NA,It's very good ,,213,1,34,1,4,30-39
66767,USA,United States,invalid,rule_B_only,40,NORMAL,,0,0,0,0,0,19.0,3.1168506846673663,,I think new technology for communication,NA,,213,1,43,1,4,40-49
66768,USA,United States,invalid,rule_B_only,8,NORMAL,,0,0,0,0,0,26.0,2.3578036527975277,,NA,Not sure ,,213,1,37,0,4,30-39
66774,USA,United States,invalid,rule_B_only,11,NORMAL,,0,0,0,0,0,24.0,1.886702886449159,,NA,Credibility ,,213,1,41,0,4,40-49
66795,USA,United States,invalid,rule_B_only,36,NORMAL,,0,0,0,0,0,21.0,3.3729916281365235,,learning and discovering new things. ,NA,,213,1,35,0,3,30-39
66829,USA,United States,invalid,rule_B_only,724,NORMAL,,0,0,0,0,0,18.0,2.4839985732353105,,NA,"Honesty and transparency: Scientists should be open and transparent about their methods, data, and any conflicts of interest.
Objectivity: Scientists should approach their research with an open and unbiased mindset, free from preconceptions or undue influence.
Reproducibility: Scientific studies should be designed and conducted in a way that allows other researchers to replicate the results and confirm the findings.
Expertise: Scientists should have the necessary knowledge, skills, and qualifications to conduct their research and draw valid conclusions.
Accountability: Scientists should take responsibility for their work, including any errors or mistakes, and be willing to correct them when they are identified.",,213,1,42,1,4,40-49
66830,USA,United States,invalid,rule_B_only,10,NORMAL,,0,0,0,0,0,28.0,2.388685983958648,,It's great ,NA,,213,1,35,1,4,30-39
66834,USA,United States,invalid,rule_B_only,69,NORMAL,,0,0,0,0,0,19.0,2.484679998216685,,Everyone because science is a part of everyone in their everyday life,NA,,213,1,54,0,3,50-59
66843,USA,United States,invalid,rule_B_only,19,NORMAL,,0,0,0,0,0,29.0,2.388685983958648,,Because it's unique,NA,,213,1,35,1,4,30-39
66846,USA,United States,invalid,rule_B_only,35,NORMAL,,0,0,0,0,0,19.0,8.529775323658301,,NA,His degrees and his hat he has done,,213,1,53,0,3,50-59
66851,USA,United States,invalid,rule_B_only,58,NORMAL,,0,0,0,0,0,26.0,2.456837418496399,,NA,It's because scientist are highly creative and innovative.,,213,1,48,1,4,40-49
66856,USA,United States,invalid,rule_B_only,72,NORMAL,,0,0,0,0,0,18.0,4.048082224495863,,The rest I hope you have a great weekend too baby I hope to be home in a ,NA,,213,1,27,0,4,18-29
66869,USA,United States,invalid,rule_B_only,15,NORMAL,,0,0,0,0,0,24.0,3.0760981759168273,,NA,Everything good ,,213,1,40,1,4,40-49
66903,USA,United States,invalid,rule_B_only,190,NORMAL,,0,0,0,0,0,30.0,3.9723468831301822,,I think the benefits of learning about science who teach a person about the world and how things go during transparency and the signs how it grows within technology of learning about animals,NA,,213,1,25,1,3,18-29
66912,USA,United States,invalid,rule_B_only,11,MEDIUM,longstring_exceed,1,0,1,0,0,39.0,2.711414085346055,,Do not know ,NA,,213,1,37,0,1,30-39
66917,USA,United States,invalid,rule_B_only,101,NORMAL,,0,0,0,0,0,26.0,1.7269586283867533,,NA,If their words back up their actions. I have to have a good reputation for being credible and honest.,,213,1,40,0,3,40-49
66922,USA,United States,invalid,rule_B_only,209,NORMAL,,0,0,0,0,0,19.0,6.064955372002023,,We the people because if we didn't have sciencetist how would we know about climate change and about the shots t&ey give out foor the coroner virus or about bugs plants and there is many other I could mention.,NA,,213,1,54,0,3,50-59
66925,USA,United States,invalid,rule_B_only,60,NORMAL,,0,0,0,0,0,30.0,7.3947710466021235,,NA,It is not trustworthy. It’s a atheist/pagan modern religion. ,,213,1,38,0,2,30-39
66934,USA,United States,invalid,rule_B_only,11,NORMAL,,0,0,0,0,0,17.0,2.8024327939280274,,None at all ,NA,,213,1,30,1,4,30-39
66973,USA,United States,invalid,rule_B_only,17,NORMAL,,0,0,0,0,0,17.0,6.812282898185615,1.0,NA,A lot of research ,,213,1,59,1,3,50-59
66975,USA,United States,invalid,rule_B_only,13,NORMAL,,0,0,0,0,0,21.0,3.863329215437738,,NA,Stating facts,,213,1,30,1,3,30-39
66983,USA,United States,invalid,rule_B_only,47,NORMAL,,0,0,0,0,0,22.0,2.6611867910218345,,NA,Backed by trusted sources and accurate lab data,,213,1,46,0,4,40-49
67014,USA,United States,invalid,rule_B_only,15,NORMAL,,0,0,0,0,0,17.0,5.6368216976431285,1.0,NA,The bast i like,,213,1,52,0,3,50-59
67017,USA,United States,invalid,rule_B_only,160,NORMAL,,0,0,0,0,0,26.0,5.0331675620875735,,I think the general population groups and rewards and scientific breakthroughs through pharmaceuticals and the mass technology and vehicles etc and space travel,NA,,213,1,56,1,3,50-59
67031,USA,United States,invalid,rule_B_only,24,NORMAL,,0,0,0,0,0,18.0,2.157258569868096,,NA,"Facts, proof, knowledge. ",,213,1,29,0,3,18-29
67033,USA,United States,invalid,rule_B_only,27,NORMAL,,0,0,0,0,0,23.0,2.3875762251406956,,NA,Accurate and honest results,,213,1,28,0,3,18-29
67034,USA,United States,invalid,rule_B_only,32,NORMAL,,0,0,0,0,0,17.0,3.516693291497701,1.0,NA,It’s good to do different things ,,213,1,38,0,4,30-39
67039,USA,United States,invalid,rule_B_only,44,NORMAL,,0,0,0,0,0,18.0,4.914682423823266,,it helps improve society and how it operates,NA,,213,1,31,0,4,30-39
67041,USA,United States,invalid,rule_B_only,31,NORMAL,,0,0,0,0,0,31.0,2.592391139660016,,NA,I don't have an answer for this ,,213,1,47,1,3,40-49
67064,USA,United States,invalid,rule_B_only,53,NORMAL,,0,0,0,0,0,20.0,2.7236099056910112,,"the people,gives insight on ways of faith and pursuit",NA,,213,1,55,1,3,50-59
67075,USA,United States,invalid,rule_B_only,15,NORMAL,,0,0,0,0,0,26.0,2.388685983958648,,NA,Absolutely good ,,213,1,41,0,4,40-49
67083,USA,United States,invalid,rule_B_only,26,NORMAL,,0,0,0,0,0,20.0,2.9455063997913467,,NA,If they publish their data,,213,1,33,0,3,30-39
67085,USA,United States,invalid,rule_B_only,98,NORMAL,,0,0,0,0,0,22.0,1.6969205427293086,,"We the people, the more we learn and discover the more beneficial it is to the kids and our youth. ",NA,,213,1,39,0,4,30-39
67090,USA,United States,invalid,rule_B_only,45,NORMAL,,0,0,0,0,0,20.0,3.625412355549587,0.6324555320336759,NA,I’m not really sure hope they are trustworthy ,,213,1,62,0,3,60+
67094,USA,United States,invalid,rule_B_only,45,NORMAL,,0,0,0,0,0,17.0,5.141693753178521,-0.7,Everyone because it's essential to understand ,NA,,213,1,42,1,4,40-49
67100,USA,United States,invalid,rule_B_only,9,NORMAL,,0,0,0,0,0,28.0,7.692816456741734,0.408248290463863,No answer ,NA,,213,1,35,0,4,30-39
67116,USA,United States,invalid,rule_B_only,12,NORMAL,,0,0,0,0,0,22.0,5.930151328633931,,NA,It’s amazing ,,213,1,22,1,4,18-29
67132,USA,United States,invalid,rule_B_only,39,NORMAL,,0,0,0,0,0,26.0,2.388685983958648,,I think science is good for you to know ,NA,,213,1,21,1,4,18-29
67135,USA,United States,invalid,rule_B_only,59,NORMAL,,0,0,0,0,0,18.0,2.3970886045676063,,NA,because a scientist studies it an comes up with an outcomes,,213,1,34,0,3,30-39
67146,USA,United States,invalid,rule_B_only,10,NORMAL,,0,0,0,0,0,26.0,1.6690374174556792,,NA,No comment ,,213,1,33,1,3,30-39
67147,USA,United States,invalid,rule_B_only,7,MEDIUM,longstring_exceed,1,0,1,0,0,58.0,1.8835007530974348,,nothing,NA,,213,1,56,1,3,50-59
67152,USA,United States,invalid,rule_B_only,29,NORMAL,,0,0,0,0,0,21.0,5.317818594262646,,NA,It gives you all of the facts ,,213,1,46,1,3,40-49
67194,USA,United States,invalid,rule_B_only,86,NORMAL,,0,0,0,0,0,26.0,6.657627255610035,,NA,Because it is essential parts of my daily routine it is easy to understand my benefits ,,213,1,40,1,4,40-49
67199,USA,United States,invalid,rule_B_only,71,NORMAL,,0,0,0,0,0,17.0,2.6625320370154864,,NA,I don't know fix it but I have to meet up y get so much to meet up with,,213,1,34,1,4,30-39
67208,USA,United States,invalid,rule_B_only,46,NORMAL,,0,0,0,0,0,23.0,4.353230673498023,,The planet our bodies just all kind of animals,NA,,213,1,53,0,2,50-59
67209,USA,United States,invalid,rule_B_only,67,NORMAL,,0,0,0,0,0,17.0,5.142395824031583,,NA,Admitting when their theory is wrong and not trying to cover it up. ,,213,1,50,1,4,50-59
67213,USA,United States,invalid,rule_B_only,39,NORMAL,,0,0,0,0,0,26.0,2.388685983958648,,NA,The kind of information he communicates,,213,1,45,0,4,40-49
67219,USA,United States,invalid,rule_B_only,13,NORMAL,,0,0,0,0,0,28.0,8.018806722786683,-0.17541160386140583,Yes very good,NA,,213,1,31,1,4,30-39
67232,USA,United States,invalid,rule_B_only,6,MEDIUM,longstring_exceed,1,0,1,0,0,57.0,2.388685983958648,,I like,NA,,213,1,30,1,4,30-39
67235,USA,United States,invalid,rule_B_only,32,NORMAL,,0,0,0,0,0,26.0,3.4997266631702613,,scientists and modern day people,NA,,213,1,64,1,4,60+
67242,USA,United States,invalid,rule_B_only,41,NORMAL,,0,0,0,0,0,31.0,7.406598173339168,,NA,Because of how fast and reliable they are,,213,1,30,0,4,30-39
67269,USA,United States,invalid,rule_B_only,29,NORMAL,,0,0,0,0,0,22.0,3.676287224429846,,NA,if what they say is the truth,,213,1,66,0,3,60+
67289,USA,United States,invalid,rule_B_only,193,NORMAL,,0,0,0,0,0,18.0,4.228653399017251,0.5570860145311557,NA,"His or her levels of knowledge, experience, and expertise in the area lend to trustworthiness. However, in today's political climate even a scientist's view is not always viewed as trustworthy.",,213,1,57,1,4,50-59
67305,USA,United States,invalid,rule_B_only,15,NORMAL,,0,0,0,0,0,17.0,6.153187243970081,,NA,truth and proof,,213,1,33,1,4,30-39
67328,USA,United States,invalid,rule_B_only,12,NORMAL,,0,0,0,0,0,29.0,2.388685983958648,,People being,NA,,213,1,30,1,4,30-39
67342,USA,United States,invalid,rule_B_only,146,NORMAL,,0,0,0,0,0,21.0,2.5464216670555078,,yes it is a good night and evening off to the evening and i was a nice day and a good night to come school night to go sleep i is my morning night ,NA,,213,1,33,1,4,30-39
67346,USA,United States,invalid,rule_B_only,26,NORMAL,,0,0,0,0,0,18.0,1.9791528271870247,,NA,IF their results are valid,,213,1,59,0,4,50-59
67363,USA,United States,invalid,rule_B_only,10,NORMAL,,0,0,0,0,0,17.0,4.0115446012412965,,I think so,NA,,213,1,45,1,4,40-49
67364,USA,United States,invalid,rule_B_only,47,NORMAL,,0,0,0,0,0,19.0,3.5598403949794406,0.10846522890932808,NA,When he/she supports their claims with evidence ,,213,1,45,0,4,40-49
67365,USA,United States,invalid,rule_B_only,9,MEDIUM,longstring_exceed,1,0,1,0,0,34.0,8.12805337533186,0.3779644730092272,All of us,NA,,213,1,61,0,4,60+
67370,USA,United States,invalid,rule_B_only,50,NORMAL,,0,0,0,0,0,26.0,1.752578078429505,,I think the engineering benefits most from science,NA,,213,1,40,1,4,40-49
67392,USA,United States,invalid,rule_B_only,6,MEDIUM,longstring_exceed,1,0,1,0,0,57.0,2.388685983958648,,NA,I like,,213,1,25,1,4,18-29
67395,USA,United States,invalid,rule_B_only,10,NORMAL,,0,0,0,0,0,19.0,3.849204128508698,,Technology ,NA,,213,1,45,1,4,40-49
67406,USA,United States,invalid,rule_B_only,12,NORMAL,,0,0,0,0,0,19.0,4.21911883807586,,NA,Proven facts ,,213,1,74,0,3,60+
67421,USA,United States,invalid,rule_B_only,161,NORMAL,,0,0,0,0,0,19.0,5.604091513300498,,NA,"To make a scientist trustworthy I would want them to have the correct credentials, back up on their discoveries and informative speeches available to the public.",,213,1,40,0,4,40-49
67425,USA,United States,invalid,rule_B_only,36,NORMAL,,0,0,0,0,0,18.0,2.6674542902458183,, think benefits the most from science,NA,,213,1,35,1,4,30-39
67426,USA,United States,invalid,rule_B_only,10,NORMAL,,0,0,0,0,0,19.0,5.317972525283007,-0.2,No comment ,NA,,213,1,34,0,3,30-39
67427,USA,United States,invalid,rule_B_only,21,NORMAL,,0,0,0,0,0,21.0,3.4225774028057456,1.0,NA,If they aren't biased,,213,1,34,0,4,30-39
67433,USA,United States,invalid,rule_B_only,7,NORMAL,,0,0,0,0,0,22.0,4.323818156360895,1.0,NA,Nothing,,213,1,23,0,3,18-29
67434,USA,United States,invalid,rule_B_only,56,NORMAL,,0,0,0,0,0,21.0,5.89483809895777,,NA,I trust the scientific method and peer reviewed research ,,213,1,41,1,4,40-49
67436,USA,United States,invalid,rule_B_only,48,NORMAL,,0,0,0,0,0,26.0,3.0775324845458303,,That it helps with the advancement of all things ,NA,,213,1,69,0,3,60+
67438,USA,United States,invalid,rule_B_only,83,NORMAL,,0,0,0,0,0,20.0,3.7107804666561357,,NA,I will believe it if I see the facts behind it but if not I don’t really believe it ,,213,1,24,0,3,18-29
67447,USA,United States,invalid,rule_B_only,53,NORMAL,,0,0,0,0,0,19.0,6.871826811055588,-0.12156613477096616,The medical field because science helps cure disrases,NA,,213,1,49,0,3,40-49
67448,USA,United States,invalid,rule_B_only,35,NORMAL,,0,0,0,0,0,18.0,4.7065329650073,,I don't know never thought about it ,NA,,213,1,29,0,3,18-29
67452,USA,United States,invalid,rule_B_only,12,NORMAL,,0,0,0,0,0,19.0,3.5747005387029454,,NA,I'm not sure ,,213,1,47,0,3,40-49
67455,USA,United States,invalid,rule_B_only,9,NORMAL,,0,0,0,0,0,20.0,2.7826794946956945,,Neill the,NA,,213,1,33,1,4,30-39
67465,USA,United States,invalid,rule_B_only,43,NORMAL,,0,0,0,0,0,20.0,6.570059973797709,,Extremely impactful and perfectly appealing ,NA,,213,1,35,1,4,30-39
67470,USA,United States,invalid,rule_B_only,136,NORMAL,,0,0,0,0,0,19.0,3.5150491656410767,,Very much for the quick response I will send you a picture when I will be back in town on the cash to get it I will be there in the cash,NA,,213,1,35,1,4,30-39
67472,USA,United States,invalid,rule_B_only,394,NORMAL,,0,0,0,0,0,22.0,6.61517349498064,,NA,In your opinion. What make a science fiction http goo to do not going home from Yahoo messenger to get the one more then he has the one more then you have no problem is the same here in the same here for the way home from Yahoo account for you want one who was going home from on your name and I'm sorry for me know how was like to get a good morning and my friend request from me know that was ,,213,1,35,1,4,30-39
67486,USA,United States,invalid,rule_B_only,98,NORMAL,,0,0,0,0,0,19.0,3.701548184796098,,NA,The provide you with the best answer that one can not answer and they help in solving our problems ,,213,1,41,1,4,40-49
67510,USA,United States,invalid,rule_B_only,30,NORMAL,,0,0,0,0,0,26.0,2.388685983958648,,Know more about climate change,NA,,213,1,45,1,4,40-49
67514,USA,United States,invalid,rule_B_only,111,NORMAL,,0,0,0,0,0,26.0,3.9614287602454206,,Going to Washington with my family was amazing and the best feelings ever had been a good night out in the snow ,NA,,213,1,40,1,4,40-49
67519,USA,United States,invalid,rule_B_only,6,NORMAL,,0,0,0,0,0,26.0,2.1383139262489044,,No one ,NA,,213,1,48,1,3,40-49
67523,USA,United States,invalid,rule_B_only,82,NORMAL,,0,0,0,0,0,22.0,3.762276954704775,0.25,My kids and grandkids cause they can tell you everything about scientific research ,NA,,213,1,52,NA,3,50-59
67525,USA,United States,invalid,rule_B_only,105,NORMAL,,0,0,0,0,0,20.0,3.117385700231644,,we as a human race benefit the most. We learn new things everyday that help us with our day to day lives. ,NA,,213,1,35,0,3,30-39
67530,USA,United States,invalid,rule_B_only,41,NORMAL,,0,0,0,0,0,26.0,2.388685983958648,,This is very good. I like this very much.,NA,,213,1,41,1,4,40-49
67546,USA,United States,invalid,rule_B_only,33,NORMAL,,0,0,0,0,0,31.0,2.388685983958648,,NA,Because scientist deals with fact,,213,1,35,0,4,30-39
67548,USA,United States,invalid,rule_B_only,22,NORMAL,,0,0,0,0,0,19.0,4.080789712861742,0.0,it make us better life,NA,,213,1,29,0,4,18-29
67567,USA,United States,invalid,rule_B_only,171,NORMAL,,0,0,0,0,0,18.0,3.2552715941405888,,NA,A scientist is trustworthy if he reports accurately and correctly on scientific data and does not make data which has not been obtained according to the scientific method. ,,213,1,76,1,4,60+
67593,USA,United States,invalid,rule_B_only,25,NORMAL,,0,0,0,0,0,17.0,4.360688665051083,,NA,They do a lot of research ,,213,1,39,0,4,30-39
67610,USA,United States,invalid,rule_B_only,47,NORMAL,,0,0,0,0,0,21.0,3.0296301697174397,0.4472135954999579,NA,They present the facts with data to back it up. ,,213,1,51,1,4,50-59
67623,USA,United States,invalid,rule_B_only,14,NORMAL,,0,0,0,0,0,26.0,2.388685983958648,,NA,Albert Epstein ,,213,1,20,0,3,18-29
67624,USA,United States,invalid,rule_B_only,63,NORMAL,,0,0,0,0,0,19.0,2.344758865577447,,everyone benefits with the new science especially in healthcare,NA,,213,1,67,0,3,60+
67625,USA,United States,invalid,rule_B_only,8,MEDIUM,longstring_exceed,1,0,1,0,0,71.0,4.711336060090562,,The same ,NA,,213,1,41,0,3,40-49
67627,USA,United States,invalid,rule_B_only,49,NORMAL,,0,0,0,0,0,24.0,2.464523401260006,,"People, through science it can really help people",NA,,213,1,54,0,3,50-59
67636,USA,United States,invalid,rule_B_only,12,NORMAL,,0,0,0,0,0,23.0,2.8052491116854323,,NA,I don’t know ,,213,1,37,1,3,30-39
67639,USA,United States,invalid,rule_B_only,10,NORMAL,,0,0,0,0,0,26.0,2.388685983958648,,Scientists,NA,,213,1,40,0,3,40-49
67667,USA,United States,invalid,rule_B_only,31,NORMAL,,0,0,0,0,0,19.0,2.112070727950569,,NA,They know so much we don’t know ,,213,1,29,0,3,18-29
67685,USA,United States,invalid,rule_B_only,24,NORMAL,,0,0,0,0,0,26.0,2.388685983958648,,NA,I trust almost everybody ,,213,1,21,1,3,18-29
67688,USA,United States,invalid,rule_B_only,21,NORMAL,,0,0,0,0,0,17.0,8.523138723379025,0.40895890595459816,People that test them ,NA,,213,1,28,0,2,18-29
67706,USA,United States,invalid,rule_B_only,158,NORMAL,,0,0,0,0,0,27.0,5.450462991791504,0.0,NA,For me someone who is scientist had to have interest in it from the time they were little. So I think that' through their education study hard and learn and d,,213,1,51,0,4,50-59
67727,USA,United States,invalid,rule_B_only,93,NORMAL,,0,0,0,0,0,22.0,4.726560667885732,,NA,"I guess since our lives depend on it, We put our trust thinking they will do the right thing.",,213,1,27,1,4,18-29
67747,USA,United States,invalid,rule_B_only,58,NORMAL,,0,0,0,0,0,23.0,2.3841989752647845,,NA,I honestly don't know maybe just research they have and do,,213,1,30,0,4,30-39
67754,USA,United States,invalid,rule_B_only,20,NORMAL,,0,0,0,0,0,30.0,5.635614079919517,,NA,The facts they prove,,213,1,37,0,3,30-39
67775,USA,United States,invalid,rule_B_only,72,NORMAL,,0,0,0,0,0,17.0,4.046987601245551,,Scientist because they make money off of findings / product they created ,NA,,213,1,18,0,4,18-29
67783,USA,United States,invalid,rule_B_only,12,NORMAL,,0,0,0,0,0,26.0,5.271309659289836,,I don't know ,NA,,213,1,42,0,3,40-49
67787,USA,United States,invalid,rule_B_only,236,NORMAL,,0,0,0,0,0,20.0,4.175952784908368,,"people of course, are the ones who benefits from science because of it brings comfort of living. like taming of fire, using modern technology, and improving the dna of any species like genetic engineering for betterment of use by human.",NA,,213,1,60,1,3,60+
67789,USA,United States,invalid,rule_B_only,42,NORMAL,,0,0,0,0,0,23.0,3.1407737694728466,1.0,It’s helps us understand the planet better ,NA,,213,1,30,0,3,30-39
67808,USA,United States,invalid,rule_B_only,73,NORMAL,,0,0,0,0,0,27.0,2.074168675131184,,NA,Them doing test and making sure what they speak and stand for is accurate ,,213,1,31,1,3,30-39
67812,USA,United States,invalid,rule_B_only,118,NORMAL,,0,0,0,0,0,21.0,1.4862958461739693,,I think the people that study science benefits from science because science is great. It really is. It's also helpful. ,NA,,213,1,34,0,3,30-39
67817,USA,United States,invalid,rule_B_only,10,NORMAL,,0,0,0,0,0,18.0,6.4514590023801155,,NA,Work ethic,,213,1,42,0,2,40-49
67818,USA,United States,invalid,rule_B_only,25,NORMAL,,0,0,0,0,0,24.0,3.5344639595947718,,NA,They stand on their words,,213,1,40,1,4,40-49
67819,USA,United States,invalid,rule_B_only,60,NORMAL,,0,0,0,0,0,21.0,3.357041412347606,,NA,It’s very interesting in the area of animals and humans DNA. ,,213,1,35,0,3,30-39
67830,USA,United States,invalid,rule_B_only,54,NORMAL,,0,0,0,0,0,28.0,1.7500698920553566,,People do . As we get a better understanding of things ,NA,,213,1,34,0,2,30-39
67856,USA,United States,invalid,rule_B_only,9,NORMAL,,0,0,0,0,0,18.0,2.772499686128039,,The world ,NA,,213,1,44,0,3,40-49
67877,USA,United States,invalid,rule_B_only,59,NORMAL,,0,0,0,0,0,20.0,4.6443352767380714,,The whole world because we are all benefiting from science.,NA,,213,1,55,0,3,50-59
67900,USA,United States,invalid,rule_B_only,65,NORMAL,,0,0,0,0,0,27.0,6.1408434943503485,,Creo k todos nos servimos de la ciencia porque es útil para todos,NA,,213,1,47,0,3,40-49
67901,USA,United States,invalid,rule_B_only,7,NORMAL,,0,0,0,0,0,28.0,6.445006337888634,0.7071067811865476,Nothing ,NA,,213,1,68,0,3,60+
67909,USA,United States,invalid,rule_B_only,20,NORMAL,,0,0,0,0,0,18.0,4.705335751814778,,NA,I'm not sure nothing ,,213,1,39,0,3,30-39
67919,USA,United States,invalid,rule_B_only,17,NORMAL,,0,0,0,0,0,27.0,2.388685983958648,,NA,Awesome and great,,213,1,45,1,4,40-49
67924,USA,United States,invalid,rule_B_only,86,NORMAL,,0,0,0,0,0,24.0,2.8360339616721597,-0.31622776601683794,"Learning about the possibilities is what makes the world go round, never stop learning ",NA,,213,1,41,0,3,40-49
67927,USA,United States,invalid,rule_B_only,6,MEDIUM,longstring_exceed,1,0,1,0,0,57.0,2.388685983958648,,NA,I love,,213,1,30,1,3,30-39
67938,USA,United States,invalid,rule_B_only,19,NORMAL,,0,0,0,0,0,26.0,2.388685983958648,,NA,Massive and awesome,,213,1,45,1,4,40-49
67942,USA,United States,invalid,rule_B_only,11,NORMAL,,0,0,0,0,0,28.0,4.328202859508401,,NA,do not know,,213,1,55,1,3,50-59
67957,USA,United States,invalid,rule_B_only,7,NORMAL,,0,0,0,0,0,18.0,3.85565038060804,,no idea,NA,,213,1,71,0,4,60+
67967,USA,United States,invalid,rule_B_only,30,NORMAL,,0,0,0,0,0,20.0,2.398347296771796,,NA,That it can actually be proven,,213,1,44,0,4,40-49
68009,USA,United States,invalid,rule_B_only,51,NORMAL,,0,0,0,0,0,20.0,3.980689721952501,,NA,I am not sure I don't know anything about scientist ,,213,1,58,0,3,50-59
68010,USA,United States,invalid,rule_B_only,111,NORMAL,,0,0,0,0,0,29.0,3.442192297820354,,NA,Someone that knows what their talking about has studied and studies alot and is 100 percent certain no guessing ,,213,1,34,0,3,30-39
68013,USA,United States,invalid,rule_B_only,75,NORMAL,,0,0,0,0,0,19.0,4.788864190598076,,The whole world gets the benefits from any scientific research and findings ,NA,,213,1,69,0,3,60+
68020,USA,United States,invalid,rule_B_only,11,MEDIUM,longstring_exceed,1,0,1,0,0,57.0,2.388685983958648,,NA,marie curie,,213,1,38,1,4,30-39
68032,USA,United States,invalid,rule_B_only,61,NORMAL,,0,0,0,0,0,26.0,2.388685983958648,,The general population because the information tells us a lot ,NA,,213,1,34,0,4,30-39
68040,USA,United States,invalid,rule_B_only,18,NORMAL,,0,0,0,0,0,18.0,2.4395651937257474,,We all usually do.,NA,,213,1,66,1,4,60+
68066,USA,United States,invalid,rule_B_only,66,NORMAL,,0,0,0,0,0,27.0,1.9139663768518773,,NA,"Their persona, their gender, and the way that they go about things",,213,1,52,0,4,50-59
68070,USA,United States,invalid,rule_B_only,12,NORMAL,,0,0,0,0,0,21.0,6.326148375415271,,NA,I don't know ,,213,1,47,0,3,40-49
68071,USA,United States,invalid,rule_B_only,10,MEDIUM,longstring_exceed,1,0,1,0,0,34.0,4.29723140142774,,NA,No comment ,,213,1,51,1,3,50-59
68076,USA,United States,invalid,rule_B_only,8,NORMAL,,0,0,0,0,0,18.0,2.9461052294738894,1.0,Not sure ,NA,,213,1,44,0,3,40-49
68079,USA,United States,invalid,rule_B_only,44,NORMAL,,0,0,0,0,0,18.0,2.6646608314018962,,How things work learn something new everyday ,NA,,213,1,32,0,3,30-39
68089,USA,United States,invalid,rule_B_only,38,NORMAL,,0,0,0,0,0,21.0,8.208911436673757,0.34299717028501764,NA,Proving and backing up their theories. ,,213,1,51,0,3,50-59
68093,USA,United States,invalid,rule_B_only,25,NORMAL,,0,0,0,0,0,24.0,2.9179421213059284,0.7071067811865476,i'm not much into science,NA,,213,1,80,0,3,60+
68111,USA,United States,invalid,rule_B_only,15,NORMAL,,0,0,0,0,0,26.0,2.388685983958648,,NA,There knowledge ,,213,1,37,0,3,30-39
68117,USA,United States,invalid,rule_B_only,13,NORMAL,,0,0,0,0,0,20.0,2.388685983958648,,I don't know. ,NA,,213,1,24,1,3,18-29
68119,USA,United States,invalid,rule_B_only,33,NORMAL,,0,0,0,0,0,21.0,2.679856699680988,,NA,Working with developing vaccines. ,,213,1,69,1,3,60+
68121,USA,United States,invalid,rule_B_only,39,NORMAL,,0,0,0,0,0,19.0,2.6506313093325007,,NA,Because it's proven fax that it is real ,,213,1,47,0,3,40-49
68134,USA,United States,invalid,rule_B_only,18,NORMAL,,0,0,0,0,0,30.0,2.388685983958648,,NA,Their achievements ,,213,1,28,1,3,18-29
68176,USA,United States,invalid,rule_B_only,42,NORMAL,,0,0,0,0,0,26.0,2.388685983958648,,NA,The work of their hand and their sincerity ,,213,1,45,0,4,40-49
68180,USA,United States,invalid,rule_B_only,38,NORMAL,,0,0,0,0,0,19.0,3.093918139119122,,NA,If it can tested and proven to be true,,213,1,35,0,4,30-39
68240,USA,United States,invalid,rule_B_only,310,NORMAL,,0,0,0,0,0,20.0,6.864466718822105,,I think it positive . We can learn things we have sometimes never new about. Like on the moon and mars. Like Aliens and star dust if there life else where. If there’s a possibility of more infection we don’t know about. How to understand science and marine life and insects animals and staying safe and humans.,NA,,213,1,70,0,4,60+
68242,USA,United States,invalid,rule_B_only,14,NORMAL,,0,0,0,0,0,18.0,4.983813117753743,0.242535625036333,I have no clue ,NA,,213,1,24,0,3,18-29
68246,USA,United States,invalid,rule_B_only,233,NORMAL,,0,0,0,0,0,24.0,2.6669316811352703,,It's not a problem that is not a good time for a man and a man to do it with their children or a person in the first day and I am not a problem for him or company but kina is not the same thing that he has to say in a long period and ,NA,,213,1,46,1,4,40-49
68249,USA,United States,invalid,rule_B_only,10,NORMAL,,0,0,0,0,0,26.0,4.582205778997781,,NA,Don't know ,,213,1,52,0,3,50-59
68260,USA,United States,invalid,rule_B_only,53,NORMAL,,0,0,0,0,0,18.0,5.513960528483165,,can help save lives and make it a better life for all,NA,,213,1,60,1,3,60+
68265,USA,United States,invalid,rule_B_only,31,NORMAL,,0,0,0,0,0,26.0,2.3838020843438152,,The citizens because it's great ,NA,,213,1,45,0,4,40-49
68266,USA,United States,invalid,rule_B_only,123,NORMAL,,0,0,0,0,0,17.0,3.4272893910866196,,NA,What makes a scientist trustworth is that the knowledge of him doing everything can help save millions and billions of life,,213,1,47,1,3,40-49
68269,USA,United States,invalid,rule_B_only,50,NORMAL,,0,0,0,0,0,26.0,3.231384830061381,0.6324555320336759,NA,"They are study, investigation, research, listening ",,213,1,56,1,4,50-59
68272,USA,United States,invalid,rule_B_only,15,NORMAL,,0,0,0,0,0,20.0,4.353670089372347,,Everyone and ev,NA,,213,1,76,0,4,60+
68288,USA,United States,invalid,rule_B_only,34,NORMAL,,0,0,0,0,0,26.0,2.388685983958648,,NA,Scientist know what they are doing ,,213,1,47,0,3,40-49
68293,USA,United States,invalid,rule_B_only,36,NORMAL,,0,0,0,0,0,25.0,2.388685983958648,,NA,Their education and knowledge levels,,213,1,45,1,2,40-49
68308,USA,United States,invalid,rule_B_only,46,NORMAL,,0,0,0,0,0,17.0,5.9729392777519825,,NA,"Facts, not opinions, must back up a scientist.",,213,1,75,0,4,60+
68309,USA,United States,invalid,rule_B_only,44,NORMAL,,0,0,0,0,0,20.0,1.818123945919175,,The people involved and that benefit from it ,NA,,213,1,63,0,4,60+
68310,USA,United States,invalid,rule_B_only,10,MEDIUM,longstring_exceed,1,0,1,0,0,36.0,4.332526162081176,,NA,Don’t know,,213,1,69,0,3,60+
68311,USA,United States,invalid,rule_B_only,92,NORMAL,,0,0,0,0,0,20.0,3.6371087224748644,,NA,"By all of the research that is done, when they come up with something new you can trust them",,213,1,66,0,3,60+
68318,USA,United States,invalid,rule_B_only,78,NORMAL,,0,0,0,0,0,17.0,5.634733965111706,,NA,They are upfront and transparent about their studies even when they are wrong.,,213,1,56,0,4,50-59
68326,USA,United States,invalid,rule_B_only,10,NORMAL,,0,0,0,0,0,26.0,3.821522081704228,,NA,Don't know ,,213,1,53,1,4,50-59
68335,USA,United States,invalid,rule_B_only,50,NORMAL,,0,0,0,0,0,20.0,3.853463080867927,1.0,NA,reliable testing and retesting  to ensure accuracy ,,213,1,74,1,3,60+
68358,USA,United States,invalid,rule_B_only,97,NORMAL,,0,0,0,0,0,22.0,5.605268559772035,,I think everyone benefits from using any kinds of science. It is a great thing to be involved in.,NA,,213,1,71,0,3,60+
68364,USA,United States,invalid,rule_B_only,49,NORMAL,,0,0,0,0,0,27.0,2.388685983958648,,The scientists measuring the planets of the Earth ,NA,,213,1,23,0,3,18-29
68396,USA,United States,invalid,rule_B_only,56,NORMAL,,0,0,0,0,0,20.0,4.408964376878315,0.6324555320336759,The whole human race. It usually improves peoples lives.,NA,,213,1,69,1,3,60+
68404,USA,United States,invalid,rule_B_only,10,NORMAL,,0,0,0,0,0,26.0,2.388685983958648,,It's great ,NA,,213,1,35,1,4,30-39
68407,USA,United States,invalid,rule_B_only,10,MEDIUM,longstring_exceed,1,0,1,0,0,71.0,4.711336060090562,,Scientists,NA,,213,1,22,0,2,18-29
68425,USA,United States,invalid,rule_B_only,17,NORMAL,,0,0,0,0,0,19.0,4.289291279684809,,NA,results validated,,213,1,67,0,4,60+
68429,USA,United States,invalid,rule_B_only,26,NORMAL,,0,0,0,0,0,22.0,4.536810284969975,0.5773502691896257,NA,Proven true by experiments,,213,1,74,0,3,60+
68432,USA,United States,invalid,rule_B_only,23,NORMAL,,0,0,0,0,0,19.0,3.933552158892148,,Future science is great ,NA,,213,1,58,0,2,50-59
68434,USA,United States,invalid,rule_B_only,86,NORMAL,,0,0,0,0,0,21.0,4.421332519702704,,Scientists because they need to have the knowledge to discover cures for every disease ,NA,,213,1,74,1,4,60+
68437,USA,United States,invalid,rule_B_only,63,NORMAL,,0,0,0,0,0,19.0,5.0929094854545625,,People who make money off promoting agendas like climate change ,NA,,213,1,43,1,4,40-49
68439,USA,United States,invalid,rule_B_only,74,NORMAL,,0,0,0,0,0,21.0,4.2493571154604775,-0.31622776601683794,I think science is god-given and it keeps humans busy to learn new things.,NA,,213,1,53,1,4,50-59
68466,USA,United States,invalid,rule_B_only,19,NORMAL,,0,0,0,0,0,19.0,2.879531956012069,,NA,Their track record. ,,213,1,42,0,4,40-49
68470,USA,United States,invalid,rule_B_only,113,NORMAL,,0,0,0,0,0,26.0,3.3445591134929606,,NA,"Trustworthiness should be based on the presence of expertise, good expert community functioning and shares values ",,213,1,40,1,4,40-49
68481,USA,United States,invalid,rule_B_only,57,NORMAL,,0,0,0,0,0,18.0,7.221537362822971,,NA,Development of new idea like technology and living things,,213,1,35,0,4,30-39
68495,USA,United States,invalid,rule_B_only,88,NORMAL,,0,0,0,0,0,18.0,3.864466220872893,-0.5,NA,OK I just saw your post about this new one you had to take the time off of your life and ,,213,1,34,1,4,30-39
68500,USA,United States,invalid,rule_B_only,42,NORMAL,,0,0,0,0,0,22.0,4.837270086250472,,NA,His theories makes a scientist trustworthy,,213,1,34,1,4,30-39
68514,USA,United States,invalid,rule_B_only,37,NORMAL,,0,0,0,0,0,22.0,5.956282996966341,,Everyone using the science innovation ,NA,,213,1,33,1,4,30-39
68515,USA,United States,invalid,rule_B_only,31,NORMAL,,0,0,0,0,0,29.0,2.497110602739889,,Government because they control ,NA,,213,1,27,0,4,18-29
68525,USA,United States,invalid,rule_B_only,141,NORMAL,,0,0,0,0,0,18.0,5.537735415995908,,"I think everyone benefits. The term science covers a huge range of items such as medicine, to computers, to AI to almost anything techinical.",NA,,213,1,74,1,4,60+
68529,USA,United States,invalid,rule_B_only,7,NORMAL,,0,0,0,0,0,26.0,1.8610561258814475,,NA,honesty ,,213,1,75,1,4,60+
68533,USA,United States,invalid,rule_B_only,11,NORMAL,,0,0,0,0,0,22.0,2.532378657534022,,NA,DO NIT KNOW,,213,1,72,0,4,60+
68534,USA,United States,invalid,rule_B_only,6,NORMAL,,0,0,0,0,0,22.0,2.122276511865238,,NA,honest,,213,1,60,0,3,60+
68544,USA,United States,invalid,rule_B_only,14,NORMAL,,0,0,0,0,0,26.0,2.388685983958648,,NA,The right News,,213,1,53,0,2,50-59
68551,USA,United States,invalid,rule_B_only,8,NORMAL,,0,0,0,0,0,17.0,3.4278143975073645,,Not sure,NA,,213,1,58,0,3,50-59
68595,USA,United States,invalid,rule_B_only,182,NORMAL,,0,0,0,0,0,27.0,2.388685983958648,,NA,Cuz every scientist s are very smart and they know what they're talking about in the future life and that's why scientists are here today to help about the world and I love it a lot.,,213,1,33,0,3,30-39
68599,USA,United States,invalid,rule_B_only,63,NORMAL,,0,0,0,0,0,20.0,2.67134109904621,,NA,It's very informative and innovative easy to understand and use ,,213,1,34,1,4,30-39
68624,USA,United States,invalid,rule_B_only,130,NORMAL,,0,0,0,0,0,26.0,3.9723468831301822,,NA,What makes a scientist trustworthy is because when they carry out any experiment.They make sure that the experiment is successful.,,213,1,32,1,4,30-39
68635,COD,Congo DR,invalid,rule_B_only,72,NORMAL,,0,0,0,0,0,18.0,4.428840202002077,,C'est celui qui est éveillée car la science ne profite pas aux distraits  ,NA,,213,1,32,1,4,30-39
68733,USA,United States,invalid,rule_B_only,45,NORMAL,,0,0,0,0,0,17.0,5.895091591363613,,NA,their honest approach and years of experience,,213,1,61,0,2,60+
68735,USA,United States,invalid,rule_B_only,48,NORMAL,,0,0,0,0,0,26.0,4.862231996630047,,NA,A trustworthy scientist always states the facts.,,213,1,37,1,2,30-39
68761,USA,United States,invalid,rule_B_only,7,MEDIUM,longstring_exceed,1,0,1,0,0,71.0,4.711336060090562,,nothing,NA,,213,1,62,1,3,60+
68766,USA,United States,invalid,rule_B_only,26,NORMAL,,0,0,0,0,0,26.0,5.2009023922004545,,Great sponsorship proposal ,NA,,213,1,36,1,4,30-39
68784,USA,United States,invalid,rule_B_only,28,NORMAL,,0,0,0,0,0,31.0,2.537963202123866,,Science is Good and exciting ,NA,,213,1,32,1,4,30-39
68794,USA,United States,invalid,rule_B_only,38,NORMAL,,0,0,0,0,0,20.0,8.090791855608101,,Everybody.  But not from false science ,NA,,213,1,63,1,3,60+
68795,USA,United States,invalid,rule_B_only,21,NORMAL,,0,0,0,0,0,26.0,2.388685983958648,,NA,The information given,,213,1,45,1,2,40-49
68798,USA,United States,invalid,rule_B_only,74,NORMAL,,0,0,0,0,0,27.0,2.388685983958648,,NA,Because they work so hard to to always archive the best results in science ,,213,1,35,1,4,30-39
68806,USA,United States,invalid,rule_B_only,115,NORMAL,,0,0,0,0,0,26.0,4.243070173588673,,"We do because it contributes to a longer and healthier life, monitors our health, provides medicine to cure disease ",NA,,213,1,45,0,4,40-49
68828,USA,United States,invalid,rule_B_only,14,NORMAL,,0,0,0,0,0,26.0,1.1283646747333467,,NA,expert opinion ,,213,1,38,0,4,30-39
68831,USA,United States,invalid,rule_B_only,13,NORMAL,,0,0,0,0,0,24.0,3.2953372666235765,,Knowing facts ,NA,,213,1,38,0,4,30-39
68834,USA,United States,invalid,rule_B_only,53,NORMAL,,0,0,0,0,0,18.0,4.132938645958086,-0.31622776601683794,NA,They rely on the truth and are bias to what they find,,213,1,48,0,3,40-49
68841,USA,United States,invalid,rule_B_only,125,NORMAL,,0,0,0,0,0,27.0,4.812340500890744,,NA,Very much for the course of the course of the course of the course of the course of the course of the course of the course of ,,213,1,34,1,4,30-39
68850,USA,United States,invalid,rule_B_only,38,NORMAL,,0,0,0,0,0,17.0,6.097506627642451,,It's the future that's why we need it.,NA,,213,1,52,0,3,50-59
68858,USA,United States,invalid,rule_B_only,41,NORMAL,,0,0,0,0,0,19.0,3.368935621059437,,We all benefit because we all have access,NA,,213,1,45,1,4,40-49
68868,USA,United States,invalid,rule_B_only,19,NORMAL,,0,0,0,0,0,22.0,3.058521767321954,,Everything are good ,NA,,213,1,42,1,4,40-49
68882,USA,United States,invalid,rule_B_only,16,NORMAL,,0,0,0,0,0,22.0,4.2535557457274065,,NA,Their inventions,,213,1,72,0,4,60+
68900,USA,United States,invalid,rule_B_only,19,NORMAL,,0,0,0,0,0,24.0,9.11119988989661,,NA,Scientist are great,,213,1,52,0,3,50-59
68911,USA,United States,invalid,rule_B_only,75,NORMAL,,0,0,0,0,0,18.0,6.615573794972153,,I think that science can be useful in helping to perform medical procedures ,NA,,213,1,47,0,4,40-49
68923,USA,United States,invalid,rule_B_only,24,NORMAL,,0,0,0,0,0,17.0,3.998119414142622,1.0,NA,Consistency and  honesty,,213,1,62,0,4,60+
68930,USA,United States,invalid,rule_B_only,102,NORMAL,,0,0,0,0,0,19.0,6.252059806322677,,NA,"years of education, school affiliation, science organization affiliation and published papers or works",,213,1,72,1,4,60+
68958,USA,United States,invalid,rule_B_only,9,NORMAL,,0,0,0,0,0,17.0,4.941786970649157,-0.2,NA,Very good ,,213,1,38,0,4,30-39
68971,COD,Congo DR,invalid,rule_B_only,86,NORMAL,,0,0,0,0,0,17.0,5.556746607199213,-0.14638501094227999,NA,"L'amélioration de changement climatique , de donnes les avis pour trouver une solution",,213,1,45,0,4,40-49
68978,USA,United States,invalid,rule_B_only,20,NORMAL,,0,0,0,0,0,26.0,2.388685983958648,,NA,Their science skills ,,213,1,28,0,4,18-29
68991,USA,United States,invalid,rule_B_only,52,NORMAL,,0,0,0,0,0,20.0,3.274771453944857,,I think the non-scientists citizens benefit the most ,NA,,213,1,21,0,3,18-29
68998,USA,United States,invalid,rule_B_only,51,NORMAL,,0,0,0,0,0,25.0,5.015448618350863,,i think every human being can benefit from science.,NA,,213,1,57,1,4,50-59
69008,COD,Congo DR,invalid,rule_B_only,83,NORMAL,,0,0,0,0,0,21.0,7.489997539717589,-0.09325048082403138,NA,"L'observation des effets et de la nature et tirée des informations, expérimentation",,213,1,23,0,4,18-29
69013,COD,Congo DR,invalid,rule_B_only,51,NORMAL,,0,0,0,0,0,20.0,5.124935063584437,,NA,Sa réputation et ses exploit à travers son carrière ,,213,1,30,1,4,30-39
69015,USA,United States,invalid,rule_B_only,52,NORMAL,,0,0,0,0,0,26.0,4.4401234218829355,,Use the people because it helps us understand things ,NA,,213,1,50,1,4,50-59
69017,USA,United States,invalid,rule_B_only,6,MEDIUM,longstring_exceed,1,0,1,0,0,60.0,2.388685983958648,,I like,NA,,213,1,32,1,4,30-39
69024,USA,United States,invalid,rule_B_only,49,NORMAL,,0,0,0,0,0,18.0,3.201352928059446,0.6324555320336759,NA,"only trust good people, they can be in any field.",,213,1,47,0,4,40-49
69028,USA,United States,invalid,rule_B_only,74,NORMAL,,0,0,0,0,0,27.0,2.388685983958648,,I Think Earth Benefits The Most From Science Because It Has A Lot Of Life.,NA,,213,1,38,0,3,30-39
69041,USA,United States,invalid,rule_B_only,73,NORMAL,,0,0,0,0,0,21.0,4.608242848827702,0.8944271909999159,NA,Because they have went through alot of schooling to learn what they know.,,213,1,36,0,3,30-39
69042,USA,United States,invalid,rule_B_only,94,NORMAL,,0,0,0,0,0,17.0,2.5464216670555078,,Science is the systematic process of making inquire about the living things in our environment,NA,,213,1,35,1,4,30-39
69052,USA,United States,invalid,rule_B_only,13,MEDIUM,longstring_exceed,1,0,1,0,0,57.0,1.8610561258814475,,NA,i do not know,,213,1,33,0,4,30-39
69053,USA,United States,invalid,rule_B_only,49,NORMAL,,0,0,0,0,0,26.0,2.388685983958648,,NA,Because they take time to look and observe things,,213,1,24,1,4,18-29
69055,USA,United States,invalid,rule_B_only,308,NORMAL,,0,0,0,0,0,23.0,6.178780097634289,1.0,"It contributes to ensuring a longer and healthier life, monitors our health, provides medicine to cure our diseases, alleviates aches and pains, helps us to provide water for our basic needs – including our food, provides energy and makes life more fun, including sports, music, entertainment and the latest.",NA,,213,1,43,1,4,40-49
69056,COD,Congo DR,invalid,rule_B_only,19,NORMAL,,0,0,0,0,0,19.0,6.295011008543269,0.0,NA,Les recommendations ,,213,1,44,0,4,40-49
69060,COD,Congo DR,invalid,rule_B_only,75,NORMAL,,0,0,0,0,0,20.0,5.305802601396959,0.227429413073671,NA,"L'humain en général, la personne est censé d'apprendre pour son propre bien",,213,1,27,0,4,18-29
69071,USA,United States,invalid,rule_B_only,12,NORMAL,,0,0,0,0,0,18.0,2.5055557081567628,,NA,I don’t know ,,213,1,53,0,3,50-59
69085,USA,United States,invalid,rule_B_only,38,NORMAL,,0,0,0,0,0,20.0,3.475728103868238,0.7071067811865476,NA,Sharing all of their data and research ,,213,1,24,0,4,18-29
69093,USA,United States,invalid,rule_B_only,58,NORMAL,,0,0,0,0,0,17.0,2.1483074021605866,,Science is life and its an essential part of our existence ,NA,,213,1,40,1,4,40-49
69125,USA,United States,invalid,rule_B_only,207,NORMAL,,0,0,0,0,0,22.0,5.352326795136117,,Majd12993md@outlook.comMajd12993md@outlook.comMajd12993md@outlook.comMajd12993md@outlook.comMajd12993md@outlook.comMajd12993md@outlook.comMajd12993md@outlook.comMajd12993md@outlook.comMajd12993md@outlook.com,NA,,213,1,32,1,2,30-39
69131,USA,United States,invalid,rule_B_only,32,NORMAL,,0,0,0,0,0,26.0,2.388685983958648,,The scientist and the technology ,NA,,213,1,29,0,3,18-29
69134,USA,United States,invalid,rule_B_only,16,NORMAL,,0,0,0,0,0,21.0,4.85407235785094,,NA,Phases of matter,,213,1,26,1,1,18-29
69177,USA,United States,invalid,rule_B_only,7,MEDIUM,longstring_exceed,1,0,1,0,0,57.0,1.7500698920553566,,No Idea ,NA,,213,1,49,0,3,40-49
69178,USA,United States,invalid,rule_B_only,74,NORMAL,,0,0,0,0,0,17.0,6.498592016897534,0.3333333333333333,NA,if they are not working to get money funded by someone to prove an outcome,,213,1,75,1,4,60+
69202,USA,United States,invalid,rule_B_only,51,NORMAL,,0,0,0,0,0,26.0,3.9614287602454206,,Everyone because science is important for everyone.,NA,,213,1,22,0,3,18-29
69203,USA,United States,invalid,rule_B_only,43,NORMAL,,0,0,0,0,0,19.0,4.389238929803239,,NA,Knowing that work and findings are accurate ,,213,1,55,0,3,50-59
69204,USA,United States,invalid,rule_B_only,6,MEDIUM,longstring_exceed,1,0,1,0,0,57.0,2.388685983958648,,NA,I like,,213,1,30,1,4,30-39
69213,USA,United States,invalid,rule_B_only,29,NORMAL,,0,0,0,0,0,26.0,2.388685983958648,,NA,That they state all the facts,,213,1,48,0,4,40-49
69219,USA,United States,invalid,rule_B_only,19,NORMAL,,0,0,0,0,0,24.0,6.022492782476731,,NA,I don't really know,,213,1,25,0,3,18-29
69226,USA,United States,invalid,rule_B_only,6,NORMAL,,0,0,0,0,0,20.0,8.129481477360923,0.8783100656536799,Nobody ,NA,,213,1,18,1,2,18-29
69258,USA,United States,invalid,rule_B_only,71,NORMAL,,0,0,0,0,0,18.0,3.290928640843696,,NA,Affiliation with an accredited university or national government agency,,213,1,55,1,4,50-59
69281,COD,Congo DR,invalid,rule_B_only,14,NORMAL,,0,0,0,0,0,17.0,6.136803391678016,,NA,Sa crédibilité ,,213,1,25,1,4,18-29
69284,COD,Congo DR,invalid,rule_B_only,54,NORMAL,,0,0,0,0,0,20.0,5.124935063584437,,Le monde entier parce que qu’on vit grâce à la science ,NA,,213,1,36,0,4,30-39
69288,USA,United States,invalid,rule_B_only,84,NORMAL,,0,0,0,0,0,26.0,2.3408307573305116,,NA,Doing the right thing at the right time and always consistent in what they are doing ,,213,1,42,1,4,40-49
69329,USA,United States,invalid,rule_B_only,43,NORMAL,,0,0,0,0,0,26.0,2.388685983958648,,NA,The proofs and researches to help the world,,213,1,42,1,4,40-49
69336,COD,Congo DR,invalid,rule_B_only,48,NORMAL,,0,0,0,0,0,18.0,3.146849940675116,,"Les gens , parceque ce eux qui sont utilisateurs",NA,,213,1,49,0,4,40-49
69344,COD,Congo DR,invalid,rule_B_only,21,NORMAL,,0,0,0,0,0,23.0,5.763655904819414,,NA,Tout les monde entier ,,213,1,45,NA,4,40-49
69349,COD,Congo DR,invalid,rule_B_only,20,NORMAL,,0,0,0,0,0,17.0,6.458016621290677,1.0,NA,La jeunesse capacité ,,213,1,35,0,3,30-39
69361,COD,Congo DR,invalid,rule_B_only,13,NORMAL,,0,0,0,0,0,24.0,6.008231045523868,,NA,Les intectuel ,,213,1,28,1,3,18-29
69379,USA,United States,invalid,rule_B_only,146,NORMAL,,0,0,0,0,0,23.0,3.250937404156861,,NA,What's Mickey's scientists dress to order is that we carry out the a lab walk the laboratory test s the test and they give us the results as it is,,213,1,40,1,4,40-49
69380,USA,United States,invalid,rule_B_only,47,NORMAL,,0,0,0,0,0,19.0,4.139584293485799,,NA,"Their history, and if they did things correctly ",,213,1,45,1,4,40-49
69539,COD,Congo DR,invalid,rule_B_only,82,NORMAL,,0,0,0,0,0,19.0,2.4753559474251916,,"Les amis des hommes scientifiques, lorsqu'ils discutent eux concernant la science.",NA,,213,1,72,0,4,60+
69575,URY,Uruguay,invalid,rule_B_only,244,NORMAL,,0,0,0,0,0,18.0,4.773536342700795,,"Lamentablemente creo que si  bien es un logro y un desarrollo de la humanidad toda, existen países y grupos económicos dentro de los países que se ven más beneficiados ya sea por limitantes económicas para el acceso, educativas, culturales, etc",NA,,213,1,39,0,4,30-39
69598,URY,Uruguay,invalid,rule_B_only,87,NORMAL,,0,0,0,0,0,20.0,6.022244880113788,0.15811388300841897,NA,"Tiempo recursos, historia científica credibilidad a la hora de presentación de proyecto ",,213,1,33,1,4,30-39
69606,URY,Uruguay,invalid,rule_B_only,68,NORMAL,,0,0,0,0,0,18.0,3.3860549151696295,,NA,"Su currículum vitae, el contraste de sus postulados con la realidad.",,213,1,59,1,4,50-59
69689,URY,Uruguay,invalid,rule_B_only,121,NORMAL,,0,0,0,0,0,17.0,4.432665815627918,0.2,NA,"La independencia de sus opiniones respecto de grupos de presión, actores políticos, carteles académicos o profesionales.-",,213,1,69,1,4,60+
69693,URY,Uruguay,invalid,rule_B_only,387,NORMAL,,0,0,0,0,0,22.0,6.1336367509242224,0.6643638388299198,"He visto poco en Enfermedades Raras, las Empresas Farmacológicas se llevan muy buenos dividendos, cuando ""parece"" que hacen ""algo"", ese medicamento es demasiado caro y/ o realizan pruebas en personas sin expresarles qué es lo que es lo que pretenden. Medicamentos para otras afecciones realizan pruebas si avisar., las vacunas anti Covid, ej.: no tomaban registro de alergia, anafilaxia.",NA,,213,1,60,0,4,60+
69845,URY,Uruguay,invalid,rule_B_only,218,NORMAL,,0,0,0,0,0,18.0,5.602987399150537,,"Todos, de ella (la ciencia) dependemos para seguir avanzando como especie y continuar derribando mitos, religiosos, sociales y culturales que nos mantienen atados al atraso, son ciencia seguiríamos en el paleolítico!!!",NA,,213,1,47,0,4,40-49
69873,URY,Uruguay,invalid,rule_B_only,144,NORMAL,,0,0,0,0,0,18.0,7.084623187542578,,NA,Para mí lo hace confiable por su experiencia en el tema y sobre todo en la Pandemia estuvieron muy presentes en toda la TV y radio y prensa gral ,,213,1,54,0,3,50-59
69908,CMR,Cameroon,invalid,rule_B_only,131,NORMAL,,0,0,0,0,0,17.0,6.39445479432112,-0.49541508402214945,NA,"Les bons résultats atteints lors des expérience, l'amélioration que ces expériences ont sur les conditions de vie des êtres humains",,213,1,26,0,4,18-29
69926,CMR,Cameroon,invalid,rule_B_only,256,NORMAL,,0,0,0,0,0,17.0,6.327835354849252,0.8660254037844387,The person who benefits more from the science is the end user He exploits the output of science inorder to gain time in his or her transactions.Given that time is money  it's just but evident that with science business is facilitated and time is optimised.,NA,,213,1,45,1,4,40-49
69992,CMR,Cameroon,invalid,rule_B_only,76,NORMAL,,0,0,0,0,0,21.0,5.037469418529982,0.6324555320336759,Everyone benefits from science because it makes life easy and understandable,NA,,213,1,27,NA,4,18-29
70110,CMR,Cameroon,invalid,rule_B_only,63,NORMAL,,0,0,0,0,0,18.0,4.6459852149492615,,NA,Because they always working very hard to improve the lifestyle.,,213,1,30,1,4,30-39
70112,CMR,Cameroon,invalid,rule_B_only,115,NORMAL,,0,0,0,0,0,18.0,5.218602893384305,,Benefit to everybody ! Because sciences is the life of the world to go ahaid and improvements of the life qualities,NA,,213,1,29,1,4,18-29
70134,CMR,Cameroon,invalid,rule_B_only,73,NORMAL,,0,0,0,0,0,18.0,3.9515718522649754,,tout le monde bénéficie du progrès de la science. Personne n'est epargnée,NA,,213,1,37,0,4,30-39
70156,CMR,Cameroon,invalid,rule_B_only,437,NORMAL,,0,0,0,0,0,19.0,6.454646520687224,0.6324555320336759,NA,"What makes science truthworthy is the reality of it's performances.Science has enlightened the world and made life much more easier and convenient for humans.Technogical operations used in the fields of medicine, Education,sports has enhanced the true meaning of living and improve on human living standards generally.Science has erased the errors of traditional thinking and brought man ever closer to the threshold of enormous success.",,213,1,41,1,4,40-49
70217,CMR,Cameroon,invalid,rule_B_only,87,NORMAL,,0,0,0,0,0,19.0,6.878986730609047,0.2279211529192759,NA,"Sa capacité à faire des recherches, à démontrer l'absolu et l'exactitude de la science.",,213,1,31,1,4,30-39
70332,CMR,Cameroon,invalid,rule_B_only,64,NORMAL,,0,0,0,0,0,18.0,3.5769242083495234,,la science est bénéfique pour tout le monde quelque fois la race,NA,,213,1,37,1,4,30-39
70333,CMR,Cameroon,invalid,rule_B_only,27,NORMAL,,0,0,0,0,0,19.0,5.750441343313014,0.5423261445466404,NA,Ses années de qualification ,,213,1,25,0,4,18-29
70661,CIV,Côte d'Ivoire,invalid,rule_B_only,65,NORMAL,,0,0,0,0,0,22.0,4.406690476283095,,NA,Par la qualité de ses recherches et la présentation des résultats,,213,1,41,1,4,40-49
70704,CIV,Côte d'Ivoire,invalid,rule_B_only,11,NORMAL,,0,0,0,0,0,21.0,7.1614657196577856,0.0,NA,Sa capacité ,,213,1,21,NA,4,18-29
70771,CIV,Côte d'Ivoire,invalid,rule_B_only,250,NORMAL,,0,0,0,0,0,18.0,5.1145910849146,-0.08304547985373997,NA,A mon mon avis un ou une scientifique est digne de confiance  lorsque les résultats des ses recherches garantissent le bien être de l'humanité en générale. les résultats de recherches scientifiques doivent aider les l'humanité à évoluer positivement. ,,213,1,50,1,4,50-59
70905,ZAF,South Africa,invalid,rule_B_only,90,NORMAL,,0,0,0,0,0,18.0,5.875947092462643,,NA,To hold a degree or went to study in college and university someone got certificate for it ,,213,1,41,1,3,40-49
70971,ZAF,South Africa,invalid,rule_B_only,84,NORMAL,,0,0,0,0,0,19.0,3.901974121156144,,NA,His or her commitment to do things in best interest of the world and not as a person,,213,1,43,0,3,40-49
70985,ZAF,South Africa,invalid,rule_B_only,71,NORMAL,,0,0,0,0,0,20.0,6.943490973503443,,It's important to understand science because is what we living nowadays ,NA,,213,1,42,2,3,40-49
71000,ZAF,South Africa,invalid,rule_B_only,112,NORMAL,,0,0,0,0,0,17.0,3.706556229398788,,NA,The ability to theorise something and put it practically n discovering new things through research n experiments,,213,1,23,1,4,18-29
71037,ZAF,South Africa,invalid,rule_B_only,177,NORMAL,,0,0,0,0,0,19.0,6.399727342801336,,Population at large as they are given information that is not clearly visible by naked eye and with science it's tried and tested no errors in administering the test and results ,NA,,213,1,49,0,4,40-49
71043,ZAF,South Africa,invalid,rule_B_only,82,NORMAL,,0,0,0,0,0,25.0,4.060631328386609,,The developing countries benefit from the scientific research for their betterment ,NA,,213,1,47,1,4,40-49
71096,ZAF,South Africa,invalid,rule_B_only,19,NORMAL,,0,0,0,0,0,29.0,3.993837644475877,0.6324555320336759,NA,They use technology,,213,1,35,0,4,30-39
71120,ZAF,South Africa,invalid,rule_B_only,124,NORMAL,,0,0,0,0,0,21.0,3.328187671755173,,"The public, because as scientists descover new vaccines and methods of combating deseases, we benefit from those resesrches. ",NA,,213,1,57,1,3,50-59
71133,ZAF,South Africa,invalid,rule_B_only,101,NORMAL,,0,0,0,0,0,19.0,3.193508226150377,,Our community because with that scientifiaccaly knowledge we can create or become a better community. ,NA,,213,1,43,0,3,40-49
71136,ZAF,South Africa,invalid,rule_B_only,37,NORMAL,,0,0,0,0,0,19.0,2.7162039999165004,,NA,They can backup everything with proof,,213,1,48,1,4,40-49
71153,ZAF,South Africa,invalid,rule_B_only,110,NORMAL,,0,0,0,0,0,18.0,4.412954771012793,,NA,Authenticity of their research on information they  put out to the people.. basically taking their job serious,,213,1,30,1,4,30-39
71168,ZAF,South Africa,invalid,rule_B_only,64,NORMAL,,0,0,0,0,0,29.0,4.381997405349102,,People in the world benefit more and we learn a lot from science ,NA,,213,1,23,0,4,18-29
71183,ZAF,South Africa,invalid,rule_B_only,91,NORMAL,,0,0,0,0,0,20.0,5.932459264154558,0.4472135954999579,People who understand the importance of science and are practical with it on a daily basis.,NA,,213,1,36,1,3,30-39
71184,ZAF,South Africa,invalid,rule_B_only,79,NORMAL,,0,0,0,0,0,27.0,7.4676816955597545,-0.2,Government benefits most from science because they help them with Clement Chang ,NA,,213,1,59,1,3,50-59
71187,ZAF,South Africa,invalid,rule_B_only,45,NORMAL,,0,0,0,0,0,18.0,6.255640901601248,,NA,Because they are mostly accurate about things,,213,1,31,0,4,30-39
71197,ZAF,South Africa,invalid,rule_B_only,74,NORMAL,,0,0,0,0,0,21.0,3.5592551112862503,,Scientist because he or she got most information about science in general.,NA,,213,1,59,0,3,50-59
71213,ZAF,South Africa,invalid,rule_B_only,176,NORMAL,,0,0,0,0,0,22.0,7.00486913290473,0.0,NA,Scientist is basically our everyday life. For example we as human beings are referred as science because it believe we come from aps. So I believe that scientist is trustworthy ,,213,1,30,0,4,30-39
71256,ZAF,South Africa,invalid,rule_B_only,46,NORMAL,,0,0,0,0,0,20.0,5.052037729392123,,NA,"The knowledge and the experience
with science ",,213,1,23,0,4,18-29
71263,ZAF,South Africa,invalid,rule_B_only,70,NORMAL,,0,0,0,0,0,31.0,6.98722627074477,0.7071067811865476,NA,"The fact that it relies on facts, tests and proof mskes it trustworthy ",,213,1,29,0,4,18-29
71273,ZAF,South Africa,invalid,rule_B_only,188,NORMAL,,0,0,0,0,0,17.0,5.639423524406935,0.31622776601683794,NA,A scientists will be trustworthy on the experiment that he or she does. When they show the public all the products or animals used in their project. They must be open and not hide anything ,,213,1,40,0,3,40-49
71277,ZAF,South Africa,invalid,rule_B_only,48,NORMAL,,0,0,0,0,0,20.0,5.854149390933866,,NA,Because they provide proof too anything they say,,213,1,42,1,4,40-49
71309,ZAF,South Africa,invalid,rule_B_only,59,NORMAL,,0,0,0,0,0,17.0,7.234384208589935,0.48463711111820496,NA,Mostly scientist deal with proven facts rather than fiction ,,213,1,31,1,3,30-39
71319,ZAF,South Africa,invalid,rule_B_only,164,NORMAL,,0,0,0,0,0,21.0,4.719386640933173,,NA,"Scientist is trustworthy because they studied, and every experiment they provide is based on what they were taught in school, they always try a new thing every day.",,213,1,36,0,3,30-39
71329,ZAF,South Africa,invalid,rule_B_only,77,NORMAL,,0,0,0,0,0,17.0,5.441612519346165,,Society benefits most when science can be explored without outside influence.,NA,,213,1,43,1,4,40-49
71337,ZAF,South Africa,invalid,rule_B_only,60,NORMAL,,0,0,0,0,0,17.0,4.161406299006059,,NA,The theory and explanation to the experiment being presented ,,213,1,40,0,4,40-49
71395,ZAF,South Africa,invalid,rule_B_only,32,NORMAL,,0,0,0,0,0,17.0,5.910283949459968,0.6565321642986127,NA,"professional, honestly competent ",,213,1,33,0,3,30-39
71415,ZAF,South Africa,invalid,rule_B_only,90,NORMAL,,0,0,0,0,0,24.0,4.643108390219239,,NA,At the moment with everything that's going on and coming out I trust nothing about science ,,213,1,34,0,3,30-39
71428,ZAF,South Africa,invalid,rule_B_only,84,NORMAL,,0,0,0,0,0,17.0,5.659772941222628,,We all benefit from science because without science most of the people would be dead ,NA,,213,1,38,1,3,30-39
71432,ZAF,South Africa,invalid,rule_B_only,125,NORMAL,,0,0,0,0,0,24.0,4.238231837192877,,I think people who are rich that most benefit from science as they can able to afford while the poor can be slowly get assess,NA,,213,1,30,1,4,30-39
71456,ZAF,South Africa,invalid,rule_B_only,174,NORMAL,,0,0,0,0,0,19.0,5.403193562950963,-0.2,Science is very good for the general population with discoveries like antibiotics toothpaste but it is also harmful with discoveries like gunpowder and viruses in laboratory. ,NA,,213,1,44,1,4,40-49
71482,ZAF,South Africa,invalid,rule_B_only,56,NORMAL,,0,0,0,0,0,20.0,4.139597047921647,,the people and the government because of their invention ,NA,,213,1,42,1,4,40-49
71487,ZAF,South Africa,invalid,rule_B_only,118,NORMAL,,0,0,0,0,0,20.0,5.659772941222628,,NA,Being able to provide theory to back up their findings and also prove that theory with a solid and believable example.,,213,1,32,1,4,30-39
71527,ZAF,South Africa,invalid,rule_B_only,96,NORMAL,,0,0,0,0,0,20.0,3.997996981319974,,NA,I trust scientists when their inventions works well and when they make a difference in our life.,,213,1,42,0,3,40-49
71565,ZAF,South Africa,invalid,rule_B_only,166,NORMAL,,0,0,0,0,0,24.0,4.3896035014456904,,"science benefits us as people allowing us to develop new technologies, solve practical problems, and to make decisions. it benefits both individuals and collectively.",NA,,213,1,48,0,4,40-49
71567,ZAF,South Africa,invalid,rule_B_only,69,NORMAL,,0,0,0,0,0,17.0,3.4533530768450986,,people in general as it gives them information and broader knowledge. ,NA,,213,1,49,0,4,40-49
71608,ZAF,South Africa,invalid,rule_B_only,85,NORMAL,,0,0,0,0,0,18.0,4.169699522760096,,We all benefit because our life is science and a bad job at it will lead to disaster.,NA,,213,1,47,1,4,40-49
71610,ZAF,South Africa,invalid,rule_B_only,56,NORMAL,,0,0,0,0,0,18.0,3.340861935007745,0.6324555320336759,Human beings. Helps us with knowledge of our environment ,NA,,213,1,52,0,3,50-59
71611,ZAF,South Africa,invalid,rule_B_only,298,NORMAL,,0,0,0,0,0,20.0,5.8830760088023215,,NA,"Peer Reviews. Should it happen that a scientist lies in her research or finds, his or her peers will be quick to disprove what the scientist claims, in most cases, in a majority of cases scientists are honest and respectable, however, there are few bad apples of scientists who are not trustworthy.",,213,1,48,1,4,40-49
71636,ZAF,South Africa,invalid,rule_B_only,91,NORMAL,,0,0,0,0,0,17.0,5.251909455583346,,Medicine. Because of science researches  doctors can treat their patients much beter today. ,NA,,213,1,59,0,4,50-59
71645,ZAF,South Africa,invalid,rule_B_only,17,NORMAL,,0,0,0,0,0,19.0,5.0274652085236635,0.8783100656536799,NA,Proven scientific,,213,1,44,1,3,40-49
71646,ZAF,South Africa,invalid,rule_B_only,208,NORMAL,,0,0,0,0,0,30.0,4.444299893176536,,"The people living on planet earth,we use it as a guide to tell/warn us about events that are bound to happen in the present and future.How we need to prepare and arm ourselves with future knowledge around us.",NA,,213,1,43,1,3,40-49
71649,ZAF,South Africa,invalid,rule_B_only,63,NORMAL,,0,0,0,0,0,22.0,6.354074254875382,,Knowledge is power and understand the nature and global warming,NA,,213,1,49,1,4,40-49
71652,ZAF,South Africa,invalid,rule_B_only,106,NORMAL,,0,0,0,0,0,18.0,5.607423999849684,,NA,THE THINGS HE DO AND HE MUST ALWAYS AHEAD FOR THE NEXT PROJECT.HE PUT A LOT OF TIME AND EFFORT IN HIS WORK,,213,1,59,1,3,50-59
71798,ZAF,South Africa,invalid,rule_B_only,194,NORMAL,,0,0,0,0,0,19.0,4.042011380927136,0.8944271909999159,NA,It must be a question of an individual scientist being trustworthy because like every  category of person you get trustworthy scientists then you get untrustworthy scientists who manipulate data,,213,1,68,1,4,60+
71827,ZAF,South Africa,invalid,rule_B_only,48,NORMAL,,0,0,0,0,0,19.0,7.15415122936231,,NA,YOU DO NOT GET THAT. ALL IS GOVERMENT CONTROLED.,,213,1,52,1,3,50-59
71871,ZAF,South Africa,invalid,rule_B_only,158,NORMAL,,0,0,0,0,0,20.0,3.0829185988431846,,I think the end user benefits the most from science.Scientist have to use resources to come up with solutions.This takes a lot of consensious effort and time.,NA,,213,1,61,1,4,60+
71880,ZAF,South Africa,invalid,rule_B_only,131,NORMAL,,0,0,0,0,0,27.0,3.8288313527006324,0.15811388300841897,"Everyone.....humans, animals, nature...as studies are equally done in all these areas. Plus in SA we have the worlds top scientists",NA,,213,1,64,0,4,60+
71881,ZAF,South Africa,invalid,rule_B_only,12,NORMAL,,0,0,0,0,0,19.0,6.6778780563481,,NA,I don't know ,,213,1,77,1,4,60+
71887,ZAF,South Africa,invalid,rule_B_only,85,NORMAL,,0,0,0,0,0,17.0,4.56008032887333,0.7905694150420948,"Facts ... Facts ... Facts ...
as long as the facts are 100% correct and not bias ...
",NA,,213,1,74,1,4,60+
71890,ZAF,South Africa,invalid,rule_B_only,121,NORMAL,,0,0,0,0,0,17.0,3.8358420432944094,,NA,"Research, facts, honesty, experience  and to be known.
Also her or his exposure. Knowledge of the subject and references",,213,1,60,1,4,60+
71891,ZAF,South Africa,invalid,rule_B_only,119,NORMAL,,0,0,0,0,0,18.0,2.6154280622201522,,"Finding a cure for various illnesses - referring to Covid.19.
Science tends to benefit more the wealthy than the poor.",NA,,213,1,62,0,3,60+
