row_id,COUNTRY_CODE,COUNTRY_NAME,screening_tier,signal_count,is_verify,trigger_reason,signal_attention,signal_longstring,signal_mahalanobis,signal_odd_even,veto_any,veto_all_missing,veto_gibberish,attention_number_fail,attention_response_fail,attention_any_fail,ls_max_run,md_score,oe_r,BENEFIT_OPEN,TRUST_OPEN,ATTCHECK_NUMBER,ATTCHECK_RES,DEM_AGE,DEM_GENDER,DEM_EDU,DEM_AGEGRP,COUNTRY_CONT,final_decision
2813,AUS,Australia,HIGH,2,0,mahalanobis_outlier;odd_even_low,0,0,1,1,0,0,0,0,0,0,5.0,11.50825388563279,-0.8881716301507393,,Trusted sources,213,1,18.0,1.0,3,18-29,Australia/Oceania,
25947,SVN,Slovenia,HIGH,2,0,longstring_exceed;mahalanobis_outlier,0,1,1,0,0,0,0,0,0,0,35.0,10.392890523940652,0.6301902204663264,,-99,213,1,20.0,1.0,3,18-29,Europe,
29328,DEU,Germany,HIGH,2,0,mahalanobis_outlier;odd_even_low,0,0,1,1,0,0,0,0,0,0,4.0,13.562247065766076,-1.0,alle,,213,1,48.0,2.0,4,40-49,Europe,
35055,FRA,France,HIGH,2,0,mahalanobis_outlier;odd_even_low,0,0,1,1,0,0,0,0,0,0,12.0,11.168062047849403,-0.8944271909999159,La médecine beneficie le plus de la science avec les recherches scientifiques et les avancées technologiques ,,213,1,35.0,1.0,4,30-39,Europe,
39983,GBR,United Kingdom,HIGH,2,0,longstring_exceed;mahalanobis_outlier,0,1,1,0,0,0,0,0,0,0,54.0,10.269587394464995,,Curling things. Pity the Chinese ones created covid,,213,1,43.0,1.0,3,40-49,Europe,
46657,IND,India,HIGH,2,0,longstring_exceed;odd_even_low,0,1,0,1,0,0,0,0,0,0,35.0,5.595968047897347,-1.0,useful inthe future ,,213,1,57.0,1.0,4,50-59,Asia,
38552,PRT,Portugal,VERIFY,0,1,,0,0,0,0,0,0,0,0,1,1,7.0,5.538498432206212,-0.1,"a humanidade, pois a ciência descobre a cura para muitas doenças",a sua dedicação ao trabalho,213,4,48.0,0.0,4,40-49,Europe,
38555,PRT,Portugal,VERIFY,0,1,,0,0,0,0,0,0,0,0,1,1,4.0,5.351140920532275,0.2626128657194451,Todos nós pois a ciência nunca beneficia só uma pessoa ,A exposição com fatos do seu trabalho ,213,3,50.0,0.0,3,50-59,Europe,
38557,PRT,Portugal,VERIFY,0,1,,0,0,0,0,0,0,0,0,1,1,8.0,5.170459337991455,0.5521576303742327,Somos todos nós porque a ciência contribui para o desenvolvimento de tudo,A sua sabedoria ,213,4,51.0,0.0,3,50-59,Europe,
38573,PRT,Portugal,VERIFY,0,1,,0,0,0,0,0,0,0,0,1,1,4.0,7.752573192144351,-0.0944911182523068,Todos beneficiam,O seu percurso profissional e as descobertas ,213,4,49.0,0.0,4,40-49,Europe,
38574,PRT,Portugal,VERIFY,0,1,,0,0,0,0,0,0,0,0,1,1,10.0,4.20127631434652,0.7071067811865476,"Nós os nossos filhos, pais, todos beneficiamos com isso","Testes, eficacia",213,2,51.0,0.0,3,50-59,Europe,
38591,PRT,Portugal,VERIFY,0,1,,0,0,0,0,0,0,0,0,1,1,22.0,4.560811228760361,-0.4,Toda a humanidade.,o trabalho demonstrado,213,3,49.0,0.0,4,40-49,Europe,
38594,PRT,Portugal,VERIFY,0,1,,0,0,0,0,0,0,0,0,1,1,11.0,6.372585471563823,-0.1714985851425088,As grandes cooperatives e laboratories que ocultam a verdade para ter lucro,Não estar agregado a instituicoes publicas. ,213,2,52.0,0.0,4,50-59,Europe,
38601,PRT,Portugal,VERIFY,0,1,,0,0,0,0,0,0,0,0,1,1,14.0,6.723290829218705,,Beneficiamos todos,Mostrar experiências úteis ,213,4,46.0,0.0,4,40-49,Europe,
38606,PRT,Portugal,VERIFY,0,1,,0,0,0,0,0,0,0,0,1,1,17.0,4.638414324420946,-0.2,os ricos pois nunca chega aos pobres e classe media pois torna se muito cara!,Que consiga transmitir e sejam fiaveis para o ze povinho,213,3,48.0,0.0,4,40-49,Europe,
38612,PRT,Portugal,VERIFY,0,1,,0,0,0,0,0,0,0,0,1,1,15.0,3.597334572169264,,o estado e empresas ,certificada,213,4,47.0,0.0,3,40-49,Europe,
38617,PRT,Portugal,VERIFY,0,1,,0,0,0,0,0,0,0,0,1,1,8.0,4.36989413778013,,"Nós os seres humanos, os animais etc.  É preciso dos que todos colaborem pra termos algo novo",N faço ideia,213,2,52.0,0.0,3,50-59,Europe,
38628,PRT,Portugal,VERIFY,0,1,,0,0,0,0,0,0,0,0,1,1,16.0,4.186266139402096,0.7071067811865476,"Quem mais beneficia com a ciência é o Estado porque sem ela, não conseguiam tomar várias decisões. Também ajuda ao desenvolvimento do mundo e ao combate da pobreza, com algumas inovações tecnológicas. O maior problema da ciência é a desinformação e a falta de mais conteúdo gratuito sobre a ciência.","Boas investigações, boas pesquisas e ser o mais transparente possível",213,4,28.0,0.0,4,18-29,Europe,
38629,PRT,Portugal,VERIFY,0,1,,0,0,0,0,0,0,0,0,1,1,12.0,4.417473920058648,0.5813183589761798,"as pessoas, para o bem publico",o resultado do trabalho dele,213,4,42.0,0.0,3,40-49,Europe,
38640,PRT,Portugal,VERIFY,0,1,,0,0,0,0,0,0,0,0,1,1,12.0,6.490196773392512,-0.4472135954999579,Penso que são os doentes e a população em geral uma vez que os cientistas tentam encontrar vacinas e outros para as patologias e os problemas ambientais.,Se conseguir mostrar que as suas pesquisas são fiáveis.,213,3,47.0,0.0,4,40-49,Europe,
38642,PRT,Portugal,VERIFY,0,1,,0,0,0,0,0,0,0,0,1,1,5.0,5.45948008265573,0.408248290463863,As empresas pelos progressos que lhes dão ,Ter vários estudos e vários trabalhos reconhecidos,213,3,18.0,0.0,4,18-29,Europe,
38643,PRT,Portugal,VERIFY,0,1,,0,0,0,0,0,0,0,0,1,1,7.0,4.279592181920083,0.7071067811865476,Todos. Contributo para melhor qualidade de vida.,dedicação e profissionalismo,213,4,48.0,1.0,4,40-49,Europe,
38646,PRT,Portugal,VERIFY,0,1,,0,0,0,0,0,0,0,0,1,1,15.0,6.055882984145729,0.7156780854205468,"Deveríamos beneficiar todos, mas os grandes avanços na ciência ainda estão mais ao alcance de elites.
No campo militar é onde esse avanço é utilizado em primeiro lugar ",Os resultados verificados por profissionais e agências com competência para tal,213,2,57.0,0.0,4,50-59,Europe,
38649,PRT,Portugal,VERIFY,0,1,,0,0,0,0,0,0,0,0,1,1,12.0,4.253031695254222,0.6324555320336759,As geracoes futuras porque é um trabalho contínuo de pesquisa e melhoramento das condicoes,"São  os fatos, as experiencias e as conclusões certeiras",213,4,40.0,0.0,4,40-49,Europe,
38651,PRT,Portugal,VERIFY,0,1,,0,0,0,0,0,0,0,0,1,1,3.0,3.9638292457502056,0.816496580927726,"Todos nós beneficiamos com a ciência, basta saber usa-la para as situações certas",A divulgação do seu trabalho para que outros possam dar a sua opinião,213,2,52.0,1.0,4,50-59,Europe,
38656,PRT,Portugal,VERIFY,0,1,,0,0,0,0,0,0,0,0,1,1,12.0,4.303033148113116,,Toda a gente. Porque estamos a evoluir enquanto ciência ,Os resultados ,213,3,31.0,0.0,4,30-39,Europe,
38660,PRT,Portugal,VERIFY,0,1,,0,0,0,0,0,0,0,0,1,1,3.0,6.08636208009481,0.7592566023652966,"Industria Farmacêutica
",Industria Farmaceutica,213,2,36.0,1.0,4,30-39,Europe,
38662,PRT,Portugal,VERIFY,0,1,,0,0,0,0,0,0,0,0,1,1,6.0,5.526374398703261,0.0,todo o mundo. a ciencia permite qualidade de vida. contudo convem ser dedicado ao bem estar do que ao ganho somente monetario,tudo,213,3,30.0,1.0,4,30-39,Europe,
38671,PRT,Portugal,VERIFY,0,1,,0,0,0,0,0,0,0,0,1,1,12.0,3.767803719038323,,todos. vivemos todos neste mundo,que seja para o bem de todos,213,4,56.0,0.0,3,50-59,Europe,
38680,PRT,Portugal,VERIFY,0,1,,0,0,0,0,0,0,0,0,1,1,13.0,4.014854957915714,0.108465228909328,Todos beneficiamos com a ciência e as suas constantes descobertas,"A sua ética, a forma como as suas descobertas podem revolucionar o que conhecemos e como é dado a conhecer á comunidade cientifica",213,4,54.0,0.0,4,50-59,Europe,
38683,PRT,Portugal,VERIFY,0,1,,0,0,0,0,0,0,0,0,1,1,5.0,4.588919071648988,0.6324555320336759,A população mundial pois a ciência permite a evolução e sobrevivência ,Estudos éticos em ambientes controlados ,213,4,22.0,1.0,4,18-29,Europe,
38694,PRT,Portugal,VERIFY,0,1,,0,0,0,0,0,0,0,0,1,1,22.0,3.974898903671713,0.4629100498862757,Acho que todos de um modo geral. Precisamos da ciência para vivermos,Quando os resultados são crediveis e de facilmente compreensão,213,4,63.0,1.0,2,60+,Europe,
38698,PRT,Portugal,VERIFY,0,1,,0,0,0,0,0,0,0,0,1,1,16.0,5.074420738094941,0.5,Toda a população mundial,Os resultados,213,4,42.0,1.0,4,40-49,Europe,
38699,PRT,Portugal,VERIFY,0,1,,0,0,0,0,0,0,0,0,1,1,12.0,4.061822250378324,-0.6324555320336759,"Todos, desde que bem usado o conhecimento da ciência, se mal pasado... apenas alguns beneficiam e tiram vantagens desse conhecimento ou a ocultação do mesmo ","A isenção, só será confiável se não trabalhar para corporacoes com interesse em certos resultados dos estudos científicos.",213,2,51.0,1.0,3,50-59,Europe,
38708,PRT,Portugal,VERIFY,0,1,,0,0,0,0,0,0,0,0,1,1,11.0,3.881530007479497,1.0,"acho que os ricos, porque tem dinheiro para investir ","o seu certificado de habilitição e claro, que as suas teorias sejam comprovadas",213,3,31.0,0.0,4,30-39,Europe,
38752,PRT,Portugal,VERIFY,0,1,,0,0,0,0,0,0,0,0,1,1,4.0,5.461476389206085,0.4629100498862757,"A população em geral, os midia e até as grandes empresas. A ciência ajuda a divulgação  da população em geral.",Saber que a sua opinião e divulgação da propria ciência É TRANSMITIDA e ajuda a população a uma melhor sabedoria.,213,5,57.0,1.0,3,50-59,Europe,
38765,PRT,Portugal,VERIFY,0,1,,0,0,0,0,0,0,0,0,1,1,9.0,5.148135505798718,0.3321819194149599,"Todos nós beneficiamos com a ciência.
Na medida em que possibilita avanços nas mais variadas áreas ",O rigor da investigação que se propõe a fazer ,213,4,50.0,0.0,4,50-59,Europe,
38769,PRT,Portugal,VERIFY,0,1,,0,0,0,0,0,0,0,0,1,1,5.0,5.642640550862969,-0.8,"Os povos, permite o avanço, o desenvolvimento do conhecimento",Exemplos praticos que combinam com a teoria,213,3,43.0,1.0,4,40-49,Europe,
38779,PRT,Portugal,VERIFY,0,1,,0,0,0,0,0,0,0,0,1,1,5.0,5.155828146499824,0.4629100498862757,"A sociedade. A ciência seja na sua forma de arqueologia, medicina, engenharia, etc.",Os seus pares e publicações.,213,4,39.0,1.0,4,30-39,Europe,
38782,PRT,Portugal,VERIFY,0,1,,0,0,0,0,0,0,0,0,1,1,8.0,4.548240359964992,0.6324555320336759,Diversos áreas como tecnologia para ter um mundo mais evoluído ,Um profissional com credibilidade ,213,3,34.0,1.0,3,30-39,Europe,
38790,PRT,Portugal,VERIFY,0,1,,0,0,0,0,0,0,0,0,1,1,2.0,8.053614143234947,-0.8040844011283461,a industria,a sua experiencia através de pesquisas feitas,213,5,33.0,1.0,4,30-39,Europe,
38792,PRT,Portugal,VERIFY,0,1,,0,0,0,0,0,0,0,0,1,1,4.0,6.975106847209649,-0.5345224838248488,Mais beneficiados pela ciência serão as empresas e quem use melhor a ferramenta das hipóteses,Saber encontrar e reconhecer as respostas concretas do mundo,213,3,45.0,1.0,4,40-49,Europe,
38804,PRT,Portugal,VERIFY,0,1,,0,0,0,0,0,0,0,0,1,1,9.0,4.2925535882508,-0.6123724356957946,O ser Humano,Aquele que fundamenta a sua teoria baseado em factos,213,4,37.0,1.0,4,30-39,Europe,
38806,PRT,Portugal,VERIFY,0,1,,0,0,0,0,0,0,0,0,1,1,13.0,4.622330143899947,-0.1581138830084189,a população e o país beneficiam,"o que torna um cientista confiável, é forma são feitas as suas investigações para apresentarem um produto mais confiável perante um país",213,3,67.0,0.0,3,60+,Europe,
38807,PRT,Portugal,VERIFY,0,1,,0,0,0,0,0,0,0,0,1,1,4.0,6.224608454500256,0.8660254037844387,Neste momento o mundo empresarial que a explora. ,"O que torna um cientista confiável, são provas dadas ao nível das sua investigação e resultados.",213,4,33.0,1.0,4,30-39,Europe,
38829,PRT,Portugal,VERIFY,0,1,,0,0,0,0,0,0,0,0,1,1,4.0,4.368722110432098,0.5,"Com a ciência toda a humanidade ficara valorizada com o seu avanço, para que seja possível existir melhor qualidade de vida",Cientista confiável trata-se de um indivíduo integro com ideias claras de uma idoneidade impar.,213,3,34.0,1.0,3,30-39,Europe,
38832,PRT,Portugal,VERIFY,0,1,,0,0,0,0,0,0,0,0,1,1,6.0,5.838835322517659,0.4670993664969137,"nos, por sermos fieis humanos",a sua experiencia,213,4,27.0,1.0,3,18-29,Europe,
38845,PRT,Portugal,VERIFY,0,1,,0,0,0,0,0,0,0,0,1,1,12.0,6.926763975934855,-0.137360563948689,"Toda gente menos o cidadão comum, pois penso que existe muita desinformação a ser divulgada ","Sinceramente não consigo responder, qualquer pessoa ou posto pode ser confiável.",213,4,31.0,1.0,2,30-39,Europe,
38867,PRT,Portugal,VERIFY,0,1,,0,0,0,0,0,0,0,0,1,1,4.0,7.94085020783408,0.7715167498104595,Na,N,213,3,18.0,0.0,4,18-29,Europe,
38869,PRT,Portugal,VERIFY,0,1,,0,0,0,0,0,0,0,0,1,1,12.0,4.827226170367684,0.7745966692414834,Todos nós... Na saúde. Na alimentação ,O escrutínio a que está sujeito ,213,3,46.0,1.0,3,40-49,Europe,
38870,PRT,Portugal,VERIFY,0,1,,0,0,0,0,0,0,0,0,1,1,17.0,4.149013806257152,0.8944271909999159,"Acho que é uma questão que infelizmente não é muito bem colocada, pois quem beneficia são sempre os grandes organismos. Por exemplo relativamente a poluição acho horrível e mal os carros elétricos visto as suas baterias serem mais poluentes para o nosso sistema do que os carros a combustão. É um tema que não é abordado a 100% e não dizem os prós e contras em antes de fazerem. Deveriam ter mais atenção a estas situações pois quem fica sempre prejudicado são sempre as pessoas trabalhadoras honestas",É confiável quando ele diz a verdade pelo coração e não pelo dinheiro. Quando diz os prós e os contras ,213,3,25.0,0.0,3,18-29,Europe,
38871,PRT,Portugal,VERIFY,0,1,,0,0,0,0,0,0,0,0,1,1,5.0,5.728470729550127,-0.4330127018922193,Humanidade ,Resultados,213,3,26.0,0.0,4,18-29,Europe,
38872,PRT,Portugal,VERIFY,0,1,,0,0,0,0,0,0,0,0,1,1,28.0,3.265064692916114,-0.2,O estado,Provas concretas,213,3,29.0,1.0,3,18-29,Europe,
38873,PRT,Portugal,VERIFY,0,1,,0,0,0,0,0,0,0,0,1,1,19.0,3.258756348562162,,"Planeta, humanidade, etc",Credebilidade,213,3,43.0,1.0,3,40-49,Europe,
38888,PRT,Portugal,VERIFY,0,1,,0,0,0,0,0,0,0,0,1,1,3.0,6.074810450081858,-0.4763305116224668,Toda a gente beneficia porque conhecimento não prejudica muito pelo contrário. Quando estamos mais e melhor informados podemos fazer melhores decisões ,Porque segue o método científico e pode ser comprovada ,213,4,27.0,1.0,3,18-29,Europe,
38902,PRT,Portugal,VERIFY,0,1,,0,0,0,0,0,0,0,0,1,1,24.0,5.392523398297337,,.,.,213,3,56.0,0.0,3,50-59,Europe,
38914,PRT,Portugal,VERIFY,0,1,,0,0,0,0,0,0,0,0,1,1,7.0,4.579429981968255,0.5,As grandes corporações ,O seu trabalho ,213,3,26.0,1.0,4,18-29,Europe,
38915,PRT,Portugal,VERIFY,0,1,,0,0,0,0,0,0,0,0,1,1,13.0,6.070435513257781,0.0,o planeta e as pessoas.,aquele que consegue alertar p os perigos proximos,213,2,59.0,1.0,3,50-59,Europe,
38916,PRT,Portugal,VERIFY,0,1,,0,0,0,0,0,0,0,0,1,1,26.0,2.194218033758298,,.,.,213,3,38.0,1.0,3,30-39,Europe,
38922,PRT,Portugal,VERIFY,0,1,,0,0,0,0,0,0,0,0,1,1,12.0,5.668102621835667,-0.2626128657194451,Todos nós. No novas descobertas ,Os prêmios ,213,3,50.0,1.0,2,50-59,Europe,
38929,PRT,Portugal,VERIFY,0,1,,0,0,0,0,0,0,0,0,1,1,18.0,2.97378372219298,,"A sociedade, porque a ciência está conectada com vários ramos.",As suas investigações ,213,3,25.0,0.0,4,18-29,Europe,
38931,PRT,Portugal,VERIFY,0,1,,0,0,0,0,0,0,0,0,1,1,5.0,7.327766994853925,0.3692744729379982,somos todos. Porque através da ciência e da sua evolução temos melhores condições de vida,Os resultados,213,3,46.0,1.0,3,40-49,Europe,
38941,PRT,Portugal,VERIFY,0,1,,0,0,0,0,0,0,0,0,1,1,12.0,4.8816949229708015,,Os grandes grupos económicos porque tudo e negocio  ,humildade da pessoa  ,213,4,52.0,1.0,3,50-59,Europe,
38944,PRT,Portugal,VERIFY,0,1,,0,0,0,0,0,0,0,0,1,1,5.0,6.093687058679239,0.3692744729379982,Todos. Porque o conhecimento espalha-se e compartilhá-lo pela comunidade. Sem isso perde o interesse e a sua verdadeira eficácia por ausência de comunicação. ,O que investiga e desenvolve projetos úteis para todos afim de resolver problemas melhorando a nossa qualidade de vida e bem estar.,213,2,62.0,0.0,4,60+,Europe,
38948,PRT,Portugal,VERIFY,0,1,,0,0,0,0,0,0,0,0,1,1,20.0,5.08741288988451,,Sociedade em geral ,Com uma mente aberta,213,5,44.0,1.0,4,40-49,Europe,
38955,PRT,Portugal,VERIFY,0,1,,0,0,0,0,0,0,0,0,1,1,5.0,7.855650347284214,0.2105798931586654,Tudos nos beneficiamos da ciência pois graças a ela podemos desarrollar melhor nosso dia a dia e aprender casi día coisas novas ,Un cientista confiável torna as suas teorias e os experimentos que confirman a mesma ,213,3,18.0,0.0,3,18-29,Europe,
38960,PRT,Portugal,VERIFY,0,1,,0,0,0,0,0,0,0,0,1,1,20.0,3.3913374203513933,,A população no geral.,Alguém que esteja mesmo interessado no assunto.,213,3,32.0,0.0,3,30-39,Europe,
38971,PRT,Portugal,VERIFY,0,1,,0,0,0,0,0,0,0,0,1,1,9.0,4.507025047314458,,"A sociedade em geral, porque a ciência é a lógica em todas as coisas, trata-se de procurar os porquês e não de aceitar verdades idílicas ou religiosas.","Os resultados do seu estudo, confirmados por uma maioria considerável dos seus pares ",213,4,29.0,1.0,4,18-29,Europe,
38974,PRT,Portugal,VERIFY,0,1,,0,0,0,0,0,0,0,0,1,1,16.0,5.136867418638465,1.0,"Não sei elaborar 
",Não sei elaborar ,213,2,31.0,0.0,3,30-39,Europe,
38977,PRT,Portugal,VERIFY,0,1,,0,0,0,0,0,0,0,0,1,1,5.0,4.151052035612268,0.6123724356957946,"As pessoas doentes, uma vez que avanços na ciência ajudam a descobrir curas por exemplo",Não faço a mínima ideia.,213,3,31.0,0.0,4,30-39,Europe,
38979,PRT,Portugal,VERIFY,0,1,,0,0,0,0,0,0,0,0,1,1,6.0,5.5238655133417085,0.0,A sociedade. Por causa dos avanços transversais a todas as areas,Dados concretos sem quaisquer filiações ,213,5,29.0,0.0,4,18-29,Europe,
38987,PRT,Portugal,VERIFY,0,1,,0,0,0,0,0,0,0,0,1,1,7.0,7.924336972946559,0.2886751345948128,"As pessoas, o ganho de conhecimento favorece o nosso bem estar. ","Ser humilde, honesto e transparente ",213,3,25.0,1.0,3,18-29,Europe,
38991,PRT,Portugal,VERIFY,0,1,,0,0,0,0,0,0,0,0,1,1,22.0,3.6598829326362696,,Os médicos e os utentes ,Talvez a sua capacidade de descoberta ,213,4,34.0,1.0,3,30-39,Europe,
38997,PRT,Portugal,VERIFY,0,1,,0,0,0,0,0,0,0,0,1,1,16.0,6.168300072150583,0.5477225575051661,Agradeço muito mas sou muito reservada tenho depressão major ,Para mim confiável é a forma com o expõe e com certeza a verdade ,213,4,63.0,0.0,2,60+,Europe,
38999,PRT,Portugal,VERIFY,0,1,,0,0,0,0,0,0,0,0,1,1,8.0,4.299574069194555,0.6123724356957946,Não ,Honestidade ,213,3,27.0,1.0,3,18-29,Europe,
39002,PRT,Portugal,VERIFY,0,1,,0,0,0,0,0,0,0,0,1,1,25.0,6.1723544314099446,-0.2,"Humanos, aumenta o nosso conhecimento sobre o que se passa a nossa volta ",Se as experiências que fizer forem conformadas por cientistas já conhecidos,213,5,18.0,1.0,3,18-29,Europe,
39004,PRT,Portugal,VERIFY,0,1,,0,0,0,0,0,0,0,0,1,1,12.0,6.706943320215407,0.6565321642986127,"com a ciência todos beneficiamos  porque podemos ter acesso a modelos/valores / técnicas/ tecnologias comprovados,... (evolução sustentada) podemos de alguma forma tentar acautelar comportamentos,... os comportamentos racionais deveriam fazer parte inclusa e acompanhar a evolução e o crescimento de alguma forma incutida pela tecnologia  (podemos e devemos no entanto precaver anormalidades/desvios daquilo que supostamente será o equilíbrio, basta olhar para o conflito(guerra) russia-ucrania.",A experiência vs resultados,213,3,52.0,1.0,4,50-59,Europe,
39025,PRT,Portugal,VERIFY,0,1,,0,0,0,0,0,0,0,0,1,1,6.0,7.1413881252462295,-0.5477225575051661,Toda a gente fica a ganhar com a ciência no entanto esta tem de ser ética e moralmente respeitada não pode servir lobbies das grandes multinacionais. ,"A sua objetividade, argumentação robusta e inviolável e garantia de total imparcialidade perante empresas, governos ou qualquer autoridade/entidade. ",213,4,22.0,1.0,4,18-29,Europe,
39032,PRT,Portugal,VERIFY,0,1,,0,0,0,0,0,0,0,0,1,1,5.0,8.790995204768238,0.2791452631195412,jh,kjg,213,5,27.0,1.0,4,18-29,Europe,
39042,PRT,Portugal,VERIFY,0,1,,0,0,0,0,0,0,0,0,1,1,5.0,7.665628165642556,-0.1530931089239486,As empresas que fazem os estudos que são financiados pelos governos já que lhes dão muito dinheiro,"A empresa que fornece os dados, dependendo da empresa o cientista pode ser confiável ou não",213,3,19.0,1.0,3,18-29,Europe,
43205,IDN,Indonesia,VERIFY,0,1,,0,0,0,0,0,0,0,0,1,1,6.0,5.987952078128681,0.727606875108999,"Diri kita sendiri, karena dengan begitu kita bisa mendapatkan wawasan ",,213,4,23.0,1.0,3,18-29,Asia,
43221,IDN,Indonesia,VERIFY,0,1,,0,0,0,0,0,0,0,0,1,1,9.0,4.885516410728261,0.0,,Karena kecerdasan dan keahlian dibidang nya,213,3,24.0,0.0,3,18-29,Asia,
43229,IDN,Indonesia,VERIFY,0,1,,0,0,0,0,0,0,0,0,1,1,9.0,4.268716450125043,,,Dari hasil penelitiannya,213,4,50.0,1.0,4,50-59,Asia,
43244,IDN,Indonesia,VERIFY,0,1,,0,0,0,0,0,0,0,0,1,1,5.0,3.93481203323608,-0.25,,Karya ilmiah ,213,4,36.0,1.0,4,30-39,Asia,
43245,IDN,Indonesia,VERIFY,0,1,,0,0,0,0,0,0,0,0,1,1,4.0,4.796493597787952,0.7938841860374447,,Telah mekakukan penelitian dan riset yg benar,213,4,19.0,2.0,3,18-29,Asia,
43246,IDN,Indonesia,VERIFY,0,1,,0,0,0,0,0,0,0,0,1,1,15.0,2.96882618611952,,Kita semua karena dgn ilmu pengetahuan teknologi dapat berkembang dan kita sebagai pemakai teknologi yg diuntungkan,,213,2,43.0,0.0,4,40-49,Asia,
43255,IDN,Indonesia,VERIFY,0,1,,0,0,0,0,0,0,0,0,1,1,18.0,5.322227028225596,-0.7071067811865476,Masysrakat luas,,213,4,42.0,0.0,4,40-49,Asia,
43256,IDN,Indonesia,VERIFY,0,1,,0,0,0,0,0,0,0,0,1,1,29.0,4.6303298848404175,,"Kita sendiri, apabila kita belajar dan mendalami ilmu pengetahuan, yg untung adalah kita sendiri",,213,3,22.0,0.0,3,18-29,Asia,
43261,IDN,Indonesia,VERIFY,0,1,,0,0,0,0,0,0,0,0,1,1,7.0,4.207218530654649,-0.3162277660168379,"orang yang mau belajar, karena banyak manfaat dari pengetahuan ",,213,4,20.0,1.0,4,18-29,Asia,
43281,IDN,Indonesia,VERIFY,0,1,,0,0,0,0,0,0,0,0,1,1,4.0,7.459618530218498,0.0,,Ok,213,4,41.0,1.0,4,40-49,Asia,
43293,IDN,Indonesia,VERIFY,0,1,,0,0,0,0,0,0,0,0,1,1,15.0,3.4272977749665747,,,Teori yang dia sampaikan bisa dibuktikan secara ilmiah,213,3,54.0,0.0,4,50-59,Asia,
43294,IDN,Indonesia,VERIFY,0,1,,0,0,0,0,0,0,0,0,1,1,25.0,6.2384700918443405,0.0,"Manusia, karena dengan ilmu manusia dapat mendapatkan keuntungan",,213,4,23.0,0.0,4,18-29,Asia,
43307,IDN,Indonesia,VERIFY,0,1,,0,0,0,0,0,0,0,0,1,1,8.0,3.961006626304487,1.0,"Anak anak karena mereka dalam masa pengenalan ,perkembangan dan rasa ingin tau yang tinggi sehingga bisa mudah diingat dan dipelajari",,213,3,25.0,0.0,3,18-29,Asia,
43310,IDN,Indonesia,VERIFY,0,1,,0,0,0,0,0,0,0,0,1,1,4.0,6.103324245953007,-0.2970442628930023,Manusia karena bertambah pintar,,213,3,26.0,1.0,4,18-29,Asia,
43322,IDN,Indonesia,VERIFY,0,1,,0,0,0,0,0,0,0,0,1,1,16.0,4.860102815070011,0.3162277660168379,,ilmuwan,213,3,,0.0,3,,Asia,
43326,IDN,Indonesia,VERIFY,0,1,,0,0,0,0,0,0,0,0,1,1,22.0,2.95745165729186,,"Pihak kesehatan, media massa, pendidikan, seluruh masyarakat",,213,4,21.0,1.0,3,18-29,Asia,
43327,IDN,Indonesia,VERIFY,0,1,,0,0,0,0,0,0,0,0,1,1,12.0,3.758413444985876,0.4472135954999579,"Ilmu Pengetahuan sangat penting, apalagi di era seperti saat ini yang segala macam informasi dapat dengan mudah didapat",,213,4,45.0,0.0,4,40-49,Asia,
43331,IDN,Indonesia,VERIFY,0,1,,0,0,0,0,0,0,0,0,1,1,22.0,3.841235493441282,-0.5,,Hasilnya nyata berguna untuk masyarakat,213,4,40.0,0.0,4,40-49,Asia,
43334,IDN,Indonesia,VERIFY,0,1,,0,0,0,0,0,0,0,0,1,1,8.0,3.509383760859474,,"Yang paling di untung kan adalah kita, dengan adanya pembekalan ilmu pengetahuan kita menjadi manusia yang punya pengetahuan yang luas.",,213,4,27.0,1.0,4,18-29,Asia,
43337,IDN,Indonesia,VERIFY,0,1,,0,0,0,0,0,0,0,0,1,1,23.0,4.572572940910426,0.0,,Hasilnya bukan teori ,213,3,25.0,1.0,3,18-29,Asia,
43340,IDN,Indonesia,VERIFY,0,1,,0,0,0,0,0,0,0,0,1,1,15.0,4.855025996582655,-0.5773502691896257,,Karena penelitian dan pengetahuan yang luas,213,4,25.0,1.0,3,18-29,Asia,
43341,IDN,Indonesia,VERIFY,0,1,,0,0,0,0,0,0,0,0,1,1,8.0,6.337117458415687,0.6324555320336759,,Penelitian nya,213,3,25.0,1.0,3,18-29,Asia,
43356,IDN,Indonesia,VERIFY,0,1,,0,0,0,0,0,0,0,0,1,1,6.0,3.8583212169595575,,,karyanya indepeden tidak mempolitisasi,213,4,52.0,1.0,4,50-59,Asia,
43394,IDN,Indonesia,VERIFY,0,1,,0,0,0,0,0,0,0,0,1,1,10.0,5.619372392323026,0.1714985851425088,,"Karyanya sesuai ilmiah, dan nyata",213,4,25.0,1.0,3,18-29,Asia,
43413,IDN,Indonesia,VERIFY,0,1,,0,0,0,0,0,0,0,0,1,1,5.0,4.518572367359999,-0.4472135954999579,,Dasar ilmunya,213,3,36.0,0.0,4,30-39,Asia,
43418,IDN,Indonesia,VERIFY,0,1,,0,0,0,0,0,0,0,0,1,1,6.0,4.307265587376783,0.2,,Ilmu yang ditempanya,213,3,36.0,0.0,4,30-39,Asia,
43429,IDN,Indonesia,VERIFY,0,1,,0,0,0,0,0,0,0,0,1,1,4.0,4.727033682933597,-0.3162277660168379,,karena pengetahuanya cukup tinggi dan telah tereuji,213,4,49.0,0.0,3,40-49,Asia,
43431,IDN,Indonesia,VERIFY,0,1,,0,0,0,0,0,0,0,0,1,1,10.0,3.917020602823181,0.6123724356957946,,selama omongannya masuk dia akal,213,4,54.0,0.0,3,50-59,Asia,
43436,IDN,Indonesia,VERIFY,0,1,,0,0,0,0,0,0,0,0,1,1,20.0,3.0398646977714305,,,Temuan berdasarkan penelitian dan fakta yang ada serta telah melakukan percobaan dan telah berhasil. Hasil yang transparan tidak ada manipulasi data penelitian,213,3,30.0,0.0,4,30-39,Asia,
43438,IDN,Indonesia,VERIFY,0,1,,0,0,0,0,0,0,0,0,1,1,29.0,3.317893902219494,,,Tidak tahu,213,3,34.0,1.0,3,30-39,Asia,
43451,IDN,Indonesia,VERIFY,0,1,,0,0,0,0,0,0,0,0,1,1,13.0,5.049880633508774,,Kita,,213,4,22.0,1.0,3,18-29,Asia,
43468,IDN,Indonesia,VERIFY,0,1,,0,0,0,0,0,0,0,0,1,1,7.0,3.543042311346545,,masyarakat berkat penemuan - penemuan yang bisa diterapkan di berbagai aspek,,213,3,50.0,1.0,4,50-59,Asia,
43471,IDN,Indonesia,VERIFY,0,1,,0,0,0,0,0,0,0,0,1,1,24.0,3.772007001080512,0.6324555320336759,"Semua mahluk hidup Karena dapat diketahui, dipahami, dimengerti tentang alam semesta",,213,3,59.0,1.0,4,50-59,Asia,
43474,IDN,Indonesia,VERIFY,0,1,,0,0,0,0,0,0,0,0,1,1,4.0,5.024614453069163,0.4200840252084029,,dapat dipercaya bila disertai bukti dan hasil dari penelitian yang akurat,213,4,29.0,0.0,3,18-29,Asia,
43475,IDN,Indonesia,VERIFY,0,1,,0,0,0,0,0,0,0,0,1,1,3.0,6.745045297583468,0.8,Semua masyarakat memperoleh manfaat dari ilmu pengetahuan,,213,3,39.0,1.0,4,30-39,Asia,
43487,IDN,Indonesia,VERIFY,0,1,,0,0,0,0,0,0,0,0,1,1,9.0,4.409695156769392,0.4472135954999579,manusia . karena manusia memiliki akal,,213,3,33.0,1.0,4,30-39,Asia,
43503,IDN,Indonesia,VERIFY,0,1,,0,0,0,0,0,0,0,0,1,1,9.0,5.360960250280493,0.4152273992686998,,Penjelasan dari hasil penelitiannya dan bukti dari hasil yang dia pelajari. ,213,4,44.0,1.0,4,40-49,Asia,
43507,IDN,Indonesia,VERIFY,0,1,,0,0,0,0,0,0,0,0,1,1,9.0,3.631281031339108,,Manusia karena orang di dunia ini pasti membutuhkan suatu pengetahuan.,,213,4,47.0,1.0,3,40-49,Asia,
43508,IDN,Indonesia,VERIFY,0,1,,0,0,0,0,0,0,0,0,1,1,23.0,2.613373951850972,,Tidak tahu,,213,4,30.0,0.0,4,30-39,Asia,
43509,IDN,Indonesia,VERIFY,0,1,,0,0,0,0,0,0,0,0,1,1,4.0,4.750206776030919,,,ilmuwan yang ketika berbicara sesuai fakta dan tidak mengada-ada,213,3,22.0,0.0,4,18-29,Asia,
43539,IDN,Indonesia,VERIFY,0,1,,0,0,0,0,0,0,0,0,1,1,11.0,3.490855036821248,0.2,manusia tentunya,,213,4,37.0,1.0,4,30-39,Asia,
43550,IDN,Indonesia,VERIFY,0,1,,0,0,0,0,0,0,0,0,1,1,22.0,2.3109846678037584,,,Karena dapat di mengerti,213,4,20.0,0.0,3,18-29,Asia,
43556,IDN,Indonesia,VERIFY,0,1,,0,0,0,0,0,0,0,0,1,1,9.0,2.728589760720628,,,"Y
",213,3,47.0,1.0,4,40-49,Asia,
43562,IDN,Indonesia,VERIFY,0,1,,0,0,0,0,0,0,0,0,1,1,12.0,4.8397589450110745,0.8783100656536799,,karena ahli dibidangnya dan lebih kredibel,213,4,32.0,0.0,4,30-39,Asia,
43563,IDN,Indonesia,VERIFY,0,1,,0,0,0,0,0,0,0,0,1,1,23.0,2.892102995815112,1.0,,"Latar belakang orang tersebut, reputasi ",213,4,34.0,0.0,4,30-39,Asia,
43575,IDN,Indonesia,VERIFY,0,1,,0,0,0,0,0,0,0,0,1,1,8.0,3.657045007188236,0.2,"Manusia karena bisa menambah wawasan pengetahuan, mengeksplorw dan mengedukasi diri sendiri dan orang lain",,213,4,53.0,0.0,4,50-59,Asia,
43584,IDN,Indonesia,VERIFY,0,1,,0,0,0,0,0,0,0,0,1,1,29.0,4.4345106819577325,-0.2,,Jujur dan bertanggung jawab,213,3,30.0,2.0,4,30-39,Asia,
43587,IDN,Indonesia,VERIFY,0,1,,0,0,0,0,0,0,0,0,1,1,6.0,3.8589675149453897,0.2,"Masyarakat
Karena sangat bermanfaat",,213,4,53.0,0.0,4,50-59,Asia,
43607,IDN,Indonesia,VERIFY,0,1,,0,0,0,0,0,0,0,0,1,1,10.0,3.15117231219495,,masyarakat karena dapat kemudahan dari ilmu pengetahuan,,213,3,50.0,1.0,4,50-59,Asia,
43622,IDN,Indonesia,VERIFY,0,1,,0,0,0,0,0,0,0,0,1,1,3.0,5.7579189219503935,,"Manusia, karena dengan adanya ilmu pengetahuan manusia bisa mengeksplor lebih dalam tentang segala hal yang ada di dunia ini",,213,4,28.0,1.0,4,18-29,Asia,
43631,IDN,Indonesia,VERIFY,0,1,,0,0,0,0,0,0,0,0,1,1,14.0,6.29442368892386,0.2,"kita semua, kare ilmu pengetahuan membuat kita bisa melakukan apapum",,213,4,46.0,1.0,4,40-49,Asia,
43634,IDN,Indonesia,VERIFY,0,1,,0,0,0,0,0,0,0,0,1,1,31.0,3.4356646878924737,0.3162277660168379,,Penelitian dan penemuannya,213,3,26.0,0.0,4,18-29,Asia,
43636,IDN,Indonesia,VERIFY,0,1,,0,0,0,0,0,0,0,0,1,1,12.0,2.328385081721441,,"yang diuntungkan penemu dan masyarakat, jika penemuan tersebut murni untum kepentingan umum",,213,3,30.0,1.0,4,30-39,Asia,
43638,IDN,Indonesia,VERIFY,0,1,,0,0,0,0,0,0,0,0,1,1,17.0,4.974654589951876,0.0,"semua umat manusia,,dengan ilmu bisa memudahkan dan dimudahkan tp blum tentu mudah melakukannya",,213,3,44.0,1.0,4,40-49,Asia,
43639,IDN,Indonesia,VERIFY,0,1,,0,0,0,0,0,0,0,0,1,1,4.0,5.066964942856149,-0.25,Kita semua diuntungkan ,,213,4,34.0,1.0,4,30-39,Asia,
43642,IDN,Indonesia,VERIFY,0,1,,0,0,0,0,0,0,0,0,1,1,28.0,2.271580270962228,,"Kita sendiri, jadi lebih banyak tau mengenai banyak hal",,213,4,36.0,1.0,4,30-39,Asia,
43647,IDN,Indonesia,VERIFY,0,1,,0,0,0,0,0,0,0,0,1,1,4.0,4.268138765201287,-0.4472135954999579,,Kita semu diuntungkan,213,4,34.0,1.0,4,30-39,Asia,
43664,IDN,Indonesia,VERIFY,0,1,,0,0,0,0,0,0,0,0,1,1,24.0,3.94176684680048,0.7071067811865476,pada dasarnya kita semua diuntungkan dengan adanya ilmu pengetahuan dan penemuan penamuan terbarunya  bergantung dari sudut mana kita melihatnya dan bagaimana kita menyikapinya akan tetapi pada saat kondisi seperti ini lebaih banyak mereka menyikapinya dari segi keuntungan semata imbas dari semua hal baru dikesampingkan,,213,3,50.0,1.0,3,50-59,Asia,
43665,IDN,Indonesia,VERIFY,0,1,,0,0,0,0,0,0,0,0,1,1,4.0,6.535368411551415,0.1581138830084189,yang punya pendidikan tertinggi,,213,3,20.0,1.0,3,18-29,Asia,
43679,IDN,Indonesia,VERIFY,0,1,,0,0,0,0,0,0,0,0,1,1,13.0,6.511383716588836,,,bisa di buktikan dulu,213,3,25.0,1.0,3,18-29,Asia,
43682,IDN,Indonesia,VERIFY,0,1,,0,0,0,0,0,0,0,0,1,1,21.0,2.739324179433576,,Semuanya ,,213,4,25.0,0.0,3,18-29,Asia,
43687,IDN,Indonesia,VERIFY,0,1,,0,0,0,0,0,0,0,0,1,1,7.0,4.363108481606256,-0.2,ada,,213,3,26.0,1.0,3,18-29,Asia,
43708,IDN,Indonesia,VERIFY,0,1,,0,0,0,0,0,0,0,0,1,1,30.0,3.441994205779264,,"semua orang yg berpendidikan , menambah ilmu",,213,3,45.0,0.0,3,40-49,Asia,
43711,IDN,Indonesia,VERIFY,0,1,,0,0,0,0,0,0,0,0,1,1,4.0,4.05518023941134,,Kita semua,,213,4,42.0,0.0,4,40-49,Asia,
43717,IDN,Indonesia,VERIFY,0,1,,0,0,0,0,0,0,0,0,1,1,15.0,4.28433342531832,-0.4472135954999579,,Dengan tindakan yang baik,213,4,25.0,0.0,3,18-29,Asia,
43719,IDN,Indonesia,VERIFY,0,1,,0,0,0,0,0,0,0,0,1,1,5.0,4.652035619756185,-0.5,Kita semua ,,213,4,42.0,1.0,4,40-49,Asia,
43727,IDN,Indonesia,VERIFY,0,1,,0,0,0,0,0,0,0,0,1,1,9.0,3.495975565463027,,manusia karena semakin memudahkan hidup manusia ,,213,4,70.0,0.0,2,60+,Asia,
43730,IDN,Indonesia,VERIFY,0,1,,0,0,0,0,0,0,0,0,1,1,4.0,4.201117381711354,0.0,,Karena penelitian yang sudah di uji dengan baik dan sangat teliti,213,4,35.0,1.0,4,30-39,Asia,
43731,IDN,Indonesia,VERIFY,0,1,,0,0,0,0,0,0,0,0,1,1,12.0,2.7584518334570816,,,jika sudah ada hasil riset,213,3,43.0,0.0,4,40-49,Asia,
43733,IDN,Indonesia,VERIFY,0,1,,0,0,0,0,0,0,0,0,1,1,22.0,2.7816391089055297,,"kita semua ,karena kita akan mengetahui lebih cepat mengenai iptek secara lebih cepat dan real time
",,213,3,45.0,1.0,4,40-49,Asia,
43734,IDN,Indonesia,VERIFY,0,1,,0,0,0,0,0,0,0,0,1,1,10.0,3.679772179113374,0.5,Tidak ada komentar. Terima kasih.,,213,4,28.0,1.0,4,18-29,Asia,
43735,IDN,Indonesia,VERIFY,0,1,,0,0,0,0,0,0,0,0,1,1,24.0,3.854888882582344,1.0,,Jujur dan sesuai,213,3,53.0,0.0,4,50-59,Asia,
43738,IDN,Indonesia,VERIFY,0,1,,0,0,0,0,0,0,0,0,1,1,12.0,6.890858959440301,0.108465228909328,"orang yang share ilmunya, karna berbuat kebaikan",,213,3,23.0,1.0,3,18-29,Asia,
43740,IDN,Indonesia,VERIFY,0,1,,0,0,0,0,0,0,0,0,1,1,3.0,3.63581067739524,0.3162277660168379,,"karena seorang ilmuwan telah melakukan penelitian,sehingga apa yang d hasilkannya kemungkinan dapat dipercaya",213,4,40.0,0.0,4,40-49,Asia,
43745,IDN,Indonesia,VERIFY,0,1,,0,0,0,0,0,0,0,0,1,1,4.0,5.751632980928371,0.3162277660168379,"yang paling diuntungkan dari Ilmu Pengetahuan yaitu pengusaha, dengan ada nya llmu pengetahuan bisa menambah lahan untuk membuka usaha yang baru",,213,3,40.0,0.0,4,40-49,Asia,
43747,IDN,Indonesia,VERIFY,0,1,,0,0,0,0,0,0,0,0,1,1,8.0,4.881663571154001,0.7071067811865476,,ya dapat dipercaya karena penelitian nya,213,3,35.0,1.0,3,30-39,Asia,
43756,IDN,Indonesia,VERIFY,0,1,,0,0,0,0,0,0,0,0,1,1,15.0,4.078244513352929,0.3429971702850176,,"publikasi jurnal dan detail penelitian yang telah dilakukan, publikasi buku, podcast atau diskusi dengan public figure dengan gaya bahasa yang mudah dipahami",213,3,29.0,0.0,4,18-29,Asia,
43757,IDN,Indonesia,VERIFY,0,1,,0,0,0,0,0,0,0,0,1,1,4.0,5.780117717169288,-0.4472135954999579,manusia karena terbantukan adanya teknologi yang mutahir menjadikan manusia terbantu atas kecanggihan teknologi tersebut,,213,3,28.0,1.0,4,18-29,Asia,
43779,IDN,Indonesia,VERIFY,0,1,,0,0,0,0,0,0,0,0,1,1,12.0,4.1625657423221725,,Pemerintah. Karena pemerintah mempunyai kekuasaan penuh,,213,4,28.0,0.0,4,18-29,Asia,
43786,IDN,Indonesia,VERIFY,0,1,,0,0,0,0,0,0,0,0,1,1,14.0,2.9425106866622985,,,Karena untuk menjadi ilmuan bukan orang sembarangan harus org org berpendidikan tinggi dan banyak pengalaman,213,3,27.0,1.0,4,18-29,Asia,
43815,IDN,Indonesia,VERIFY,0,1,,0,0,0,0,0,0,0,0,1,1,5.0,4.610777862726308,0.5,,Ide cemerlang nya atau hasil dr experimen yg berhasil di gunakan,213,3,32.0,0.0,3,30-39,Asia,
43820,IDN,Indonesia,VERIFY,0,1,,0,0,0,0,0,0,0,0,1,1,4.0,5.351393239514564,-0.3162277660168379,,karena fakta dan opini telah di buktikan secara nyata,213,4,27.0,0.0,3,18-29,Asia,
43821,IDN,Indonesia,VERIFY,0,1,,0,0,0,0,0,0,0,0,1,1,9.0,3.9621535815530695,,"Kita semua di untungkan, karena membantu kehidupan kita ke depan",,213,4,25.0,0.0,4,18-29,Asia,
43828,IDN,Indonesia,VERIFY,0,1,,0,0,0,0,0,0,0,0,1,1,8.0,3.823106548255268,0.25,,ilmunya bermanfaat,213,4,28.0,0.0,4,18-29,Asia,
43831,IDN,Indonesia,VERIFY,0,1,,0,0,0,0,0,0,0,0,1,1,10.0,4.295247792498618,-0.25,wawasan untuk melakukan suatu hal,,213,4,52.0,0.0,3,50-59,Asia,
43839,IDN,Indonesia,VERIFY,0,1,,0,0,0,0,0,0,0,0,1,1,6.0,4.064905709325957,,semua orang. dengan ilmu pengetahuan kehidupan akan lebih baik,,213,3,28.0,1.0,4,18-29,Asia,
43841,IDN,Indonesia,VERIFY,0,1,,0,0,0,0,0,0,0,0,1,1,9.0,5.069663192738068,0.8401680504168059,manusia pemakai,,213,4,28.0,1.0,4,18-29,Asia,
43846,IDN,Indonesia,VERIFY,0,1,,0,0,0,0,0,0,0,0,1,1,17.0,4.302415527335088,,,"ketika bisa mengungkapkan beberapa fakta ilmiah yg ada
",213,4,23.0,1.0,3,18-29,Asia,
43851,IDN,Indonesia,VERIFY,0,1,,0,0,0,0,0,0,0,0,1,1,4.0,4.809584845201434,-0.4117647058823529,,Dengan karya tulisan nya dan teori serta praktek yang ia jalanin atau temukan,213,4,23.0,1.0,3,18-29,Asia,
43856,IDN,Indonesia,VERIFY,0,1,,0,0,0,0,0,0,0,0,1,1,4.0,3.978512996307826,-0.3162277660168379,,Memberikan penjelasan ilmiah yang mudah dipahami orang awam,213,4,46.0,0.0,4,40-49,Asia,
43858,IDN,Indonesia,VERIFY,0,1,,0,0,0,0,0,0,0,0,1,1,6.0,4.112921643338564,,semua orang karena dengan ilmu pengetahuan membuat hidup manusia lebih tertata rapi dan terstruktur,,213,3,44.0,1.0,4,40-49,Asia,
43870,IDN,Indonesia,VERIFY,0,1,,0,0,0,0,0,0,0,0,1,1,21.0,2.786240510801976,,diri sendiri karena semua benefit adalah untuk diri sendiri,,213,4,29.0,0.0,4,18-29,Asia,
43874,IDN,Indonesia,VERIFY,0,1,,0,0,0,0,0,0,0,0,1,1,6.0,3.7766272686480993,,"Orang banyak, karena ilmu pengetahuan merupakan ilmu yang dapat di nikmati oleh semua orang.",,213,4,34.0,1.0,4,30-39,Asia,
43882,IDN,Indonesia,VERIFY,0,1,,0,0,0,0,0,0,0,0,1,1,5.0,5.538894972013295,-0.6324555320336759,Diri sendiri karena ilmu pengetahuan sangat penting untuk bejar ,,213,4,32.0,0.0,4,30-39,Asia,
43892,IDN,Indonesia,VERIFY,0,1,,0,0,0,0,0,0,0,0,1,1,3.0,5.532648057517807,0.1856953381770519,manusia yang mampu menggunakannya,,213,4,53.0,0.0,4,50-59,Asia,
43901,IDN,Indonesia,VERIFY,0,1,,0,0,0,0,0,0,0,0,1,1,14.0,3.274172565276167,-0.6324555320336759,"Manusia lah yang di untungkan, terutama manusia yang mampu mengubah dunia dengan ilmu pengetahuan sehingga terwujudnya peradaban manusia menjadi lebih baik demi keberlangsungan hidup di masa depan",,213,4,28.0,1.0,4,18-29,Asia,
43903,IDN,Indonesia,VERIFY,0,1,,0,0,0,0,0,0,0,0,1,1,5.0,3.72407042569124,,semua umat manusia,,213,4,51.0,1.0,4,50-59,Asia,
43904,IDN,Indonesia,VERIFY,0,1,,0,0,0,0,0,0,0,0,1,1,9.0,3.907853977028994,,Kita sendiri karna kita dapat mengetahui ke lanjutan hidup kita dengan ilmu pengetahuan dan tujuan hidup kita mau d arahkan ke mna,,213,4,33.0,0.0,4,30-39,Asia,
43928,IDN,Indonesia,VERIFY,0,1,,0,0,0,0,0,0,0,0,1,1,9.0,3.5635435966111504,,,dapat dipercaya,213,4,39.0,0.0,4,30-39,Asia,
43943,IDN,Indonesia,VERIFY,0,1,,0,0,0,0,0,0,0,0,1,1,5.0,3.208392850719588,,,Hasil penelitiannya dapat dipertanggungjawabkan dan sesuai data data uji,213,3,43.0,1.0,4,40-49,Asia,
43944,IDN,Indonesia,VERIFY,0,1,,0,0,0,0,0,0,0,0,1,1,10.0,3.074420290880363,,,implementasinya dimasyarakat,213,4,38.0,1.0,4,30-39,Asia,
43946,IDN,Indonesia,VERIFY,0,1,,0,0,0,0,0,0,0,0,1,1,5.0,3.696991801440984,-0.4472135954999579,Penemuan yang berguna ,,213,4,37.0,0.0,4,30-39,Asia,
43950,IDN,Indonesia,VERIFY,0,1,,0,0,0,0,0,0,0,0,1,1,12.0,4.74245616422568,0.0450377349111044,Rakyat jelata,,213,4,47.0,1.0,4,40-49,Asia,
43960,IDN,Indonesia,VERIFY,0,1,,0,0,0,0,0,0,0,0,1,1,4.0,6.239057139813443,0.3333333333333333,,sebelumnya telah ujicoba dan riset,213,3,44.0,1.0,4,40-49,Asia,
43972,IDN,Indonesia,VERIFY,0,1,,0,0,0,0,0,0,0,0,1,1,13.0,3.2126143958638544,0.3162277660168379,yang di untung kan adalah yang mengetahuai ilmu tersebut,,213,3,27.0,0.0,4,18-29,Asia,
43973,IDN,Indonesia,VERIFY,0,1,,0,0,0,0,0,0,0,0,1,1,5.0,3.788484001240236,-0.7071067811865476,,Penemuan yang berguna,213,4,42.0,0.0,4,40-49,Asia,
43979,IDN,Indonesia,VERIFY,0,1,,0,0,0,0,0,0,0,0,1,1,9.0,3.639898037389648,,,"sebenarnya tidak hanya semua sudah sesuai prosedur bahwa setiap orng yg bersekolah wajib memberikan ilmunya untuk bangsa dan negara, sehingga layaknya bisa dipercaya",213,4,50.0,1.0,4,50-59,Asia,
43999,IDN,Indonesia,VERIFY,0,1,,0,0,0,0,0,0,0,0,1,1,6.0,5.444505185553398,-0.8,seluruh penduduk dunia,,213,4,65.0,1.0,4,60+,Asia,
44004,IDN,Indonesia,VERIFY,0,1,,0,0,0,0,0,0,0,0,1,1,10.0,3.158169339762277,1.0,,lemutakhiran hasil penemuannya,213,4,59.0,0.0,3,50-59,Asia,
44010,IDN,Indonesia,VERIFY,0,1,,0,0,0,0,0,0,0,0,1,1,17.0,2.328385081721441,,,ilmuwan yang temuannya merupakan hasil dari penelitian yang benar dan logis,213,3,57.0,1.0,4,50-59,Asia,
44020,IDN,Indonesia,VERIFY,0,1,,0,0,0,0,0,0,0,0,1,1,12.0,4.952366379859421,,,Dipercaya jika dia membuat penemuan yang bermanfaat bagi manusia,213,3,32.0,0.0,1,30-39,Asia,
44027,IDN,Indonesia,VERIFY,0,1,,0,0,0,0,0,0,0,0,1,1,16.0,5.1087290593829335,,Semua makhluk hidup karena membantu kemudahan dalam menjalani kehidupan,,213,4,60.0,1.0,4,60+,Asia,
44045,IDN,Indonesia,VERIFY,0,1,,0,0,0,0,0,0,0,0,1,1,4.0,5.559114375647952,0.4330127018922193,masyarakat luas karena sangat penting bagi kelangsungan hidup individu lainnya,,213,2,56.0,1.0,4,50-59,Asia,
44047,IDN,Indonesia,VERIFY,0,1,,0,0,0,0,0,0,0,0,1,1,4.0,4.481861409837796,-0.5,Umat manusia secara garis besar karena memberikan dampak yang besar dalam kehidupan,,213,4,32.0,,4,30-39,Asia,
44054,IDN,Indonesia,VERIFY,0,1,,0,0,0,0,0,0,0,0,1,1,6.0,4.748214422129744,,,Hasil penelitiannya memang terbukti,213,4,50.0,1.0,4,50-59,Asia,
44056,IDN,Indonesia,VERIFY,0,1,,0,0,0,0,0,0,0,0,1,1,19.0,3.839513171352039,,,Ilmuwan yang sejati pasti dapat dipercaya,213,3,57.0,1.0,3,50-59,Asia,
44057,IDN,Indonesia,VERIFY,0,1,,0,0,0,0,0,0,0,0,1,1,29.0,2.8499284999689567,,"mendapatkan info , ilmu, dan pengalaman baru",,213,3,52.0,1.0,4,50-59,Asia,
44060,IDN,Indonesia,VERIFY,0,1,,0,0,0,0,0,0,0,0,1,1,8.0,4.463798635973925,0.3333333333333333,masyarakat karna wawasan kita jadi berkembang,,213,3,56.0,0.0,4,50-59,Asia,
44065,IDN,Indonesia,VERIFY,0,1,,0,0,0,0,0,0,0,0,1,1,4.0,4.932587536118697,0.2,Orang-orang yang memiliki tujuan tertentu yang mengarah pada objek tertentu,,213,3,32.0,0.0,4,30-39,Asia,
44071,IDN,Indonesia,VERIFY,0,1,,0,0,0,0,0,0,0,0,1,1,9.0,3.056545595864052,,orang yang memanfaatkan dengan baik ilmu pengetahuan itu,,213,4,38.0,,4,30-39,Asia,
44078,IDN,Indonesia,VERIFY,0,1,,0,0,0,0,0,0,0,0,1,1,15.0,4.15612006270975,,,hasil riset yang terbukti secara ilmiah,213,3,25.0,0.0,4,18-29,Asia,
44083,IDN,Indonesia,VERIFY,0,1,,0,0,0,0,0,0,0,0,1,1,7.0,5.086028056272659,-0.6123724356957946,Masyarakat  karena Menurut Anda siapa yang paling diuntungkan dari ilmu pengetahuan d,,213,4,30.0,0.0,4,30-39,Asia,
44090,IDN,Indonesia,VERIFY,0,1,,0,0,0,0,0,0,0,0,1,1,4.0,5.8726955362822055,-0.1066003581778052,,Tidak ada komentar ,213,4,35.0,0.0,3,30-39,Asia,
44091,IDN,Indonesia,VERIFY,0,1,,0,0,0,0,0,0,0,0,1,1,5.0,3.741065608242129,,"yang paling diuntungkan dari ilmu prngetahuan adalah produsen perangkat, karena mereka bisa membuat dan menjaul perangkat kepada masyarakat",,213,3,40.0,1.0,3,40-49,Asia,
44095,IDN,Indonesia,VERIFY,0,1,,0,0,0,0,0,0,0,0,1,1,10.0,3.389957354433135,0.25,,dia berkata sejujur jujurnya tentang apa yang dia lakukan,213,3,44.0,1.0,4,40-49,Asia,
44108,IDN,Indonesia,VERIFY,0,1,,0,0,0,0,0,0,0,0,1,1,12.0,4.645022748012383,,Ilmuan sendiri dan orang sekitar,,213,2,30.0,0.0,3,30-39,Asia,
44115,IDN,Indonesia,VERIFY,0,1,,0,0,0,0,0,0,0,0,1,1,10.0,3.206353246467014,,,hanya jika ilmuwan tersebut dapat memberikan bukti dan fakta secara nyata tentang apa yang mereka pelajari dan mereka teliti dan dapat bermanfaat bagi semua makhluk hidup ,213,3,45.0,0.0,4,40-49,Asia,
44128,IDN,Indonesia,VERIFY,0,1,,0,0,0,0,0,0,0,0,1,1,12.0,3.9882462661117337,0.0,"Manusia, karena dengan ilmu pengetahuan, manusia dapat memahami hal-hal di dunia kemudian dimanfaatkan untuk kehidupannya menjadi lebih baik.",,213,3,36.0,1.0,4,30-39,Asia,
44164,IDN,Indonesia,VERIFY,0,1,,0,0,0,0,0,0,0,0,1,1,8.0,3.948124262291252,1.0,Banyak orang yang akan mendapatkan manfaat dari ilmu pengetahuna tersebut.,,213,3,38.0,1.0,3,30-39,Asia,
44177,IDN,Indonesia,VERIFY,0,1,,0,0,0,0,0,0,0,0,1,1,7.0,3.893489347728348,0.7071067811865476,,dari ilmu pengetahuan yang dia miliki dan pelajari cukup lama.  dan gelar dan prestasi yang dia miliki ,213,4,42.0,1.0,4,40-49,Asia,
44179,IDN,Indonesia,VERIFY,0,1,,0,0,0,0,0,0,0,0,1,1,28.0,4.97914023237211,0.4472135954999579,,karena penemuannya yang bisa dipertanggung jawabkan ,213,4,41.0,0.0,3,40-49,Asia,
44181,IDN,Indonesia,VERIFY,0,1,,0,0,0,0,0,0,0,0,1,1,20.0,2.6139231483307643,,,-,213,3,28.0,0.0,4,18-29,Asia,
44189,IDN,Indonesia,VERIFY,0,1,,0,0,0,0,0,0,0,0,1,1,15.0,3.367877373756888,,seluruh masyarakat. Karena dapat mempermudah kehidupan ini,,213,4,45.0,0.0,4,40-49,Asia,
44194,IDN,Indonesia,VERIFY,0,1,,0,0,0,0,0,0,0,0,1,1,15.0,3.97095279799812,1.0,,dapat dibuktikan,213,3,48.0,1.0,3,40-49,Asia,
44202,IDN,Indonesia,VERIFY,0,1,,0,0,0,0,0,0,0,0,1,1,10.0,3.9229900507553466,,ilmu untuk bertahan hidup di dunia,,213,4,40.0,1.0,4,40-49,Asia,
44205,IDN,Indonesia,VERIFY,0,1,,0,0,0,0,0,0,0,0,1,1,20.0,2.4991794680221298,,,hasil temuannya,213,3,41.0,0.0,4,40-49,Asia,
44210,IDN,Indonesia,VERIFY,0,1,,0,0,0,0,0,0,0,0,1,1,4.0,4.445567666451665,0.25,diri sendiri karena ilmu itu penting,,213,3,24.0,1.0,4,18-29,Asia,
44216,IDN,Indonesia,VERIFY,0,1,,0,0,0,0,0,0,0,0,1,1,6.0,3.304001296239897,,"Pemeeintah , karena untuk kepentingan bersama",,213,4,40.0,1.0,3,40-49,Asia,
44236,IDN,Indonesia,VERIFY,0,1,,0,0,0,0,0,0,0,0,1,1,6.0,4.74981526870676,0.7071067811865476,,karna karya nya yang dapat dipercaya dan sangat luarbiasa,213,3,42.0,1.0,4,40-49,Asia,
44237,IDN,Indonesia,VERIFY,0,1,,0,0,0,0,0,0,0,0,1,1,3.0,6.26320514575009,0.5423261445466404,,karena berdasarkan fakta yang telah dilakukan,213,4,25.0,1.0,4,18-29,Asia,
44238,IDN,Indonesia,VERIFY,0,1,,0,0,0,0,0,0,0,0,1,1,12.0,3.358573876088015,-0.4,,karena seorang ilmuan membuat keputusan berdasarkan ilmiah yang diuji kebenarannya sebelumnya,213,4,23.0,0.0,4,18-29,Asia,
44240,IDN,Indonesia,VERIFY,0,1,,0,0,0,0,0,0,0,0,1,1,15.0,2.18588689041434,,diri sendiri dan lingkungan karena bisa berguna dikemudian hari,,213,4,37.0,0.0,4,30-39,Asia,
44244,IDN,Indonesia,VERIFY,0,1,,0,0,0,0,0,0,0,0,1,1,4.0,3.572264151179911,0.2,,Bisa,213,4,27.0,1.0,3,18-29,Asia,
44248,IDN,Indonesia,VERIFY,0,1,,0,0,0,0,0,0,0,0,1,1,10.0,3.4950560076502257,1.0,seluruh masyarakat bumi karena mereka yang akan mendapatkanya dan memiliki ,,213,4,22.0,1.0,4,18-29,Asia,
44251,IDN,Indonesia,VERIFY,0,1,,0,0,0,0,0,0,0,0,1,1,4.0,4.441653332379308,-0.5,"MASYARAKAT LUAS, KARENA SIAPAPUN BISA MENIKMATI HASILNYA",,213,4,34.0,1.0,4,30-39,Asia,
44263,IDN,Indonesia,VERIFY,0,1,,0,0,0,0,0,0,0,0,1,1,5.0,4.275732337089741,0.2,,Bukti ilmiah,213,4,33.0,1.0,4,30-39,Asia,
44264,IDN,Indonesia,VERIFY,0,1,,0,0,0,0,0,0,0,0,1,1,16.0,2.3350143684506928,,,Hasil penelitian ilmuwan tersebut berdasarkan data akurat.,213,4,47.0,0.0,4,40-49,Asia,
44265,IDN,Indonesia,VERIFY,0,1,,0,0,0,0,0,0,0,0,1,1,7.0,6.639292473035513,0.0,,Hasil dari teorinya,213,4,49.0,1.0,4,40-49,Asia,
44267,IDN,Indonesia,VERIFY,0,1,,0,0,0,0,0,0,0,0,1,1,5.0,4.7225422372753405,-0.3333333333333333,Yang diuntungkan dari ilmu pengetahuan adalah usahawan dan pemakai kreatif,,213,3,,1.0,4,,Asia,
267,ALB,Albania,MEDIUM,1,0,longstring_exceed,0,1,0,0,0,0,0,0,0,0,33.0,5.992739800567523,,,Na cat trapin thnx,213,1,28.0,0.0,4,18-29,Europe,
334,ALB,Albania,MEDIUM,1,0,longstring_exceed,0,1,0,0,0,0,0,0,0,0,35.0,6.545388807672866,,"njerzit pasi  i ben te zgjuar dhe kurioz
",,213,1,19.0,1.0,3,18-29,Europe,
351,ALB,Albania,MEDIUM,1,0,mahalanobis_outlier,0,0,1,0,0,0,0,0,0,0,6.0,9.542554770311895,0.7206037585776719,,Besimi i shpikjes se tij,213,1,56.0,1.0,3,50-59,Europe,
469,ARG,Argentina,MEDIUM,1,0,odd_even_low,0,0,0,1,0,0,0,0,0,0,11.0,4.555250355680733,-0.8783100656536799,"Deberíamos beneficiarnos todos, pero en si, quien invierte en la ciencia y la gente que puede acceder mas facil a ella (socioeconomía, ubicación geográfica)",,213,1,18.0,1.0,3,18-29,Latin America,
508,ARG,Argentina,MEDIUM,1,0,longstring_exceed,0,1,0,0,0,0,0,0,0,0,38.0,7.401369325568361,0.6324555320336759,,Nose,213,1,26.0,1.0,4,18-29,Latin America,
536,ARG,Argentina,MEDIUM,1,0,mahalanobis_outlier,0,0,1,0,0,0,0,0,0,0,3.0,9.470071712403849,0.3721042037676254,,Profesionalismo,213,1,28.0,0.0,3,18-29,Latin America,
546,ARG,Argentina,MEDIUM,1,0,mahalanobis_outlier,0,0,1,0,0,0,0,0,0,0,5.0,9.205864780648604,0.4982092549276937,La verdad no sabría que decirte nc mucho del tema ,,213,1,30.0,1.0,2,30-39,Latin America,
565,ARG,Argentina,MEDIUM,1,0,odd_even_low,0,0,0,1,0,0,0,0,0,0,9.0,4.120586812882458,-0.9258200997725514,"Depende como se aplique, se beneficia la.poblacion en general, o los laboratorios en particular, los lobbies... es relativo.
La comprobación científica aporta seguridad.
Hay descubrimientos útiles a la salud, otros útiles al bolsillo, otros útiles al poder...",,213,1,51.0,0.0,4,50-59,Latin America,
696,ARG,Argentina,MEDIUM,1,0,longstring_exceed,0,1,0,0,0,0,0,0,0,0,35.0,7.13170788250711,,Políticos ,,213,1,30.0,0.0,4,30-39,Latin America,
771,ARG,Argentina,MEDIUM,1,0,mahalanobis_outlier,0,0,1,0,0,0,0,0,0,0,6.0,9.22538661325536,-0.0986927542439653,Nos venecianos todos !,,213,1,50.0,0.0,3,50-59,Latin America,
888,AUS,Australia,MEDIUM,1,0,longstring_exceed,0,1,0,0,0,0,0,0,0,0,57.0,2.438546386963593,,Not sure,,213,1,26.0,0.0,4,18-29,Australia/Oceania,
890,AUS,Australia,MEDIUM,1,0,longstring_exceed,0,1,0,0,0,0,0,0,0,0,34.0,1.2370612467706423,,,Knowledge on things. Education. Proper explanation. Presentation,213,1,31.0,0.0,4,30-39,Australia/Oceania,
907,AUS,Australia,MEDIUM,1,0,longstring_exceed,0,1,0,0,0,0,0,0,0,0,43.0,5.061763413845532,-0.2,I don't know,,213,1,54.0,0.0,3,50-59,Australia/Oceania,
970,AUS,Australia,MEDIUM,1,0,longstring_exceed,0,1,0,0,0,0,0,0,0,0,42.0,3.1390244770556905,,,"They are well educated and have knowledge in their field,, being open to others opinions",213,1,42.0,0.0,4,40-49,Australia/Oceania,
994,AUS,Australia,MEDIUM,1,0,odd_even_low,0,0,0,1,0,0,0,0,0,0,4.0,4.681341479477515,-1.0,-99,,213,1,,1.0,4,,Australia/Oceania,
996,AUS,Australia,MEDIUM,1,0,odd_even_low,0,0,0,1,0,0,0,0,0,0,3.0,4.355934854978698,-1.0,-99,,213,1,,1.0,4,,Australia/Oceania,
1003,AUS,Australia,MEDIUM,1,0,odd_even_low,0,0,0,1,0,0,0,0,0,0,3.0,4.76646166647398,-1.0,,-99,213,1,39.0,1.0,4,30-39,Australia/Oceania,
1006,AUS,Australia,MEDIUM,1,0,odd_even_low,0,0,0,1,0,0,0,0,0,0,3.0,4.667807083902277,-1.0,-99,,213,1,34.0,1.0,4,30-39,Australia/Oceania,
1007,AUS,Australia,MEDIUM,1,0,odd_even_low,0,0,0,1,0,0,0,0,0,0,4.0,4.270932895859338,-1.0,-99,,213,1,28.0,1.0,4,18-29,Australia/Oceania,
1010,AUS,Australia,MEDIUM,1,0,odd_even_low,0,0,0,1,0,0,0,0,0,0,3.0,4.518457953007515,-1.0,,-99,213,1,26.0,1.0,4,18-29,Australia/Oceania,
1015,AUS,Australia,MEDIUM,1,0,odd_even_low,0,0,0,1,0,0,0,0,0,0,4.0,4.659866668704207,-1.0,,-99,213,1,35.0,0.0,4,30-39,Australia/Oceania,
1016,AUS,Australia,MEDIUM,1,0,odd_even_low,0,0,0,1,0,0,0,0,0,0,3.0,4.439124822312105,-1.0,,-99,213,1,19.0,0.0,4,18-29,Australia/Oceania,
1022,AUS,Australia,MEDIUM,1,0,odd_even_low,0,0,0,1,0,0,0,0,0,0,3.0,4.978229900738514,-1.0,,-99,213,1,21.0,0.0,4,18-29,Australia/Oceania,
1066,AUS,Australia,MEDIUM,1,0,longstring_exceed,0,1,0,0,0,0,0,0,0,0,42.0,2.2422037563520694,,,have no idea,213,1,69.0,0.0,3,60+,Australia/Oceania,
1324,AUS,Australia,MEDIUM,1,0,odd_even_low,0,0,0,1,0,0,0,0,0,0,6.0,4.182998957875356,-1.0,,-99,213,1,35.0,1.0,4,30-39,Australia/Oceania,
1327,AUS,Australia,MEDIUM,1,0,odd_even_low,0,0,0,1,0,0,0,0,0,0,3.0,4.521089861138564,-1.0,-99,,213,1,36.0,1.0,4,30-39,Australia/Oceania,
1331,AUS,Australia,MEDIUM,1,0,odd_even_low,0,0,0,1,0,0,0,0,0,0,4.0,4.59743731481719,-1.0,-99,,213,1,39.0,1.0,4,30-39,Australia/Oceania,
1364,AUS,Australia,MEDIUM,1,0,longstring_exceed,0,1,0,0,0,0,0,0,0,0,40.0,5.249040947855469,0.6324555320336759,,,213,1,40.0,0.0,3,40-49,Australia/Oceania,
1369,AUS,Australia,MEDIUM,1,0,longstring_exceed,0,1,0,0,0,0,0,0,0,0,33.0,3.6996428221020223,1.0,To be aware of what might happen in the future,,213,1,61.0,0.0,4,60+,Australia/Oceania,
1384,AUS,Australia,MEDIUM,1,0,odd_even_low,0,0,0,1,0,0,0,0,0,0,3.0,4.712501144834159,-1.0,,-99,213,1,46.0,1.0,4,40-49,Australia/Oceania,
1422,AUS,Australia,MEDIUM,1,0,longstring_exceed,0,1,0,0,0,0,0,0,0,0,49.0,6.608195560787208,,,their theory and believes,213,1,19.0,,2,18-29,Australia/Oceania,
1461,AUS,Australia,MEDIUM,1,0,odd_even_low,0,0,0,1,0,0,0,0,0,0,4.0,4.727473973516882,-1.0,"We've come a long way since we lamented how helpless ancient people were. The early deaths of countless children are still caused by factors such as poverty and sickness. According to the World Health Organization, in 2019, more than 5 million children under the age of 5 died from causes that may have been avoided or treated. Knowledge is power, and experts may be better able to address issues like poor sanitation and food insecurity if they have access to data pointing to their origins. The findings of scientific studies on childhood cancer and other health hazards may be useful to medical practitioners.
",,213,1,41.0,1.0,4,40-49,Australia/Oceania,
1467,AUS,Australia,MEDIUM,1,0,odd_even_low,0,0,0,1,0,0,0,0,0,0,3.0,4.845809160283571,-1.0,,"To use research as a tool to persuade others to change their views is not a scientific approach. As a consequence, you'll be able to analyse situations with more nuance. You will learn how to analyse massive datasets as part of your scientific training. You improve your ability to evaluate information and determine whether further investigation is required. A person's analytical abilities might be useful in many different industries.",213,1,42.0,1.0,4,40-49,Australia/Oceania,
1531,AUS,Australia,MEDIUM,1,0,mahalanobis_outlier,0,0,1,0,0,0,0,0,0,0,9.0,9.93384707304379,,Good,,213,1,22.0,,2,18-29,Australia/Oceania,
1532,AUS,Australia,MEDIUM,1,0,mahalanobis_outlier,0,0,1,0,0,0,0,0,0,0,5.0,12.079635782658317,-0.1581138830084189,,"The facts, statistics, logic",213,1,25.0,0.0,3,18-29,Australia/Oceania,
1562,AUS,Australia,MEDIUM,1,0,longstring_exceed,0,1,0,0,0,0,0,0,0,0,41.0,4.617162801931188,,I think we all benefitin h3 long run,,213,1,48.0,0.0,3,40-49,Australia/Oceania,
1572,AUS,Australia,MEDIUM,1,0,longstring_exceed,0,1,0,0,0,0,0,0,0,0,39.0,6.608195560787208,,The government politicians benefit for graft,,213,1,64.0,1.0,4,60+,Australia/Oceania,
1669,AUS,Australia,MEDIUM,1,0,odd_even_low,0,0,0,1,0,0,0,0,0,0,3.0,5.045567011711967,-1.0,"Scientists have the most professional knowledge and put forward many insights are very rigorous, while more is to carry out a long period of research to get.",,213,1,48.0,0.0,4,40-49,Australia/Oceania,
1674,AUS,Australia,MEDIUM,1,0,odd_even_low,0,0,0,1,0,0,0,0,0,0,4.0,4.667967357026095,-1.0,"Scientists are more about conducting research, and they go through a very long period of time before they can get an accurate answer, which is the most convincing.",,213,1,52.0,1.0,4,50-59,Australia/Oceania,
1675,AUS,Australia,MEDIUM,1,0,odd_even_low,0,0,0,1,0,0,0,0,0,0,4.0,4.717418711366233,-1.0,,"Scientists have been exploring and studying, and are after a lot of analysis to come to a conclusion, is certainly very valuable and credible.",213,1,59.0,0.0,3,50-59,Australia/Oceania,
1677,AUS,Australia,MEDIUM,1,0,longstring_exceed,0,1,0,0,0,0,0,0,0,0,33.0,2.3821081075538717,,Not sure,,213,1,24.0,0.0,4,18-29,Australia/Oceania,
1679,AUS,Australia,MEDIUM,1,0,odd_even_low,0,0,0,1,0,0,0,0,0,0,3.0,4.7049352782295495,-1.0,,"More than anything else, the development of the recommended data information gives us more confidence in the scientists' expertise.",213,1,56.0,1.0,2,50-59,Australia/Oceania,
1714,AUS,Australia,MEDIUM,1,0,odd_even_low,0,0,0,1,0,0,0,0,0,0,4.0,4.445790755165159,-1.0,"Basically humans benefit the most, allowing us to help enhance society through scientific experiments.",,213,1,48.0,1.0,3,40-49,Australia/Oceania,
1715,AUS,Australia,MEDIUM,1,0,longstring_exceed,0,1,0,0,0,0,0,0,0,0,46.0,7.70449543391849,,I give up,,213,1,71.0,1.0,3,60+,Australia/Oceania,
1776,AUS,Australia,MEDIUM,1,0,odd_even_low,0,0,0,1,0,0,0,0,0,0,2.0,4.384265866379603,-1.0,The interests of the people are greatest and life is better,,213,1,32.0,0.0,4,30-39,Australia/Oceania,
1779,AUS,Australia,MEDIUM,1,0,odd_even_low,0,0,0,1,0,0,0,0,0,0,2.0,4.982239956600155,-1.0,,"The most critical thing is the information of data from scientific research, and some results can help people to better improve the quality of life.",213,1,41.0,0.0,4,40-49,Australia/Oceania,
1780,AUS,Australia,MEDIUM,1,0,odd_even_low,0,0,0,1,0,0,0,0,0,0,3.0,4.739152857271889,-1.0,I think what will benefit the most is the air technology that will enhance the safety of air flight more and help people move forward better.,,213,1,56.0,1.0,4,50-59,Australia/Oceania,
1784,AUS,Australia,MEDIUM,1,0,odd_even_low,0,0,0,1,0,0,0,0,0,0,3.0,6.251256118927408,-1.0,,"Scientists have researched many results that are used in real life and can allow us to improve the quality of technology, so it is the most trustworthy.",213,1,38.0,0.0,4,30-39,Australia/Oceania,
1799,AUS,Australia,MEDIUM,1,0,odd_even_low,0,0,0,1,0,0,0,0,0,0,4.0,4.49311791697134,-1.0,,"In my opinion, the reason why scientists are trusted by more people is mainly because the scientific research results of their research are very convincing and can be more applied to practice.",213,1,36.0,0.0,4,30-39,Australia/Oceania,
1845,AUS,Australia,MEDIUM,1,0,longstring_exceed,0,1,0,0,0,0,0,0,0,0,42.0,2.34017425256623,,,Pure fact,213,1,61.0,1.0,3,60+,Australia/Oceania,
1847,AUS,Australia,MEDIUM,1,0,mahalanobis_outlier,0,0,1,0,0,0,0,0,0,0,6.0,9.563830770050846,0.5521576303742327,,"I am not too sure. I don't have much insight into what being a scientist entails other than what I briefly and superficially see on social media and hear from others. I just hold hope that the strict ethical and research standards are upheld doing research, and only trust source that come from ""gov"" sites or science journals",213,1,24.0,0.0,4,18-29,Australia/Oceania,
1849,AUS,Australia,MEDIUM,1,0,mahalanobis_outlier,0,0,1,0,0,0,0,0,0,0,3.0,9.596300423117276,-0.1463850109422799,Idk,,213,1,36.0,0.0,4,30-39,Australia/Oceania,
1884,AUS,Australia,MEDIUM,1,0,mahalanobis_outlier,0,0,1,0,0,0,0,0,0,0,14.0,11.60543439083168,0.6,,"Long time proof and consistency 
",213,1,45.0,1.0,3,40-49,Australia/Oceania,
1949,AUS,Australia,MEDIUM,1,0,longstring_exceed,0,1,0,0,0,0,0,0,0,0,46.0,5.071374299732538,,,Proven proof of research,213,1,44.0,0.0,4,40-49,Australia/Oceania,
1967,AUS,Australia,MEDIUM,1,0,longstring_exceed,0,1,0,0,0,0,0,0,0,0,38.0,5.593927783452037,0.9438798074485388,,It makes a scientist trustworthy by releasing a true statement not just a false information,213,1,21.0,0.0,4,18-29,Australia/Oceania,
2054,AUS,Australia,MEDIUM,1,0,longstring_exceed,0,1,0,0,0,0,0,0,0,0,57.0,2.2422037563520694,,,when you saw them working very hard for their experiment to have a good result,213,1,40.0,0.0,4,40-49,Australia/Oceania,
2228,AUS,Australia,MEDIUM,1,0,longstring_exceed,0,1,0,0,0,0,0,0,0,0,57.0,2.7323707112063667,,,Not sure,213,1,29.0,0.0,3,18-29,Australia/Oceania,
2293,AUS,Australia,MEDIUM,1,0,longstring_exceed,0,1,0,0,0,0,0,0,0,0,42.0,2.7323707112063667,,knowledge because its important,,213,1,42.0,1.0,4,40-49,Australia/Oceania,
2299,AUS,Australia,MEDIUM,1,0,longstring_exceed,0,1,0,0,0,0,0,0,0,0,71.0,6.608195560787208,,-99,,213,1,28.0,0.0,3,18-29,Australia/Oceania,
2306,AUS,Australia,MEDIUM,1,0,odd_even_low,0,0,0,1,0,0,0,0,0,0,16.0,5.978327855848487,-1.0,,"Adherence to scientific principles, transparency, objectivity, excellent communicator, non judgemental, humble, outcomes focussed, passionate but not dogmatic, references sources of thought, separates knowledge from ego, understands fundamental epistomological axioms.",213,1,43.0,1.0,4,40-49,Australia/Oceania,
2337,AUS,Australia,MEDIUM,1,0,odd_even_low,0,0,0,1,0,0,0,0,0,0,15.0,4.399018153405056,-1.0,,ItÕs based on facts,213,1,30.0,0.0,4,30-39,Australia/Oceania,
2436,AUS,Australia,MEDIUM,1,0,odd_even_low,0,0,0,1,0,0,0,0,0,0,4.0,4.040603318374606,-1.0,-99,,213,1,21.0,1.0,4,18-29,Australia/Oceania,
2440,AUS,Australia,MEDIUM,1,0,odd_even_low,0,0,0,1,0,0,0,0,0,0,4.0,4.645316966069846,-1.0,,-99,213,1,25.0,1.0,4,18-29,Australia/Oceania,
2455,AUS,Australia,MEDIUM,1,0,odd_even_low,0,0,0,1,0,0,0,0,0,0,3.0,5.069485989691273,-1.0,"Businesses, provide a lot of science and technology so that they can get more profits",,213,1,41.0,1.0,4,40-49,Australia/Oceania,
2473,AUS,Australia,MEDIUM,1,0,odd_even_low,0,0,0,1,0,0,0,0,0,0,4.0,3.932963610815366,-1.0,-99,,213,1,44.0,1.0,4,40-49,Australia/Oceania,
2474,AUS,Australia,MEDIUM,1,0,odd_even_low,0,0,0,1,0,0,0,0,0,0,4.0,4.087689927850118,-1.0,,-99,213,1,44.0,1.0,4,40-49,Australia/Oceania,
2475,AUS,Australia,MEDIUM,1,0,odd_even_low,0,0,0,1,0,0,0,0,0,0,5.0,3.9333590381312895,-1.0,-99,,213,1,44.0,1.0,4,40-49,Australia/Oceania,
2479,AUS,Australia,MEDIUM,1,0,odd_even_low,0,0,0,1,0,0,0,0,0,0,3.0,4.414223391492614,-1.0,-99,,213,1,44.0,1.0,4,40-49,Australia/Oceania,
2531,AUS,Australia,MEDIUM,1,0,longstring_exceed,0,1,0,0,0,0,0,0,0,0,35.0,3.5789700809089826,,The tech companies. We donÕt seem to make half as many gains in the medical world as we do I. The technological world sadly,,213,1,41.0,0.0,4,40-49,Australia/Oceania,
2538,AUS,Australia,MEDIUM,1,0,mahalanobis_outlier,0,0,1,0,0,0,0,0,0,0,2.0,10.877781225440843,0.652847726106847,I'm not sure why sorry,,213,1,22.0,0.0,4,18-29,Australia/Oceania,
2558,AUS,Australia,MEDIUM,1,0,longstring_exceed,0,1,0,0,0,0,0,0,0,0,54.0,3.610064592913152,,I dont know anything much about science,,213,1,40.0,0.0,4,40-49,Australia/Oceania,
2563,AUS,Australia,MEDIUM,1,0,mahalanobis_outlier,0,0,1,0,0,0,0,0,0,0,7.0,10.41685170871081,-0.0963738849304853,The people with science jobs,,213,1,18.0,1.0,3,18-29,Australia/Oceania,
2585,AUS,Australia,MEDIUM,1,0,mahalanobis_outlier,0,0,1,0,0,0,0,0,0,0,15.0,12.262306612782664,-0.0344827586206896,"Technology is the biggest benefit in my opinion whether it be a device for consumers or medical science used to help people
",,213,1,30.0,0.0,3,30-39,Australia/Oceania,
2614,AUS,Australia,MEDIUM,1,0,odd_even_low,0,0,0,1,0,0,0,0,0,0,4.0,4.2198516523750325,-1.0,We do not have modern medicine for all new diseases.,,213,1,41.0,0.0,4,40-49,Australia/Oceania,
2671,AUS,Australia,MEDIUM,1,0,odd_even_low,0,0,0,1,0,0,0,0,0,0,4.0,5.50351485386078,-1.0,"In terms of chemical composition, science had been instrumental in the development of numerous biotech industries and benefitted the most over the time period",,213,1,40.0,1.0,4,40-49,Australia/Oceania,
2710,AUS,Australia,MEDIUM,1,0,odd_even_low,0,0,0,1,0,0,0,0,0,0,6.0,4.643900287886341,-1.0,I don't. know about this,,213,1,29.0,0.0,3,18-29,Australia/Oceania,
2728,AUS,Australia,MEDIUM,1,0,mahalanobis_outlier,0,0,1,0,0,0,0,0,0,0,7.0,10.1070452441185,0.4824506406770076,,"With all the statistics and information they provide
",213,1,19.0,0.0,3,18-29,Australia/Oceania,
2755,AUS,Australia,MEDIUM,1,0,mahalanobis_outlier,0,0,1,0,0,0,0,0,0,0,13.0,11.087755663952953,0.0,All of humanityÉ itÕs what excels us forward if the mind can conceive it science will achieve it,,213,1,35.0,1.0,3,30-39,Australia/Oceania,
2771,AUS,Australia,MEDIUM,1,0,longstring_exceed,0,1,0,0,0,0,0,0,0,0,57.0,2.7323707112063667,,health services,,213,1,42.0,1.0,3,40-49,Australia/Oceania,
2777,AUS,Australia,MEDIUM,1,0,longstring_exceed,0,1,0,0,0,0,0,0,0,0,57.0,2.34017425256623,,To find away to get vaccancation  what else we can find cures for cancers,,213,1,64.0,0.0,3,60+,Australia/Oceania,
2793,AUS,Australia,MEDIUM,1,0,longstring_exceed,0,1,0,0,0,0,0,0,0,0,56.0,2.144579809155359,,,I don't know,213,1,40.0,0.0,3,40-49,Australia/Oceania,
2806,AUS,Australia,MEDIUM,1,0,mahalanobis_outlier,0,0,1,0,0,0,0,0,0,0,2.0,10.08126144016139,-0.4152273992686998,Because it helps us understand thongs,,213,1,36.0,0.0,3,30-39,Australia/Oceania,
2875,AUS,Australia,MEDIUM,1,0,mahalanobis_outlier,0,0,1,0,0,0,0,0,0,0,12.0,10.25591472859469,,,How accurate they are at solving problems that arise in science.,213,1,33.0,1.0,3,30-39,Australia/Oceania,
2890,AUS,Australia,MEDIUM,1,0,odd_even_low,0,0,0,1,0,0,0,0,0,0,5.0,4.220184769055219,-1.0,-99,,213,1,34.0,1.0,4,30-39,Australia/Oceania,
2957,AUS,Australia,MEDIUM,1,0,longstring_exceed,0,1,0,0,0,0,0,0,0,0,57.0,8.98714009464638,,"Kids  they're smart

",,213,1,66.0,1.0,3,60+,Australia/Oceania,
2962,AUS,Australia,MEDIUM,1,0,longstring_exceed,0,1,0,0,0,0,0,0,0,0,57.0,4.617162801931188,,,His background and qualifications,213,1,22.0,1.0,3,18-29,Australia/Oceania,
2969,AUS,Australia,MEDIUM,1,0,longstring_exceed,0,1,0,0,0,0,0,0,0,0,32.0,7.19556731895895,,Cause it's better,,213,1,31.0,0.0,3,30-39,Australia/Oceania,
2998,AUS,Australia,MEDIUM,1,0,longstring_exceed,0,1,0,0,0,0,0,0,0,0,42.0,2.2422037563520694,,Idk,,213,1,28.0,0.0,3,18-29,Australia/Oceania,
3057,AUS,Australia,MEDIUM,1,0,odd_even_low,0,0,0,1,0,0,0,0,0,0,4.0,7.805673798644626,-0.9429903335828896,Then the next few days ago and I will be in the morning and I will be in the morning,,213,1,25.0,1.0,4,18-29,Australia/Oceania,
3063,AUS,Australia,MEDIUM,1,0,odd_even_low,0,0,0,1,0,0,0,0,0,0,9.0,3.7618970553664894,-1.0,,When they have evidence to back up what they are saying or trying to prove,213,1,21.0,0.0,3,18-29,Australia/Oceania,
3094,AUS,Australia,MEDIUM,1,0,longstring_exceed,0,1,0,0,0,0,0,0,0,0,42.0,2.3387389266270087,,,-99,213,1,55.0,0.0,4,50-59,Australia/Oceania,
3100,AUS,Australia,MEDIUM,1,0,longstring_exceed,0,1,0,0,0,0,0,0,0,0,60.0,4.084542697963936,,,Knows all their facts and can back it up with explanations.,213,1,39.0,1.0,3,30-39,Australia/Oceania,
3115,AUS,Australia,MEDIUM,1,0,odd_even_low,0,0,0,1,0,0,0,0,0,0,12.0,3.4841351316155187,-1.0,,They are very smart as proffesionals in there occupation,213,1,20.0,1.0,3,18-29,Australia/Oceania,
3145,AUS,Australia,MEDIUM,1,0,odd_even_low,0,0,0,1,0,0,0,0,0,0,6.0,5.217112195162604,-0.8944271909999159,-99,,213,1,44.0,1.0,4,40-49,Australia/Oceania,
3149,AUS,Australia,MEDIUM,1,0,odd_even_low,0,0,0,1,0,0,0,0,0,0,4.0,4.171320564338054,-1.0,,The work of a scientist prove them trustworthy,213,1,36.0,1.0,4,30-39,Australia/Oceania,
3151,AUS,Australia,MEDIUM,1,0,odd_even_low,0,0,0,1,0,0,0,0,0,0,4.0,4.144172511479949,-1.0,,-99,213,1,35.0,1.0,4,30-39,Australia/Oceania,
3185,AUS,Australia,MEDIUM,1,0,odd_even_low,0,0,0,1,0,0,0,0,0,0,4.0,3.492114523798337,-1.0,Everyone science is one of the most important thing in the world it doesn't just tell us our the earth work bug there is so much health benefits in science,,213,1,24.0,0.0,3,18-29,Australia/Oceania,
3258,AUS,Australia,MEDIUM,1,0,mahalanobis_outlier,0,0,1,0,0,0,0,0,0,0,12.0,9.583352221940572,0.6418012510669561,,The only thing that can make a scientist semi trust worthy is another scientist with a different opinion so then you can listen or read their arguments and form your opinion on who to trust. Which is why the Government and media didn't let anyone with a health or science background talk about covid for years,213,1,35.0,1.0,3,30-39,Australia/Oceania,
3284,AUS,Australia,MEDIUM,1,0,longstring_exceed,0,1,0,0,0,0,0,0,0,0,67.0,2.231912752533177,,,The researches from their labs and the paper they published,213,1,36.0,1.0,4,30-39,Australia/Oceania,
3359,AUS,Australia,MEDIUM,1,0,mahalanobis_outlier,0,0,1,0,0,0,0,0,0,0,16.0,9.79261867800183,0.1660909597074799,"Science has always been here since the creation of the universe and our world, but science benefits all of mankind as it is the essence of our existence. All creation has been made with an equation",,213,1,32.0,1.0,4,30-39,Australia/Oceania,
3424,AUS,Australia,MEDIUM,1,0,odd_even_low,0,0,0,1,0,0,0,0,0,0,16.0,4.022723818043833,-1.0,,"Science doesn't interest me. It's not a proven guarantee as everyone or everything is different,  no 2 the same",213,1,48.0,0.0,1,40-49,Australia/Oceania,
3426,AUS,Australia,MEDIUM,1,0,longstring_exceed,0,1,0,0,0,0,0,0,0,0,35.0,2.733558046600876,,IÕm not sure,,213,1,53.0,0.0,3,50-59,Australia/Oceania,
3463,AUS,Australia,MEDIUM,1,0,odd_even_low,0,0,0,1,0,0,0,0,0,0,3.0,5.298522780488783,-1.0,University students and government administrators,,213,1,51.0,1.0,4,50-59,Australia/Oceania,
3544,AUS,Australia,MEDIUM,1,0,odd_even_low,0,0,0,1,0,0,0,0,0,0,5.0,4.70545444493633,-1.0,-99,,213,1,44.0,1.0,4,40-49,Australia/Oceania,
3791,AUS,Australia,MEDIUM,1,0,longstring_exceed,0,1,0,0,0,0,0,0,0,0,32.0,2.739016378530927,,Notsure,,213,1,49.0,0.0,3,40-49,Australia/Oceania,
3800,AUS,Australia,MEDIUM,1,0,longstring_exceed,0,1,0,0,0,0,0,0,0,0,33.0,3.1202486528126783,,,Proven results.,213,1,59.0,0.0,3,50-59,Australia/Oceania,
3827,AUS,Australia,MEDIUM,1,0,longstring_exceed,0,1,0,0,0,0,0,0,0,0,58.0,2.7323707112063667,,,cos oioianwfasfev,213,1,24.0,1.0,4,18-29,Australia/Oceania,
3866,AUS,Australia,MEDIUM,1,0,odd_even_low,0,0,0,1,0,0,0,0,0,0,5.0,4.328306561292094,-1.0,We lead a correct way of life.,,213,1,50.0,0.0,4,50-59,Australia/Oceania,
3897,AUS,Australia,MEDIUM,1,0,longstring_exceed,0,1,0,0,0,0,0,0,0,0,57.0,1.0571374541144145,,,Scientist.Because they can improve their goals.,213,1,42.0,1.0,4,40-49,Australia/Oceania,
3930,AUS,Australia,MEDIUM,1,0,odd_even_low,0,0,0,1,0,0,0,0,0,0,3.0,6.761814511655548,-0.920157538397846,,They are very professional,213,1,29.0,1.0,4,18-29,Australia/Oceania,
3936,AUS,Australia,MEDIUM,1,0,longstring_exceed,0,1,0,0,0,0,0,0,0,0,57.0,1.2736957030375533,,Scientist.Because they can improve their goals.,,213,1,42.0,1.0,4,40-49,Australia/Oceania,
3956,AUS,Australia,MEDIUM,1,0,odd_even_low,0,0,0,1,0,0,0,0,0,0,4.0,4.924048442797932,-1.0,Science has many and far-reaching benefits but different groups may get more out of it in different ways. We need to keep funding scientific research so that we can keep getting all of its benefits.,,213,1,58.0,0.0,4,50-59,Australia/Oceania,
3978,AUS,Australia,MEDIUM,1,0,odd_even_low,0,0,0,1,0,0,0,0,0,0,3.0,4.302566080316195,-1.0,,"They are so reliable and diligent in their service to us, I have no doubts in their ability to address and resolve any pressing medical or technological issues that may arise.",213,1,56.0,1.0,4,50-59,Australia/Oceania,
3979,AUS,Australia,MEDIUM,1,0,odd_even_low,0,0,0,1,0,0,0,0,0,0,5.0,4.111717301513175,-1.0,,Scientists are selfless individuals that put in a lot of effort and are always engaged in studies on novel topics that are beneficial to both humanity and the natural world.,213,1,54.0,1.0,4,50-59,Australia/Oceania,
3983,AUS,Australia,MEDIUM,1,0,odd_even_low,0,0,0,1,0,0,0,0,0,0,3.0,3.837571554711223,-1.0,,-99,213,1,59.0,1.0,4,50-59,Australia/Oceania,
4018,AUS,Australia,MEDIUM,1,0,odd_even_low,0,0,0,1,0,0,0,0,0,0,3.0,4.823378548046952,-1.0,-99,,213,1,19.0,1.0,4,18-29,Australia/Oceania,
4025,AUS,Australia,MEDIUM,1,0,odd_even_low,0,0,0,1,0,0,0,0,0,0,3.0,4.933440093141334,-1.0,-99,,213,1,57.0,1.0,4,50-59,Australia/Oceania,
4026,AUS,Australia,MEDIUM,1,0,odd_even_low,0,0,0,1,0,0,0,0,0,0,3.0,5.178856238684375,-1.0,,-99,213,1,56.0,1.0,4,50-59,Australia/Oceania,
4038,AUS,Australia,MEDIUM,1,0,odd_even_low,0,0,0,1,0,0,0,0,0,0,4.0,4.5797013000074935,-1.0,-99,,213,1,19.0,1.0,4,18-29,Australia/Oceania,
4045,AUS,Australia,MEDIUM,1,0,odd_even_low,0,0,0,1,0,0,0,0,0,0,4.0,4.54160091439761,-1.0,Technology as it help to make the life to live in a easy way and  helps us organize our daily activities in a proper way.,,213,1,59.0,1.0,3,50-59,Australia/Oceania,
4052,AUS,Australia,MEDIUM,1,0,odd_even_low,0,0,0,1,0,0,0,0,0,0,4.0,4.806105893202588,-1.0,"To a large extent, the advancements in science have facilitated the pharma industry's efforts to create more effective medications and thereby make people's lives easier.",,213,1,20.0,1.0,4,18-29,Australia/Oceania,
4054,AUS,Australia,MEDIUM,1,0,odd_even_low,0,0,0,1,0,0,0,0,0,0,6.0,4.087112796287024,-1.0,,Creativity and best technologies  is the thing that makes a scientist trustworthy.,213,1,59.0,1.0,3,50-59,Australia/Oceania,
4056,AUS,Australia,MEDIUM,1,0,odd_even_low,0,0,0,1,0,0,0,0,0,0,7.0,3.5571074109195964,-1.0,It helps us to better know and understand other cultures and societies .,,213,1,52.0,1.0,3,50-59,Australia/Oceania,
4069,AUS,Australia,MEDIUM,1,0,odd_even_low,0,0,0,1,0,0,0,0,0,0,5.0,4.560465546895763,-1.0,-99,,213,1,58.0,1.0,4,50-59,Australia/Oceania,
4076,AUS,Australia,MEDIUM,1,0,odd_even_low,0,0,0,1,0,0,0,0,0,0,3.0,5.072015978856841,-1.0,,-99,213,1,55.0,1.0,4,50-59,Australia/Oceania,
4097,AUS,Australia,MEDIUM,1,0,mahalanobis_outlier,0,0,1,0,0,0,0,0,0,0,16.0,10.895194105574816,-0.2,,"Well the fact that they have a degree, and itÕs there job, I think we hope to think they will do the right thing",213,1,51.0,0.0,4,50-59,Australia/Oceania,
4099,AUS,Australia,MEDIUM,1,0,odd_even_low,0,0,0,1,0,0,0,0,0,0,5.0,4.219261384129206,-1.0,,-99,213,1,49.0,1.0,3,40-49,Australia/Oceania,
4105,AUS,Australia,MEDIUM,1,0,odd_even_low,0,0,0,1,0,0,0,0,0,0,3.0,4.3726832242289415,-1.0,-99,,213,1,21.0,1.0,4,18-29,Australia/Oceania,
4123,AUS,Australia,MEDIUM,1,0,mahalanobis_outlier,0,0,1,0,0,0,0,0,0,0,3.0,10.473174349529897,0.6968257452720763,,There ability to test something multiple times,213,1,20.0,1.0,3,18-29,Australia/Oceania,
4129,AUS,Australia,MEDIUM,1,0,odd_even_low,0,0,0,1,0,0,0,0,0,0,4.0,4.325211130537525,-1.0,Government Staff access to good scientific advice,,213,1,58.0,0.0,4,50-59,Australia/Oceania,
4140,AUS,Australia,MEDIUM,1,0,odd_even_low,0,0,0,1,0,0,0,0,0,0,4.0,4.966080018314552,-1.0,-99,,213,1,56.0,1.0,4,50-59,Australia/Oceania,
4141,AUS,Australia,MEDIUM,1,0,odd_even_low,0,0,0,1,0,0,0,0,0,0,3.0,4.303801345155452,-1.0,"In order for a skilled scientist to make sense of such data, they need to analyze them utilizing critical thinking.",,213,1,59.0,1.0,3,50-59,Australia/Oceania,
4143,AUS,Australia,MEDIUM,1,0,odd_even_low,0,0,0,1,0,0,0,0,0,0,3.0,4.513359867562376,-1.0,"Curiosity, originality, and the ability to think creatively under pressure are the three skills essential to being a successful scientist.",,213,1,59.0,1.0,3,50-59,Australia/Oceania,
4145,AUS,Australia,MEDIUM,1,0,odd_even_low,0,0,0,1,0,0,0,0,0,0,4.0,4.200270583616848,-1.0,,-99,213,1,56.0,1.0,4,50-59,Australia/Oceania,
4148,AUS,Australia,MEDIUM,1,0,odd_even_low,0,0,0,1,0,0,0,0,0,0,4.0,4.347981041648748,-1.0,-99,,213,1,56.0,1.0,4,50-59,Australia/Oceania,
4151,AUS,Australia,MEDIUM,1,0,odd_even_low,0,0,0,1,0,0,0,0,0,0,5.0,5.197917702977721,-1.0,,-99,213,1,57.0,1.0,4,50-59,Australia/Oceania,
4157,AUS,Australia,MEDIUM,1,0,odd_even_low,0,0,0,1,0,0,0,0,0,0,4.0,4.781019836590333,-1.0,,-99,213,1,18.0,1.0,4,18-29,Australia/Oceania,
4188,AUS,Australia,MEDIUM,1,0,odd_even_low,0,0,0,1,0,0,0,0,0,0,6.0,5.03194368936149,-1.0,"At one level everyone benefits from science as it helps us understand the world better and to achieve better things (e.g. dealing with smallpox) At another level the people who benefit from science are those who control the IP, and then those who can afford the prices set by them (e.g. the price of drugs such as insulin in USA)",,213,1,48.0,1.0,4,40-49,Australia/Oceania,
4239,AUS,Australia,MEDIUM,1,0,odd_even_low,0,0,0,1,0,0,0,0,0,0,3.0,4.9727554214421765,-1.0,-99,,213,1,56.0,1.0,4,50-59,Australia/Oceania,
4240,AUS,Australia,MEDIUM,1,0,odd_even_low,0,0,0,1,0,0,0,0,0,0,2.0,4.945488041658988,-1.0,,-99,213,1,56.0,1.0,4,50-59,Australia/Oceania,
4242,AUS,Australia,MEDIUM,1,0,odd_even_low,0,0,0,1,0,0,0,0,0,0,4.0,4.023807291439679,-1.0,-99,,213,1,57.0,1.0,4,50-59,Australia/Oceania,
4247,AUS,Australia,MEDIUM,1,0,odd_even_low,0,0,0,1,0,0,0,0,0,0,3.0,4.614291090666361,-1.0,-99,,213,1,56.0,1.0,4,50-59,Australia/Oceania,
4248,AUS,Australia,MEDIUM,1,0,odd_even_low,0,0,0,1,0,0,0,0,0,0,10.0,4.649761386404028,-1.0,-99,,213,1,19.0,1.0,4,18-29,Australia/Oceania,
4251,AUS,Australia,MEDIUM,1,0,odd_even_low,0,0,0,1,0,0,0,0,0,0,4.0,4.833111235261788,-1.0,-99,,213,1,18.0,1.0,4,18-29,Australia/Oceania,
4255,AUS,Australia,MEDIUM,1,0,odd_even_low,0,0,0,1,0,0,0,0,0,0,3.0,7.048954959236924,-0.8944271909999159,-99,,213,1,55.0,1.0,4,50-59,Australia/Oceania,
4264,AUS,Australia,MEDIUM,1,0,odd_even_low,0,0,0,1,0,0,0,0,0,0,3.0,4.303657330152011,-1.0,,-99,213,1,59.0,1.0,4,50-59,Australia/Oceania,
4296,AUS,Australia,MEDIUM,1,0,odd_even_low,0,0,0,1,0,0,0,0,0,0,3.0,4.556197183202411,-1.0,-99,,213,1,55.0,0.0,4,50-59,Australia/Oceania,
4301,AUS,Australia,MEDIUM,1,0,odd_even_low,0,0,0,1,0,0,0,0,0,0,3.0,4.241040423113143,-1.0,-99,,213,1,55.0,0.0,4,50-59,Australia/Oceania,
4305,AUS,Australia,MEDIUM,1,0,odd_even_low,0,0,0,1,0,0,0,0,0,0,4.0,4.088830631236736,-1.0,-99,,213,1,55.0,0.0,4,50-59,Australia/Oceania,
4308,AUS,Australia,MEDIUM,1,0,odd_even_low,0,0,0,1,0,0,0,0,0,0,3.0,4.21539928892352,-1.0,There are more benefits from science because without science there is no life,,213,1,19.0,1.0,4,18-29,Australia/Oceania,
4312,AUS,Australia,MEDIUM,1,0,odd_even_low,0,0,0,1,0,0,0,0,0,0,3.0,5.561020891385526,-1.0,-99,,213,1,21.0,1.0,4,18-29,Australia/Oceania,
4331,AUS,Australia,MEDIUM,1,0,odd_even_low,0,0,0,1,0,0,0,0,0,0,3.0,4.981209112701893,-1.0,-99,,213,1,19.0,1.0,4,18-29,Australia/Oceania,
4349,AUS,Australia,MEDIUM,1,0,odd_even_low,0,0,0,1,0,0,0,0,0,0,3.0,4.111154367566144,-1.0,Nowadays science is becoming more important day by day  for everyone's life with help of science we can think or create new ideas. Science increase our fundamental knowledge.,,213,1,20.0,1.0,4,18-29,Australia/Oceania,
4363,AUS,Australia,MEDIUM,1,0,odd_even_low,0,0,0,1,0,0,0,0,0,0,4.0,4.414531270776603,-1.0,,"Solving problem like how scientist having a natural ability to identify a problem, analyze it and how come up with effective solutions are valuable traits in most fields and especially valuable for a scientist.",213,1,56.0,0.0,3,50-59,Australia/Oceania,
4370,AUS,Australia,MEDIUM,1,0,odd_even_low,0,0,0,1,0,0,0,0,0,0,3.0,4.80958154960668,-1.0,I trust them to fix any medical or technological difficulties because they're so reliable and hardworking.,,213,1,55.0,0.0,4,50-59,Australia/Oceania,
4384,AUS,Australia,MEDIUM,1,0,odd_even_low,0,0,0,1,0,0,0,0,0,0,3.0,4.807624349563565,-1.0,With the help of science we can better understand the culture and societies that are happens around us.,,213,1,55.0,0.0,4,50-59,Australia/Oceania,
4397,AUS,Australia,MEDIUM,1,0,odd_even_low,0,0,0,1,0,0,0,0,0,0,3.0,4.167499405165233,-1.0,"Scientific understanding empowers us to innovate in the technological realm, find workable solutions to real-world issues, and make well-informed choices as individuals and as a society. Usefulness is the glue that binds science and its applications together, and as our understanding of the natural world expands, so might the range of possible applications that spring from it.",,213,1,21.0,1.0,4,18-29,Australia/Oceania,
4410,AUS,Australia,MEDIUM,1,0,odd_even_low,0,0,0,1,0,0,0,0,0,0,4.0,6.329672793020862,-0.9191450300180578,,It provides a lot of scientific research,213,1,28.0,1.0,3,18-29,Australia/Oceania,
4414,AUS,Australia,MEDIUM,1,0,odd_even_low,0,0,0,1,0,0,0,0,0,0,4.0,4.505800551245228,-1.0,-99,,213,1,55.0,0.0,4,50-59,Australia/Oceania,
4430,AUS,Australia,MEDIUM,1,0,odd_even_low,0,0,0,1,0,0,0,0,0,0,3.0,5.046660368141195,-1.0,Science helps us to organise our daily life activities and science also helps us to communicate with others more easily.,,213,1,55.0,0.0,4,50-59,Australia/Oceania,
4432,AUS,Australia,MEDIUM,1,0,odd_even_low,0,0,0,1,0,0,0,0,0,0,3.0,4.223887814164187,-1.0,Everybody is benefitted from science in some way or the other,,213,1,24.0,1.0,3,18-29,Australia/Oceania,
4604,BGD,Bangladesh,MEDIUM,1,0,odd_even_low,0,0,0,1,0,0,0,0,0,0,7.0,4.849126621274623,-0.8783100656536799,,Evidence of practical experience makes a scientist to justify things.,213,1,48.0,1.0,4,40-49,Asia,
4780,BGD,Bangladesh,MEDIUM,1,0,odd_even_low,0,0,0,1,0,0,0,0,0,0,9.0,5.833556961745098,-0.9438798074485388,"Humans benefit greatly from science, as almost all things are now science dependent",,213,1,43.0,0.0,4,40-49,Asia,
4785,BGD,Bangladesh,MEDIUM,1,0,odd_even_low,0,0,0,1,0,0,0,0,0,0,6.0,8.812719893837016,-0.8795367562872954,,Concentration. Confidence. And honest thoughts. Etc,213,1,40.0,0.0,4,40-49,Asia,
4815,BGD,Bangladesh,MEDIUM,1,0,odd_even_low,0,0,0,1,0,0,0,0,0,0,9.0,3.2419889510109865,-1.0,"Peoples are getting support from Science. Science making the technology richer. We are taking advantages using technology every day. Science is making everybody's life easier. We can watch various news through TV, Internet etc. ",,213,1,57.0,1.0,3,50-59,Asia,
4963,BGR,Bulgaria,MEDIUM,1,0,mahalanobis_outlier,0,0,1,0,0,0,0,0,0,0,19.0,9.928915054290696,0.0,,.,213,1,54.0,1.0,2,50-59,Europe,
5450,BOL,Bolivia,MEDIUM,1,0,odd_even_low,0,0,0,1,0,0,0,0,0,0,6.0,5.062908470422929,-1.0,,"Sus niveles de estudios, que tenga conocimiento sobre el tema y se vea la experiencia.",213,1,22.0,0.0,3,18-29,Latin America,
5562,BOL,Bolivia,MEDIUM,1,0,mahalanobis_outlier,0,0,1,0,0,0,0,0,0,0,13.0,9.616563902970816,0.6145365509176758,,Tener buena conducta y decir laverdad ,213,1,30.0,,3,30-39,Latin America,
5675,BOL,Bolivia,MEDIUM,1,0,mahalanobis_outlier,0,0,1,0,0,0,0,0,0,0,16.0,10.049071666776792,0.2964997266644404,Todas las personas porque es pará nuestro beneficio,,213,1,42.0,0.0,4,40-49,Latin America,
5698,BOL,Bolivia,MEDIUM,1,0,odd_even_low,0,0,0,1,0,0,0,0,0,0,15.0,4.546943926515577,-1.0,,"Que salga a decir delante de las personas todo lo que sabe no en una conferencia, no en una revista , no en televisión
 Si no al aire libre a la gente sin que se lo pregunten.",213,1,25.0,1.0,3,18-29,Latin America,
5719,BOL,Bolivia,MEDIUM,1,0,mahalanobis_outlier,0,0,1,0,0,0,0,0,0,0,12.0,9.512588970306595,-0.243599382882345,,que sea comprobado y aprobado ,213,1,37.0,0.0,3,30-39,Latin America,
5728,BOL,Bolivia,MEDIUM,1,0,odd_even_low,0,0,0,1,0,0,0,0,0,0,11.0,6.930639935856287,-0.9518172686249524,Los au fabrican loz medicamentos ,,213,1,18.0,2.0,3,18-29,Latin America,
5997,BRA,Brazil,MEDIUM,1,0,mahalanobis_outlier,0,0,1,0,0,0,0,0,0,0,6.0,11.275357043991445,0.2464320290450721,Os cientistas trazendo muitas informações,,213,1,26.0,0.0,2,18-29,Latin America,
6095,BRA,Brazil,MEDIUM,1,0,longstring_exceed,0,1,0,0,0,0,0,0,0,0,43.0,2.7121013778553293,,Não tenho uma opinião formada sobre o assunto.,,213,1,62.0,0.0,3,60+,Latin America,
6154,BRA,Brazil,MEDIUM,1,0,odd_even_low,0,0,0,1,0,0,0,0,0,0,5.0,5.479277138740338,-1.0,,"O histórico do cientista, as pesquisas que já fez, o quão ele está comprometido com a verdade e dados científicos",213,1,19.0,1.0,3,18-29,Latin America,
6349,BRA,Brazil,MEDIUM,1,0,odd_even_low,0,0,0,1,0,0,0,0,0,0,9.0,4.3705671077550114,-1.0,,"A eficiencia e certificação de suas descobertas cientificas,provas incontestáveis do seu traballho junto á comunidade.",213,1,70.0,1.0,4,60+,Latin America,
6360,BRA,Brazil,MEDIUM,1,0,odd_even_low,0,0,0,1,0,0,0,0,0,0,15.0,3.0870884342073595,-1.0,"Todos nós nos beneficiados da ciência,  ela está en tudo,  desde i que comemos, medicamentos,  tudo é ciência.",,213,1,58.0,0.0,4,50-59,Latin America,
6385,BRA,Brazil,MEDIUM,1,0,odd_even_low,0,0,0,1,0,0,0,0,0,0,5.0,3.745146663771932,-1.0,"O ser humano e sempre mais beneficiado pela ciência, Porém, muitos dos avanços da ciência e tecnologia vai de encontro ao bem estar do homem e do planeta, gerando danos a saúde e ao ecossistema do planeta.",,213,1,64.0,1.0,4,60+,Latin America,
6449,BRA,Brazil,MEDIUM,1,0,longstring_exceed,0,1,0,0,0,0,0,0,0,0,48.0,2.599861324979148,,a saude de povo,,213,1,64.0,1.0,3,60+,Latin America,
6548,BRA,Brazil,MEDIUM,1,0,odd_even_low,0,0,0,1,0,0,0,0,0,0,3.0,4.738479184840668,-1.0,Acho que o maior beneficiário com o estudo da ciência é a humanidade de modo geral. Porque a busca pela evolução certamente necessita de uma boa base cientifíca.,,213,1,36.0,1.0,3,30-39,Latin America,
6647,BRA,Brazil,MEDIUM,1,0,odd_even_low,0,0,0,1,0,0,0,0,0,0,8.0,2.892656888738008,-1.0,,"O conhecimento que ele tem e como desenvolve na area de estudo,a que se dedicou,comprometimento com a ciência.",213,1,42.0,0.0,3,40-49,Latin America,
6674,BRA,Brazil,MEDIUM,1,0,mahalanobis_outlier,0,0,1,0,0,0,0,0,0,0,7.0,10.27481242111801,0.3872983346207417,"Em primeiro lugar a população que se beneficia,com as benefícios da ciência. Em seguida a mídia que pode promover o bem ao mesmo tempo aterrorizar a população, ganhando com Ibope. E terceiros as empresas de limpeza e saúde com vendas de produtos.",,213,1,43.0,1.0,3,40-49,Latin America,
7209,BRA,Brazil,MEDIUM,1,0,odd_even_low,0,0,0,1,0,0,0,0,0,0,7.0,3.7981445808813055,-1.0,"pra mim quem se beneficia mais somos nós, pelo fato da ciencia sempre estar evoluindo e isso favorece mais nos seres humanos que usurfruimos de tecnologias e medicina avançada
",,213,1,22.0,1.0,3,18-29,Latin America,
7210,BRA,Brazil,MEDIUM,1,0,mahalanobis_outlier,0,0,1,0,0,0,0,0,0,0,3.0,10.25707468163308,0.0,Eu creio qe são os elaboradores e aqueles qe tbm usa a ciência,,213,1,43.0,0.0,2,40-49,Latin America,
7238,BRA,Brazil,MEDIUM,1,0,mahalanobis_outlier,0,0,1,0,0,0,0,0,0,0,25.0,10.66791827036682,0.7453559924999299,,-99,213,1,24.0,0.0,3,18-29,Latin America,
7244,BRA,Brazil,MEDIUM,1,0,odd_even_low,0,0,0,1,0,0,0,0,0,0,6.0,5.966311148457548,-1.0,"Os cientista
Porque eles que são os caras que ganham o Oscar né",,213,1,33.0,1.0,2,30-39,Latin America,
7302,BRA,Brazil,MEDIUM,1,0,mahalanobis_outlier,0,0,1,0,0,0,0,0,0,0,4.0,11.289745362828606,0.3517987723651459,Os homens pq trabalha muito,,213,1,20.0,2.0,2,18-29,Latin America,
7304,BRA,Brazil,MEDIUM,1,0,mahalanobis_outlier,0,0,1,0,0,0,0,0,0,0,5.0,10.59782890412812,-0.485071250072666,Alunos de escolas,,213,1,22.0,1.0,3,18-29,Latin America,
7311,BRA,Brazil,MEDIUM,1,0,mahalanobis_outlier,0,0,1,0,0,0,0,0,0,0,4.0,10.666250423387838,-0.5421504638991587,,Os seus projetos,213,1,19.0,1.0,4,18-29,Latin America,
7425,BWA,Botswana,MEDIUM,1,0,mahalanobis_outlier,0,0,1,0,0,0,0,0,0,0,7.0,9.26003005495347,,,Consistentent researches on relevant topics in relevant communities ,213,1,50.0,0.0,4,50-59,Africa,
7502,BWA,Botswana,MEDIUM,1,0,mahalanobis_outlier,0,0,1,0,0,0,0,0,0,0,4.0,9.197784618738766,0.8276169601789948,Science helps us to understand how the world is made... Which is very important in our life,,213,1,28.0,1.0,4,18-29,Africa,
7591,BWA,Botswana,MEDIUM,1,0,mahalanobis_outlier,0,0,1,0,0,0,0,0,0,0,4.0,9.052942455630092,-0.1869893980016914,I think we all benefit from science since we learn something related to science very single day,,213,1,23.0,2.0,3,18-29,Africa,
7841,CAN,Canada,MEDIUM,1,0,mahalanobis_outlier,0,0,1,0,0,0,0,0,0,0,7.0,10.918733887125017,0.6432675209026768,i believe we all beniifit but most of all our future generations will benefit even more and so on,,213,1,43.0,0.0,1,40-49,North America,
7896,CAN,Canada,MEDIUM,1,0,longstring_exceed,0,1,0,0,0,0,0,0,0,0,46.0,2.298643711783939,,,Evidence that backs it up and is just logical thinking ,213,1,19.0,1.0,3,18-29,North America,
7904,CAN,Canada,MEDIUM,1,0,longstring_exceed,0,1,0,0,0,0,0,0,0,0,57.0,2.230530435221196,,People who think it can help it the future,,213,1,23.0,1.0,4,18-29,North America,
7937,CAN,Canada,MEDIUM,1,0,longstring_exceed,0,1,0,0,0,0,0,0,0,0,57.0,2.3026606434133936,,research and knowledge,,213,1,42.0,0.0,4,40-49,North America,
8020,CAN,Canada,MEDIUM,1,0,longstring_exceed,0,1,0,0,0,0,0,0,0,0,53.0,2.322328225024372,,"We as humans benefit the most as it improves our ways of living, makes us healthier ",,213,1,41.0,0.0,4,40-49,North America,
8044,CAN,Canada,MEDIUM,1,0,longstring_exceed,0,1,0,0,0,0,0,0,0,0,37.0,6.521596918656969,,"Nothing benefits it at all
",,213,1,51.0,0.0,4,50-59,North America,
8095,CAN,Canada,MEDIUM,1,0,longstring_exceed,0,1,0,0,0,0,0,0,0,0,57.0,2.2644039317719256,,"Scientific knowledge allows us to develop new technologies, solve practical problems, and make informed decisions — both individually and collectively. ",,213,1,43.0,1.0,4,40-49,North America,
8258,CAN,Canada,MEDIUM,1,0,mahalanobis_outlier,0,0,1,0,0,0,0,0,0,0,10.0,9.972781216486505,-0.1078719779941187,Idk. I don’t know anything about it.,,213,1,19.0,0.0,3,18-29,North America,
8286,CAN,Canada,MEDIUM,1,0,odd_even_low,0,0,0,1,0,0,0,0,0,0,16.0,6.968934758803886,-0.8944271909999159,,"The number one thing that I believe makes a scientist trustworthy is the inability to have his research/finding bought. As in, pay him to change his findings in order to further a hidden agenda.",213,1,40.0,0.0,4,40-49,North America,
8366,CAN,Canada,MEDIUM,1,0,longstring_exceed,0,1,0,0,0,0,0,0,0,0,57.0,2.373985538148644,,,Proof of existence,213,1,29.0,1.0,4,18-29,North America,
8408,CAN,Canada,MEDIUM,1,0,longstring_exceed,0,1,0,0,0,0,0,0,0,0,57.0,2.410213910148595,,Everyone benefits from science as it provides more understanding of things.,,213,1,33.0,1.0,4,30-39,North America,
8433,CAN,Canada,MEDIUM,1,0,odd_even_low,0,0,0,1,0,0,0,0,0,0,10.0,7.175994181396571,-0.9135002783911396,,"A scientist is considered trustworthy if they demonstrate the following qualities:
1. Objectivity: A scientist must approach their research without personal bias and use systematic methods to ensure accurate results.
2. Expertise: A scientist must have the necessary education, training, and experience in their field of study.
3. Reproducibility: A scientist's work should be able to be replicated and verified by other scientists.
4. Transparency: A scientist must be open and honest about their methods, results, and potential sources of error.
5. Peer review: A scientist's work must undergo a rigorous review by other experts in their field to ensure accuracy and credibility.
Overall, a trustworthy scientist is one who follows established ethical and scientific standards in their research and reporting of results.",213,1,54.0,1.0,4,50-59,North America,
8434,CAN,Canada,MEDIUM,1,0,longstring_exceed,0,1,0,0,0,0,0,0,0,0,57.0,2.0865702970391014,,-99,,213,1,27.0,0.0,4,18-29,North America,
8552,CAN,Canada,MEDIUM,1,0,longstring_exceed,0,1,0,0,0,0,0,0,0,0,44.0,4.495308487566156,,,My opinion is trustworthy ,213,1,24.0,0.0,4,18-29,North America,
8605,CAN,Canada,MEDIUM,1,0,longstring_exceed,0,1,0,0,0,0,0,0,0,0,57.0,2.1527167865624284,,,not sure,213,1,45.0,1.0,4,40-49,North America,
8729,CAN,Canada,MEDIUM,1,0,longstring_exceed,0,1,0,0,0,0,0,0,0,0,38.0,2.1527167865624284,,,Science is fact! We all learn from science ,213,1,50.0,1.0,4,50-59,North America,
8763,CAN,Canada,MEDIUM,1,0,longstring_exceed,0,1,0,0,0,0,0,0,0,0,57.0,2.1527167865624284,,,NONE,213,1,23.0,0.0,4,18-29,North America,
8790,CAN,Canada,MEDIUM,1,0,odd_even_low,0,0,0,1,0,0,0,0,0,0,4.0,7.689318355951302,-0.9258200997725514,,Good to know I am going through a lot ,213,1,38.0,1.0,4,30-39,North America,
8807,CAN,Canada,MEDIUM,1,0,longstring_exceed,0,1,0,0,0,0,0,0,0,0,57.0,2.2854678997555977,,,good,213,1,42.0,0.0,4,40-49,North America,
8809,CAN,Canada,MEDIUM,1,0,longstring_exceed,0,1,0,0,0,0,0,0,0,0,57.0,4.197339169692369,,,they can make solution that can prevent diseases and discover new product that are very useful in our everyday life,213,1,35.0,1.0,4,30-39,North America,
8903,CAN,Canada,MEDIUM,1,0,odd_even_low,0,0,0,1,0,0,0,0,0,0,10.0,4.047036857920626,-1.0,"Mankind, we benefit through new technology and realize the harmful ways of the past.",,213,1,64.0,1.0,3,60+,North America,
9062,CAN,Canada,MEDIUM,1,0,longstring_exceed,0,1,0,0,0,0,0,0,0,0,36.0,4.38798474250004,,none,,213,1,61.0,1.0,2,60+,North America,
9173,CAN,Canada,MEDIUM,1,0,odd_even_low,0,0,0,1,0,0,0,0,0,0,7.0,7.126531253294501,-0.8944271909999159,"I think everyone does cause science is in our every day lives and we never notice,",,213,1,33.0,0.0,4,30-39,North America,
9211,CAN,Canada,MEDIUM,1,0,odd_even_low,0,0,0,1,0,0,0,0,0,0,4.0,7.743401930534356,-0.9185586535436918,Not sure,,213,1,23.0,0.0,4,18-29,North America,
9219,CAN,Canada,MEDIUM,1,0,longstring_exceed,0,1,0,0,0,0,0,0,0,0,33.0,4.101330604181338,0.8574929257125441,,I really dont know,213,1,41.0,1.0,3,40-49,North America,
9227,CAN,Canada,MEDIUM,1,0,odd_even_low,0,0,0,1,0,0,0,0,0,0,15.0,4.863624997903808,-0.9258200997725514,,If they work for a trusted institution ie. university or hospital.  If they are not motivated by huge endorsements.,213,1,53.0,0.0,4,50-59,North America,
9249,CAN,Canada,MEDIUM,1,0,odd_even_low,0,0,0,1,0,0,0,0,0,0,4.0,4.978747113392156,-1.0,,science research,213,1,56.0,1.0,4,50-59,North America,
9320,CAN,Canada,MEDIUM,1,0,longstring_exceed,0,1,0,0,0,0,0,0,0,0,39.0,3.013640666411948,-0.2,I think society benefits the most off of science. Mainly because it helps us evolve and we learn new things from science ,,213,1,26.0,1.0,3,18-29,North America,
9325,CAN,Canada,MEDIUM,1,0,longstring_exceed,0,1,0,0,0,0,0,0,0,0,32.0,2.3026606434133936,,I don't know ,,213,1,25.0,0.0,3,18-29,North America,
9343,CAN,Canada,MEDIUM,1,0,mahalanobis_outlier,0,0,1,0,0,0,0,0,0,0,29.0,10.976064242733813,1.0,I don't know ,,213,1,25.0,1.0,3,18-29,North America,
9353,CAN,Canada,MEDIUM,1,0,longstring_exceed,0,1,0,0,0,0,0,0,0,0,39.0,2.3536117769992195,,,I am not sure,213,1,51.0,0.0,4,50-59,North America,
9361,CAN,Canada,MEDIUM,1,0,odd_even_low,0,0,0,1,0,0,0,0,0,0,4.0,5.073790099552221,-1.0,Exciting ,,213,1,30.0,0.0,4,30-39,North America,
9568,CAN,Canada,MEDIUM,1,0,odd_even_low,0,0,0,1,0,0,0,0,0,0,15.0,4.260857144792639,-1.0,The benefits from science come from the technological advances science allows. This allows more information to be used in the day to day decisions.,,213,1,64.0,1.0,4,60+,North America,
9589,CAN,Canada,MEDIUM,1,0,odd_even_low,0,0,0,1,0,0,0,0,0,0,3.0,4.84482548415791,-1.0,"Science is an important topic for knowledge, interest in the world around us and keeping in touch with happenings around the world",,213,1,74.0,0.0,4,60+,North America,
9620,CAN,Canada,MEDIUM,1,0,longstring_exceed,0,1,0,0,0,0,0,0,0,0,57.0,2.230530435221196,,not sure ,,213,1,48.0,0.0,4,40-49,North America,
9647,CAN,Canada,MEDIUM,1,0,longstring_exceed,0,1,0,0,0,0,0,0,0,0,42.0,2.1527167865624284,,,I am not sure how much i trust scientists because different scientists get different opinions on same topic,213,1,33.0,1.0,4,30-39,North America,
9648,CAN,Canada,MEDIUM,1,0,mahalanobis_outlier,0,0,1,0,0,0,0,0,0,0,6.0,9.917192240738078,-0.3492151478847891,the human race. Why so we better understand things the more we know the better.,,213,1,34.0,1.0,4,30-39,North America,
9665,CAN,Canada,MEDIUM,1,0,mahalanobis_outlier,0,0,1,0,0,0,0,0,0,0,2.0,11.517040183841887,-0.4957265367105345,,"A scientist is trustworthy when they demonstrate a high level of integrity, objectivity, and accountability in their work. This means that they conduct their research with honesty and transparency, follow established protocols and methodologies, and report their findings accurately and without bias. A trustworthy scientist also acknowledges and addresses any limitations or uncertainties in their work, and is willing to revise their conclusions based on new evidence. Additionally, a scientist who collaborates with others and shares their data openly and freely is more likely to be perceived as trustworthy by their peers and the public. Ultimately, a scientist's reputation for trustworthiness depends on their commitment to the pursuit of knowledge with honesty, rigor, and a dedication to advancing the greater good.",213,1,22.0,1.0,4,18-29,North America,
9751,CAN,Canada,MEDIUM,1,0,mahalanobis_outlier,0,0,1,0,0,0,0,0,0,0,5.0,10.255049851094016,0.4889012070387047,,History of correct theories and good projects ,213,1,23.0,1.0,4,18-29,North America,
9755,CAN,Canada,MEDIUM,1,0,mahalanobis_outlier,0,0,1,0,0,0,0,0,0,0,3.0,10.086772504261075,-0.1893885047696425,I think the normal working class and scientists benefit the most from science because it’s a new discovery and can broaden our outlook on the world.,,213,1,24.0,0.0,4,18-29,North America,
9847,CAN,Canada,MEDIUM,1,0,longstring_exceed,0,1,0,0,0,0,0,0,0,0,71.0,6.521596918656969,,Na1,,213,1,45.0,0.0,4,40-49,North America,
9900,CAN,Canada,MEDIUM,1,0,longstring_exceed,0,1,0,0,0,0,0,0,0,0,57.0,2.279084060271043,,,"Knowing the facts, the trustworthiness",213,1,27.0,1.0,4,18-29,North America,
9938,CAN,Canada,MEDIUM,1,0,mahalanobis_outlier,0,0,1,0,0,0,0,0,0,0,7.0,10.534693261957404,-0.0682523632789935,Health stem cells ,,213,1,39.0,2.0,2,30-39,North America,
9958,CAN,Canada,MEDIUM,1,0,odd_even_low,0,0,0,1,0,0,0,0,0,0,11.0,7.067329825801075,-0.9258200997725514,Le domaine de la science est très vaste. Celui-ci profite à tous ,,213,1,49.0,0.0,3,40-49,North America,
10006,CAN,Canada,MEDIUM,1,0,mahalanobis_outlier,0,0,1,0,0,0,0,0,0,0,7.0,10.748808929414592,0.6488856845230502,,À quel point connaît-il vraiment la science?,213,1,36.0,1.0,3,30-39,North America,
10014,CAN,Canada,MEDIUM,1,0,mahalanobis_outlier,0,0,1,0,0,0,0,0,0,0,8.0,9.762279381953284,0.68,,The research he is doing is important and easy to validate,213,1,76.0,1.0,4,60+,North America,
10090,CAN,Canada,MEDIUM,1,0,longstring_exceed,0,1,0,0,0,0,0,0,0,0,57.0,2.478592075125834,,,providing facts with knowledge and using examples that are concise,213,1,33.0,1.0,4,30-39,North America,
10100,CAN,Canada,MEDIUM,1,0,longstring_exceed,0,1,0,0,0,0,0,0,0,0,39.0,4.621789435135119,,,No,213,1,37.0,0.0,2,30-39,North America,
10162,CAN,Canada,MEDIUM,1,0,odd_even_low,0,0,0,1,0,0,0,0,0,0,4.0,4.019876702490335,-1.0,,"if he's not pay by Big Pharma, ",213,1,39.0,0.0,4,30-39,North America,
10166,CAN,Canada,MEDIUM,1,0,mahalanobis_outlier,0,0,1,0,0,0,0,0,0,0,12.0,11.221409460816629,-0.3223291856101521,Tout le monde,,213,1,48.0,1.0,4,40-49,North America,
10175,CAN,Canada,MEDIUM,1,0,mahalanobis_outlier,0,0,1,0,0,0,0,0,0,0,3.0,9.75591430562625,0.2602896031476768,Society because science makes us understand our health and psychology which benefits our quality of life ,,213,1,38.0,1.0,3,30-39,North America,
10216,CAN,Canada,MEDIUM,1,0,mahalanobis_outlier,0,0,1,0,0,0,0,0,0,0,8.0,10.070500906485568,0.9397429877987296,Everyone,,213,1,30.0,1.0,4,30-39,North America,
10248,CAN,Canada,MEDIUM,1,0,odd_even_low,0,0,0,1,0,0,0,0,0,0,3.0,5.708190865048136,-0.8911327886790069,I think politicians benefit the most from science because they know the inside secrets that the general public doesn’t know ,,213,1,23.0,0.0,3,18-29,North America,
10254,CAN,Canada,MEDIUM,1,0,odd_even_low,0,0,0,1,0,0,0,0,0,0,16.0,7.928598284718975,-0.9284766908852594,I think the general population and mankind as a whole,,213,1,39.0,1.0,3,30-39,North America,
10309,CAN,Canada,MEDIUM,1,0,odd_even_low,0,0,0,1,0,0,0,0,0,0,15.0,5.447795028910544,-0.8944271909999159,,One is the educationa nd research that the scientists does,213,1,23.0,0.0,4,18-29,North America,
10372,CHE,Switzerland,MEDIUM,1,0,mahalanobis_outlier,0,0,1,0,0,0,0,0,0,0,16.0,9.65707646693315,-0.5,"Wissenschaft ist zu einem Metawesen ""verkümmert"", das jeder zitieren und beliebig missbrauchen kann, um seine Position zu rechtfertigen. Z.B.:""Wissenhaftler sagen, dass etc. etc."" oder Wissenschaft hat dies bewiesen."" Als ob es eine Wissenschaft gäbe und nur eine einzige Theorie zu einem bestimmten Ding. Wissenschaft ist eher status praesens der momentanen Wissenstandes, nicht mehr und nicht weniger.",,213,1,53.0,1.0,4,50-59,Europe,
10558,CHE,Switzerland,MEDIUM,1,0,mahalanobis_outlier,0,0,1,0,0,0,0,0,0,0,9.0,10.420135891018452,0.2313694751250452,,Wenn sie gross im sinne von Bekanntheit sind. ,213,1,21.0,1.0,3,18-29,Europe,
10566,CHE,Switzerland,MEDIUM,1,0,mahalanobis_outlier,0,0,1,0,0,0,0,0,0,0,5.0,9.305736507731186,-0.3464101615137754,,Genaue Arbeitsweise die nicht unter Druck ein bestimmtes Resultat erreichen zu sollen gemacht wird ,213,1,56.0,0.0,2,50-59,Europe,
10572,CHE,Switzerland,MEDIUM,1,0,odd_even_low,0,0,0,1,0,0,0,0,0,0,14.0,4.049304279941289,-1.0,l'humanité en général ,,213,1,44.0,1.0,3,40-49,Europe,
10922,CHE,Switzerland,MEDIUM,1,0,odd_even_low,0,0,0,1,0,0,0,0,0,0,4.0,4.153508111571866,-1.0,L'humanité ,,213,1,38.0,1.0,4,30-39,Europe,
10938,CHE,Switzerland,MEDIUM,1,0,longstring_exceed,0,1,0,0,0,0,0,0,0,0,35.0,2.2511868739086047,,,Rien ,213,1,54.0,1.0,3,50-59,Europe,
11010,CHE,Switzerland,MEDIUM,1,0,mahalanobis_outlier,0,0,1,0,0,0,0,0,0,0,5.0,9.365581494301528,0.7016464154456235,"7J'aime la science, très utile à l'avenir",,213,1,24.0,1.0,4,18-29,Europe,
11067,CHE,Switzerland,MEDIUM,1,0,longstring_exceed,0,1,0,0,0,0,0,0,0,0,39.0,2.386174039321818,,,-99,213,1,56.0,1.0,3,50-59,Europe,
11160,CHE,Switzerland,MEDIUM,1,0,longstring_exceed,0,1,0,0,0,0,0,0,0,0,43.0,4.870014090752608,0.8944271909999159,Auf jeden fall sicher nicht die einfachen Bürger,,213,1,58.0,1.0,3,50-59,Europe,
11167,CHE,Switzerland,MEDIUM,1,0,mahalanobis_outlier,0,0,1,0,0,0,0,0,0,0,4.0,10.732068126341868,-0.1615145706174496,tourne autour de notre vie quotidienne,,213,1,26.0,1.0,4,18-29,Europe,
11221,CHE,Switzerland,MEDIUM,1,0,longstring_exceed,0,1,0,0,0,0,0,0,0,0,57.0,2.520431606923651,,,Studien,213,1,21.0,1.0,3,18-29,Europe,
11229,CHE,Switzerland,MEDIUM,1,0,odd_even_low,0,0,0,1,0,0,0,0,0,0,7.0,4.108491940855218,-1.0,,"La volontà con cui fa il suo lavoro, l'impegno di cercare e studiare nuovi metodi per aiutare il mondo a vivere meglio",213,1,61.0,0.0,2,60+,Europe,
11322,CHE,Switzerland,MEDIUM,1,0,mahalanobis_outlier,0,0,1,0,0,0,0,0,0,0,3.0,10.927640052657278,-0.25,,Corona war für mich eine entsetzliche Wahrheit ,213,1,62.0,0.0,3,60+,Europe,
11406,CHL,Chile,MEDIUM,1,0,odd_even_low,0,0,0,1,0,0,0,0,0,0,16.0,7.621585250059461,-0.9284766908852594,,"Un científico confiable es quien protege a los seres humanos
Científicos confiables son los qe no son sobornados para hacer virus para aniquilar a las poblaciones a nivel mundial
Cientificos confiables son aquellos qe aportan ala ciencia para ayudar a las personas y no perjudicar su salud. ",213,1,29.0,0.0,3,18-29,Latin America,
11445,CHL,Chile,MEDIUM,1,0,odd_even_low,0,0,0,1,0,0,0,0,0,0,8.0,6.146196771097052,-0.9079593845004515,"Dependiendo de area, en temas de salud los mas beneficiados por el momento son las farmaceuticas. En el pais todo lo relacionado con otras areas es de alto costo monetario no llegando a todas las personas.",,213,1,37.0,0.0,4,30-39,Latin America,
11520,CHL,Chile,MEDIUM,1,0,mahalanobis_outlier,0,0,1,0,0,0,0,0,0,0,13.0,10.138099676357562,0.1889822365046136,"La ciencias es importante para el desarrollo de vacunas, técnicas medicas y soluciones en la medicina y muchas enfermedades para salvar vidas",,213,1,40.0,0.0,4,40-49,Latin America,
11689,CHL,Chile,MEDIUM,1,0,mahalanobis_outlier,0,0,1,0,0,0,0,0,0,0,16.0,10.001633372187449,0.7800390029252439,En mi opinión los que más se benefician de la ciencia es todo el público en general porque relativamente todo lo que nos rodea implica ciencia aunque no lo veamos todo a nuestro alrededor es ciencia ,,213,1,20.0,0.0,3,18-29,Latin America,
11752,CHL,Chile,MEDIUM,1,0,odd_even_low,0,0,0,1,0,0,0,0,0,0,16.0,6.293996032795156,-0.8783100656536799,"los que más se benefician de la ciencia son los niños, ya que aprenden cosas nuevas, ayuda a desarrollar su inteligencia y su curiosidad, el buscar el porqué de las cosas y no conformarse con lo que le dicen solamente ",,213,1,23.0,0.0,4,18-29,Latin America,
11765,CHL,Chile,MEDIUM,1,0,odd_even_low,0,0,0,1,0,0,0,0,0,0,7.0,8.225812134549983,-0.9139076937674137,,Que tenga evidencia que respalde sus ideas u opiniones,213,1,29.0,0.0,4,18-29,Latin America,
11796,CHL,Chile,MEDIUM,1,0,longstring_exceed,0,1,0,0,0,0,0,0,0,0,43.0,6.748200373551695,0.6123724356957946,,"que sea confiable? ... pues que lo que el haya creado, funcioné a la perfección para a si las personas confien en lo que el haga!!",213,1,30.0,,3,30-39,Latin America,
11840,CHL,Chile,MEDIUM,1,0,odd_even_low,0,0,0,1,0,0,0,0,0,0,5.0,4.284531767248488,-0.8783100656536799,,Creo que la cantidad de información comprobable queda y la veracidad de lo que dice y su trayectoria también es importante y lo que este estudiando o el proyecto que tenga ,213,1,39.0,1.0,3,30-39,Latin America,
11922,CHL,Chile,MEDIUM,1,0,odd_even_low,0,0,0,1,0,0,0,0,0,0,8.0,4.437535646862663,-1.0,"Creo que los que más se benefician de la ciencia somos nosotros mismos ya que cada avance es un gran paso en todo sentido, específicamente clínico ya que gracias a la ciencia se han encontrado muchas curas de diversas enfermedades por cual como seres humanos,le debemos mucho a la ciencia ",,213,1,27.0,1.0,4,18-29,Latin America,
11928,CHL,Chile,MEDIUM,1,0,mahalanobis_outlier,0,0,1,0,0,0,0,0,0,0,5.0,9.92537617762113,0.5976143046671968,si hablamos médica yo creo que los que más se benefician son la gente con algún tipo de discapacidad sin embargo si nos vamos a otro tipo de ciencia entonces creo que la población en general esto es debido aquí la ciencia es lo que mueve a la humanidad por lo tanto es la que da sus avances a esta,,213,1,35.0,1.0,4,30-39,Latin America,
12136,CHL,Chile,MEDIUM,1,0,mahalanobis_outlier,0,0,1,0,0,0,0,0,0,0,6.0,10.568045282218062,0.4894935754389832,,Mi opinión es que todo mejore ,213,1,46.0,1.0,2,40-49,Latin America,
12230,CHL,Chile,MEDIUM,1,0,mahalanobis_outlier,0,0,1,0,0,0,0,0,0,0,8.0,10.687963140111638,0.2809757434745082,Los laboratorios ya que ellos a encontrar la cura de alguna emfermedad empiezan a lucrar con el remedio que fabricaron y le sacan mucho a ese proyecto,,213,1,45.0,1.0,4,40-49,Latin America,
12349,CHL,Chile,MEDIUM,1,0,odd_even_low,0,0,0,1,0,0,0,0,0,0,12.0,5.179342123157428,-1.0,,"Su experiencia dentro del área en qué se especializa 
",213,1,29.0,1.0,4,18-29,Latin America,
12468,CHN,China,MEDIUM,1,0,odd_even_low,0,0,0,1,0,0,0,0,0,0,4.0,4.984133451251525,-0.9284766908852594,,事实,213,1,41.0,1.0,4,40-49,Asia,
12997,COL,Colombia,MEDIUM,1,0,mahalanobis_outlier,0,0,1,0,0,0,0,0,0,0,7.0,9.921575399857849,0.6681531047810609,"Las personas de escasos recursos, ya que pueden ser impactados para cambiar sus vidas ",,213,1,45.0,,4,40-49,Latin America,
13069,COL,Colombia,MEDIUM,1,0,longstring_exceed,0,1,0,0,0,0,0,0,0,0,50.0,4.764621480886159,,SON  ESTUDIOSOS Y BENEFICIAN A LA HUMANIDAD,,213,1,65.0,,3,60+,Latin America,
13223,COL,Colombia,MEDIUM,1,0,longstring_exceed,0,1,0,0,0,0,0,0,0,0,57.0,4.71935818305894,,"SE beneficia la misma sociedad y es para mejorar la calidad de vida de cada persona, mejorar su educacion para poder resolver o aplicar cococimientos que permitan generar cambios y un mejor oportunidad al realizar alguna actividad laboral, familiar, social, etc. ",,213,1,75.0,0.0,3,60+,Latin America,
13232,COL,Colombia,MEDIUM,1,0,mahalanobis_outlier,0,0,1,0,0,0,0,0,0,0,5.0,10.305421385610028,0.1846372364689991,Toda la humanidad gracias a los avances ,,213,1,23.0,0.0,4,18-29,Latin America,
13265,COL,Colombia,MEDIUM,1,0,odd_even_low,0,0,0,1,0,0,0,0,0,0,10.0,4.198009489363044,-1.0,,"las investigaciones que ha realizado, con las respectivas evidencias",213,1,51.0,1.0,4,50-59,Latin America,
13406,COL,Colombia,MEDIUM,1,0,longstring_exceed,0,1,0,0,0,0,0,0,0,0,71.0,7.185077279489166,,,213,213,1,,,1,,Latin America,
13454,COL,Colombia,MEDIUM,1,0,odd_even_low,0,0,0,1,0,0,0,0,0,0,14.0,6.682269521165855,-0.8783100656536799,Los m?s adinerados por quï¿½ï¿½ï¿½ï¿,,213,1,40.0,1.0,3,40-49,Latin America,
13472,COL,Colombia,MEDIUM,1,0,mahalanobis_outlier,0,0,1,0,0,0,0,0,0,0,16.0,10.298855324452813,1.0,La humanidad entera,,213,1,33.0,1.0,4,30-39,Latin America,
13478,COL,Colombia,MEDIUM,1,0,longstring_exceed,0,1,0,0,0,0,0,0,0,0,43.0,5.7738652988889,,No veo mayor beneficio,,213,1,37.0,1.0,4,30-39,Latin America,
13639,CRI,Costa Rica,MEDIUM,1,0,odd_even_low,0,0,0,1,0,0,0,0,0,0,6.0,8.79004426035051,-1.0,,Para qe un científico sea confiable debe de ser original en sus cosas siempre andar adelante de las cosas pensar siempre en tecnología buena así sería co fiable,213,1,29.0,1.0,2,18-29,Latin America,
13711,CRI,Costa Rica,MEDIUM,1,0,mahalanobis_outlier,0,0,1,0,0,0,0,0,0,0,15.0,9.077711433227453,-0.1066003581778052,,que la información que comente la verifique o evidencie con los artículos de investigación que utilizó para el tema,213,1,22.0,0.0,3,18-29,Latin America,
13853,CRI,Costa Rica,MEDIUM,1,0,odd_even_low,0,0,0,1,0,0,0,0,0,0,3.0,4.047554591010156,-0.8783100656536799,,Que pueda hacer valer su hipotesis o teoria en base al metodo cientifico,213,1,32.0,1.0,3,30-39,Latin America,
13854,CRI,Costa Rica,MEDIUM,1,0,odd_even_low,0,0,0,1,0,0,0,0,0,0,7.0,3.616488940705532,-1.0,,"Es muy importante los resultados de cualquier científico, que de credibilidad de la función del mismo ",213,1,46.0,1.0,3,40-49,Latin America,
13906,CRI,Costa Rica,MEDIUM,1,0,odd_even_low,0,0,0,1,0,0,0,0,0,0,3.0,4.658833098908997,-1.0,"dependiendo del punto de vista, puede ser que la ciencia sea mas beneficiosas para las personas que los producen, por eso adquieren los untiles para seguir realizando sus investigaciones, pero a la ves, las personas finales de algunos estudios científicos, por ejemplo, a la hora de las vacunas del covid, muchas personas se beneficiaron por los resultados que se dieron por una investigación científica, pero a la hora de vender esos productos, los beneficiados son los productores.",,213,1,25.0,1.0,4,18-29,Latin America,
13915,CRI,Costa Rica,MEDIUM,1,0,odd_even_low,0,0,0,1,0,0,0,0,0,0,6.0,4.546579462660744,-1.0,Creo que que la ciencia es importante para el desarrollo de la sociedad,,213,1,54.0,1.0,4,50-59,Latin America,
13987,CRI,Costa Rica,MEDIUM,1,0,mahalanobis_outlier,0,0,1,0,0,0,0,0,0,0,15.0,8.997420757466116,-0.1463850109422799,,Sus investigaciones y conclusiones sobre el tema en específico.,213,1,34.0,1.0,3,30-39,Latin America,
14017,CRI,Costa Rica,MEDIUM,1,0,mahalanobis_outlier,0,0,1,0,0,0,0,0,0,0,13.0,10.28461424144248,-0.2,,Sida,213,1,20.0,1.0,4,18-29,Latin America,
14107,CZE,Czech Republic,MEDIUM,1,0,mahalanobis_outlier,0,0,1,0,0,0,0,0,0,0,13.0,10.431703678254326,0.075755401907857,,"odborné znalosti, vysoké IQ, skromnost, pokora, cílevědomost, věrohodnost, pracovotost houževnatost, píle, soudnost, logické myšlení, ctižádost, trpělivost",213,1,59.0,1.0,4,50-59,Europe,
14159,CZE,Czech Republic,MEDIUM,1,0,longstring_exceed,0,1,0,0,0,0,0,0,0,0,41.0,9.148350373734631,0.8468261737804974,,-99,213,1,26.0,0.0,3,18-29,Europe,
14235,CZE,Czech Republic,MEDIUM,1,0,longstring_exceed,0,1,0,0,0,0,0,0,0,0,33.0,2.0302543264381905,,,Výsledky,213,1,45.0,1.0,3,40-49,Europe,
14429,CZE,Czech Republic,MEDIUM,1,0,mahalanobis_outlier,0,0,1,0,0,0,0,0,0,0,9.0,9.828261372436035,0.6757246285173463,,Zkoumají nové věci ,213,1,19.0,1.0,3,18-29,Europe,
14829,DNK,Denmark,MEDIUM,1,0,longstring_exceed,0,1,0,0,0,0,0,0,0,0,57.0,2.1980354114781915,,,Bevismateriale,213,1,25.0,0.0,2,18-29,Europe,
14834,DNK,Denmark,MEDIUM,1,0,odd_even_low,0,0,0,1,0,0,0,0,0,0,6.0,4.490859232179511,-0.8944271909999159,,"At forskningen forholder sig værdifri og det at det tydeligt fremgår, på hvilken basis forskningen er blevet foretaget/hvem der har betalt for forskningen",213,1,28.0,1.0,4,18-29,Europe,
14950,DNK,Denmark,MEDIUM,1,0,mahalanobis_outlier,0,0,1,0,0,0,0,0,0,0,3.0,10.575897083854857,0.592156525463792,,Peer opbaket publikationer,213,1,23.0,1.0,3,18-29,Europe,
15031,DNK,Denmark,MEDIUM,1,0,mahalanobis_outlier,0,0,1,0,0,0,0,0,0,0,6.0,11.303703547717475,0.204479452977299,,Ved ikke så.meget om det,213,1,50.0,0.0,2,50-59,Europe,
15035,DNK,Denmark,MEDIUM,1,0,mahalanobis_outlier,0,0,1,0,0,0,0,0,0,0,22.0,9.661930316228242,,-99,,213,1,55.0,1.0,4,50-59,Europe,
15091,DNK,Denmark,MEDIUM,1,0,odd_even_low,0,0,0,1,0,0,0,0,0,0,7.0,6.38046032810492,-0.8783100656536799,,Kildekritik,213,1,32.0,1.0,3,30-39,Europe,
15344,DNK,Denmark,MEDIUM,1,0,longstring_exceed,0,1,0,0,0,0,0,0,0,0,33.0,2.938856331532799,,,Evidens,213,1,40.0,0.0,4,40-49,Europe,
15435,DNK,Denmark,MEDIUM,1,0,odd_even_low,0,0,0,1,0,0,0,0,0,0,6.0,5.624978492272847,-0.8783100656536799,"Det at, der er mennesker, der har interesse i vores planet, helbred, energi, transport og meget andet. Er for mig, nogen vi ikke kan forsætte vores liv uden. For uden dem vil der være kaos. Derfor mener jeg at forskning og forskere, er vigtige for vores forsatte liv på denne jord.",,213,1,55.0,0.0,4,50-59,Europe,
15596,DNK,Denmark,MEDIUM,1,0,mahalanobis_outlier,0,0,1,0,0,0,0,0,0,0,4.0,11.390654404658235,-0.5823490660957641,,Alt,213,1,32.0,1.0,4,30-39,Europe,
15623,DNK,Denmark,MEDIUM,1,0,mahalanobis_outlier,0,0,1,0,0,0,0,0,0,0,19.0,10.085051785214146,0.8976571010886093,opdager nye ting,,213,1,22.0,1.0,4,18-29,Europe,
15667,DNK,Denmark,MEDIUM,1,0,mahalanobis_outlier,0,0,1,0,0,0,0,0,0,0,4.0,9.900075548041936,0.1714985851425088,,-99,213,1,20.0,1.0,2,18-29,Europe,
15782,DNK,Denmark,MEDIUM,1,0,odd_even_low,0,0,0,1,0,0,0,0,0,0,17.0,6.748952467906414,-1.0,Det har vi vel allesammen,,213,1,76.0,2.0,2,60+,Europe,
16329,ETH,Ethiopia,MEDIUM,1,0,mahalanobis_outlier,0,0,1,0,0,0,0,0,0,0,4.0,8.950564067848626,-0.7258300546909606,"It will make our life easy.
Because creates new aplication",,213,1,23.0,,3,18-29,Africa,
16499,ETH,Ethiopia,MEDIUM,1,0,longstring_exceed,0,1,0,0,0,0,0,0,0,0,57.0,4.228542316163897,,,To be trustworthy is fending about something with evidence ,213,1,25.0,0.0,4,18-29,Africa,
16657,ETH,Ethiopia,MEDIUM,1,0,mahalanobis_outlier,0,0,1,0,0,0,0,0,0,0,14.0,9.32267539013836,-0.5294143019465851,"I think everyone bcause science help us improve thing's in our live and it modernates us so i think everyone benefits from science 
",,213,1,24.0,,3,18-29,Africa,
16799,ITA,Italy,MEDIUM,1,0,odd_even_low,0,0,0,1,0,0,0,0,0,0,15.0,4.094862939544477,-0.8783100656536799,"chi ha bisogno di cure, cioè tutti.
Il sistema generale.",,213,1,70.0,0.0,3,60+,Europe,
16962,ITA,Italy,MEDIUM,1,0,odd_even_low,0,0,0,1,0,0,0,0,0,0,8.0,3.689344214270331,-1.0,,La sua vera competenza e preparazione.,213,1,37.0,0.0,3,30-39,Europe,
17056,BEL,Belgium,MEDIUM,1,0,mahalanobis_outlier,0,0,1,0,0,0,0,0,0,0,10.0,10.132657959131029,0.3418817293789138,,"Streven naar objectiviteit, onafhankelijkheid, bewust zijn van vooroordelen, het resultaat staat niet vast, bereikbaar voor kritiek en uitleg, rechtzetten als nodig is.",213,1,41.0,0.0,4,40-49,Europe,
17092,BEL,Belgium,MEDIUM,1,0,mahalanobis_outlier,0,0,1,0,0,0,0,0,0,0,3.0,10.513346577138032,0.2927700218845599,,The ability to provide substantial information about obscure facts surrounding man and everything in his environment ,213,1,24.0,1.0,4,18-29,Europe,
17111,BEL,Belgium,MEDIUM,1,0,longstring_exceed,0,1,0,0,0,0,0,0,0,0,42.0,2.4963646172773446,,,als ze het kunnen bewijzen,213,1,53.0,0.0,4,50-59,Europe,
17130,ITA,Italy,MEDIUM,1,0,odd_even_low,0,0,0,1,0,0,0,0,0,0,9.0,5.481954643060253,-1.0,tutta la comunita',,213,1,56.0,1.0,3,50-59,Europe,
17208,BEL,Belgium,MEDIUM,1,0,longstring_exceed,0,1,0,0,0,0,0,0,0,0,57.0,2.21523470215436,,idereen heeft er voordeel aan anders kunnen we dit nie doen en nie is wete da we ziek zen,,213,1,22.0,1.0,3,18-29,Europe,
17393,ITA,Italy,MEDIUM,1,0,longstring_exceed,0,1,0,0,0,0,0,0,0,0,55.0,7.018695460543199,,,,213,1,,0.0,3,,Europe,
17517,ITA,Italy,MEDIUM,1,0,odd_even_low,0,0,0,1,0,0,0,0,0,0,5.0,4.020261905873473,-1.0,,Il fatto che abbia studiato una materia scientifica e che continui a studiare per scoprire sempre cose nuove,213,1,32.0,0.0,4,30-39,Europe,
17602,BEL,Belgium,MEDIUM,1,0,mahalanobis_outlier,0,0,1,0,0,0,0,0,0,0,6.0,10.064845586131892,0.511833835518347,,Accuraatheid,213,1,38.0,1.0,4,30-39,Europe,
17642,BEL,Belgium,MEDIUM,1,0,odd_even_low,0,0,0,1,0,0,0,0,0,0,9.0,4.764953089052642,-1.0,-99,,213,1,28.0,0.0,4,18-29,Europe,
17673,ITA,Italy,MEDIUM,1,0,longstring_exceed,0,1,0,0,0,0,0,0,0,0,50.0,3.121629930642962,,"Tutti noi, senza distinzione",,213,1,35.0,1.0,4,30-39,Europe,
17729,ITA,Italy,MEDIUM,1,0,odd_even_low,0,0,0,1,0,0,0,0,0,0,16.0,4.220377967627248,-0.8783100656536799,,è una persona che si dedica con passione a risolvere i problemi della ricerca e cheli esprime in modo intellegibile a chi non è avvezzo ai termini  scientifici,213,1,72.0,1.0,4,60+,Europe,
17938,BEL,Belgium,MEDIUM,1,0,mahalanobis_outlier,0,0,1,0,0,0,0,0,0,0,15.0,11.078907137327198,,LA SCIENCE BÉNÉFICIE À TOUS LES HOMMES POUR NOUS PERMETTRE DE FAIRE ÉVOLUER EN MIEUX NOS MODES DE VIE...EN MEDECINE POUR LA RECHERCHE MÉDICALE MAIS AUSSI POUR MIEUX COMPRENDRE NOTRE IMPACT CLIMATIQUE COMME L'ÉTUDE DES CAROTTAGES DE LA GLACE POUR DÉCOUVRIR LE CLIMAT PASSÉ...,,213,1,42.0,1.0,3,40-49,Europe,
17992,BEL,Belgium,MEDIUM,1,0,longstring_exceed,0,1,0,0,0,0,0,0,0,0,57.0,2.3277428215248657,,Daar heb ik geen idee van ben daar niet van op de hoogte en ik volg dat zo niet ,,213,1,26.0,0.0,3,18-29,Europe,
18037,ITA,Italy,MEDIUM,1,0,odd_even_low,0,0,0,1,0,0,0,0,0,0,3.0,6.025492942606526,-1.0,Penso che l'intera umanità tragga benefici da maggiori conoscenze in tutti gli ambiti scientifici,,213,1,60.0,1.0,3,60+,Europe,
18044,BEL,Belgium,MEDIUM,1,0,odd_even_low,0,0,0,1,0,0,0,0,0,0,3.0,7.704009933397418,-0.9258200997725514,"Der Wissenschaftler profitiert am meisten.

 Sie haben die Idee entwickelt und arbeiten selbst an der Idee, auch wenn die Leute sie nicht als Weg akzeptieren",,213,1,26.0,1.0,3,18-29,Europe,
18208,ITA,Italy,MEDIUM,1,0,mahalanobis_outlier,0,0,1,0,0,0,0,0,0,0,15.0,8.893059689682334,0.6957010852370434,Permette di aiutare a vivere.,,213,1,41.0,1.0,3,40-49,Europe,
18222,ITA,Italy,MEDIUM,1,0,odd_even_low,0,0,0,1,0,0,0,0,0,0,10.0,3.906576287936116,-1.0,,"l'onestà nella ricerca, l'autonomia di pensiero, la libertà dai poteri politici",213,1,64.0,0.0,3,60+,Europe,
18228,DEU,Germany,MEDIUM,1,0,odd_even_low,0,0,0,1,0,0,0,0,0,0,6.0,3.4735765366088867,-1.0,,"das Wissenschat ein gemeinschaftlicher, fortschreitender<prozess ist, in dem sich Fachleute korrigieren oder verbessern können",213,1,69.0,1.0,3,60+,Europe,
18358,BEL,Belgium,MEDIUM,1,0,odd_even_low,0,0,0,1,0,0,0,0,0,0,4.0,5.27524546745578,-1.0,,Grâce à ses connaissances et ses recherches ,213,1,71.0,0.0,4,60+,Europe,
18400,DEU,Germany,MEDIUM,1,0,odd_even_low,0,0,0,1,0,0,0,0,0,0,9.0,4.368557659794454,-1.0,,Wenn sie eine Gemeinwohlorientierung besitzen  und teamfähig  sind und offen und ehrlich darüber kommunizieren.,213,1,67.0,0.0,3,60+,Europe,
18500,DEU,Germany,MEDIUM,1,0,mahalanobis_outlier,0,0,1,0,0,0,0,0,0,0,10.0,9.932173343511865,0.7357233853694375,,Genaue Recherche Glaubwürdigkeit durch beweise  Tests die handfest sind ,213,1,50.0,0.0,3,50-59,Europe,
18549,BEL,Belgium,MEDIUM,1,0,mahalanobis_outlier,0,0,1,0,0,0,0,0,0,0,3.0,12.016291362220723,-0.2773500981126146,I don't really have an answer to that ,,213,1,39.0,1.0,4,30-39,Europe,
18562,BEL,Belgium,MEDIUM,1,0,longstring_exceed,0,1,0,0,0,0,0,0,0,0,57.0,2.462254570380117,,-99,,213,1,34.0,1.0,4,30-39,Europe,
18639,DEU,Germany,MEDIUM,1,0,longstring_exceed,0,1,0,0,0,0,0,0,0,0,42.0,1.907995950213076,,,"Wissenschaft
",213,1,31.0,1.0,3,30-39,Europe,
18863,ITA,Italy,MEDIUM,1,0,mahalanobis_outlier,0,0,1,0,0,0,0,0,0,0,13.0,9.012880905909505,-0.3162277660168379,"L'EVOLUZIONE UMA, SENZA I PROGRESSI DELLA SCIENZA SAREMMO ANCORA ALL'EPOCA DELLE CAVERNE.",,213,1,58.0,1.0,4,50-59,Europe,
18997,ITA,Italy,MEDIUM,1,0,odd_even_low,0,0,0,1,0,0,0,0,0,0,12.0,4.714541379787058,-0.9191450300180578,--,,213,1,24.0,1.0,3,18-29,Europe,
19085,DEU,Germany,MEDIUM,1,0,odd_even_low,0,0,0,1,0,0,0,0,0,0,15.0,5.462889263719654,-0.8944271909999159,,Aussage basieren auf empirischen Daten.,213,1,21.0,1.0,3,18-29,Europe,
19161,ITA,Italy,MEDIUM,1,0,mahalanobis_outlier,0,0,1,0,0,0,0,0,0,0,5.0,9.831103639994938,-0.1545078607873814,"Da una parte noi tutti ( sanità,  allungamento e miglioramento qualità vita, e miglioramento vita quotidiana parlando di scienza come tecnologia)
",,213,1,39.0,0.0,4,30-39,Europe,
19185,ITA,Italy,MEDIUM,1,0,mahalanobis_outlier,0,0,1,0,0,0,0,0,0,0,8.0,8.934568575896813,0.024390243902439,"L'ignorante, perchė per mezzo di esso ne aumenta le comodità.",,213,1,34.0,0.0,3,30-39,Europe,
19338,DEU,Germany,MEDIUM,1,0,mahalanobis_outlier,0,0,1,0,0,0,0,0,0,0,5.0,10.516182869128505,-0.5345224838248488,,unabhängig von der regierung zu arbeiten,213,1,33.0,0.0,3,30-39,Europe,
19363,BEL,Belgium,MEDIUM,1,0,odd_even_low,0,0,0,1,0,0,0,0,0,0,4.0,5.668095769066659,-1.0,,Ses diplômes ses compétences par le passé ,213,1,37.0,1.0,4,30-39,Europe,
19415,ITA,Italy,MEDIUM,1,0,mahalanobis_outlier,0,0,1,0,0,0,0,0,0,0,9.0,10.833172038414087,0.15191090506255,tutti perché è innovazione,,213,1,40.0,0.0,3,40-49,Europe,
19566,DEU,Germany,MEDIUM,1,0,odd_even_low,0,0,0,1,0,0,0,0,0,0,4.0,4.666902785845878,-1.0,"regierung, sie zahlt",,213,1,37.0,1.0,4,30-39,Europe,
19568,ITA,Italy,MEDIUM,1,0,odd_even_low,0,0,0,1,0,0,0,0,0,0,3.0,5.348058656926791,-1.0,"Il popolo, perché tutti gli avanzamenti vanno diretti a migliorare la vita di tutti, sia salute che trasporto, alimentazione e altri.",,213,1,37.0,1.0,4,30-39,Europe,
19687,BEL,Belgium,MEDIUM,1,0,odd_even_low,0,0,0,1,0,0,0,0,0,0,12.0,5.025994931650617,-1.0,,Grondig onderzoek gebaseerd op statistieken,213,1,39.0,0.0,3,30-39,Europe,
19709,DEU,Germany,MEDIUM,1,0,odd_even_low,0,0,0,1,0,0,0,0,0,0,8.0,6.01309270093634,-1.0,,"Sie haben es studiert, sind also durch das Studium und weil sie sich täglich mit diesem Themen befassen umfassend Kompetent. ",213,1,50.0,1.0,3,50-59,Europe,
19766,DEU,Germany,MEDIUM,1,0,longstring_exceed,0,1,0,0,0,0,0,0,0,0,67.0,2.124763009843877,,,das übliche,213,1,44.0,1.0,3,40-49,Europe,
19769,DEU,Germany,MEDIUM,1,0,odd_even_low,0,0,0,1,0,0,0,0,0,0,6.0,7.615207601871746,-0.9615239476408232,Forschung für Profitmaximierung,,213,1,30.0,1.0,4,30-39,Europe,
19776,ITA,Italy,MEDIUM,1,0,mahalanobis_outlier,0,0,1,0,0,0,0,0,0,0,13.0,9.568570799775046,0.3535533905932738,,"Il metodo, la strumentazione, le pubblicazioni, i riscontri sperimentali e il riconoscimento della comunità scientifica e degli organi di controllo eventuale",213,1,44.0,0.0,4,40-49,Europe,
19795,BEL,Belgium,MEDIUM,1,0,longstring_exceed,0,1,0,0,0,0,0,0,0,0,40.0,3.205049218287898,0.4472135954999579,,aucune idée,213,1,55.0,1.0,4,50-59,Europe,
19828,DEU,Germany,MEDIUM,1,0,odd_even_low,0,0,0,1,0,0,0,0,0,0,5.0,6.404097213087509,-0.8783100656536799,Die Lobiisten. Die finanzieren das,,213,1,66.0,0.0,3,60+,Europe,
19855,BEL,Belgium,MEDIUM,1,0,mahalanobis_outlier,0,0,1,0,0,0,0,0,0,0,14.0,10.254010620635116,0.4029114820126901,,"Dat hij weet waarover hij spreekt.
De mensen op een simpele manier kan vertellen waar mee hij bezig is. ",213,1,42.0,1.0,3,40-49,Europe,
20004,DEU,Germany,MEDIUM,1,0,mahalanobis_outlier,0,0,1,0,0,0,0,0,0,0,8.0,10.754957613986218,-0.7520710469952335,"Die Menschheit, wenn die Wissenschaft richtig aufklärt",,213,1,56.0,1.0,3,50-59,Europe,
20047,ITA,Italy,MEDIUM,1,0,odd_even_low,0,0,0,1,0,0,0,0,0,0,5.0,6.341061235660384,-1.0,,"la ricerca assidua, la dimostrabilità di quanto scoperto, le motivazioni",213,1,47.0,1.0,4,40-49,Europe,
20059,DEU,Germany,MEDIUM,1,0,odd_even_low,0,0,0,1,0,0,0,0,0,0,10.0,4.345349839207629,-1.0,,wenn sie bei der wahrheit bleiben,213,1,66.0,1.0,3,60+,Europe,
20077,BEL,Belgium,MEDIUM,1,0,mahalanobis_outlier,0,0,1,0,0,0,0,0,0,0,16.0,10.003668051220432,0.9045340337332908,-99,,213,1,32.0,0.0,3,30-39,Europe,
20173,BEL,Belgium,MEDIUM,1,0,mahalanobis_outlier,0,0,1,0,0,0,0,0,0,0,13.0,11.127435852379415,-0.3162277660168379,,-99,213,1,32.0,1.0,3,30-39,Europe,
20179,ITA,Italy,MEDIUM,1,0,odd_even_low,0,0,0,1,0,0,0,0,0,0,6.0,5.376456182209235,-1.0,La scienza e gli scienziati sono al servizio dell’umanità e quindi tutti noi possiamo trarne beneficio. Tranne in casi in cui la scienza sia usata contro la morale e per il male.,,213,1,53.0,1.0,3,50-59,Europe,
20391,DEU,Germany,MEDIUM,1,0,odd_even_low,0,0,0,1,0,0,0,0,0,0,5.0,5.71278369879704,-0.8944271909999159,,"Fundierte Thesen aufstellen, auf Basis von Experimenten. ",213,1,31.0,0.0,4,30-39,Europe,
20415,DEU,Germany,MEDIUM,1,0,odd_even_low,0,0,0,1,0,0,0,0,0,0,3.0,5.975511579189136,-1.0,"Alle Menschen in der Gesellschaft profitieren von Wissen, und mit Wissen wachsen Nationen auf",,213,1,33.0,1.0,4,30-39,Europe,
20421,DEU,Germany,MEDIUM,1,0,odd_even_low,0,0,0,1,0,0,0,0,0,0,4.0,6.289383485731445,-1.0,,"Forschung sollte darauf ausgerichtet sein, den Menschen zu dienen",213,1,35.0,0.0,4,30-39,Europe,
20445,DEU,Germany,MEDIUM,1,0,longstring_exceed,0,1,0,0,0,0,0,0,0,0,57.0,2.124763009843877,,,Wenn er die erforschten Sachen auch sinnvoll belegen kann. Wenn mehrere Wissenschaftler es bestätigen. Sinnvolle Studien,213,1,52.0,0.0,3,50-59,Europe,
20488,DEU,Germany,MEDIUM,1,0,longstring_exceed,0,1,0,0,0,0,0,0,0,0,51.0,1.8105321009628257,,,Name,213,1,33.0,1.0,3,30-39,Europe,
20581,BEL,Belgium,MEDIUM,1,0,longstring_exceed,0,1,0,0,0,0,0,0,0,0,37.0,2.563747105231449,,,Onderzoek,213,1,32.0,0.0,4,30-39,Europe,
20609,DEU,Germany,MEDIUM,1,0,longstring_exceed,0,1,0,0,0,0,0,0,0,0,44.0,8.265321408323063,-0.3721042037676254,die politiker,,213,1,69.0,1.0,3,60+,Europe,
20667,ESP,Spain,MEDIUM,1,0,longstring_exceed,0,1,0,0,0,0,0,0,0,0,39.0,2.52221576944853,,"los pobres, porque cuanto mas avancen mas barato sera la sanidad mejor para nosotros",,213,1,37.0,1.0,4,30-39,Europe,
20885,BEL,Belgium,MEDIUM,1,0,longstring_exceed,0,1,0,0,0,0,0,0,0,0,35.0,5.306405939439023,,,"Récompensé par des prix, médiatisation ",213,1,28.0,0.0,4,18-29,Europe,
20921,BEL,Belgium,MEDIUM,1,0,mahalanobis_outlier,0,0,1,0,0,0,0,0,0,0,16.0,10.385505398700095,0.220863052149693,,"l
La  FRANCHISSE ET LA VÉRACITÉ ",213,1,73.0,0.0,4,60+,Europe,
20967,BEL,Belgium,MEDIUM,1,0,mahalanobis_outlier,0,0,1,0,0,0,0,0,0,0,8.0,10.293027294030566,0.6565321642986127,,Ses résultats ,213,1,53.0,0.0,3,50-59,Europe,
20989,DEU,Germany,MEDIUM,1,0,odd_even_low,0,0,0,1,0,0,0,0,0,0,10.0,4.3574636831023845,-1.0,weiss nicht,,213,1,75.0,1.0,3,60+,Europe,
21018,ESP,Spain,MEDIUM,1,0,longstring_exceed,0,1,0,0,0,0,0,0,0,0,57.0,2.348454737233222,,todo el mundo porque todo es ciencia,,213,1,49.0,1.0,3,40-49,Europe,
21093,DEU,Germany,MEDIUM,1,0,longstring_exceed,0,1,0,0,0,0,0,0,0,0,36.0,2.649116961478716,,,weiß nicht,213,1,44.0,0.0,3,40-49,Europe,
21151,ESP,Spain,MEDIUM,1,0,mahalanobis_outlier,0,0,1,0,0,0,0,0,0,0,12.0,10.302949435280246,0.6809729348006678,,Según los temas que traten.,213,1,64.0,1.0,3,60+,Europe,
21248,ESP,Spain,MEDIUM,1,0,longstring_exceed,0,1,0,0,0,0,0,0,0,0,38.0,3.130606093192833,,,que tenga algo de acierto,213,1,35.0,1.0,3,30-39,Europe,
21285,ESP,Spain,MEDIUM,1,0,odd_even_low,0,0,0,1,0,0,0,0,0,0,9.0,4.680072839767711,-1.0,"Los que más se benefician de los avances de la ciencia, en mi opinión, son los ciudadanos ya que permite erradicar algunas enfermedades existentes y prevenir los efectos de las que van aparaciendo a lo largo del tiempo.",,213,1,61.0,1.0,3,60+,Europe,
21286,NLD,Netherlands,MEDIUM,1,0,odd_even_low,0,0,0,1,0,0,0,0,0,0,16.0,3.224160705164466,-1.0,,Goede en duidelijke uitleg die begrijpbaar is voor een groot gedeelte van de bevolking,213,1,71.0,0.0,4,60+,Europe,
21290,BEL,Belgium,MEDIUM,1,0,longstring_exceed,0,1,0,0,0,0,0,0,0,0,51.0,2.3277428215248657,,"Les chercheurs, les malades qui le veux le tps qui s'y interresse",,213,1,41.0,0.0,3,40-49,Europe,
21295,ESP,Spain,MEDIUM,1,0,longstring_exceed,0,1,0,0,0,0,0,0,0,0,32.0,5.139045251622925,0.2,,Cosas útiles ,213,1,56.0,1.0,3,50-59,Europe,
21320,NLD,Netherlands,MEDIUM,1,0,longstring_exceed,0,1,0,0,0,0,0,0,0,0,46.0,2.815135316720798,,Tot nu toe niet genoeg aangezien alles te duur is om te kunnen toepassen ,,213,1,40.0,0.0,3,40-49,Europe,
21388,ESP,Spain,MEDIUM,1,0,longstring_exceed,0,1,0,0,0,0,0,0,0,0,37.0,3.0506158884311705,-0.4472135954999579,,-99,213,1,37.0,0.0,3,30-39,Europe,
21392,ESP,Spain,MEDIUM,1,0,longstring_exceed,0,1,0,0,0,0,0,0,0,0,43.0,6.1471561088287885,0.2,,No soy de ciencia,213,1,33.0,1.0,3,30-39,Europe,
21397,NLD,Netherlands,MEDIUM,1,0,longstring_exceed,0,1,0,0,0,0,0,0,0,0,71.0,7.4199524574302895,,,Poepluiers papedie,213,1,18.0,,2,18-29,Europe,
21439,ESP,Spain,MEDIUM,1,0,odd_even_low,0,0,0,1,0,0,0,0,0,0,14.0,7.729118167311252,-0.9139076937674137,,Sus estudios ,213,1,31.0,1.0,3,30-39,Europe,
21713,ESP,Spain,MEDIUM,1,0,odd_even_low,0,0,0,1,0,0,0,0,0,0,12.0,7.942943375224445,-0.9284766908852594,,"Que sepa explicar sus resultados de una manera sencilla que abarque un gran número de la población para que vean que sus cálculos son correctos y su teoría acerteda, o posible.",213,1,18.0,1.0,3,18-29,Europe,
21749,ESP,Spain,MEDIUM,1,0,longstring_exceed,0,1,0,0,0,0,0,0,0,0,33.0,2.582940494362111,,,Nada,213,1,45.0,1.0,3,40-49,Europe,
21803,ESP,Spain,MEDIUM,1,0,longstring_exceed,0,1,0,0,0,0,0,0,0,0,71.0,6.439889889998842,,"Los que se dedican a ello, ya que obviamente para que ellos puedan seguir estudiando alguna rama de ciencia no todas el estado los subvenciona ",,213,1,23.0,0.0,3,18-29,Europe,
21839,ESP,Spain,MEDIUM,1,0,mahalanobis_outlier,0,0,1,0,0,0,0,0,0,0,3.0,9.692523216469295,-0.433289122413121,"Los que más pasta tienen, hijos de puta, siempre son los mismos.
Amén",,213,1,58.0,1.0,2,50-59,Europe,
21851,ESP,Spain,MEDIUM,1,0,longstring_exceed,0,1,0,0,0,0,0,0,0,0,57.0,2.6200640654378518,,,si,213,1,48.0,1.0,3,40-49,Europe,
21941,DEU,Germany,MEDIUM,1,0,longstring_exceed,0,1,0,0,0,0,0,0,0,0,36.0,6.633159944486496,,,was sie reden vom zuhören,213,1,39.0,1.0,2,30-39,Europe,
21966,ESP,Spain,MEDIUM,1,0,longstring_exceed,0,1,0,0,0,0,0,0,0,0,55.0,6.439889889998842,,,nada,213,1,59.0,1.0,4,50-59,Europe,
21991,BEL,Belgium,MEDIUM,1,0,mahalanobis_outlier,0,0,1,0,0,0,0,0,0,0,5.0,11.608609527848175,0.0333148302326384,"L’état, c’est simple on est au courant de rien mdrrr",,213,1,19.0,1.0,3,18-29,Europe,
21999,DEU,Germany,MEDIUM,1,0,odd_even_low,0,0,0,1,0,0,0,0,0,0,8.0,6.996726954035213,-0.8783100656536799,Neues Wissen generieren ,,213,1,35.0,0.0,4,30-39,Europe,
22057,FIN,Finland,MEDIUM,1,0,mahalanobis_outlier,0,0,1,0,0,0,0,0,0,0,12.0,9.542215884725204,0.8834522085987724,,Tieteellinen näyttö on uskottavaa.,213,1,59.0,1.0,3,50-59,Europe,
22119,ESP,Spain,MEDIUM,1,0,longstring_exceed,0,1,0,0,0,0,0,0,0,0,57.0,2.6334733845341995,,Las grandes empresas ,,213,1,25.0,1.0,3,18-29,Europe,
22192,DEU,Germany,MEDIUM,1,0,longstring_exceed,0,1,0,0,0,0,0,0,0,0,42.0,2.011296719723115,,,Wenn sie verschiedene Perspektiven betrachten.,213,1,44.0,0.0,3,40-49,Europe,
22199,ESP,Spain,MEDIUM,1,0,mahalanobis_outlier,0,0,1,0,0,0,0,0,0,0,14.0,9.74057597918935,-0.6054055145966812,,"Por la labor que desarrollan me merecen toda la confianza, salvo cuando aparecen personajes en noticieros que han sido aleccionados por políticos ( gobierno) para decir lo que ellos quieren ( gestión de la pandemia del covid) a estos no les doy ninguna credibilidad ",213,1,63.0,1.0,3,60+,Europe,
22227,ESP,Spain,MEDIUM,1,0,longstring_exceed,0,1,0,0,0,0,0,0,0,0,57.0,2.404835489626284,,Es un tema que desconozco ,,213,1,34.0,0.0,4,30-39,Europe,
22295,DEU,Germany,MEDIUM,1,0,longstring_exceed,0,1,0,0,0,0,0,0,0,0,71.0,6.633159944486496,,,Ihre Arbeitsstelle,213,1,23.0,1.0,2,18-29,Europe,
22395,ESP,Spain,MEDIUM,1,0,longstring_exceed,0,1,0,0,0,0,0,0,0,0,42.0,2.530375861608621,,,La metodología aplicada para la experimentación o investigación ya se en cuanto a teoría o aplicación práctica,213,1,24.0,2.0,3,18-29,Europe,
22580,IRL,Ireland,MEDIUM,1,0,longstring_exceed,0,1,0,0,0,0,0,0,0,0,39.0,3.027782126165396,0.4472135954999579,,Their inquisitive mind,213,1,45.0,0.0,4,40-49,Europe,
22621,NLD,Netherlands,MEDIUM,1,0,longstring_exceed,0,1,0,0,0,0,0,0,0,0,37.0,2.450918334812532,,De overheis,,213,1,34.0,0.0,3,30-39,Europe,
22627,DEU,Germany,MEDIUM,1,0,odd_even_low,0,0,0,1,0,0,0,0,0,0,3.0,3.594009114090034,-1.0,"Die gesamte Menschheit profitiert von der Wissenschaft, weil sie uns hilft Erkenntnisse zu gewinnen ob positiver oder negativer Art.",,213,1,43.0,0.0,3,40-49,Europe,
22645,DEU,Germany,MEDIUM,1,0,longstring_exceed,0,1,0,0,0,0,0,0,0,0,67.0,6.891322900936039,,,-,213,1,35.0,1.0,3,30-39,Europe,
22652,ESP,Spain,MEDIUM,1,0,mahalanobis_outlier,0,0,1,0,0,0,0,0,0,0,8.0,9.804163970296964,0.98058067569092,"una cosa es el dinero que los suentificos se binefician muy poco ,creo,y lo de los descubrimientos se beneficia la humanidad entera",,213,1,42.0,0.0,3,40-49,Europe,
22658,DEU,Germany,MEDIUM,1,0,odd_even_low,0,0,0,1,0,0,0,0,0,0,5.0,5.534645798161228,-1.0,"Die zukünftige Menschheit und die Unternehmen, die damit beschäftigt waren",,213,1,44.0,1.0,3,40-49,Europe,
22661,DEU,Germany,MEDIUM,1,0,mahalanobis_outlier,0,0,1,0,0,0,0,0,0,0,3.0,10.819844067253593,0.4826170890658401,Am meisten der Entwickler selbst und das land,,213,1,44.0,0.0,3,40-49,Europe,
22679,DEU,Germany,MEDIUM,1,0,odd_even_low,0,0,0,1,0,0,0,0,0,0,6.0,6.254211354940536,-1.0,die ganze Welt,,213,1,30.0,1.0,4,30-39,Europe,
22730,DEU,Germany,MEDIUM,1,0,mahalanobis_outlier,0,0,1,0,0,0,0,0,0,0,15.0,9.717638098538137,-0.4330127018922193,,"Ehrliche, klare Aussagen ...",213,1,44.0,1.0,3,40-49,Europe,
22774,NLD,Netherlands,MEDIUM,1,0,longstring_exceed,0,1,0,0,0,0,0,0,0,0,67.0,2.2734856525682114,,,niks,213,1,31.0,1.0,4,30-39,Europe,
22793,ESP,Spain,MEDIUM,1,0,mahalanobis_outlier,0,0,1,0,0,0,0,0,0,0,3.0,10.863972720897133,-0.2405228464604173,,De evidencias de lo qued dice y que se note que lo ha estudiado en profundidad demostrando que sabe del tema,213,1,19.0,0.0,3,18-29,Europe,
22870,BEL,Belgium,MEDIUM,1,0,longstring_exceed,0,1,0,0,0,0,0,0,0,0,58.0,5.726853904508921,,-99,,213,1,35.0,0.0,4,30-39,Europe,
22886,ESP,Spain,MEDIUM,1,0,longstring_exceed,0,1,0,0,0,0,0,0,0,0,71.0,6.439889889998842,,Nose,,213,1,21.0,0.0,3,18-29,Europe,
23007,IRL,Ireland,MEDIUM,1,0,longstring_exceed,0,1,0,0,0,0,0,0,0,0,38.0,6.074912425621579,-0.8075728530872482,,All there research has been proven to be highly accurate ,213,1,62.0,1.0,4,60+,Europe,
23070,FIN,Finland,MEDIUM,1,0,mahalanobis_outlier,0,0,1,0,0,0,0,0,0,0,15.0,10.88360266199478,0.1581138830084189,,"Tieteet ovat luotettavimmillaan silloin kun ihmisten omilla mielipiteillä on vähiten vaikutusta. Esimerkiksi luonnontieteet.
",213,1,33.0,1.0,2,30-39,Europe,
23073,IRL,Ireland,MEDIUM,1,0,longstring_exceed,0,1,0,0,0,0,0,0,0,0,55.0,7.372478994193012,,I think science could come up with new technique ,,213,1,28.0,0.0,3,18-29,Europe,
23165,IRL,Ireland,MEDIUM,1,0,odd_even_low,0,0,0,1,0,0,0,0,0,0,6.0,6.197898112262256,-0.8834522085987723,,"Credentials, reputation",213,1,36.0,1.0,4,30-39,Europe,
23190,ESP,Spain,MEDIUM,1,0,longstring_exceed,0,1,0,0,0,0,0,0,0,0,57.0,2.296594481688018,,"NOS BENEFICIAMOS TODOS, LOS AVENCES SON PARA TODOS",,213,1,45.0,0.0,4,40-49,Europe,
23389,FIN,Finland,MEDIUM,1,0,longstring_exceed,0,1,0,0,0,0,0,0,0,0,57.0,2.507805624362933,,,-99,213,1,40.0,1.0,3,40-49,Europe,
23422,DEU,Germany,MEDIUM,1,0,odd_even_low,0,0,0,1,0,0,0,0,0,0,15.0,4.767376440451194,-1.0,Die Menschheit an sich. Die Gesellschaft. Jeder Einzellne Mensch. Fortschritt in der Technik. Erkentnisstand der Menschen. Fortschritte in der Medizin zur Krankheitsbekämpfung.,,213,1,57.0,1.0,3,50-59,Europe,
23424,DEU,Germany,MEDIUM,1,0,odd_even_low,0,0,0,1,0,0,0,0,0,0,13.0,6.328548373923443,-1.0,"Wenn Wischenschaft wirklich im Sinnes der Worte Wissen schaft praktiziert wird, dann profitieren wir alle davon.

Leider wird oft die Wissenschaft von Großfirmen finanziell untertützt, die natürlich auch Interesse daran haben dass die Forschungsergebnisse in ihrem Sinne interpretiert werden.",,213,1,61.0,2.0,4,60+,Europe,
23514,ESP,Spain,MEDIUM,1,0,odd_even_low,0,0,0,1,0,0,0,0,0,0,4.0,5.025265935056531,-1.0,,"Su trabajo ha de ser en bien de la humanidad, y para mejorar el conocimiento y las condiciones de vida de las personas",213,1,58.0,1.0,4,50-59,Europe,
23515,IRL,Ireland,MEDIUM,1,0,longstring_exceed,0,1,0,0,0,0,0,0,0,0,38.0,2.7555857778275903,,,Because their facts are based on realities ,213,1,31.0,0.0,4,30-39,Europe,
23530,IRL,Ireland,MEDIUM,1,0,mahalanobis_outlier,0,0,1,0,0,0,0,0,0,0,5.0,10.424770474914556,-0.1022397264886495,Idk,,213,1,67.0,2.0,4,60+,Europe,
23552,ESP,Spain,MEDIUM,1,0,mahalanobis_outlier,0,0,1,0,0,0,0,0,0,0,12.0,9.396345150924551,0.8603834844182797,,"Su honestidad y no alinearse con las políticas gubernamentales, especialmente en España que es una dictadura con aspecto de democracia.",213,1,62.0,1.0,4,60+,Europe,
23705,NLD,Netherlands,MEDIUM,1,0,mahalanobis_outlier,0,0,1,0,0,0,0,0,0,0,11.0,11.720731686263512,,"Ik lees altijd innovatieve Ezines zoals New Atlas omdat ik het gewoon heel interessant vind om over de nieuwste ontwikkelingen geïnformeerd te worden... Meestal praat ik daar ook over met mijn kinderen, zij vinden het ook heel erg interessant om te praten over bepaalde onderwerpen (quantum-computers, medische of technologische doorbraken etc).",,213,1,74.0,0.0,3,60+,Europe,
23767,FIN,Finland,MEDIUM,1,0,mahalanobis_outlier,0,0,1,0,0,0,0,0,0,0,10.0,11.653144125565792,0.0830454798537399,,Julkaisuja,213,1,53.0,0.0,4,50-59,Europe,
23854,FIN,Finland,MEDIUM,1,0,odd_even_low,0,0,0,1,0,0,0,0,0,0,6.0,5.345016030265676,-0.8783100656536799,,-99,213,1,48.0,0.0,3,40-49,Europe,
23905,FIN,Finland,MEDIUM,1,0,longstring_exceed,0,1,0,0,0,0,0,0,0,0,43.0,6.483462341033923,,-99,,213,1,50.0,1.0,2,50-59,Europe,
23987,DEU,Germany,MEDIUM,1,0,longstring_exceed,0,1,0,0,0,0,0,0,0,0,39.0,2.33902487281696,,,?,213,1,57.0,1.0,4,50-59,Europe,
23992,ESP,Spain,MEDIUM,1,0,longstring_exceed,0,1,0,0,0,0,0,0,0,0,63.0,2.404835489626284,,Los científicos ya que ganan más recursos para seguir experimentando,,213,1,22.0,1.0,3,18-29,Europe,
24001,DEU,Germany,MEDIUM,1,0,longstring_exceed,0,1,0,0,0,0,0,0,0,0,32.0,2.624986039392121,,,das weiss ich nicht,213,1,44.0,1.0,3,40-49,Europe,
24101,ESP,Spain,MEDIUM,1,0,longstring_exceed,0,1,0,0,0,0,0,0,0,0,67.0,2.296594481688018,,No sé,,213,1,26.0,1.0,4,18-29,Europe,
24222,IRL,Ireland,MEDIUM,1,0,mahalanobis_outlier,0,0,1,0,0,0,0,0,0,0,3.0,10.095680315549648,-0.4780914437337574,,Facts and shown facts,213,1,23.0,1.0,4,18-29,Europe,
24271,IRL,Ireland,MEDIUM,1,0,longstring_exceed,0,1,0,0,0,0,0,0,0,0,58.0,2.465082218007395,,,Knowledge ,213,1,57.0,0.0,4,50-59,Europe,
24303,IRL,Ireland,MEDIUM,1,0,odd_even_low,0,0,0,1,0,0,0,0,0,0,9.0,5.20519947433202,-0.8944271909999159,,Proper information ,213,1,58.0,0.0,3,50-59,Europe,
24420,CYP,Cyprus,MEDIUM,1,0,longstring_exceed,0,1,0,0,0,0,0,0,0,0,36.0,9.010390846787844,0.0,-99,,213,1,27.0,1.0,4,18-29,Europe,
24891,DEU,Germany,MEDIUM,1,0,odd_even_low,0,0,0,1,0,0,0,0,0,0,12.0,3.674680127300612,-1.0,,Wenn sich eine Objektivität bewahren kann.,213,1,57.0,0.0,3,50-59,Europe,
25050,DEU,Germany,MEDIUM,1,0,mahalanobis_outlier,0,0,1,0,0,0,0,0,0,0,9.0,10.026905927712209,-0.1066003581778052,,Die informieren sich ,213,1,55.0,0.0,3,50-59,Europe,
25067,DEU,Germany,MEDIUM,1,0,odd_even_low,0,0,0,1,0,0,0,0,0,0,4.0,5.2022970603786325,-0.8944271909999159,"Pharmaindustrie, Entwicklung von Energien, Konzerne wie VW, ",,213,1,37.0,0.0,4,30-39,Europe,
25080,DEU,Germany,MEDIUM,1,0,mahalanobis_outlier,0,0,1,0,0,0,0,0,0,0,3.0,10.252537722630905,-0.4714045207910317,Der Staat profitiert am Meisten von Wissenschaft weil viele Menschen keine Ahnung von Wissenschaft haben. ,,213,1,26.0,0.0,3,18-29,Europe,
25119,ESP,Spain,MEDIUM,1,0,odd_even_low,0,0,0,1,0,0,0,0,0,0,13.0,7.426097014902568,-0.8783100656536799,De los adelantos de la ciencia e investigación en el campo de la sanidad!!,,213,1,71.0,0.0,3,60+,Europe,
25280,DEU,Germany,MEDIUM,1,0,mahalanobis_outlier,0,0,1,0,0,0,0,0,0,0,9.0,9.664557891111505,0.4894935754389833,,"Wenn es kompetent, verständlich und erklärbar ist",213,1,69.0,1.0,3,60+,Europe,
25314,FIN,Finland,MEDIUM,1,0,mahalanobis_outlier,0,0,1,0,0,0,0,0,0,0,4.0,9.194178703960704,-0.4482758620689655,"Valtion hallitus ja erilaiset yritykset, koska niillä on päätösvaltaa tehdä muutoksia mitä keinoja käyttää esim. kestävän kehityksen ylläpitämisessä.",,213,1,25.0,1.0,3,18-29,Europe,
25375,DEU,Germany,MEDIUM,1,0,mahalanobis_outlier,0,0,1,0,0,0,0,0,0,0,6.0,10.25112975820297,-0.1395726315597706,,Wenn er mit seinem Volk und Mitmenschen ehrlich ist.,213,1,54.0,0.0,3,50-59,Europe,
25428,DEU,Germany,MEDIUM,1,0,mahalanobis_outlier,0,0,1,0,0,0,0,0,0,0,9.0,12.178698517116064,0.14,,"Gute Vorträge und Vorbereitungen, Resultate",213,1,44.0,0.0,3,40-49,Europe,
25458,SVN,Slovenia,MEDIUM,1,0,mahalanobis_outlier,0,0,1,0,0,0,0,0,0,0,5.0,10.369137691112924,0.5606119105813882,,Ker so pametni,213,1,23.0,1.0,4,18-29,Europe,
25478,DEU,Germany,MEDIUM,1,0,mahalanobis_outlier,0,0,1,0,0,0,0,0,0,0,3.0,9.783247366793107,-0.6859943405700353,"Zum einen ist es wichtig dass jeder bürger über den neusten Stand bescheid weiß. Zudem sind natürlich Verbrauch die die von Wissenschaft profitieren, da es Technologie bringt und der Welt einen Fortschritt bringen sollte",,213,1,20.0,1.0,3,18-29,Europe,
25490,DEU,Germany,MEDIUM,1,0,longstring_exceed,0,1,0,0,0,0,0,0,0,0,36.0,2.8818080499089844,,,keine Ahnung,213,1,41.0,1.0,3,40-49,Europe,
25588,DEU,Germany,MEDIUM,1,0,odd_even_low,0,0,0,1,0,0,0,0,0,0,8.0,3.897152761979098,-1.0,,"ehrliche berichterstattungen, logische und nachvollziehbare erklärungen",213,1,55.0,0.0,3,50-59,Europe,
25627,SVN,Slovenia,MEDIUM,1,0,longstring_exceed,0,1,0,0,0,0,0,0,0,0,42.0,3.199369312640251,,,Napišejo in razložijo kako je dejansko,213,1,44.0,1.0,3,40-49,Europe,
25665,DEU,Germany,MEDIUM,1,0,longstring_exceed,0,1,0,0,0,0,0,0,0,0,40.0,2.721711336805096,,-,,213,1,28.0,0.0,4,18-29,Europe,
25769,FIN,Finland,MEDIUM,1,0,mahalanobis_outlier,0,0,1,0,0,0,0,0,0,0,4.0,10.47984839121844,-0.4285714285714285,en osaa kertoa,,213,1,24.0,1.0,3,18-29,Europe,
25798,DEU,Germany,MEDIUM,1,0,mahalanobis_outlier,0,0,1,0,0,0,0,0,0,0,6.0,10.236777989264215,0.7559289460184545,,Keine Ahnung ,213,1,47.0,0.0,3,40-49,Europe,
25828,DEU,Germany,MEDIUM,1,0,odd_even_low,0,0,0,1,0,0,0,0,0,0,8.0,7.152248700142408,-1.0,-99,,213,1,75.0,1.0,3,60+,Europe,
25927,SVN,Slovenia,MEDIUM,1,0,longstring_exceed,0,1,0,0,0,0,0,0,0,0,71.0,5.636063902955847,,,A,213,1,100.0,,1,60+,Europe,
26098,DEU,Germany,MEDIUM,1,0,longstring_exceed,0,1,0,0,0,0,0,0,0,0,44.0,5.705070270373879,,,Keine Ahnung ,213,1,32.0,1.0,3,30-39,Europe,
26161,SVN,Slovenia,MEDIUM,1,0,longstring_exceed,0,1,0,0,0,0,0,0,0,0,61.0,5.636063902955847,,Nevem pop smoke kr je repernajvecji,,213,1,23.0,1.0,3,18-29,Europe,
26244,DEU,Germany,MEDIUM,1,0,odd_even_low,0,0,0,1,0,0,0,0,0,0,8.0,5.4625216796243485,-1.0,,Gewissen und ehrlich ,213,1,69.0,1.0,3,60+,Europe,
26260,ESP,Spain,MEDIUM,1,0,odd_even_low,0,0,0,1,0,0,0,0,0,0,13.0,3.660589817546675,-1.0,"Todos nos beneficiamos por igual. En un momento nos beneficiamos unos y en otros momentos otros, pero es para el bien de todos.",,213,1,35.0,0.0,3,30-39,Europe,
26410,SVN,Slovenia,MEDIUM,1,0,odd_even_low,0,0,0,1,0,0,0,0,0,0,5.0,3.546111130667499,-1.0,"Vlada, ker ima ponavadi prva dostop do odkritij",,213,1,39.0,1.0,3,30-39,Europe,
26476,DEU,Germany,MEDIUM,1,0,longstring_exceed,0,1,0,0,0,0,0,0,0,0,50.0,3.747235227392054,,"Die Menschheit, da Dinge erklärt werden können.",,213,1,34.0,1.0,4,30-39,Europe,
26695,DEU,Germany,MEDIUM,1,0,odd_even_low,0,0,0,1,0,0,0,0,0,0,10.0,6.201950760535033,-0.8944271909999159,Die Menschheit verbessert und vereinfacht das Leben,,213,1,47.0,1.0,4,40-49,Europe,
26705,GRC,Greece,MEDIUM,1,0,mahalanobis_outlier,0,0,1,0,0,0,0,0,0,0,15.0,10.91508560067467,1.0,"apo tin epistimh epofelite o anthropos
giati vasi epistimonikon prakseon 
h anthropotita den tha eixe thn shmerinh gnosi poy exei 
vasai ton ekselikseon poy prosferi oi epistimh ",,213,1,42.0,1.0,3,40-49,Europe,
26833,DEU,Germany,MEDIUM,1,0,longstring_exceed,0,1,0,0,0,0,0,0,0,0,54.0,2.4961569016984013,,,-99,213,1,59.0,1.0,3,50-59,Europe,
26834,DEU,Germany,MEDIUM,1,0,odd_even_low,0,0,0,1,0,0,0,0,0,0,16.0,4.573014588565258,-1.0,"Die Pharmaindustrie, weil Sie das Zeug unter die Menschen bringen.",,213,1,57.0,0.0,3,50-59,Europe,
26945,IRL,Ireland,MEDIUM,1,0,odd_even_low,0,0,0,1,0,0,0,0,0,0,9.0,3.70018348475316,-1.0,,Proff of what they say,213,1,63.0,0.0,4,60+,Europe,
26970,SVN,Slovenia,MEDIUM,1,0,mahalanobis_outlier,0,0,1,0,0,0,0,0,0,0,10.0,10.271733624352551,0.2070788416406455,Nic od nasterega,,213,1,25.0,1.0,3,18-29,Europe,
27059,DEU,Germany,MEDIUM,1,0,longstring_exceed,0,1,0,0,0,0,0,0,0,0,57.0,2.1977655848028403,,keine ahnung,,213,1,45.0,1.0,3,40-49,Europe,
27098,DEU,Germany,MEDIUM,1,0,odd_even_low,0,0,0,1,0,0,0,0,0,0,9.0,3.74684621210504,-1.0,Weiß nicht ,,213,1,40.0,0.0,3,40-49,Europe,
27102,DEU,Germany,MEDIUM,1,0,odd_even_low,0,0,0,1,0,0,0,0,0,0,9.0,3.622584764948286,-1.0,,kann ich nicht beurteilen,213,1,59.0,0.0,3,50-59,Europe,
27216,NLD,Netherlands,MEDIUM,1,0,longstring_exceed,0,1,0,0,0,0,0,0,0,0,48.0,2.2734856525682114,,,als je je veronderstelling goed kunt onderbouwen,213,1,50.0,0.0,3,50-59,Europe,
27267,DEU,Germany,MEDIUM,1,0,longstring_exceed,0,1,0,0,0,0,0,0,0,0,57.0,2.2920539113646163,,Keine Ahnung,,213,1,63.0,0.0,3,60+,Europe,
27551,IRL,Ireland,MEDIUM,1,0,mahalanobis_outlier,0,0,1,0,0,0,0,0,0,0,9.0,10.524631951926825,0.0,Scientists because they can find new science things,,213,1,21.0,1.0,2,18-29,Europe,
27567,SVN,Slovenia,MEDIUM,1,0,odd_even_low,0,0,0,1,0,0,0,0,0,0,10.0,7.560067007396839,-0.9114654303753,"Od znanosti kot procesa imamo največ koristi ljudje, saj nam olajša življenje.",,213,1,22.0,1.0,4,18-29,Europe,
27588,SVN,Slovenia,MEDIUM,1,0,longstring_exceed,0,1,0,0,0,0,0,0,0,0,36.0,7.111954590622133,0.5773502691896257,"ljudje zato ker to znanost potem uporabljamo
",,213,1,18.0,,3,18-29,Europe,
27612,DEU,Germany,MEDIUM,1,0,odd_even_low,0,0,0,1,0,0,0,0,0,0,13.0,6.223235023387349,-1.0,"Der Staat und die Bevölkerung gleichermaßen, den ein Fortschritt in der Wissenschaft bildet die Bevölkerung, welche wiederum die Wirtschaft und Technik mit ihrem Wissen profitabel macht.",,213,1,25.0,0.0,4,18-29,Europe,
27644,DEU,Germany,MEDIUM,1,0,mahalanobis_outlier,0,0,1,0,0,0,0,0,0,0,6.0,9.800120416568266,-0.3015113445777636,Das Land und das Volk ,,213,1,47.0,1.0,3,40-49,Europe,
27675,DEU,Germany,MEDIUM,1,0,longstring_exceed,0,1,0,0,0,0,0,0,0,0,54.0,2.4961569016984013,,,ich habe dazu keine Meinung,213,1,59.0,1.0,3,50-59,Europe,
27718,DEU,Germany,MEDIUM,1,0,odd_even_low,0,0,0,1,0,0,0,0,0,0,5.0,6.024602913141504,-1.0,Ja,,213,1,35.0,1.0,4,30-39,Europe,
27741,DEU,Germany,MEDIUM,1,0,odd_even_low,0,0,0,1,0,0,0,0,0,0,13.0,5.192268100983535,-1.0,"Die Wissenschaft, weil sie sich dadurch Ansehen verschafft.",,213,1,54.0,0.0,3,50-59,Europe,
27758,DEU,Germany,MEDIUM,1,0,longstring_exceed,0,1,0,0,0,0,0,0,0,0,32.0,3.442364868596496,0.0,,Einhaltung ethischer und moralischer Werte,213,1,61.0,1.0,3,60+,Europe,
27773,DEU,Germany,MEDIUM,1,0,mahalanobis_outlier,0,0,1,0,0,0,0,0,0,0,3.0,9.933367288341268,0.3441236008058426,"politik, weil sie es ausnutzen kann um innovativ zu verhindern um mehr geld zu verdienen",,213,1,24.0,1.0,4,18-29,Europe,
27835,DEU,Germany,MEDIUM,1,0,odd_even_low,0,0,0,1,0,0,0,0,0,0,7.0,5.4961916346216215,-0.8783100656536799,Der Kassierer ist es in Ordnung und ich habe die E-Mail von Frau Fütterer und dann ist das okay und die sagten das ,,213,1,33.0,1.0,3,30-39,Europe,
27846,DEU,Germany,MEDIUM,1,0,longstring_exceed,0,1,0,0,0,0,0,0,0,0,57.0,2.011296719723115,,,kann ich nicht genau beurteilen,213,1,64.0,0.0,3,60+,Europe,
27884,DEU,Germany,MEDIUM,1,0,mahalanobis_outlier,0,0,1,0,0,0,0,0,0,0,3.0,9.900040749421963,-0.2941176470588235,dsfbsdh dsgrewt fdhdsrztw eqwet er hngdh ,,213,1,31.0,1.0,3,30-39,Europe,
27897,DEU,Germany,MEDIUM,1,0,longstring_exceed,0,1,0,0,0,0,0,0,0,0,38.0,2.1862233736168317,,Weiss ich nicht,,213,1,43.0,0.0,3,40-49,Europe,
27961,DEU,Germany,MEDIUM,1,0,longstring_exceed,0,1,0,0,0,0,0,0,0,0,54.0,2.011296719723115,,Politiker,,213,1,25.0,0.0,3,18-29,Europe,
28017,GRC,Greece,MEDIUM,1,0,longstring_exceed,0,1,0,0,0,0,0,0,0,0,71.0,7.259669859013125,,gamieste,,213,1,18.0,0.0,1,18-29,Europe,
28087,DEU,Germany,MEDIUM,1,0,longstring_exceed,0,1,0,0,0,0,0,0,0,0,32.0,6.633159944486496,,Garkeine,,213,1,28.0,0.0,2,18-29,Europe,
28097,DEU,Germany,MEDIUM,1,0,longstring_exceed,0,1,0,0,0,0,0,0,0,0,57.0,1.9303772273937083,,,-99,213,1,23.0,1.0,4,18-29,Europe,
28107,DEU,Germany,MEDIUM,1,0,odd_even_low,0,0,0,1,0,0,0,0,0,0,4.0,5.399427013494705,-1.0,,sehr gut,213,1,20.0,1.0,3,18-29,Europe,
28502,DEU,Germany,MEDIUM,1,0,odd_even_low,0,0,0,1,0,0,0,0,0,0,5.0,4.9106671278726095,-1.0,youtube wenn dass ein Zuverlaessige Programm ist,,213,1,33.0,1.0,3,30-39,Europe,
28521,DEU,Germany,MEDIUM,1,0,mahalanobis_outlier,0,0,1,0,0,0,0,0,0,0,19.0,11.178306929935117,-0.2,"Die Wissenschaft selbst profitiert mehr davon, sie verdienen ja damit Geld",,213,1,43.0,0.0,3,40-49,Europe,
28567,DEU,Germany,MEDIUM,1,0,longstring_exceed,0,1,0,0,0,0,0,0,0,0,57.0,1.9765461734568952,,Ka,,213,1,50.0,1.0,3,50-59,Europe,
28624,DEU,Germany,MEDIUM,1,0,longstring_exceed,0,1,0,0,0,0,0,0,0,0,39.0,3.4841926395118974,1.0,,Fundierte AUSSAGEN,213,1,42.0,1.0,3,40-49,Europe,
28633,DEU,Germany,MEDIUM,1,0,odd_even_low,0,0,0,1,0,0,0,0,0,0,5.0,5.447054563926481,-0.9258200997725514,Die Wissenschaftler und und das Umfeld ,,213,1,70.0,,3,60+,Europe,
28695,DEU,Germany,MEDIUM,1,0,odd_even_low,0,0,0,1,0,0,0,0,0,0,9.0,4.85681769629547,-0.9191450300180578,"Die Menschen, vielleicht denken die dann mal richtig nach und laufen nicht irgendwelchen Politikern oder influencer nach ",,213,1,64.0,0.0,3,60+,Europe,
28782,DEU,Germany,MEDIUM,1,0,longstring_exceed,0,1,0,0,0,0,0,0,0,0,32.0,4.85259878825383,,,"Ein Wissenschaftler ist vertrauenswürdig, wenn er in seiner Forschungsarbeit transparent und ehrlich ist und sein Wissen auf Basis valider und empirisch abgesicherter Daten vermittelt. Dazu gehört, dass alle wissenschaftlichen Erkenntnisse einer sachlichen und kritischen Hinterfragung unterzogen werden",213,1,35.0,1.0,4,30-39,Europe,
28829,DEU,Germany,MEDIUM,1,0,odd_even_low,0,0,0,1,0,0,0,0,0,0,3.0,5.980999342494267,-0.8783100656536799,Die Menschen. Vorausgesetzt die Wissenschaft wird mit ihnen geteilt. Dann profitieren alle von neuen Erkenntnissen ,,213,1,31.0,0.0,3,30-39,Europe,
28879,DEU,Germany,MEDIUM,1,0,odd_even_low,0,0,0,1,0,0,0,0,0,0,12.0,4.61142275798556,-0.9191450300180578,"die Wirtschaft einhergehend die wissenschaftlichen Institute selbst und die Öffentlichkeit,-",,213,1,51.0,0.0,4,50-59,Europe,
28935,SVN,Slovenia,MEDIUM,1,0,odd_even_low,0,0,0,1,0,0,0,0,0,0,8.0,6.721532083832888,-0.9219544457292888,,Niso vredni zaupanja ker se prodajo.,213,1,69.0,1.0,3,60+,Europe,
28951,DEU,Germany,MEDIUM,1,0,odd_even_low,0,0,0,1,0,0,0,0,0,0,12.0,6.150395831914027,-1.0,Die Wissenschaftler,,213,1,40.0,1.0,3,40-49,Europe,
29126,FIN,Finland,MEDIUM,1,0,odd_even_low,0,0,0,1,0,0,0,0,0,0,12.0,5.4484628411780776,-0.8944271909999159,,"Toistokokeet, vertaisarviointi",213,1,37.0,1.0,4,30-39,Europe,
29151,DEU,Germany,MEDIUM,1,0,odd_even_low,0,0,0,1,0,0,0,0,0,0,3.0,5.1439149981125,-1.0,ich weiss nicht so genau,,213,1,23.0,1.0,4,18-29,Europe,
29224,DEU,Germany,MEDIUM,1,0,longstring_exceed,0,1,0,0,0,0,0,0,0,0,55.0,2.960238242563901,,Die Bevölkerung weil sie immer neue dinge bekommt,,213,1,18.0,1.0,3,18-29,Europe,
29233,DEU,Germany,MEDIUM,1,0,odd_even_low,0,0,0,1,0,0,0,0,0,0,6.0,5.494974121326252,-0.8944271909999159,Ärzte und die Gesundheitsindustrie. Krankheitsbekämpfung und Pharmazie,,213,1,33.0,1.0,4,30-39,Europe,
29259,DEU,Germany,MEDIUM,1,0,mahalanobis_outlier,0,0,1,0,0,0,0,0,0,0,2.0,10.55101358411545,0.1749635530559412,"die Menschheit 
",,213,1,33.0,1.0,3,30-39,Europe,
29275,DEU,Germany,MEDIUM,1,0,longstring_exceed,0,1,0,0,0,0,0,0,0,0,54.0,3.300622700899092,,keine Ahnung,,213,1,38.0,1.0,3,30-39,Europe,
29281,DEU,Germany,MEDIUM,1,0,longstring_exceed,0,1,0,0,0,0,0,0,0,0,32.0,5.503667938279848,,"Die Wissenschaft ist so wunderbar, dass wir die Realität über Grenzen hinaus verbessern können",,213,1,28.0,1.0,4,18-29,Europe,
29285,DEU,Germany,MEDIUM,1,0,mahalanobis_outlier,0,0,1,0,0,0,0,0,0,0,9.0,9.73616848420425,-0.108465228909328,"Ich denke, jeder profitiert von der Wissenschaft",,213,1,25.0,1.0,4,18-29,Europe,
29332,DEU,Germany,MEDIUM,1,0,longstring_exceed,0,1,0,0,0,0,0,0,0,0,37.0,4.85259878825383,,,toll,213,1,29.0,1.0,4,18-29,Europe,
29342,DEU,Germany,MEDIUM,1,0,longstring_exceed,0,1,0,0,0,0,0,0,0,0,58.0,2.124763009843877,,,-99,213,1,21.0,1.0,3,18-29,Europe,
29408,NLD,Netherlands,MEDIUM,1,0,odd_even_low,0,0,0,1,0,0,0,0,0,0,7.0,4.891136855494584,-1.0,,is gecontroleerd,213,1,44.0,0.0,3,40-49,Europe,
29428,NLD,Netherlands,MEDIUM,1,0,mahalanobis_outlier,0,0,1,0,0,0,0,0,0,0,5.0,10.057259504487703,0.6666666666666666,De wetenschap,,213,1,57.0,1.0,4,50-59,Europe,
29442,DEU,Germany,MEDIUM,1,0,odd_even_low,0,0,0,1,0,0,0,0,0,0,7.0,6.829211983336335,-1.0,"Jeder, Menschen die ihre Fragen gerne beantwortet hätten, neue Erkenntnisse ",,213,1,32.0,0.0,4,30-39,Europe,
29495,DEU,Germany,MEDIUM,1,0,longstring_exceed,0,1,0,0,0,0,0,0,0,0,57.0,4.85259878825383,,,"Because it proves many things right,so that makes it reliable ",213,1,27.0,0.0,4,18-29,Europe,
29570,DEU,Germany,MEDIUM,1,0,odd_even_low,0,0,0,1,0,0,0,0,0,0,4.0,7.858732489829075,-1.0,,Eine gute Reputation.,213,1,36.0,0.0,4,30-39,Europe,
29739,NLD,Netherlands,MEDIUM,1,0,mahalanobis_outlier,0,0,1,0,0,0,0,0,0,0,4.0,10.67844108591311,0.5976143046671968,Niemand ,,213,1,19.0,0.0,3,18-29,Europe,
29922,DEU,Germany,MEDIUM,1,0,odd_even_low,0,0,0,1,0,0,0,0,0,0,5.0,3.892241795331717,-1.0,,"Wenn seine Aussagen durch Fakten untermauert werden können. Wenn er nicht ständig seine Meinung ändert, ohne dass Fakten das untermauern. Wenn der Wissenschaftler sich nicht zu sehr einer politischen Gruppe zuordnet",213,1,38.0,1.0,4,30-39,Europe,
30010,DEU,Germany,MEDIUM,1,0,longstring_exceed,0,1,0,0,0,0,0,0,0,0,39.0,3.146486251207485,0.0,Alle Menschen profitieren von fundierter Wissenschaft. Das eigentliche Problem ist und bleibt der Faktor Mensch. Der wird immer wieder Scheiße bauen. Das bringt über Kurz oder Lang auch die Wissenschaft in Verruf.,,213,1,43.0,1.0,3,40-49,Europe,
30057,DEU,Germany,MEDIUM,1,0,odd_even_low,0,0,0,1,0,0,0,0,0,0,3.0,4.875009301710309,-1.0,"Die Menschen und allgemein die Nachkommen, weil die Entwicklung immer weiter ist. Die Medizin und die Forschungen sind halt schon sehr fortgeschritten.",,213,1,32.0,1.0,3,30-39,Europe,
30073,DEU,Germany,MEDIUM,1,0,odd_even_low,0,0,0,1,0,0,0,0,0,0,4.0,4.513382282446184,-1.0,,das er sich an die vorgegebenen Prozesse handelt und fundiert arbeitet.,213,1,40.0,1.0,4,40-49,Europe,
30077,DEU,Germany,MEDIUM,1,0,longstring_exceed,0,1,0,0,0,0,0,0,0,0,42.0,2.1703975204499213,,DIe GEsellschaft durch die Entwicklung die möglich wird,,213,1,44.0,0.0,4,40-49,Europe,
30104,DEU,Germany,MEDIUM,1,0,odd_even_low,0,0,0,1,0,0,0,0,0,0,3.0,6.217871640610412,-1.0,"Wissenschaftler,Politiker ",,213,1,57.0,0.0,3,50-59,Europe,
30140,DEU,Germany,MEDIUM,1,0,mahalanobis_outlier,0,0,1,0,0,0,0,0,0,0,3.0,9.87770891682825,0.3638034375544995,ich habe keine Meínung dzau,,213,1,25.0,0.0,4,18-29,Europe,
30190,SVN,Slovenia,MEDIUM,1,0,longstring_exceed,0,1,0,0,0,0,0,0,0,0,57.0,4.728801561339405,,ok,,213,1,42.0,1.0,3,40-49,Europe,
30204,DEU,Germany,MEDIUM,1,0,longstring_exceed,0,1,0,0,0,0,0,0,0,0,57.0,2.14752975405858,,"
7
7
7
7
",,213,1,53.0,1.0,3,50-59,Europe,
30258,DEU,Germany,MEDIUM,1,0,longstring_exceed,0,1,0,0,0,0,0,0,0,0,57.0,1.9303772273937083,,keine Angabe,,213,1,24.0,1.0,4,18-29,Europe,
30262,DEU,Germany,MEDIUM,1,0,odd_even_low,0,0,0,1,0,0,0,0,0,0,6.0,4.874064291911298,-1.0,"Allgemein und oberflächlich gesagt profitiert am Ende der Mensch von Wissenschaft, wenn man zum Beispiel durch Forschungen an neue Erkenntnisse gelangt, die das Leben erleichtern würden. Dann gibt es wiederum Bereiche, die stärker als andere profitieren. Zum Beispiel der Wirtschaftssektor, um möglichst innovativ zu bleiben ",,213,1,23.0,0.0,3,18-29,Europe,
30268,DEU,Germany,MEDIUM,1,0,longstring_exceed,0,1,0,0,0,0,0,0,0,0,57.0,2.011296719723115,,,-,213,1,33.0,1.0,4,30-39,Europe,
30319,NLD,Netherlands,MEDIUM,1,0,odd_even_low,0,0,0,1,0,0,0,0,0,0,6.0,3.73686827292674,-1.0,Dat mensen gaan nadenken en in beweging blijven rondom wetenschap.,,213,1,36.0,0.0,4,30-39,Europe,
30388,DEU,Germany,MEDIUM,1,0,odd_even_low,0,0,0,1,0,0,0,0,0,0,4.0,6.112883921074556,-0.8783100656536799,,"Argumente und Begründungen, fundierte Ausbildung",213,1,37.0,0.0,4,30-39,Europe,
30409,DEU,Germany,MEDIUM,1,0,mahalanobis_outlier,0,0,1,0,0,0,0,0,0,0,5.0,10.288692419913543,0.4696682183138621,"Im Prinzip profitiert die ganze Bevölkerung früher oder später. Zunächst reiche, danach das Durchschnittsvolk und zu letzt Arme. ",,213,1,23.0,1.0,3,18-29,Europe,
30435,NLD,Netherlands,MEDIUM,1,0,odd_even_low,0,0,0,1,0,0,0,0,0,0,6.0,4.926297497560754,-1.0,"De overheid, daar wordt bepaald wat kan of niet",,213,1,28.0,1.0,4,18-29,Europe,
30465,DEU,Germany,MEDIUM,1,0,mahalanobis_outlier,0,0,1,0,0,0,0,0,0,0,7.0,11.677902001744911,0.6361464251628642,-99,,213,1,28.0,0.0,4,18-29,Europe,
30580,DEU,Germany,MEDIUM,1,0,odd_even_low,0,0,0,1,0,0,0,0,0,0,7.0,4.596481756183762,-1.0,,Das er immer nach der Wahrheit sucht und das beste für die Gesellschaft will,213,1,32.0,0.0,4,30-39,Europe,
30680,DEU,Germany,MEDIUM,1,0,odd_even_low,0,0,0,1,0,0,0,0,0,0,5.0,6.408171920988631,-0.8944271909999159,"Die Menschheit im allgemeinen! Die Industrie, der Handel, alle Lebensbereiche, die Tiere die Infrastruktur.. alkes und alkes profitiert davon",,213,1,58.0,1.0,4,50-59,Europe,
30684,DEU,Germany,MEDIUM,1,0,odd_even_low,0,0,0,1,0,0,0,0,0,0,3.0,7.7254661605914015,-0.8911327886790069,Die arbeitnehmer und in der folge alle menschen und nicht nur einige wenige,,213,1,37.0,1.0,3,30-39,Europe,
30809,DEU,Germany,MEDIUM,1,0,longstring_exceed,0,1,0,0,0,0,0,0,0,0,36.0,1.9462943918057711,,,Wenn alle das gleiche sagen Weiden,213,1,36.0,0.0,3,30-39,Europe,
30876,DEU,Germany,MEDIUM,1,0,longstring_exceed,0,1,0,0,0,0,0,0,0,0,57.0,2.124763009843877,,"Die Menschheit generell profitiert davon, da immer neue Wege und Erkenntnisse erschlossen werden",,213,1,36.0,1.0,3,30-39,Europe,
30888,DEU,Germany,MEDIUM,1,0,odd_even_low,0,0,0,1,0,0,0,0,0,0,12.0,3.931942528642653,-1.0,-99,,213,1,46.0,1.0,3,40-49,Europe,
30931,DEU,Germany,MEDIUM,1,0,longstring_exceed,0,1,0,0,0,0,0,0,0,0,57.0,9.523327070953703,,,Because it reliable and trustworthy ,213,1,30.0,1.0,4,30-39,Europe,
30989,DEU,Germany,MEDIUM,1,0,longstring_exceed,0,1,0,0,0,0,0,0,0,0,42.0,2.011296719723115,,,weiß nicht,213,1,37.0,1.0,3,30-39,Europe,
31131,DEU,Germany,MEDIUM,1,0,mahalanobis_outlier,0,0,1,0,0,0,0,0,0,0,3.0,10.4202915307702,-0.5214500094539749,Die Leser die diese Wissenschaftlichen Erkenntnisse weiterspinnen,,213,1,27.0,1.0,4,18-29,Europe,
31187,DEU,Germany,MEDIUM,1,0,longstring_exceed,0,1,0,0,0,0,0,0,0,0,36.0,3.158773157620789,,Menschheit,,213,1,39.0,1.0,3,30-39,Europe,
31320,DEU,Germany,MEDIUM,1,0,longstring_exceed,0,1,0,0,0,0,0,0,0,0,43.0,3.489779555819879,,,weiß nicht,213,1,48.0,0.0,3,40-49,Europe,
31351,DEU,Germany,MEDIUM,1,0,mahalanobis_outlier,0,0,1,0,0,0,0,0,0,0,16.0,9.729999634387651,0.4763305116224668,,kein Lobiist,213,1,49.0,1.0,3,40-49,Europe,
31354,DEU,Germany,MEDIUM,1,0,mahalanobis_outlier,0,0,1,0,0,0,0,0,0,0,14.0,9.89533530755405,0.6643638388299198,,"Man erkennt bestimmte Prozessen in bestimmte Branchen, man erarbeitet neue versionen",213,1,49.0,0.0,3,40-49,Europe,
31363,DEU,Germany,MEDIUM,1,0,longstring_exceed,0,1,0,0,0,0,0,0,0,0,43.0,5.45341564658141,0.2,Nur die die Geld haben,,213,1,51.0,0.0,3,50-59,Europe,
31478,DEU,Germany,MEDIUM,1,0,longstring_exceed,0,1,0,0,0,0,0,0,0,0,57.0,4.85259878825383,,,wissen und  kenntnisse,213,1,74.0,0.0,3,60+,Europe,
31513,DEU,Germany,MEDIUM,1,0,longstring_exceed,0,1,0,0,0,0,0,0,0,0,57.0,2.124763009843877,,-,,213,1,37.0,1.0,3,30-39,Europe,
31531,DEU,Germany,MEDIUM,1,0,longstring_exceed,0,1,0,0,0,0,0,0,0,0,40.0,2.92385464418076,,,fundierte Forschung und NAchweis der quellen,213,1,56.0,1.0,3,50-59,Europe,
31555,DEU,Germany,MEDIUM,1,0,longstring_exceed,0,1,0,0,0,0,0,0,0,0,47.0,2.011296719723115,,,kein,213,1,57.0,1.0,3,50-59,Europe,
31605,DEU,Germany,MEDIUM,1,0,longstring_exceed,0,1,0,0,0,0,0,0,0,0,57.0,2.302648496986773,,,Nix,213,1,34.0,1.0,3,30-39,Europe,
31797,DEU,Germany,MEDIUM,1,0,mahalanobis_outlier,0,0,1,0,0,0,0,0,0,0,17.0,10.238352550665994,0.8660254037844386,,Dass Thesen anhand von Fakten belegt werden können,213,1,32.0,0.0,3,30-39,Europe,
31834,DEU,Germany,MEDIUM,1,0,odd_even_low,0,0,0,1,0,0,0,0,0,0,13.0,4.604712434681653,-1.0,,Idee,213,1,56.0,1.0,4,50-59,Europe,
31864,DEU,Germany,MEDIUM,1,0,longstring_exceed,0,1,0,0,0,0,0,0,0,0,57.0,2.011296719723115,,Die Unternehmer ,,213,1,45.0,0.0,3,40-49,Europe,
31876,DEU,Germany,MEDIUM,1,0,longstring_exceed,0,1,0,0,0,0,0,0,0,0,37.0,3.803085428848481,0.4472135954999579,Testzentrum auf Grund Corona ,,213,1,45.0,1.0,3,40-49,Europe,
31909,DEU,Germany,MEDIUM,1,0,longstring_exceed,0,1,0,0,0,0,0,0,0,0,57.0,2.011296719723115,,keine Ahnung,,213,1,33.0,0.0,3,30-39,Europe,
31947,DEU,Germany,MEDIUM,1,0,odd_even_low,0,0,0,1,0,0,0,0,0,0,13.0,4.992376334660008,-1.0,,"Studium, Berufserfahrung, eigene Recherchen und Forschung, Spezialgebiete und Schulungen",213,1,34.0,0.0,3,30-39,Europe,
31989,DEU,Germany,MEDIUM,1,0,mahalanobis_outlier,0,0,1,0,0,0,0,0,0,0,15.0,10.868842552124336,0.8748177652797064,menschen der regierung ,,213,1,25.0,0.0,4,18-29,Europe,
31999,DEU,Germany,MEDIUM,1,0,longstring_exceed,0,1,0,0,0,0,0,0,0,0,36.0,2.5721621942306587,,,Nachweise,213,1,37.0,1.0,4,30-39,Europe,
32001,DEU,Germany,MEDIUM,1,0,mahalanobis_outlier,0,0,1,0,0,0,0,0,0,0,13.0,10.265008741585229,0.4714045207910317,"Wissenschaft ist sehr wichtig. Wenn ich alleine daran denke über die Herstellung des Impfstoffes über Corona, oder die Ergebnisse darüber. Klimawandel auch eine große Wissenschaft . Verschmutzung der Meere durch Plastik",,213,1,71.0,2.0,3,60+,Europe,
32021,DEU,Germany,MEDIUM,1,0,longstring_exceed,0,1,0,0,0,0,0,0,0,0,39.0,5.148837612815264,,,"Bei der Corona Pandemie traue ich denen kein bisschen mehr, die lagen alle meistens falsch.",213,1,33.0,0.0,3,30-39,Europe,
32076,DEU,Germany,MEDIUM,1,0,mahalanobis_outlier,0,0,1,0,0,0,0,0,0,0,16.0,9.6592766425728,0.6162591020819703,"Einfach und simple die Industrie. Sie fertigen danach, ihre Produkte. Jetzt wo die Elektroenergie sündhaft teuer geworden ist, geht man zurück an die Urkräfte der Natur. Ich spreche hier speziell von Photovoltaikanlangen. Dies ist der richtige Weg, in die richtige Richtung. ",,213,1,58.0,1.0,4,50-59,Europe,
32081,DEU,Germany,MEDIUM,1,0,mahalanobis_outlier,0,0,1,0,0,0,0,0,0,0,13.0,10.36537554734066,-0.04,,Wenn er seine Meinungen mit Studien wissenschaftlich belegen kann. ,213,1,27.0,1.0,4,18-29,Europe,
32142,DEU,Germany,MEDIUM,1,0,mahalanobis_outlier,0,0,1,0,0,0,0,0,0,0,3.0,10.093027157364032,-0.1801509396444179,,-99,213,1,26.0,1.0,3,18-29,Europe,
32205,DEU,Germany,MEDIUM,1,0,odd_even_low,0,0,0,1,0,0,0,0,0,0,10.0,5.972319018136598,-0.8911327886790069,Alle Menschen. Grundlagenforschung führt zu neuen Produkten für alle.,,213,1,57.0,1.0,4,50-59,Europe,
32278,DEU,Germany,MEDIUM,1,0,longstring_exceed,0,1,0,0,0,0,0,0,0,0,32.0,4.85259878825383,,,"Fachwissen und Erfahrung: Vertrauenswürdige Wissenschaftlerinnen und Wissenschaftler haben umfassende Kenntnisse und Erfahrungen in ihrem Fachgebiet. Sie sollten sich mit der einschlägigen Literatur auskennen und in der Lage sein, ihre Forschungsergebnisse in einen breiteren Kontext einzuordnen.",213,1,34.0,1.0,4,30-39,Europe,
32372,DEU,Germany,MEDIUM,1,0,longstring_exceed,0,1,0,0,0,0,0,0,0,0,42.0,2.5302150606458342,0.3162277660168379,,ka,213,1,27.0,1.0,3,18-29,Europe,
32379,DEU,Germany,MEDIUM,1,0,mahalanobis_outlier,0,0,1,0,0,0,0,0,0,0,2.0,10.249009284926414,-0.3796283011826483,k.A.,,213,1,19.0,1.0,3,18-29,Europe,
32382,DEU,Germany,MEDIUM,1,0,longstring_exceed,0,1,0,0,0,0,0,0,0,0,39.0,6.06966636386115,-0.8660254037844387,ka,,213,1,35.0,1.0,4,30-39,Europe,
32392,DEU,Germany,MEDIUM,1,0,longstring_exceed,0,1,0,0,0,0,0,0,0,0,57.0,2.124763009843877,,Weiß nicht,,213,1,43.0,1.0,3,40-49,Europe,
32395,DEU,Germany,MEDIUM,1,0,longstring_exceed,0,1,0,0,0,0,0,0,0,0,57.0,4.85259878825383,,große Unternehmen!,,213,1,38.0,1.0,3,30-39,Europe,
32465,DEU,Germany,MEDIUM,1,0,mahalanobis_outlier,0,0,1,0,0,0,0,0,0,0,5.0,13.057345135340206,0.2823546315027159,Die industrie,,213,1,35.0,1.0,3,30-39,Europe,
32491,DEU,Germany,MEDIUM,1,0,longstring_exceed,0,1,0,0,0,0,0,0,0,0,42.0,2.011296719723115,,,Wenn er Ahnung von verschiedenen Themen hat,213,1,44.0,0.0,3,40-49,Europe,
32542,DEU,Germany,MEDIUM,1,0,odd_even_low,0,0,0,1,0,0,0,0,0,0,12.0,4.1928279208845645,-1.0,,"Signifikante Fakten, die mehrfach bewiesen und geprüft sind von Dritter Stelle ",213,1,40.0,0.0,4,40-49,Europe,
32555,DEU,Germany,MEDIUM,1,0,odd_even_low,0,0,0,1,0,0,0,0,0,0,8.0,5.945089147422368,-0.8944271909999159,die pharmazeutische Industrie ,,213,1,39.0,1.0,3,30-39,Europe,
32597,DEU,Germany,MEDIUM,1,0,odd_even_low,0,0,0,1,0,0,0,0,0,0,6.0,4.06478787827822,-1.0,,neutral zu sein,213,1,37.0,0.0,4,30-39,Europe,
32657,DEU,Germany,MEDIUM,1,0,odd_even_low,0,0,0,1,0,0,0,0,0,0,8.0,,-0.909717652294684,,Wenn es belegbar ist und mich das Thema interreligiösen dann fange ich an weitere Fagen zu stellen.,213,1,45.0,0.0,3,40-49,Europe,
32697,DEU,Germany,MEDIUM,1,0,mahalanobis_outlier,0,0,1,0,0,0,0,0,0,0,4.0,10.390569681820228,-0.4117647058823529,,Keine Ahnung ,213,1,21.0,0.0,3,18-29,Europe,
32784,DEU,Germany,MEDIUM,1,0,odd_even_low,0,0,0,1,0,0,0,0,0,0,9.0,4.5668076846955845,-0.9258200997725514,,Seine Aussage ,213,1,44.0,1.0,3,40-49,Europe,
32810,DEU,Germany,MEDIUM,1,0,odd_even_low,0,0,0,1,0,0,0,0,0,0,3.0,6.426131476559748,-0.9258200997725514,,wenn er unabhängig von medien und politik ist,213,1,29.0,0.0,3,18-29,Europe,
32849,DEU,Germany,MEDIUM,1,0,longstring_exceed,0,1,0,0,0,0,0,0,0,0,40.0,3.5718524251277697,0.4472135954999579,"natur und mensch, wenn für diese auch geforscht wird in gutem sinne",,213,1,33.0,1.0,3,30-39,Europe,
32870,DEU,Germany,MEDIUM,1,0,longstring_exceed,0,1,0,0,0,0,0,0,0,0,61.0,2.011296719723115,,"Die Leute, die ihre Wissenschaft dazu ausnutzen um Leute zu manipulieren ",,213,1,22.0,0.0,3,18-29,Europe,
32881,DEU,Germany,MEDIUM,1,0,longstring_exceed,0,1,0,0,0,0,0,0,0,0,43.0,5.947163880568104,,,Nie ,213,1,27.0,0.0,3,18-29,Europe,
32889,DEU,Germany,MEDIUM,1,0,longstring_exceed,0,1,0,0,0,0,0,0,0,0,57.0,2.124763009843877,,,Weiß nicht keine Angaben ,213,1,38.0,1.0,1,30-39,Europe,
32915,DEU,Germany,MEDIUM,1,0,longstring_exceed,0,1,0,0,0,0,0,0,0,0,57.0,2.124763009843877,,,Weiß nicht,213,1,23.0,0.0,3,18-29,Europe,
33273,DEU,Germany,MEDIUM,1,0,longstring_exceed,0,1,0,0,0,0,0,0,0,0,67.0,2.312652581503398,,,wenn sie ihre Arbeit richtig macht,213,1,41.0,1.0,3,40-49,Europe,
33615,DEU,Germany,MEDIUM,1,0,longstring_exceed,0,1,0,0,0,0,0,0,0,0,57.0,1.9303772273937083,,,k.A.,213,1,28.0,1.0,4,18-29,Europe,
33654,DEU,Germany,MEDIUM,1,0,longstring_exceed,0,1,0,0,0,0,0,0,0,0,37.0,1.895117617457435,,-99,,213,1,39.0,1.0,4,30-39,Europe,
33711,DEU,Germany,MEDIUM,1,0,longstring_exceed,0,1,0,0,0,0,0,0,0,0,57.0,2.124763009843877,,habe mir bisher darüber keine gedanken gemacht,,213,1,51.0,1.0,3,50-59,Europe,
33742,DEU,Germany,MEDIUM,1,0,longstring_exceed,0,1,0,0,0,0,0,0,0,0,57.0,1.9303772273937083,,,.,213,1,24.0,1.0,3,18-29,Europe,
33809,DEU,Germany,MEDIUM,1,0,odd_even_low,0,0,0,1,0,0,0,0,0,0,10.0,4.590901369553828,-1.0,,Nachvollziehbare Ergebnisse,213,1,42.0,1.0,3,40-49,Europe,
33818,DEU,Germany,MEDIUM,1,0,longstring_exceed,0,1,0,0,0,0,0,0,0,0,57.0,4.85259878825383,,-99,,213,1,25.0,0.0,3,18-29,Europe,
33857,NLD,Netherlands,MEDIUM,1,0,mahalanobis_outlier,0,0,1,0,0,0,0,0,0,0,3.0,10.07113028405518,-0.7427813527082076,,vertel ons echte informatie,213,1,45.0,0.0,3,40-49,Europe,
33867,NLD,Netherlands,MEDIUM,1,0,odd_even_low,0,0,0,1,0,0,0,0,0,0,3.0,4.811741503588394,-1.0,nvt,,213,1,35.0,1.0,4,30-39,Europe,
33913,DEU,Germany,MEDIUM,1,0,longstring_exceed,0,1,0,0,0,0,0,0,0,0,57.0,2.011296719723115,,weiss ich nicht,,213,1,44.0,1.0,3,40-49,Europe,
33932,DEU,Germany,MEDIUM,1,0,odd_even_low,0,0,0,1,0,0,0,0,0,0,4.0,6.893360703644574,-0.8834522085987723,"Militär Industrie
Automobil Industrie
Andere Wissenschaftler, weil sie weiter forschen können.
Pharmaindustrie
Zum Schluss der Endverbraucher ",,213,1,48.0,1.0,4,40-49,Europe,
33960,DEU,Germany,MEDIUM,1,0,odd_even_low,0,0,0,1,0,0,0,0,0,0,8.0,5.247589097630172,-1.0,"Es profitieren alle von der Wissenschaft, denn mit vielen Wissenschaftlichen Entdeckungen wird jedem etwas erleichtert",,213,1,30.0,0.0,3,30-39,Europe,
34075,AUT,Austria,MEDIUM,1,0,mahalanobis_outlier,0,0,1,0,0,0,0,0,0,0,16.0,10.222257457550064,-0.6634888026970371,-99,,213,1,35.0,2.0,3,30-39,Europe,
34107,DEU,Germany,MEDIUM,1,0,longstring_exceed,0,1,0,0,0,0,0,0,0,0,40.0,5.036244242779996,,"Wissenschaftliche Erkenntnisse ermöglichen es uns, neue Technologien zu entwickeln, praktische Probleme zu lösen und fundierte Entscheidungen zu treffen – sowohl individuell als auch kollektiv.  Da seine Produkte so nützlich sind, ist der wissenschaftliche Prozess mit diesen Anwendungen verflochten: Neue wissenschaftliche Erkenntnisse können zu neuen Anwendungen führen.",,213,1,29.0,1.0,4,18-29,Europe,
34178,DEU,Germany,MEDIUM,1,0,mahalanobis_outlier,0,0,1,0,0,0,0,0,0,0,3.0,11.166365861331968,-0.4818694246524266,,Ja ,213,1,19.0,1.0,1,18-29,Europe,
34255,DEU,Germany,MEDIUM,1,0,longstring_exceed,0,1,0,0,0,0,0,0,0,0,57.0,2.124763009843877,,,-,213,1,28.0,0.0,4,18-29,Europe,
34267,AUT,Austria,MEDIUM,1,0,odd_even_low,0,0,0,1,0,0,0,0,0,0,15.0,6.945292097321189,-0.9486832980505138,"Wir alle profitieren davon. So wie sich alles ständig weiter entwickelt, muss auch die Wissenschaft ständig weiter forschen und neue Ergebnisse erzielen. Forschung ist sehr wichtig für die Menschheit.",,213,1,57.0,0.0,3,50-59,Europe,
34271,FRA,France,MEDIUM,1,0,mahalanobis_outlier,0,0,1,0,0,0,0,0,0,0,17.0,9.9636120124079,1.0,,"Reconnaissance par d’autres scientifiques, mais surtout des résultats probants sur la bases d’expériences objectivement observables. ",213,1,40.0,1.0,4,40-49,Europe,
34273,DEU,Germany,MEDIUM,1,0,mahalanobis_outlier,0,0,1,0,0,0,0,0,0,0,4.0,11.45924967649364,-0.5185629788417315,,Seine Quellen und Beweise ,213,1,21.0,0.0,3,18-29,Europe,
34309,DEU,Germany,MEDIUM,1,0,longstring_exceed,0,1,0,0,0,0,0,0,0,0,71.0,6.633159944486496,,,-99,213,1,26.0,1.0,4,18-29,Europe,
34316,NLD,Netherlands,MEDIUM,1,0,odd_even_low,0,0,0,1,0,0,0,0,0,0,4.0,4.908181886615816,-1.0,Iedereen. Wetenschap zorgt voor vernieuwing en verdieping. Zorgt voor inzicht in ons bestaan. ,,213,1,60.0,1.0,4,60+,Europe,
34320,DEU,Germany,MEDIUM,1,0,longstring_exceed,0,1,0,0,0,0,0,0,0,0,36.0,1.937909370425989,,,Wenn der- oder diejenige die aufgestellten Thesen oder präsentierten Ergebnisse belegen kann und nicht einfach nur erzählt.,213,1,33.0,0.0,3,30-39,Europe,
34357,DEU,Germany,MEDIUM,1,0,odd_even_low,0,0,0,1,0,0,0,0,0,0,5.0,5.628502512577683,-1.0,,sehr gut,213,1,20.0,1.0,3,18-29,Europe,
34502,AUT,Austria,MEDIUM,1,0,odd_even_low,0,0,0,1,0,0,0,0,0,0,12.0,7.305793456992564,-0.8944271909999159,,Dass er sich langfristig mit einer Sache beschäftigt und auch andere Meinungen berücksichtigt. Weiters sich mit nachhaltigen Dingen zu beschäftigen.,213,1,33.0,1.0,3,30-39,Europe,
34549,DEU,Germany,MEDIUM,1,0,mahalanobis_outlier,0,0,1,0,0,0,0,0,0,0,3.0,9.75939790475161,-0.2981423969999719,"Am meisten profitieren Firmen, die dadurch enorme Gewinne erzielen. ",,213,1,21.0,1.0,3,18-29,Europe,
34599,DEU,Germany,MEDIUM,1,0,odd_even_low,0,0,0,1,0,0,0,0,0,0,5.0,5.418553499097138,-0.8783100656536799,,"Wenn er/sie sich umfassend mit der Thematik auskennt, mehrere Sichtweisen in Betracht zieht und sich nicht von Populismus und Querdenkern beeinflussen lässt.",213,1,28.0,1.0,3,18-29,Europe,
34658,DEU,Germany,MEDIUM,1,0,odd_even_low,0,0,0,1,0,0,0,0,0,0,3.0,5.34660526716522,-1.0,,Thesen Aufstellung und Überprüfung ,213,1,26.0,1.0,3,18-29,Europe,
34715,DEU,Germany,MEDIUM,1,0,odd_even_low,0,0,0,1,0,0,0,0,0,0,7.0,5.031305579344084,-1.0,"Wir Menschen profitieren allgemein von der Wissenschaft, da sie uns in vielerlei Hinsicht weiterbringt und uns offene Fragen beantwortet die uns als Menschheit weiterbringen.",,213,1,22.0,1.0,3,18-29,Europe,
34758,AUT,Austria,MEDIUM,1,0,odd_even_low,0,0,0,1,0,0,0,0,0,0,4.0,6.548912351202294,-0.9074852129730302,"Wissensprofit vor allem für Studierende aber finanzielles Profit oft Konzerne, kleine Gruppen. Wissenschaft wird leider oft missbraucht für Macht und Geld, sodass das eigentliche Interesse verloren geht",,213,1,19.0,0.0,3,18-29,Europe,
34899,FRA,France,MEDIUM,1,0,longstring_exceed,0,1,0,0,0,0,0,0,0,0,36.0,2.1326868103191066,,,Qu elle dise la verite,213,1,47.0,0.0,3,40-49,Europe,
34908,FRA,France,MEDIUM,1,0,odd_even_low,0,0,0,1,0,0,0,0,0,0,12.0,5.041265808683654,-1.0,,Lorsque le résultat s'avère vrai,213,1,58.0,0.0,4,50-59,Europe,
34925,FRA,France,MEDIUM,1,0,odd_even_low,0,0,0,1,0,0,0,0,0,0,10.0,4.645779886520644,-1.0,Tout le monde,,213,1,55.0,1.0,4,50-59,Europe,
34929,FRA,France,MEDIUM,1,0,longstring_exceed,0,1,0,0,0,0,0,0,0,0,36.0,3.651519269437613,-0.3162277660168379,,sa reflexion,213,1,38.0,0.0,3,30-39,Europe,
34932,FRA,France,MEDIUM,1,0,mahalanobis_outlier,0,0,1,0,0,0,0,0,0,0,4.0,9.951213541170986,-0.0666296604652769,Je ne sais pas du tout ,,213,1,20.0,0.0,4,18-29,Europe,
34948,FRA,France,MEDIUM,1,0,longstring_exceed,0,1,0,0,0,0,0,0,0,0,57.0,2.1326868103191066,,,tous,213,1,51.0,0.0,4,50-59,Europe,
35037,FRA,France,MEDIUM,1,0,odd_even_low,0,0,0,1,0,0,0,0,0,0,4.0,5.666212206080435,-1.0,Les étudiants peuvent acquérir plus de connaissances,,213,1,32.0,0.0,4,30-39,Europe,
35191,FRA,France,MEDIUM,1,0,longstring_exceed,0,1,0,0,0,0,0,0,0,0,71.0,6.8528091425032684,,les médecins,,213,1,63.0,1.0,4,60+,Europe,
35319,NLD,Netherlands,MEDIUM,1,0,mahalanobis_outlier,0,0,1,0,0,0,0,0,0,0,7.0,10.581758227124636,-0.1842885350501853,"De geneeskunde omdat deze steeds meer te weten.komen wat betreft ziektes en oorzaken de patiënten gaan nu naar het buitenland omdat ze bepaalde onderzoeken hier in Nederland niet kunnen
",,213,1,64.0,1.0,3,60+,Europe,
35378,AUT,Austria,MEDIUM,1,0,longstring_exceed,0,1,0,0,0,0,0,0,0,0,57.0,2.332942763740794,,Die Länder,,213,1,24.0,1.0,3,18-29,Europe,
35472,FRA,France,MEDIUM,1,0,mahalanobis_outlier,0,0,1,0,0,0,0,0,0,0,14.0,10.81466738518276,0.2994247358081711,Population ,,213,1,33.0,1.0,3,30-39,Europe,
35493,FRA,France,MEDIUM,1,0,odd_even_low,0,0,0,1,0,0,0,0,0,0,6.0,5.958749473959298,-1.0,,Rien car j'ai bien vu depuis 2020 que ce sont que des cassos,213,1,42.0,0.0,4,40-49,Europe,
35537,FRA,France,MEDIUM,1,0,odd_even_low,0,0,0,1,0,0,0,0,0,0,12.0,4.191068491816752,-1.0,,Ses compétences ,213,1,49.0,0.0,3,40-49,Europe,
35569,FRA,France,MEDIUM,1,0,longstring_exceed,0,1,0,0,0,0,0,0,0,0,57.0,2.1326868103191066,,213,,213,1,25.0,1.0,4,18-29,Europe,
35627,FRA,France,MEDIUM,1,0,longstring_exceed,0,1,0,0,0,0,0,0,0,0,32.0,2.6534677082596194,,,Ras,213,1,43.0,1.0,3,40-49,Europe,
35698,FRA,France,MEDIUM,1,0,mahalanobis_outlier,0,0,1,0,0,0,0,0,0,0,4.0,9.991966932758904,-0.3884492980336779,,Très bien ,213,1,22.0,1.0,4,18-29,Europe,
35701,AUT,Austria,MEDIUM,1,0,odd_even_low,0,0,0,1,0,0,0,0,0,0,8.0,4.494640036577811,-1.0,"Gesellschaft, da Wissenschaft das Potenzial von Innovationen hat",,213,1,58.0,1.0,4,50-59,Europe,
35728,FRA,France,MEDIUM,1,0,odd_even_low,0,0,0,1,0,0,0,0,0,0,5.0,4.802124800004354,-1.0,"Selon moi, la science bénéficie dans un premier temps aux personnes qui ont les moyens, les solutions scientifiques sont d'abord coûteuses. Puis elles se démocratisent ensuite et la majorité peut en bénéficier.",,213,1,20.0,1.0,4,18-29,Europe,
35807,AUT,Austria,MEDIUM,1,0,mahalanobis_outlier,0,0,1,0,0,0,0,0,0,0,5.0,9.202892535618837,0.4330127018922193,Alle ,,213,1,57.0,0.0,3,50-59,Europe,
35809,AUT,Austria,MEDIUM,1,0,mahalanobis_outlier,0,0,1,0,0,0,0,0,0,0,4.0,10.328739742806862,-0.3747658444979307,ne,,213,1,24.0,1.0,3,18-29,Europe,
35821,FRA,France,MEDIUM,1,0,longstring_exceed,0,1,0,0,0,0,0,0,0,0,37.0,6.873983525271791,,,Je c’est pas ,213,1,29.0,1.0,3,18-29,Europe,
35846,FRA,France,MEDIUM,1,0,odd_even_low,0,0,0,1,0,0,0,0,0,0,13.0,6.893014695036404,-0.8783100656536799,Tout le monde dès lors que la science sert à améliorer la condition humaine en général.,,213,1,42.0,1.0,4,40-49,Europe,
35984,AUT,Austria,MEDIUM,1,0,longstring_exceed,0,1,0,0,0,0,0,0,0,0,47.0,2.4900006527642424,,-99,,213,1,40.0,1.0,3,40-49,Europe,
36014,FRA,France,MEDIUM,1,0,odd_even_low,0,0,0,1,0,0,0,0,0,0,3.0,6.474322524417424,-1.0,D'après moi ce sont les gens qui ont les moyens d'y avoir accès et donc de l'utiliser ou non comme eux le souhaitent et l'entendent ,,213,1,18.0,1.0,4,18-29,Europe,
36072,AUT,Austria,MEDIUM,1,0,mahalanobis_outlier,0,0,1,0,0,0,0,0,0,0,12.0,9.159639396750942,,,Nix,213,1,37.0,0.0,3,30-39,Europe,
36080,FRA,France,MEDIUM,1,0,longstring_exceed,0,1,0,0,0,0,0,0,0,0,57.0,2.311238267594772,,,Le fait de ne pas être payer par du prive,213,1,47.0,1.0,4,40-49,Europe,
36221,AUT,Austria,MEDIUM,1,0,odd_even_low,0,0,0,1,0,0,0,0,0,0,12.0,5.525066481311036,-1.0,"Die gesamte Mensch profitiert von der Wissenschaft. Man kann nie genug Wissen anhäufen und je mehr wir wissen desto besser kann man Dinge verstehen, beurteilen, einordnen, fördern, bekämpfen usw.",,213,1,35.0,0.0,3,30-39,Europe,
36251,AUT,Austria,MEDIUM,1,0,odd_even_low,0,0,0,1,0,0,0,0,0,0,7.0,6.251368591041265,-1.0,,Wissenschaft ist die Zukunft ,213,1,22.0,1.0,4,18-29,Europe,
36363,AUT,Austria,MEDIUM,1,0,longstring_exceed,0,1,0,0,0,0,0,0,0,0,36.0,7.806369659319972,,K.a.,,213,1,31.0,1.0,3,30-39,Europe,
36485,FRA,France,MEDIUM,1,0,longstring_exceed,0,1,0,0,0,0,0,0,0,0,42.0,2.1326868103191066,,nsdp,,213,1,37.0,1.0,3,30-39,Europe,
36555,AUT,Austria,MEDIUM,1,0,longstring_exceed,0,1,0,0,0,0,0,0,0,0,33.0,6.336687737562469,-0.2,,Scientist are trustworthy because we can't live without science,213,1,22.0,,4,18-29,Europe,
36583,FRA,France,MEDIUM,1,0,mahalanobis_outlier,0,0,1,0,0,0,0,0,0,0,31.0,9.967126219829396,1.0,,-99,213,1,34.0,0.0,4,30-39,Europe,
36615,AUT,Austria,MEDIUM,1,0,longstring_exceed,0,1,0,0,0,0,0,0,0,0,35.0,2.867117758249067,,Keine Ahnung ,,213,1,33.0,0.0,3,30-39,Europe,
36757,FRA,France,MEDIUM,1,0,longstring_exceed,0,1,0,0,0,0,0,0,0,0,57.0,2.3023629835929675,,rien,,213,1,20.0,1.0,4,18-29,Europe,
36770,FRA,France,MEDIUM,1,0,longstring_exceed,0,1,0,0,0,0,0,0,0,0,46.0,2.444096633077899,,-99,,213,1,51.0,0.0,4,50-59,Europe,
36994,NLD,Netherlands,MEDIUM,1,0,longstring_exceed,0,1,0,0,0,0,0,0,0,0,47.0,7.4199524574302895,,-99,,213,1,37.0,0.0,2,30-39,Europe,
37014,FRA,France,MEDIUM,1,0,longstring_exceed,0,1,0,0,0,0,0,0,0,0,57.0,2.3023629835929675,,Euh,,213,1,56.0,0.0,3,50-59,Europe,
37074,FRA,France,MEDIUM,1,0,mahalanobis_outlier,0,0,1,0,0,0,0,0,0,0,3.0,9.784880363570757,-0.1820982421659945,Les pays riches et les gens qui les gouvernement.  Les scientifiques et leurs employés  Les étudiants en sciences  Les chercheurs  Les écologistes  Les protecteurs des animaux et de la nature  Les astraunautes  Les chimistes Les prix Nobel  Et j'aime à croire notre jeunesse  Les politiques  Les industriels  Le gouvernement  Et puis aussi le peuple a son niveau  Les créateurs de produits phytosanitaire  Les laboratoires pharmaceutique  Le recyclage des produits sanitaires  Le recyclage des batteries électriques des véhicules futures Le recyclage propre de l uranium Supprimer les centrales nucléaire si pas de nouvelles façon de recycler l uranium que l enfouissement  Arrêter de changer de portable aussi souvent  Protégé les ressources terrestre tels que les métaux rare  Protégé les animaux en voie de disparition  Créer des batteries pour voitures électriques durable (la vie de la voiture),,213,1,52.0,0.0,4,50-59,Europe,
37174,FRA,France,MEDIUM,1,0,longstring_exceed,0,1,0,0,0,0,0,0,0,0,67.0,2.1026872083870307,,"la population, grace aux avancées technologique et scientifique",,213,1,33.0,1.0,4,30-39,Europe,
37212,FRA,France,MEDIUM,1,0,longstring_exceed,0,1,0,0,0,0,0,0,0,0,34.0,3.4707377522704834,,,"avoir de vrai références, avoir fais des tests avant et nous les monté en réel.",213,1,51.0,0.0,3,50-59,Europe,
37295,FRA,France,MEDIUM,1,0,longstring_exceed,0,1,0,0,0,0,0,0,0,0,61.0,6.8528091425032684,,,rien,213,1,43.0,1.0,4,40-49,Europe,
37352,FRA,France,MEDIUM,1,0,odd_even_low,0,0,0,1,0,0,0,0,0,0,12.0,6.031491692045692,-1.0,,"sa formation, son cursus professionnel",213,1,59.0,0.0,4,50-59,Europe,
37405,FRA,France,MEDIUM,1,0,mahalanobis_outlier,0,0,1,0,0,0,0,0,0,0,4.0,10.284413565165202,-0.305085107923876,Les aduktes,,213,1,37.0,1.0,4,30-39,Europe,
37507,NLD,Netherlands,MEDIUM,1,0,longstring_exceed,0,1,0,0,0,0,0,0,0,0,58.0,7.4199524574302895,,,nee,213,1,40.0,1.0,4,40-49,Europe,
37528,AUT,Austria,MEDIUM,1,0,mahalanobis_outlier,0,0,1,0,0,0,0,0,0,0,12.0,9.104228042061232,-0.3721042037676254,Die Politik,,213,1,52.0,0.0,3,50-59,Europe,
37562,AUT,Austria,MEDIUM,1,0,longstring_exceed,0,1,0,0,0,0,0,0,0,0,42.0,4.2802107037652535,0.0,Die großen Firmen. Sie bekommen die Einnahmen.,,213,1,41.0,0.0,3,40-49,Europe,
37569,AUT,Austria,MEDIUM,1,0,mahalanobis_outlier,0,0,1,0,0,0,0,0,0,0,5.0,9.122995370620842,-0.2406627350384747,Alle ,,213,1,58.0,0.0,4,50-59,Europe,
37598,SVK,Slovakia,MEDIUM,1,0,odd_even_low,0,0,0,1,0,0,0,0,0,0,9.0,4.929586162501473,-1.0,"Veda najviac prospieva ľuďom, vďaka vede je svet rýchlejším, kompaktnejším , bezpečnejším ",,213,1,32.0,1.0,3,30-39,Europe,
37635,SVK,Slovakia,MEDIUM,1,0,longstring_exceed,0,1,0,0,0,0,0,0,0,0,58.0,2.156945270965501,,Samozrejme že nám ľuďom. ,,213,1,53.0,1.0,4,50-59,Europe,
37705,SVK,Slovakia,MEDIUM,1,0,odd_even_low,0,0,0,1,0,0,0,0,0,0,7.0,4.625322658515708,-1.0,,Ak má vedec preukazatelný dôkaz alebo výsledky. ,213,1,42.0,1.0,3,40-49,Europe,
37772,SVK,Slovakia,MEDIUM,1,0,mahalanobis_outlier,0,0,1,0,0,0,0,0,0,0,13.0,9.208557337633897,-0.1395726315597706,,Pravdivosť,213,1,66.0,1.0,3,60+,Europe,
37805,SVK,Slovakia,MEDIUM,1,0,longstring_exceed,0,1,0,0,0,0,0,0,0,0,45.0,2.099430245357321,,,n,213,1,46.0,1.0,3,40-49,Europe,
37877,SVK,Slovakia,MEDIUM,1,0,mahalanobis_outlier,0,0,1,0,0,0,0,0,0,0,2.0,9.72051705205637,0.0554700196225229,Všetkým ,,213,1,27.0,0.0,3,18-29,Europe,
37912,SVK,Slovakia,MEDIUM,1,0,longstring_exceed,0,1,0,0,0,0,0,0,0,0,42.0,2.148296772248097,,Všetkým ,,213,1,31.0,0.0,4,30-39,Europe,
38000,NLD,Netherlands,MEDIUM,1,0,longstring_exceed,0,1,0,0,0,0,0,0,0,0,42.0,2.774811444457245,,,-99,213,1,36.0,1.0,3,30-39,Europe,
38026,SVK,Slovakia,MEDIUM,1,0,longstring_exceed,0,1,0,0,0,0,0,0,0,0,51.0,2.8385966296651737,,,overené výsledky v praxi,213,1,45.0,0.0,4,40-49,Europe,
38054,SVK,Slovakia,MEDIUM,1,0,odd_even_low,0,0,0,1,0,0,0,0,0,0,7.0,5.3499113000831695,-1.0,,Zucastnenie sa na výskumoch ,213,1,47.0,0.0,3,40-49,Europe,
38132,SVK,Slovakia,MEDIUM,1,0,longstring_exceed,0,1,0,0,0,0,0,0,0,0,39.0,2.350474715348675,,,jeho výsledky,213,1,43.0,0.0,3,40-49,Europe,
38177,NLD,Netherlands,MEDIUM,1,0,mahalanobis_outlier,0,0,1,0,0,0,0,0,0,0,3.0,10.638277612782774,0.0,Jongens en mijsies,,213,1,25.0,1.0,2,18-29,Europe,
38213,NLD,Netherlands,MEDIUM,1,0,odd_even_low,0,0,0,1,0,0,0,0,0,0,6.0,7.322819600656507,-0.9135002783911396,,Dat het onderbouwd is net feiten,213,1,54.0,1.0,4,50-59,Europe,
38234,NLD,Netherlands,MEDIUM,1,0,mahalanobis_outlier,0,0,1,0,0,0,0,0,0,0,11.0,10.20065228681199,-0.2697707921985813,,"Zijn rechten, leeftijd, kracht, complete plaatje van zijn loopbaan",213,1,38.0,1.0,3,30-39,Europe,
38331,NLD,Netherlands,MEDIUM,1,0,mahalanobis_outlier,0,0,1,0,0,0,0,0,0,0,6.0,10.382569145403844,0.1095758233528949,,Als hij toe geeft niet alles te weten ,213,1,49.0,1.0,3,40-49,Europe,
38385,NLD,Netherlands,MEDIUM,1,0,odd_even_low,0,0,0,1,0,0,0,0,0,0,12.0,3.422306481370004,-1.0,De medische wereld,,213,1,61.0,0.0,3,60+,Europe,
38599,PRT,Portugal,MEDIUM,1,1,longstring_exceed,0,1,0,0,0,0,0,0,1,1,39.0,3.4929103336319702,1.0,.,.,213,3,51.0,1.0,4,50-59,Europe,
38609,PRT,Portugal,MEDIUM,1,1,longstring_exceed,0,1,0,0,0,0,0,0,1,1,40.0,4.168802000127202,0.1714985851425088,todos beneficiamos com a ciência e com o seu estudo. Só assim é permitido evoluir.,"Quanto mais estudioso e interessado e atualizado, tanto melhor.",213,3,48.0,0.0,4,40-49,Europe,
38696,PRT,Portugal,MEDIUM,1,1,longstring_exceed,0,1,0,0,0,0,0,0,1,1,42.0,2.1989157243630912,,nao,nada,213,3,35.0,0.0,4,30-39,Europe,
38735,PRT,Portugal,MEDIUM,1,1,longstring_exceed,0,1,0,0,0,0,0,0,1,1,38.0,3.9991328150319614,1.0,"Toda a gente pode beneficiar com a ciência, mas a ciência tem subgrupos. Depende desses grupos. Ou seja, profissionais em tecnologia beneficiam mais com a ciência tecnológica, pacientes com a ciência de novos medicamentos e tratamentos, etc.","O que este conseguiu alcançar, e quão bem os seus feitos são apoiados.",213,3,23.0,1.0,4,18-29,Europe,
38772,PRT,Portugal,MEDIUM,1,0,longstring_exceed,0,1,0,0,0,0,0,0,0,0,54.0,7.023633375242234,,nada,nada,213,1,52.0,1.0,2,50-59,Europe,
38784,PRT,Portugal,MEDIUM,1,1,longstring_exceed,0,1,0,0,0,0,0,0,1,1,36.0,2.302216577030068,,Nada a responder ,Nada a responder ,213,3,42.0,1.0,3,40-49,Europe,
38785,PRT,Portugal,MEDIUM,1,1,mahalanobis_outlier,0,0,1,0,0,0,0,0,1,1,3.0,8.920981685972759,-0.768273325346536,A sociedade com o avanço tecnológico e correcção de erros de comportamentos anti-ambiente,"Na teoria, currículo",213,3,26.0,1.0,4,18-29,Europe,
38794,PRT,Portugal,MEDIUM,1,1,longstring_exceed,0,1,0,0,0,0,0,0,1,1,42.0,2.456079203534085,,"Nos, porque com o avancar melhoramos a qualidade de vida ",Os varios anos de estudo ,213,3,34.0,1.0,3,30-39,Europe,
38844,PRT,Portugal,MEDIUM,1,1,longstring_exceed,0,1,0,0,0,0,0,0,1,1,39.0,5.583152239790151,0.6324555320336759,Cientistas pois são eles que buscam melhoria para o mundo ,Autenticidade dos fatos,213,5,49.0,1.0,4,40-49,Europe,
38897,PRT,Portugal,MEDIUM,1,0,odd_even_low,0,0,0,1,0,0,0,0,0,0,12.0,5.000872274239698,-0.9258200997725514,"Acho que todos. Sem ciência não há conhecimento, não há desenvolvimento, não há respostas.",Provas concretas,213,1,41.0,1.0,3,40-49,Europe,
38961,PRT,Portugal,MEDIUM,1,1,longstring_exceed,0,1,0,0,0,0,0,0,1,1,57.0,5.34638220763839,,"Sim, sempre criando e facilitando nossas atividades diárias ",Anos de dedicação ao conhecimento ,213,5,49.0,1.0,4,40-49,Europe,
39050,PRT,Portugal,MEDIUM,1,1,longstring_exceed,0,1,0,0,0,0,0,0,1,1,43.0,2.690815616117017,0.2,"Acho que os seres mas beneficiados com a ciência são os animais e os humanos 
",A descoberta de algo novo ,213,3,18.0,1.0,3,18-29,Europe,
39073,GBR,United Kingdom,MEDIUM,1,0,longstring_exceed,0,1,0,0,0,0,0,0,0,0,57.0,5.15631519019614,,Science is the study of the world around us that has lived for ten thousand years,,213,1,32.0,1.0,4,30-39,Europe,
39081,GBR,United Kingdom,MEDIUM,1,0,longstring_exceed,0,1,0,0,0,0,0,0,0,0,57.0,2.980712464243072,,Not sure ,,213,1,54.0,1.0,3,50-59,Europe,
39082,GBR,United Kingdom,MEDIUM,1,0,mahalanobis_outlier,0,0,1,0,0,0,0,0,0,0,6.0,12.330265078131903,0.3775519229794156,I don't have benefits ,,213,1,36.0,1.0,1,30-39,Europe,
39107,GBR,United Kingdom,MEDIUM,1,0,longstring_exceed,0,1,0,0,0,0,0,0,0,0,42.0,7.959725305823399,,,Their education and their reliance on facts rather than feelings,213,1,55.0,1.0,4,50-59,Europe,
39109,GBR,United Kingdom,MEDIUM,1,0,odd_even_low,0,0,0,1,0,0,0,0,0,0,3.0,5.73794898427431,-1.0,,Reliable and knowledgeable ,213,1,44.0,1.0,3,40-49,Europe,
39172,GBR,United Kingdom,MEDIUM,1,0,mahalanobis_outlier,0,0,1,0,0,0,0,0,0,0,5.0,10.258001442403486,,Guv,,213,1,29.0,1.0,3,18-29,Europe,
39236,GBR,United Kingdom,MEDIUM,1,0,odd_even_low,0,0,0,1,0,0,0,0,0,0,5.0,4.652013918233108,-1.0,Mankind in general,,213,1,85.0,1.0,3,60+,Europe,
39240,GBR,United Kingdom,MEDIUM,1,0,mahalanobis_outlier,0,0,1,0,0,0,0,0,0,0,9.0,10.131624264382287,-0.4813254700769495,"Science is the future and what makes us, us. Also through science that how we have survived in covid medicine, cures for cancer and other deadly diseases. Also because of science I can complete this survey and we have put a man on the moon so what is next for science? ",,213,1,39.0,1.0,4,30-39,Europe,
39244,GBR,United Kingdom,MEDIUM,1,0,odd_even_low,0,0,0,1,0,0,0,0,0,0,7.0,6.165121078259103,-1.0,,Factual scientific proof and findings.,213,1,50.0,0.0,3,50-59,Europe,
39308,GBR,United Kingdom,MEDIUM,1,0,odd_even_low,0,0,0,1,0,0,0,0,0,0,4.0,5.062404012603496,-1.0,,Because it's always about the reality.,213,1,35.0,1.0,4,30-39,Europe,
39324,GBR,United Kingdom,MEDIUM,1,0,longstring_exceed,0,1,0,0,0,0,0,0,0,0,42.0,2.737106119273529,,,,213,1,27.0,1.0,4,18-29,Europe,
39381,GBR,United Kingdom,MEDIUM,1,0,longstring_exceed,0,1,0,0,0,0,0,0,0,0,71.0,7.959725305823399,,whatever,,213,1,43.0,0.0,3,40-49,Europe,
39429,GBR,United Kingdom,MEDIUM,1,0,mahalanobis_outlier,0,0,1,0,0,0,0,0,0,0,8.0,10.589616348195106,0.4102643436653597,Everyone because scientific research and studies help the world advance,,213,1,19.0,1.0,3,18-29,Europe,
39434,GBR,United Kingdom,MEDIUM,1,0,mahalanobis_outlier,0,0,1,0,0,0,0,0,0,0,3.0,10.495106868885308,-0.5342072242964953,No,,213,1,37.0,1.0,4,30-39,Europe,
39488,GBR,United Kingdom,MEDIUM,1,0,longstring_exceed,0,1,0,0,0,0,0,0,0,0,57.0,2.737106119273529,,not sure,,213,1,34.0,0.0,4,30-39,Europe,
39489,GBR,United Kingdom,MEDIUM,1,0,longstring_exceed,0,1,0,0,0,0,0,0,0,0,51.0,2.7686066450263387,,People because science.,,213,1,24.0,1.0,4,18-29,Europe,
39509,GBR,United Kingdom,MEDIUM,1,0,longstring_exceed,0,1,0,0,0,0,0,0,0,0,40.0,5.15631519019614,,,,213,1,21.0,1.0,3,18-29,Europe,
39563,GBR,United Kingdom,MEDIUM,1,0,longstring_exceed,0,1,0,0,0,0,0,0,0,0,39.0,3.668472197897368,,,not sure,213,1,69.0,0.0,4,60+,Europe,
39592,GBR,United Kingdom,MEDIUM,1,0,mahalanobis_outlier,0,0,1,0,0,0,0,0,0,0,19.0,10.276470858708294,0.8783100656536799,,im confused ,213,1,36.0,0.0,2,30-39,Europe,
39620,GBR,United Kingdom,MEDIUM,1,0,odd_even_low,0,0,0,1,0,0,0,0,0,0,3.0,3.925802610127605,-1.0,"Society in general. I believe the rigorous pursuit of truth is a good thing. Of course, scientists have their biases and their paymasters, but empirical evidence is more trustworthy. ",,213,1,63.0,1.0,3,60+,Europe,
39695,GBR,United Kingdom,MEDIUM,1,0,odd_even_low,0,0,0,1,0,0,0,0,0,0,4.0,6.136655533908321,-1.0,0,,213,1,33.0,1.0,4,30-39,Europe,
39715,GBR,United Kingdom,MEDIUM,1,0,longstring_exceed,0,1,0,0,0,0,0,0,0,0,57.0,2.737106119273529,,not sure,,213,1,58.0,1.0,3,50-59,Europe,
39738,GBR,United Kingdom,MEDIUM,1,0,odd_even_low,0,0,0,1,0,0,0,0,0,0,16.0,6.1031335768929535,-0.9258200997725514,,The research and facts that back up the dialogue.,213,1,29.0,1.0,4,18-29,Europe,
39750,GBR,United Kingdom,MEDIUM,1,0,longstring_exceed,0,1,0,0,0,0,0,0,0,0,38.0,3.603519674451637,,Science is brilliant. We all benefit from science ,,213,1,37.0,0.0,3,30-39,Europe,
39814,GBR,United Kingdom,MEDIUM,1,0,odd_even_low,0,0,0,1,0,0,0,0,0,0,5.0,5.308069534870665,-1.0,,It is the trust of all that makes scientists trustworthy.,213,1,32.0,0.0,4,30-39,Europe,
39818,GBR,United Kingdom,MEDIUM,1,0,odd_even_low,0,0,0,1,0,0,0,0,0,0,5.0,5.165487880024256,-0.8783100656536799,I think humans who suffer from medical issues benefit from science the most as it is used to help treat them,,213,1,18.0,0.0,3,18-29,Europe,
39842,GBR,United Kingdom,MEDIUM,1,0,longstring_exceed,0,1,0,0,0,0,0,0,0,0,43.0,4.160230909028384,1.0,No comment.,,213,1,40.0,1.0,3,40-49,Europe,
39843,GBR,United Kingdom,MEDIUM,1,0,odd_even_low,0,0,0,1,0,0,0,0,0,0,13.0,3.9429175188966137,-1.0,,That they can provide the data and evidence about what they are informing the public about. ,213,1,50.0,0.0,4,50-59,Europe,
39859,GBR,United Kingdom,MEDIUM,1,0,longstring_exceed,0,1,0,0,0,0,0,0,0,0,45.0,3.5916705235211897,,,If he's willing to say the truth even when its inconvinient,213,1,18.0,,3,18-29,Europe,
39880,GBR,United Kingdom,MEDIUM,1,0,longstring_exceed,0,1,0,0,0,0,0,0,0,0,57.0,2.7686066450263387,,--,,213,1,48.0,1.0,3,40-49,Europe,
40010,GBR,United Kingdom,MEDIUM,1,0,mahalanobis_outlier,0,0,1,0,0,0,0,0,0,0,12.0,10.462623597877077,0.6333004963811236,,Nothing actually ,213,1,23.0,1.0,4,18-29,Europe,
40234,GBR,United Kingdom,MEDIUM,1,0,longstring_exceed,0,1,0,0,0,0,0,0,0,0,45.0,5.15631519019614,,,"they want best for society
",213,1,27.0,1.0,4,18-29,Europe,
40397,GBR,United Kingdom,MEDIUM,1,0,odd_even_low,0,0,0,1,0,0,0,0,0,0,5.0,4.466908414917013,-1.0,"I think children and future generations benefit the most from science and scientific advances, although I believe the population as a whole benefits from scientific advances, especially in the medical field. ",,213,1,34.0,0.0,4,30-39,Europe,
40613,GBR,United Kingdom,MEDIUM,1,0,odd_even_low,0,0,0,1,0,0,0,0,0,0,3.0,3.6446058130560544,-1.0,Society eventually benefits from science. Science promotes learning and understanding which is mostly of benefit to evolving mankind's knowledge base.,,213,1,50.0,1.0,3,50-59,Europe,
40706,GBR,United Kingdom,MEDIUM,1,0,odd_even_low,0,0,0,1,0,0,0,0,0,0,6.0,3.761559808404828,-1.0,I think the whole world benefits from science. It increases our understanding of current situations and can also give us solutions or ways to prevent negative outcomes.,,213,1,43.0,0.0,4,40-49,Europe,
40735,GBR,United Kingdom,MEDIUM,1,0,odd_even_low,0,0,0,1,0,0,0,0,0,0,12.0,4.648382921528437,-1.0,,IF THEY HAVE STUDIED THE SUBJECT in depth so they know what they are talking about.,213,1,44.0,0.0,4,40-49,Europe,
40905,GBR,United Kingdom,MEDIUM,1,0,mahalanobis_outlier,0,0,1,0,0,0,0,0,0,0,6.0,10.659932715033433,0.4579565896743105,I think society as a whole benefits from science we would not be where we are without it. It dictates our whole lives,,213,1,63.0,0.0,4,60+,Europe,
41079,GEO,Georgia,MEDIUM,1,0,longstring_exceed,0,1,0,0,0,0,0,0,0,0,39.0,3.891905086644039,1.0,,Bilim yanilabilir bir insan faaliyetidir. Bilimsel kanıta dayalıdır ,213,1,29.0,0.0,3,18-29,Asia,
41091,GEO,Georgia,MEDIUM,1,0,longstring_exceed,0,1,0,0,0,0,0,0,0,0,48.0,4.451955210502231,,El Irak'ı wel iraki,,213,1,,1.0,2,,Asia,
41157,GEO,Georgia,MEDIUM,1,0,longstring_exceed,0,1,0,0,0,0,0,0,0,0,32.0,2.6902011257127505,,,gerçek bilgiye ulaşmak bence bilimden geçer ,213,1,32.0,0.0,3,30-39,Asia,
41330,GEO,Georgia,MEDIUM,1,0,longstring_exceed,0,1,0,0,0,0,0,0,0,0,43.0,4.93291633620463,0.2,,123,213,1,,0.0,2,,Asia,
41338,GEO,Georgia,MEDIUM,1,0,longstring_exceed,0,1,0,0,0,0,0,0,0,0,57.0,3.2130964926778987,,,Yaptıkları buluşlar ,213,1,33.0,0.0,4,30-39,Asia,
41368,GEO,Georgia,MEDIUM,1,0,longstring_exceed,0,1,0,0,0,0,0,0,0,0,43.0,3.8674988010790448,0.25,,Dogru ilan,213,1,45.0,0.0,3,40-49,Asia,
41587,GHA,Ghana,MEDIUM,1,0,mahalanobis_outlier,0,0,1,0,0,0,0,0,0,0,9.0,10.560277796394374,0.6324555320336759,Children and women ,,213,1,29.0,0.0,4,18-29,Africa,
41678,GHA,Ghana,MEDIUM,1,0,odd_even_low,0,0,0,1,0,0,0,0,0,0,8.0,4.086751717444924,-0.9191450300180578,"Those that are willing to participate in it knowledgeably. By this, I don't mean individuals that use science and technology ignorantly but those that use it knowledgeably and to their advantage. It doesn't have to be a full blown research but little things that could be used to improve our lives on a daily basis. ",,213,1,23.0,0.0,4,18-29,Africa,
41835,GHA,Ghana,MEDIUM,1,0,mahalanobis_outlier,0,0,1,0,0,0,0,0,0,0,6.0,9.312788226745017,-0.2927700218845599,"I believe every living being benefits from science.my reasons are:- you will agree with me that in the global today everything is being controlled by science from the food we eat, clothings, health and well-being,electronics etc.lets talk about health for Instance, before when science has not been so much on a known, people die carelessly e.g in olden days when there is nothing like dialysis machine people die of a kidney disease so fast.Lets come to technology, when there was no telephones people suffered to convey their messages, when there was no electricity people suffered in darkness, when there was no radio and television sets people lived with lack of informations alot I can say about science. Infact science is the best thing that happened to world.",,213,1,23.0,2.0,3,18-29,Africa,
41918,GHA,Ghana,MEDIUM,1,0,mahalanobis_outlier,0,0,1,0,0,0,0,0,0,0,10.0,11.913949144447512,0.2,"The rich 
Because they have money to attend good science school ",,213,1,23.0,1.0,3,18-29,Africa,
41964,GHA,Ghana,MEDIUM,1,0,odd_even_low,0,0,0,1,0,0,0,0,0,0,4.0,4.876627452290526,-1.0,,Churning the right facts devoid of agenda even if his findings are contrary to the status quo,213,1,25.0,1.0,4,18-29,Africa,
42034,GHA,Ghana,MEDIUM,1,0,longstring_exceed,0,1,0,0,0,0,0,0,0,0,45.0,5.685462849054069,,Making life easier.science brought many things or has widen the of individuals to invent things which in our daily life .,,213,1,19.0,1.0,4,18-29,Africa,
42041,GHA,Ghana,MEDIUM,1,0,odd_even_low,0,0,0,1,0,0,0,0,0,0,4.0,5.314897565575063,-1.0,"The human being, because it helps us to know a lot about our environment",,213,1,40.0,1.0,4,40-49,Africa,
42115,HKG,Hong Kong,MEDIUM,1,0,longstring_exceed,0,1,0,0,0,0,0,0,0,0,71.0,7.384832905016412,,,無,213,1,34.0,0.0,3,30-39,Asia,
42234,HKG,Hong Kong,MEDIUM,1,0,odd_even_low,0,0,0,1,0,0,0,0,0,0,7.0,4.050865899882423,-1.0,市民,,213,1,27.0,1.0,4,18-29,Asia,
42270,HKG,Hong Kong,MEDIUM,1,0,mahalanobis_outlier,0,0,1,0,0,0,0,0,0,0,7.0,10.791820913056387,-0.4120816918460671,-99,,213,1,56.0,0.0,3,50-59,Asia,
42374,HKG,Hong Kong,MEDIUM,1,0,longstring_exceed,0,1,0,0,0,0,0,0,0,0,57.0,1.9584066259605024,,,no,213,1,42.0,1.0,4,40-49,Asia,
42412,HKG,Hong Kong,MEDIUM,1,0,longstring_exceed,0,1,0,0,0,0,0,0,0,0,35.0,1.8926030770718991,,"EVERYONE, WE ALL SUFFER",,213,1,38.0,0.0,4,30-39,Asia,
42415,HKG,Hong Kong,MEDIUM,1,0,longstring_exceed,0,1,0,0,0,0,0,0,0,0,41.0,2.795313344656717,1.0,,唔知,213,1,37.0,1.0,4,30-39,Asia,
42504,HKG,Hong Kong,MEDIUM,1,0,longstring_exceed,0,1,0,0,0,0,0,0,0,0,35.0,2.0357120823449897,,,none,213,1,40.0,0.0,4,40-49,Asia,
42567,HKG,Hong Kong,MEDIUM,1,0,odd_even_low,0,0,0,1,0,0,0,0,0,0,4.0,4.885381362004018,-1.0,no,,213,1,48.0,1.0,4,40-49,Asia,
42830,HUN,Hungary,MEDIUM,1,0,longstring_exceed,0,1,0,0,0,0,0,0,0,0,32.0,2.782927087931512,,Az àllamnak mert bevètele lesz belöle.,,213,1,47.0,0.0,3,40-49,Europe,
42844,HUN,Hungary,MEDIUM,1,0,mahalanobis_outlier,0,0,1,0,0,0,0,0,0,0,6.0,9.05161476613194,0.6123724356957945,"Nem tudom kinek származik haszna,de sokan a tudományra hivatkozva lop,csal,hazudik",,213,1,49.0,0.0,3,40-49,Europe,
42866,HUN,Hungary,MEDIUM,1,0,longstring_exceed,0,1,0,0,0,0,0,0,0,0,54.0,6.224695677560661,,,-99,213,1,18.0,1.0,3,18-29,Europe,
42882,HUN,Hungary,MEDIUM,1,0,longstring_exceed,0,1,0,0,0,0,0,0,0,0,33.0,4.784221316983688,0.156173761888606,,"Megbízható akkor lesz, ha logikus, észérvekkel belátható bizonyítékokat hoz, amelyeket video dokumentációkban is megtekinthetünk.",213,1,49.0,1.0,3,40-49,Europe,
42931,HUN,Hungary,MEDIUM,1,0,mahalanobis_outlier,0,0,1,0,0,0,0,0,0,0,12.0,9.445405726244145,0.657411243046284,,Ha bizonyítja a tevékenységét,213,1,19.0,1.0,3,18-29,Europe,
42963,HUN,Hungary,MEDIUM,1,0,longstring_exceed,0,1,0,0,0,0,0,0,0,0,34.0,8.260359159566763,1.0,Embernek,,213,1,37.0,0.0,4,30-39,Europe,
42986,HUN,Hungary,MEDIUM,1,0,odd_even_low,0,0,0,1,0,0,0,0,0,0,3.0,7.984499311957072,-0.936585811581694,,A tudásáról. Amit át tud adni más emberek számára.,213,1,22.0,0.0,3,18-29,Europe,
43002,HUN,Hungary,MEDIUM,1,0,odd_even_low,0,0,0,1,0,0,0,0,0,0,4.0,7.162001040361793,-0.8911327886790069,"Minden embernek , kivétel a hadi tudományok. Ezeket sajnos sokszor emberiség elleni bűncselekmények én használják fel.",,213,1,70.0,1.0,3,60+,Europe,
43014,HUN,Hungary,MEDIUM,1,0,odd_even_low,0,0,0,1,0,0,0,0,0,0,7.0,5.11741141046196,-1.0,,"Az általa publikált tanulmányoktól, azokat milyen kísérletek támasztják alá.",213,1,30.0,0.0,4,30-39,Europe,
43041,HUN,Hungary,MEDIUM,1,0,longstring_exceed,0,1,0,0,0,0,0,0,0,0,57.0,2.5269422638253234,,Nem tudom ,,213,1,26.0,0.0,3,18-29,Europe,
43047,HUN,Hungary,MEDIUM,1,0,mahalanobis_outlier,0,0,1,0,0,0,0,0,0,0,3.0,9.063533044813203,0.5477225575051661,"Szerény meglátásom szerint, a történelem folyamán bármit is feltaláltak, előbb vagy utóbb rossz kezekbe került a tudás. Nem feltétlen pozitív oldalát használták, ha igen, pár évtizeddel később beszüntették ilyen-olyan okkal. Biztos nem mindenre igaz és az is biztos, hogy a tudósok vitatkoznak mindenen. Ez jó, hiszen más szemszög, más kísérlet, hely stb, csak inkább dolgoznának össze és ne egymás ellen lennének. A tudomány nem verseny. ",,213,1,45.0,0.0,2,40-49,Europe,
43100,HUN,Hungary,MEDIUM,1,0,longstring_exceed,0,1,0,0,0,0,0,0,0,0,42.0,6.263093969265442,,,-99,213,1,,1.0,4,,Europe,
43109,HUN,Hungary,MEDIUM,1,0,longstring_exceed,0,1,0,0,0,0,0,0,0,0,36.0,6.257795812192014,,Kit erdekel,,213,1,23.0,1.0,3,18-29,Europe,
43178,HUN,Hungary,MEDIUM,1,0,odd_even_low,0,0,0,1,0,0,0,0,0,0,18.0,3.539567453181843,-1.0,,Attol hogy milyen ember,213,1,26.0,1.0,2,18-29,Europe,
43216,IDN,Indonesia,MEDIUM,1,1,odd_even_low,0,0,0,1,0,0,0,0,1,1,16.0,4.737087049285386,-1.0,,Harus real dan sesuai fakta penelitian,213,3,38.0,1.0,3,30-39,Asia,
43219,IDN,Indonesia,MEDIUM,1,1,longstring_exceed,0,1,0,0,0,0,0,0,1,1,46.0,2.285833160511733,,,karena ekperimen,213,4,41.0,0.0,4,40-49,Asia,
43227,IDN,Indonesia,MEDIUM,1,0,longstring_exceed,0,1,0,0,0,0,0,0,0,0,42.0,2.667195365942055,,,penemuannya dapat diterapkan dalam kehidupan sehari-hari,213,1,,0.0,4,,Asia,
43241,IDN,Indonesia,MEDIUM,1,0,longstring_exceed,0,1,0,0,0,0,0,0,0,0,33.0,7.03928745631545,,,Bila hasil penelitian nya dapat di uji dan dibuktikan kepada masyarakat umum dengan basis ilmu pengetahuan yg kompeten,213,1,32.0,1.0,4,30-39,Asia,
43258,IDN,Indonesia,MEDIUM,1,0,odd_even_low,0,0,0,1,0,0,0,0,0,0,6.0,5.271343167744791,-1.0,,Ilmuwan dapat dipercaya karena pemikiran dan temuan-temuannya menghasilkan manfaat yang nyata untuk kehidupan.,213,1,41.0,1.0,3,40-49,Asia,
43370,IDN,Indonesia,MEDIUM,1,1,longstring_exceed,0,1,0,0,0,0,0,0,1,1,33.0,3.485630150450046,,,pandangan pribadi yang selalu mengutamakan kepentingan bersama,213,4,40.0,0.0,4,40-49,Asia,
43371,IDN,Indonesia,MEDIUM,1,0,odd_even_low,0,0,0,1,0,0,0,0,0,0,16.0,5.118913251927946,-1.0,,Dengan adanya peer-reviewed researched,213,1,21.0,1.0,4,18-29,Asia,
43427,IDN,Indonesia,MEDIUM,1,0,mahalanobis_outlier,0,0,1,0,0,0,0,0,0,0,6.0,11.009369724761584,0.5726371269248889,,Menemukan sesuatu untuk kebaikan dengan proses uji coba yang terbukti baik dengan maksud dan tujuan penyelamatan dan dibagikan kepada yang membutuhkan dan ada pemulihan sehingga ilmuwan itu dapat dipercaya,213,1,42.0,0.0,4,40-49,Asia,
43435,IDN,Indonesia,MEDIUM,1,0,odd_even_low,0,0,0,1,0,0,0,0,0,0,9.0,4.704397048038041,-1.0,"Manusia... Untuk menambah kualitas diri, pengetahuan dll",,213,1,45.0,0.0,3,40-49,Asia,
43437,IDN,Indonesia,MEDIUM,1,0,mahalanobis_outlier,0,0,1,0,0,0,0,0,0,0,13.0,11.50347810956126,0.5963994531287798,Yang diuntungkan adalah orang yang menemukan ilmu pengetahuan,,213,1,32.0,0.0,4,30-39,Asia,
43460,IDN,Indonesia,MEDIUM,1,0,mahalanobis_outlier,0,0,1,0,0,0,0,0,0,0,6.0,12.36600029849726,0.2344377080613077,Masyarakat umumnya yang paling diuntungkan karena akan menambah kemampuan dan menjadi lebih pandai serta bijak jika menghadapi masalah sesuai dgn ilmu tersebut dan bermanfaat bagi pemerintaj karena rakyatnya semakin pintar dan bijak.,,213,1,42.0,0.0,4,40-49,Asia,
43478,IDN,Indonesia,MEDIUM,1,1,longstring_exceed,0,1,0,0,0,0,0,0,1,1,57.0,2.872160840360027,,,Penemuan2 secara ilmiah dan telah di uji,213,3,67.0,1.0,3,60+,Asia,
43485,IDN,Indonesia,MEDIUM,1,0,longstring_exceed,0,1,0,0,0,0,0,0,0,0,44.0,3.6539033249917177,,,Karya yang dihasilkan dan dampak untuk masyarakat ,213,1,33.0,1.0,4,30-39,Asia,
43505,IDN,Indonesia,MEDIUM,1,0,longstring_exceed,0,1,0,0,0,0,0,0,0,0,32.0,2.8960816377884337,,"pribadi sendiri kalau ilmu pasti,
tapi kalau ilmu sejarah hanya orang pembuat sejarah yang diuntungkan",,213,1,33.0,1.0,4,30-39,Asia,
43520,IDN,Indonesia,MEDIUM,1,1,longstring_exceed,0,1,0,0,0,0,0,0,1,1,54.0,1.9647315973709167,,,Berdasarkan teori yang beliau nyatakan dan kenyataan yang terjadi di lapangan,213,4,21.0,0.0,3,18-29,Asia,
43530,IDN,Indonesia,MEDIUM,1,1,longstring_exceed,0,1,0,0,0,0,0,0,1,1,52.0,1.9647315973709167,,semua orang karena ilmu pengetahuan sangat penting,,213,4,46.0,1.0,4,40-49,Asia,
43590,IDN,Indonesia,MEDIUM,1,1,longstring_exceed,0,1,0,0,0,0,0,0,1,1,37.0,1.772201235406114,,,data yang disampaikan dapat dipertanggungjawabkan kebenarannya,213,4,50.0,0.0,4,50-59,Asia,
43593,IDN,Indonesia,MEDIUM,1,0,mahalanobis_outlier,0,0,1,0,0,0,0,0,0,0,7.0,10.332232733939843,-0.524672182297103,"Negara tempat para ilmuwan mengadakan penelitian, karena akan menguntungkan untuk pertama kalinya sebelum dipublikasikan",,213,1,51.0,0.0,4,50-59,Asia,
43612,IDN,Indonesia,MEDIUM,1,1,longstring_exceed,0,1,0,0,0,0,0,0,1,1,57.0,2.6139231483307643,,,penjelasan dan analisa masuk akal dan dapat dipercaya,213,3,50.0,0.0,4,50-59,Asia,
43661,IDN,Indonesia,MEDIUM,1,0,odd_even_low,0,0,0,1,0,0,0,0,0,0,9.0,6.791264093351779,-0.8944271909999159,,Memenuhi janjinya,213,1,40.0,0.0,4,40-49,Asia,
43675,IDN,Indonesia,MEDIUM,1,0,odd_even_low,0,0,0,1,0,0,0,0,0,0,2.0,6.167742092089413,-0.8944271909999159,"Ilmuan,karena ilmuan dapat mempredkisi sesuatu yang orang awam tidak tahu",,213,1,25.0,1.0,3,18-29,Asia,
43688,IDN,Indonesia,MEDIUM,1,1,longstring_exceed,0,1,0,0,0,0,0,0,1,1,42.0,2.950799955852346,,-99,,213,3,25.0,0.0,4,18-29,Asia,
43703,IDN,Indonesia,MEDIUM,1,0,longstring_exceed,0,1,0,0,0,0,0,0,0,0,39.0,2.328385081721441,,,ada bukti dan dapat diterapkan dari hasil riset ilmuwan ,213,1,52.0,1.0,4,50-59,Asia,
43750,IDN,Indonesia,MEDIUM,1,0,mahalanobis_outlier,0,0,1,0,0,0,0,0,0,0,2.0,10.498761890508543,0.660377358490566,si pembuat ilmu karena dialah yang mendapatkan manfaat terbesar dari ilmu yang dia temukan,,213,1,49.0,0.0,4,40-49,Asia,
43794,IDN,Indonesia,MEDIUM,1,0,odd_even_low,0,0,0,1,0,0,0,0,0,0,4.0,4.188004544037841,-1.0,,dapat dipercaya karna ilmu dan hasil karya ciptaannya bisa kita pakai dalam kegiatan sehari hari dan bisa diterapkan dalam berbagai solusi di lingkungan,213,1,27.0,0.0,4,18-29,Asia,
43796,IDN,Indonesia,MEDIUM,1,1,longstring_exceed,0,1,0,0,0,0,0,0,1,1,35.0,4.450696556795558,,semua manusia untuk hidup lebih baik,,213,3,44.0,1.0,3,40-49,Asia,
43809,IDN,Indonesia,MEDIUM,1,1,longstring_exceed,0,1,0,0,0,0,0,0,1,1,57.0,2.7139851431467594,,,hasil temuannya dapat dipertanggungjawabkan,213,3,31.0,0.0,4,30-39,Asia,
43834,IDN,Indonesia,MEDIUM,1,1,longstring_exceed,0,1,0,0,0,0,0,0,1,1,67.0,1.832144261754825,,,ok,213,4,30.0,1.0,3,30-39,Asia,
43836,IDN,Indonesia,MEDIUM,1,1,odd_even_low,0,0,0,1,0,0,0,0,1,1,17.0,3.3470743034231054,-1.0,Orang orang yang berkompeten,,213,3,40.0,0.0,4,40-49,Asia,
43859,IDN,Indonesia,MEDIUM,1,0,odd_even_low,0,0,0,1,0,0,0,0,0,0,5.0,3.807921078921791,-1.0,Kita semua,,213,1,34.0,1.0,4,30-39,Asia,
43907,IDN,Indonesia,MEDIUM,1,0,longstring_exceed,0,1,0,0,0,0,0,0,0,0,57.0,2.6139231483307643,,,"Semua orang secara sadar mampu berpikir, berkata atau bertindak tidak jujur, tanpa kecuali--pemilik warung kopi sampai pejabat negara, atau orang yang sedikit ilmu sampai ilmuwan dengan seabrek pengetahuan.",213,1,55.0,1.0,4,50-59,Asia,
43916,IDN,Indonesia,MEDIUM,1,0,odd_even_low,0,0,0,1,0,0,0,0,0,0,3.0,3.952404328710756,-1.0,Kita semua,,213,1,42.0,1.0,4,40-49,Asia,
43955,IDN,Indonesia,MEDIUM,1,1,longstring_exceed,0,1,0,0,0,0,0,0,1,1,57.0,2.8946880927929137,,,dari cara menyampaikan dan pembawaanya,213,3,29.0,0.0,3,18-29,Asia,
44110,IDN,Indonesia,MEDIUM,1,1,longstring_exceed,0,1,0,0,0,0,0,0,1,1,57.0,2.6139231483307643,,,karena penelitian-nya berhasil,213,3,33.0,0.0,4,30-39,Asia,
44152,IDN,Indonesia,MEDIUM,1,0,odd_even_low,0,0,0,1,0,0,0,0,0,0,5.0,4.826199068922287,-1.0,Industri kesehatan serta perusahaan manufaktur,,213,1,40.0,1.0,4,40-49,Asia,
44153,IDN,Indonesia,MEDIUM,1,0,mahalanobis_outlier,0,0,1,0,0,0,0,0,0,0,13.0,11.112172842995156,-0.3162277660168379,,"seorang ilmuwan dapat dipercaya apabila hasil penemuannya dipublikasikan secara luas dan gratis dengan manfaat senyatanya untuk kepentingan umat manusia dan bermanfaat banyak pada satu aspek atau banyak aspek kehidupan, contoh : sedotan kertas penganti setodan plastik yg mencemari alam.",213,1,43.0,1.0,4,40-49,Asia,
44156,IDN,Indonesia,MEDIUM,1,1,longstring_exceed,0,1,0,0,0,0,0,0,1,1,57.0,1.9647315973709167,,,dari penelitiannya terbukti,213,4,45.0,1.0,4,40-49,Asia,
44197,IDN,Indonesia,MEDIUM,1,1,longstring_exceed,0,1,0,0,0,0,0,0,1,1,57.0,1.6272574145795142,,,Informasi yang dibawakan sangat benar ,213,4,21.0,1.0,4,18-29,Asia,
44242,IDN,Indonesia,MEDIUM,1,0,mahalanobis_outlier,0,0,1,0,0,0,0,0,0,0,10.0,10.30849713860644,0.925,,karena keilmuanya,213,1,42.0,0.0,4,40-49,Asia,
44268,IDN,Indonesia,MEDIUM,1,0,longstring_exceed,0,1,0,0,0,0,0,0,0,0,34.0,4.1010636554125375,,Umat manusia karena bermanfaat bagi semua,,213,1,32.0,1.0,3,30-39,Asia,
44286,IDN,Indonesia,MEDIUM,1,1,longstring_exceed,0,1,0,0,0,0,0,0,1,1,50.0,3.2915457706421702,,diri sendiri karena ilmu itu harus dipelajari dengan giat,,213,3,23.0,1.0,3,18-29,Asia,
44291,IDN,Indonesia,MEDIUM,1,0,longstring_exceed,0,1,0,0,0,0,0,0,0,0,39.0,2.452404306442108,,,"Yang membuat seorang ilmuwan dapat dipercaya adalah bila ilmuwan tersebut ""walk the talk"" dan apa yang diprediksi oleh ilmuwan tersebut, di kemudian hari terbukti",213,1,62.0,1.0,4,60+,Asia,
44316,IDN,Indonesia,MEDIUM,1,0,longstring_exceed,0,1,0,0,0,0,0,0,0,0,35.0,4.8756448546069375,,,hasil observasinya,213,1,39.0,0.0,4,30-39,Asia,
44324,IDN,Indonesia,MEDIUM,1,0,longstring_exceed,0,1,0,0,0,0,0,0,0,0,36.0,2.92938531920728,,"Kita secara pribadi dan orang lain secara umum, karena dengan ilmu pengetahuan yang luas kita dapat memprediksi ataupun mengevaluasi pengetahuan tersebut.",,213,1,35.0,1.0,3,30-39,Asia,
44343,IDN,Indonesia,MEDIUM,1,0,mahalanobis_outlier,0,0,1,0,0,0,0,0,0,0,7.0,13.723955496700478,0.8320502943378436,,Karena memberikan manfaat temuannya dan berguna untuk masa depan,213,1,43.0,0.0,4,40-49,Asia,
44368,IDN,Indonesia,MEDIUM,1,0,longstring_exceed,0,1,0,0,0,0,0,0,0,0,35.0,3.927894502453157,,"semua orang diuntungkan, karena dengan bertambahnya kemajuan teknologi makin mempermudah manusia melakukan sesuatu",,213,1,45.0,1.0,4,40-49,Asia,
44376,IDN,Indonesia,MEDIUM,1,0,longstring_exceed,0,1,0,0,0,0,0,0,0,0,36.0,3.6663525042733967,,"pengusaha, karena mereka tetap mengambil keuntungan melalui ilmu pengetahuan",,213,1,50.0,1.0,4,50-59,Asia,
44405,IDN,Indonesia,MEDIUM,1,0,odd_even_low,0,0,0,1,0,0,0,0,0,0,4.0,3.7714095334869295,-1.0,,Penemuan yang berguna ,213,1,34.0,1.0,4,30-39,Asia,
44414,IDN,Indonesia,MEDIUM,1,0,longstring_exceed,0,1,0,0,0,0,0,0,0,0,42.0,2.9487467592297865,,manusia karena lebih bisa menghadapi kehidupan,,213,1,30.0,0.0,4,30-39,Asia,
44433,IDN,Indonesia,MEDIUM,1,0,longstring_exceed,0,1,0,0,0,0,0,0,0,0,32.0,8.59832384967167,,Pelajar karena dia akan menjadi manusia masa depan yang berilmu tinggi,,213,1,49.0,0.0,4,40-49,Asia,
44437,IDN,Indonesia,MEDIUM,1,0,odd_even_low,0,0,0,1,0,0,0,0,0,0,5.0,3.8439260689081833,-1.0,,Penemuan yang berguna ,213,1,40.0,0.0,4,40-49,Asia,
44477,IDN,Indonesia,MEDIUM,1,0,longstring_exceed,0,1,0,0,0,0,0,0,0,0,35.0,3.9530726618888874,,seluruh masyarakat karena dengan berkembangnya ilmu pengetahuan maka masyarakat dapat melakukan re-generasi terhadap SDA itu sendiri,,213,1,29.0,0.0,4,18-29,Asia,
44607,IDN,Indonesia,MEDIUM,1,0,longstring_exceed,0,1,0,0,0,0,0,0,0,0,57.0,2.9487467592297865,,Manusia dikarenakan perkembangan peradaban akan maju jika ilmu pengetahuan digunakan untuk mempermudah dan menyejahterakan masyarakat,,213,1,19.0,1.0,3,18-29,Asia,
44626,IDN,Indonesia,MEDIUM,1,0,odd_even_low,0,0,0,1,0,0,0,0,0,0,9.0,3.847516278323149,-1.0,,menyampaikan temuannya tanpa ada yang disembunyikan dan tidak beorientasi dengan politik,213,1,41.0,1.0,4,40-49,Asia,
44643,IDN,Indonesia,MEDIUM,1,0,mahalanobis_outlier,0,0,1,0,0,0,0,0,0,0,9.0,10.54513640551309,-0.2948839123097942,,berdasarkan sourch data yang valid,213,1,26.0,1.0,4,18-29,Asia,
44678,IDN,Indonesia,MEDIUM,1,0,odd_even_low,0,0,0,1,0,0,0,0,0,0,5.0,4.018979986693113,-1.0,,Penemuan yang berguna ,213,1,40.0,1.0,4,40-49,Asia,
44763,IDN,Indonesia,MEDIUM,1,0,mahalanobis_outlier,0,0,1,0,0,0,0,0,0,0,12.0,10.766465436550144,0.1672484020014181,Lembaga terkait untuk mencapai tujuan tertentu,,213,1,29.0,1.0,4,18-29,Asia,
44778,IDN,Indonesia,MEDIUM,1,0,odd_even_low,0,0,0,1,0,0,0,0,0,0,4.0,6.463025196505036,-0.8834522085987723,"1. masyarakat umum diuntungkan hanya pada saat ilmu pengetahuan bisa dinikmati dengan harga murah.
2. Pengusaha yang bisa menguasai teknologi yang sedang tren dengn cara menjual prooduk ke masyarakat.
",,213,1,56.0,1.0,4,50-59,Asia,
44823,IDN,Indonesia,MEDIUM,1,0,odd_even_low,0,0,0,1,0,0,0,0,0,0,10.0,3.837443740567992,-1.0,,"Saya pikir seorang ilmuwan bisa dipercaya karena ia sudah begitu lama belajar dan memiliki bukti nyata (entah penelitian atau bukti temuan berbentuk fisik) terkait hal yang ia sampaikan ke orang banyak, belum lagi ditambah dengan bagaimana hal yang ilmuwan katakan sejalan dengan fenomena yang tengah kita rasakan",213,1,21.0,0.0,3,18-29,Asia,
44846,IDN,Indonesia,MEDIUM,1,0,odd_even_low,0,0,0,1,0,0,0,0,0,0,9.0,8.164964278449126,-1.0,Yang paling diuntungkan adalah pejabat isntansi yang berhubungan dengan kesehatan dan teknologi. Karena dari ilmu pengetahuan mereka dapat membuat produk atau keadaan yang memang relevan dengan keperluan masyarakat.,,213,1,30.0,1.0,3,30-39,Asia,
44889,IDN,Indonesia,MEDIUM,1,0,longstring_exceed,0,1,0,0,0,0,0,0,0,0,57.0,2.8946880927929137,,,-99,213,1,24.0,0.0,4,18-29,Asia,
45035,IDN,Indonesia,MEDIUM,1,0,mahalanobis_outlier,0,0,1,0,0,0,0,0,0,0,4.0,10.686256540443985,0.1732050807568877,,Memiliki pengetahuan yg luas,213,1,20.0,1.0,4,18-29,Asia,
45060,IDN,Indonesia,MEDIUM,1,0,longstring_exceed,0,1,0,0,0,0,0,0,0,0,57.0,2.9487467592297865,,Jujur dan terbuka dalam penelitian,,213,1,35.0,0.0,4,30-39,Asia,
45072,IDN,Indonesia,MEDIUM,1,0,longstring_exceed,0,1,0,0,0,0,0,0,0,0,57.0,2.9487467592297865,,,Jujur dan terbuka dalam penelitian,213,1,35.0,0.0,4,30-39,Asia,
45084,IDN,Indonesia,MEDIUM,1,0,odd_even_low,0,0,0,1,0,0,0,0,0,0,5.0,6.653256430958934,-1.0,,hasil penelitiannya dan riset yang ditemukan,213,1,28.0,0.0,4,18-29,Asia,
45133,IDN,Indonesia,MEDIUM,1,0,longstring_exceed,0,1,0,0,0,0,0,0,0,0,41.0,2.9098879913032034,,,Wawasan luas.,213,1,34.0,0.0,4,30-39,Asia,
45145,IDN,Indonesia,MEDIUM,1,0,longstring_exceed,0,1,0,0,0,0,0,0,0,0,67.0,2.9487467592297865,,,karena sudah membuktikan penemuannya,213,1,45.0,0.0,3,40-49,Asia,
45304,IDN,Indonesia,MEDIUM,1,0,longstring_exceed,0,1,0,0,0,0,0,0,0,0,56.0,3.9814876727809225,,,mempunyai tempat khusus dan penelitian berkelanjutan,213,1,41.0,1.0,4,40-49,Asia,
46375,IND,India,MEDIUM,1,0,longstring_exceed,0,1,0,0,0,0,0,0,0,0,39.0,3.786813385113588,0.5,,Their capability of proving some observation and interference make them trustworthy.,213,1,42.0,0.0,4,40-49,Asia,
46377,IND,India,MEDIUM,1,0,mahalanobis_outlier,0,0,1,0,0,0,0,0,0,0,12.0,11.906056825080924,0.5826856325833838,,"To determine credibility, scientific studies need to be assessed along at least the following three dimensions. method and data transparency.",213,1,21.0,1.0,4,18-29,Asia,
46395,IND,India,MEDIUM,1,0,longstring_exceed,0,1,0,0,0,0,0,0,0,0,36.0,2.642091083693516,,,Very good a better,213,1,40.0,0.0,4,40-49,Asia,
46413,IND,India,MEDIUM,1,0,longstring_exceed,0,1,0,0,0,0,0,0,0,0,57.0,2.066554527848232,,"I think it gives a lot
Because from science we found truth",,213,1,61.0,0.0,4,60+,Asia,
46424,IND,India,MEDIUM,1,0,longstring_exceed,0,1,0,0,0,0,0,0,0,0,57.0,2.066554527848232,,Science is truth,,213,1,61.0,0.0,4,60+,Asia,
46440,IND,India,MEDIUM,1,0,longstring_exceed,0,1,0,0,0,0,0,0,0,0,57.0,2.066554527848232,,,Survey is a very fast service for accepting to carry out the day ,213,1,35.0,1.0,4,30-39,Asia,
46465,IND,India,MEDIUM,1,0,odd_even_low,0,0,0,1,0,0,0,0,0,0,5.0,4.886997297096749,-1.0,,When he/she makes reaserch to all ,213,1,38.0,0.0,4,30-39,Asia,
46479,IND,India,MEDIUM,1,0,longstring_exceed,0,1,0,0,0,0,0,0,0,0,57.0,2.066554527848232,,Science is everything because of sciences we found truth,,213,1,61.0,0.0,4,60+,Asia,
46491,IND,India,MEDIUM,1,0,longstring_exceed,0,1,0,0,0,0,0,0,0,0,42.0,6.348144467562556,,My name is Amit Sardar kaming from Baharu kamdebnogor My posoffice Baharu my ps Joynagor,,213,1,25.0,2.0,4,18-29,Asia,
46524,IND,India,MEDIUM,1,0,longstring_exceed,0,1,0,0,0,0,0,0,0,0,57.0,2.066554527848232,,Science is everything for truth,,213,1,62.0,0.0,4,60+,Asia,
46567,IND,India,MEDIUM,1,0,mahalanobis_outlier,0,0,1,0,0,0,0,0,0,0,14.0,10.807465149283496,0.0986927542439653,"Science teaches you how to solve probls
Science helps us live longer. 
Science is involved in cooking.,eating, breathing, driving, playing etc. 
We use shampoo, talcum powder, brush and paste every thing is the advance to of science. ",,213,1,67.0,0.0,4,60+,Asia,
46572,IND,India,MEDIUM,1,0,longstring_exceed,0,1,0,0,0,0,0,0,0,0,58.0,2.6487049800865576,,,i am not quite sure about it,213,1,62.0,1.0,4,60+,Asia,
46581,IND,India,MEDIUM,1,0,longstring_exceed,0,1,0,0,0,0,0,0,0,0,46.0,2.882700778547816,,"right now the benefits tend to go to the rich, while the ­negative impacts, such as unemployment or pollution, differentially affect the poor",,213,1,32.0,1.0,4,30-39,Asia,
46596,IND,India,MEDIUM,1,0,longstring_exceed,0,1,0,0,0,0,0,0,0,0,35.0,1.4046858199774153,,,Science is trustworthy in part because it honors its norms. Adherence to these norms increases the reliability of the resulting knowledge and the likelihood that the public views science as reliable. A 2019 survey (Fig. 1) found that the public recognizes key signals of the trustworthiness of scientific findings.,213,1,29.0,0.0,4,18-29,Asia,
46610,IND,India,MEDIUM,1,0,odd_even_low,0,0,0,1,0,0,0,0,0,0,6.0,3.833725213956591,-1.0,,Credibility of facts and integrity,213,1,61.0,0.0,4,60+,Asia,
46635,IND,India,MEDIUM,1,0,longstring_exceed,0,1,0,0,0,0,0,0,0,0,32.0,3.9820960906990335,0.8574929257125441,Today's living with new gadgets or their usages because of science. Our country is growing and growing regularly only due to sciene,,213,1,55.0,0.0,4,50-59,Asia,
46649,IND,India,MEDIUM,1,0,longstring_exceed,0,1,0,0,0,0,0,0,0,0,36.0,2.1222809514524434,,,The reasearch of any topic may be completely ethical and logically proof ,213,1,40.0,1.0,4,40-49,Asia,
46694,IND,India,MEDIUM,1,0,longstring_exceed,0,1,0,0,0,0,0,0,0,0,71.0,6.348144467562556,,,The in your options in the makes scientific trustworthy.,213,1,,1.0,4,,Asia,
46741,IND,India,MEDIUM,1,0,longstring_exceed,0,1,0,0,0,0,0,0,0,0,49.0,4.817390551470701,1.0,Science is very important role in our life nowaday to live a smooth life,,213,1,32.0,0.0,4,30-39,Asia,
46753,IND,India,MEDIUM,1,0,longstring_exceed,0,1,0,0,0,0,0,0,0,0,57.0,3.092608370010762,,"Yes ,give to live",,213,1,20.0,1.0,4,18-29,Asia,
46799,IND,India,MEDIUM,1,0,odd_even_low,0,0,0,1,0,0,0,0,0,0,8.0,5.288323706773368,-1.0,,he should be a little crazy than his/her peers and is quick-witted,213,1,23.0,1.0,4,18-29,Asia,
46825,IND,India,MEDIUM,1,0,mahalanobis_outlier,0,0,1,0,0,0,0,0,0,0,4.0,10.656115988971678,0.5510140510374545,Please give me ,,213,1,47.0,0.0,4,40-49,Asia,
46833,IND,India,MEDIUM,1,0,longstring_exceed,0,1,0,0,0,0,0,0,0,0,59.0,2.066554527848232,,Scientific findings frequently benefit society through technological and other innovations. Technological innovations may lead to new scientific breakthroughs,,213,1,51.0,0.0,4,50-59,Asia,
47098,JPN,Japan,MEDIUM,1,0,odd_even_low,0,0,0,1,0,0,0,0,0,0,3.0,7.50938261553036,-0.9258200997725514,,立場,213,1,32.0,0.0,4,30-39,Asia,
47124,JPN,Japan,MEDIUM,1,0,longstring_exceed,0,1,0,0,0,0,0,0,0,0,71.0,6.161412381774846,,,なし,213,1,18.0,0.0,4,18-29,Asia,
47286,JPN,Japan,MEDIUM,1,0,longstring_exceed,0,1,0,0,0,0,0,0,0,0,34.0,2.4581046379480926,,,誠実,213,1,43.0,1.0,4,40-49,Asia,
47431,JPN,Japan,MEDIUM,1,0,longstring_exceed,0,1,0,0,0,0,0,0,0,0,33.0,3.689782412576141,,,信念,213,1,33.0,1.0,4,30-39,Asia,
47467,JPN,Japan,MEDIUM,1,0,longstring_exceed,0,1,0,0,0,0,0,0,0,0,43.0,6.847873834539357,0.6324555320336759,なし,,213,1,25.0,0.0,4,18-29,Asia,
47469,JPN,Japan,MEDIUM,1,0,longstring_exceed,0,1,0,0,0,0,0,0,0,0,42.0,6.161412381774846,,ない,,213,1,43.0,1.0,3,40-49,Asia,
47849,JPN,Japan,MEDIUM,1,0,longstring_exceed,0,1,0,0,0,0,0,0,0,0,71.0,6.161412381774846,,,なし,213,1,25.0,1.0,4,18-29,Asia,
47969,KEN,Kenya,MEDIUM,1,0,mahalanobis_outlier,0,0,1,0,0,0,0,0,0,0,5.0,9.631106855948683,0.6026752257506167,,The practical ,213,1,25.0,,4,18-29,Africa,
48176,KEN,Kenya,MEDIUM,1,0,odd_even_low,0,0,0,1,0,0,0,0,0,0,3.0,5.960191553834583,-0.8944271909999159,,Their research work.,213,1,63.0,0.0,3,60+,Africa,
48301,KEN,Kenya,MEDIUM,1,0,mahalanobis_outlier,0,0,1,0,0,0,0,0,0,0,11.0,9.763847866182765,,,"Ooh, science is trustworthy for many a times we see results exactly,if it's positive or negative,it proves right when it comes prooving true or false then we determine which is true,it gives some faith even when we don't want to trust",213,1,57.0,2.0,2,50-59,Africa,
48379,KOR,South Korea,MEDIUM,1,0,longstring_exceed,0,1,0,0,0,0,0,0,0,0,71.0,7.442322349696371,,-99,,213,1,41.0,1.0,4,40-49,Asia,
48665,KOR,South Korea,MEDIUM,1,0,longstring_exceed,0,1,0,0,0,0,0,0,0,0,48.0,3.540137108516268,0.6324555320336759,,ㆍ,213,1,47.0,1.0,4,40-49,Asia,
48726,KOR,South Korea,MEDIUM,1,0,longstring_exceed,0,1,0,0,0,0,0,0,0,0,57.0,3.714928420408656,,국민,,213,1,61.0,0.0,3,60+,Asia,
48747,KOR,South Korea,MEDIUM,1,0,mahalanobis_outlier,0,0,1,0,0,0,0,0,0,0,6.0,9.851735514400165,-0.2672612419124244,,안전,213,1,24.0,1.0,4,18-29,Asia,
48796,KOR,South Korea,MEDIUM,1,0,mahalanobis_outlier,0,0,1,0,0,0,0,0,0,0,4.0,9.651220292732734,-0.7727272727272727,,그냥,213,1,21.0,1.0,3,18-29,Asia,
49088,KAZ,Kazakhstan,MEDIUM,1,0,longstring_exceed,0,1,0,0,0,0,0,0,0,0,53.0,7.342475697981678,,,К,213,1,24.0,1.0,4,18-29,Asia,
49191,KAZ,Kazakhstan,MEDIUM,1,0,mahalanobis_outlier,0,0,1,0,0,0,0,0,0,0,4.0,10.713175184262113,0.397033333588372,,-99,213,1,18.0,0.0,4,18-29,Asia,
49707,MAR,Morocco,MEDIUM,1,0,mahalanobis_outlier,0,0,1,0,0,0,0,0,0,0,5.0,9.796628864866932,0.1102077537555967,Kolona mostafidina min hada ,,213,1,30.0,0.0,4,30-39,Africa,
49773,MAR,Morocco,MEDIUM,1,0,mahalanobis_outlier,0,0,1,0,0,0,0,0,0,0,17.0,9.74390151402086,0.1386750490563072,,Ekeldojdfodkdpdl,213,1,19.0,2.0,3,18-29,Africa,
50023,MEX,Mexico,MEDIUM,1,0,longstring_exceed,0,1,0,0,0,0,0,0,0,0,48.0,4.043822010283994,,,Que de a saber todo lo que descubren  cientáficamente ,213,1,52.0,1.0,3,50-59,Latin America,
50215,MEX,Mexico,MEDIUM,1,0,mahalanobis_outlier,0,0,1,0,0,0,0,0,0,0,7.0,9.6490239737986,0.433289122413121,"La verdad no sé, por lo que observo y escucho los que están en puestos de.muy altos funcionarios en secretaráas de salud y de gobierno, porque son ellos que estudian la.medicina la ciencia que creen saberlo.todo.y por lo tanto son los que mueven todo sobre ese tema",,213,1,61.0,0.0,3,60+,Latin America,
50362,MEX,Mexico,MEDIUM,1,0,mahalanobis_outlier,0,0,1,0,0,0,0,0,0,0,3.0,9.598813161391393,0.7211102550927979,"Los de la televisión
Porque informan a diario",,213,1,45.0,1.0,3,40-49,Latin America,
50383,MEX,Mexico,MEDIUM,1,0,mahalanobis_outlier,0,0,1,0,0,0,0,0,0,0,4.0,9.5171614251337,0.0485833941188447,,Una parte x su experiencia y lo que ha vivido cada momento de su vida ,213,1,30.0,2.0,4,30-39,Latin America,
50445,MYS,Malaysia,MEDIUM,1,0,odd_even_low,0,0,0,1,0,0,0,0,0,0,3.0,4.804287627424223,-1.0,Saya kerana saya suka menyelidik,,213,1,25.0,0.0,3,18-29,Asia,
50495,MYS,Malaysia,MEDIUM,1,0,mahalanobis_outlier,0,0,1,0,0,0,0,0,0,0,6.0,9.365337108585416,0.3779644730092272,,Kerana mereka mengemukakan suatu teori baharu yg belum diterokai oleh mana2 pihak dan tidak terdapat mana2 yg menolaknya dlm masa terdekat,213,1,56.0,1.0,4,50-59,Asia,
50509,MYS,Malaysia,MEDIUM,1,0,odd_even_low,0,0,0,1,0,0,0,0,0,0,10.0,3.886453419585232,-1.0,Peminat,,213,1,25.0,1.0,4,18-29,Asia,
50511,MYS,Malaysia,MEDIUM,1,0,odd_even_low,0,0,0,1,0,0,0,0,0,0,8.0,3.845149415074225,-1.0,pesakit kerana dengan sains boleh mencari ubat untuk cure itu pesakit,,213,1,22.0,0.0,4,18-29,Asia,
50612,MYS,Malaysia,MEDIUM,1,0,odd_even_low,0,0,0,1,0,0,0,0,0,0,4.0,4.929611510709001,-0.9258200997725514,,Berdasarkan kajian yang dilakukan,213,1,36.0,1.0,4,30-39,Asia,
50613,MYS,Malaysia,MEDIUM,1,0,mahalanobis_outlier,0,0,1,0,0,0,0,0,0,0,5.0,8.953545335269357,0.6071428571428571,,dengan fakta dan kajian yang tepat ,213,1,19.0,1.0,3,18-29,Asia,
50834,MYS,Malaysia,MEDIUM,1,0,odd_even_low,0,0,0,1,0,0,0,0,0,0,3.0,6.791969121236061,-1.0,,Keyakinan dan tindakan yang di percayai arau kata mereka.,213,1,37.0,0.0,3,30-39,Asia,
50866,MYS,Malaysia,MEDIUM,1,0,mahalanobis_outlier,0,0,1,0,0,0,0,0,0,0,3.0,8.949704789216964,0.0,Human cos human discover and reach unlimited things then they'll use it. ,,213,1,19.0,0.0,3,18-29,Asia,
50908,MYS,Malaysia,MEDIUM,1,0,odd_even_low,0,0,0,1,0,0,0,0,0,0,16.0,5.132353873917042,-0.8944271909999159,Kami,,213,1,54.0,0.0,3,50-59,Asia,
50945,MYS,Malaysia,MEDIUM,1,0,mahalanobis_outlier,0,0,1,0,0,0,0,0,0,0,7.0,9.150555950212803,0.1504142093990467,,"pintar, jujur, integriti, tidak melebihi batas agama",213,1,22.0,1.0,4,18-29,Asia,
51019,MYS,Malaysia,MEDIUM,1,0,odd_even_low,0,0,0,1,0,0,0,0,0,0,5.0,3.769462927384069,-1.0,masyarakat umum senang dapat maklumat,,213,1,48.0,0.0,4,40-49,Asia,
51087,MYS,Malaysia,MEDIUM,1,0,odd_even_low,0,0,0,1,0,0,0,0,0,0,7.0,3.760693820034056,-1.0,,Karya atau komen saintis hendaklah mempunyai atau mengikuti fakta dan standard ,213,1,49.0,0.0,4,40-49,Asia,
51114,MYS,Malaysia,MEDIUM,1,0,odd_even_low,0,0,0,1,0,0,0,0,0,0,4.0,4.176679530634246,-1.0,,fakta yang bernas dan rasional,213,1,55.0,1.0,4,50-59,Asia,
51268,MYS,Malaysia,MEDIUM,1,0,odd_even_low,0,0,0,1,0,0,0,0,0,0,3.0,4.327578601670358,-1.0,"pesakit, dengan kemajuan sains ubat baru dan lebih berkesan daripada dulu.",,213,1,34.0,1.0,4,30-39,Asia,
51438,MYS,Malaysia,MEDIUM,1,0,mahalanobis_outlier,0,0,1,0,0,0,0,0,0,0,10.0,9.522355907256609,0.25,,Senarai bukti kajian dan penemuan yang dipamerkan,213,1,53.0,1.0,3,50-59,Asia,
51443,MYS,Malaysia,MEDIUM,1,0,odd_even_low,0,0,0,1,0,0,0,0,0,0,6.0,5.74279900015188,-1.0,,Etika Sains yang diamalkan dan reputasi saintis tersebut. ,213,1,37.0,1.0,4,30-39,Asia,
51575,NGA,Nigeria,MEDIUM,1,0,mahalanobis_outlier,0,0,1,0,0,0,0,0,0,0,7.0,11.40609032741453,-0.1690977806061942,,What’s your knows and also what he can create with the  ideas he has,213,1,22.0,1.0,4,18-29,Africa,
51670,NGA,Nigeria,MEDIUM,1,0,mahalanobis_outlier,0,0,1,0,0,0,0,0,0,0,3.0,9.864549068334872,0.0492864058090144,"I think scientists benefits the most, because they know how to utilize their findings better",,213,1,18.0,1.0,4,18-29,Africa,
51675,NGA,Nigeria,MEDIUM,1,0,odd_even_low,0,0,0,1,0,0,0,0,0,0,5.0,3.789969535208959,-1.0,"The consumers benefits the most more than the inventors, this is because science have made living very easy and simple. Without science, the world would be a terrible place to live in and many lives would be lost due to lack of science and medical facilities and drugs. ",,213,1,35.0,1.0,4,30-39,Africa,
51693,NGA,Nigeria,MEDIUM,1,0,odd_even_low,0,0,0,1,0,0,0,0,0,0,9.0,5.8426506701374805,-1.0,"Everybody benefits from science, because practically every activities and facilities which we use on daily basis is science inclined. ",,213,1,25.0,0.0,4,18-29,Africa,
51884,NGA,Nigeria,MEDIUM,1,0,odd_even_low,0,0,0,1,0,0,0,0,0,0,6.0,6.010831013415228,-1.0,The whole public benefits from science because scientific discoveries and innovations are made public for anyone to use. This innovations are made for everyone and not a particular set of people.,,213,1,24.0,0.0,3,18-29,Africa,
51970,NGA,Nigeria,MEDIUM,1,0,odd_even_low,0,0,0,1,0,0,0,0,0,0,8.0,5.096974057630718,-0.9135002783911396,Human being benefits most because it makes what human think is impossible to be possible.,,213,1,21.0,1.0,3,18-29,Africa,
51995,NGA,Nigeria,MEDIUM,1,0,mahalanobis_outlier,0,0,1,0,0,0,0,0,0,0,7.0,10.18691690012912,0.1904848294398648,,What makes a scientist trustworthy is his ability to handle lives.,213,1,24.0,1.0,3,18-29,Africa,
52076,NGA,Nigeria,MEDIUM,1,0,mahalanobis_outlier,0,0,1,0,0,0,0,0,0,0,11.0,9.813857093177324,0.6324555320336759,,"Their predictions and inventions that is advancing the globe. Also, their general knowledge about the universe.",213,1,51.0,0.0,4,50-59,Africa,
52280,NGA,Nigeria,MEDIUM,1,0,mahalanobis_outlier,0,0,1,0,0,0,0,0,0,0,5.0,10.752612121163558,0.4817359737639036,Everything benefits from science,,213,1,26.0,1.0,4,18-29,Africa,
52288,NGA,Nigeria,MEDIUM,1,0,mahalanobis_outlier,0,0,1,0,0,0,0,0,0,0,15.0,11.04431453351371,0.1313064328597225,,Because always science deals with experiment and hypothesis ,213,1,23.0,1.0,4,18-29,Africa,
52304,NGA,Nigeria,MEDIUM,1,0,longstring_exceed,0,1,0,0,0,0,0,0,0,0,32.0,4.19630325215588,,The citizens at large because science improved and helped us in our daily life ,,213,1,28.0,1.0,4,18-29,Africa,
52445,NGA,Nigeria,MEDIUM,1,0,odd_even_low,0,0,0,1,0,0,0,0,0,0,3.0,5.162286388230156,-1.0,,The ability to think out solution for the whole world ,213,1,56.0,0.0,4,50-59,Africa,
52452,NGA,Nigeria,MEDIUM,1,0,odd_even_low,0,0,0,1,0,0,0,0,0,0,4.0,4.655729516184401,-1.0,The rich people because they can afford it,,213,1,56.0,0.0,4,50-59,Africa,
52467,NGA,Nigeria,MEDIUM,1,0,odd_even_low,0,0,0,1,0,0,0,0,0,0,5.0,5.91539526733423,-0.9438798074485388,The rich because they have the money and influence to afford it ,,213,1,56.0,0.0,4,50-59,Africa,
52476,NGA,Nigeria,MEDIUM,1,0,longstring_exceed,0,1,0,0,0,0,0,0,0,0,57.0,3.7302368280222846,,"Human, because we human beings do research",,213,1,36.0,1.0,4,30-39,Africa,
52725,NIC,Nicaragua,MEDIUM,1,0,odd_even_low,0,0,0,1,0,0,0,0,0,0,16.0,6.077888265111663,-0.9432422182837986,Los que crean o inventan algún producto que sea para bien o para mal de la humanidad ,,213,1,35.0,1.0,3,30-39,Latin America,
52775,NIC,Nicaragua,MEDIUM,1,0,longstring_exceed,0,1,0,0,0,0,0,0,0,0,35.0,6.218557080336472,0.5252257314388902,"Los científicos y bueno el ser humano ya que va viendo avanze en la ciencia tanto en salud y cibernética
 ",,213,1,32.0,0.0,3,30-39,Latin America,
52965,NIC,Nicaragua,MEDIUM,1,0,mahalanobis_outlier,0,0,1,0,0,0,0,0,0,0,12.0,9.580717388077051,0.7495316889958614,,Lo hace q sus investigaciones sean veraces y objetivas para llegar a los resultados propuestos,213,1,37.0,,4,30-39,Latin America,
52986,NIC,Nicaragua,MEDIUM,1,0,mahalanobis_outlier,0,0,1,0,0,0,0,0,0,0,10.0,9.273190034687582,0.2070788416406455,,Por la trayectoria y las teoría confiables que algunos tienen bueno no todos son contados,213,1,18.0,,3,18-29,Latin America,
53006,NIC,Nicaragua,MEDIUM,1,0,mahalanobis_outlier,0,0,1,0,0,0,0,0,0,0,12.0,9.314366893646149,,"Los que más se venefician de la ciencia somo nosotros los seres humanos, los profesores y también nos ayuda a conocer más de nuestro alcanse",,213,1,18.0,,3,18-29,Latin America,
53017,NOR,Norway,MEDIUM,1,0,longstring_exceed,0,1,0,0,0,0,0,0,0,0,39.0,3.820465477478837,1.0,,Ingen svar   Coolbet ,213,1,23.0,1.0,3,18-29,Europe,
53062,NOR,Norway,MEDIUM,1,0,longstring_exceed,0,1,0,0,0,0,0,0,0,0,57.0,4.87575619977672,,,Good,213,1,30.0,1.0,4,30-39,Europe,
53171,NOR,Norway,MEDIUM,1,0,longstring_exceed,0,1,0,0,0,0,0,0,0,0,32.0,4.895321373690608,,,"Keine Antwort
",213,1,34.0,0.0,4,30-39,Europe,
53176,NOR,Norway,MEDIUM,1,0,mahalanobis_outlier,0,0,1,0,0,0,0,0,0,0,5.0,8.963650638598992,-0.722185380728474,"Utvikle seg selv og påvirke andre.
Livsopphold og tjene penger
",,213,1,71.0,1.0,4,60+,Europe,
53223,NOR,Norway,MEDIUM,1,0,longstring_exceed,0,1,0,0,0,0,0,0,0,0,39.0,2.2263991403223717,,"Keine Antwort
",,213,1,23.0,0.0,2,18-29,Europe,
53255,NOR,Norway,MEDIUM,1,0,longstring_exceed,0,1,0,0,0,0,0,0,0,0,57.0,2.118267436794486,,Et lettere liv.,,213,1,47.0,1.0,3,40-49,Europe,
53415,NOR,Norway,MEDIUM,1,0,mahalanobis_outlier,0,0,1,0,0,0,0,0,0,0,4.0,8.981845867872305,0.5168384188694879,,være etisk og forsiktig,213,1,36.0,1.0,4,30-39,Europe,
53620,NZL,New Zealand,MEDIUM,1,0,longstring_exceed,0,1,0,0,0,0,0,0,0,0,36.0,3.2269255308578817,,Depending on what the science is used for. The benefits could be good for learning more about life.,,213,1,35.0,1.0,4,30-39,Australia/Oceania,
53656,NZL,New Zealand,MEDIUM,1,0,mahalanobis_outlier,0,0,1,0,0,0,0,0,0,0,2.0,9.768391146079278,-0.0698430295769578,,Yes everyone’s input has importance ,213,1,32.0,1.0,1,30-39,Australia/Oceania,
53700,NZL,New Zealand,MEDIUM,1,0,longstring_exceed,0,1,0,0,0,0,0,0,0,0,46.0,7.889196213825724,,People & the world. So they know what’s going on ,,213,1,24.0,0.0,4,18-29,Australia/Oceania,
53823,NZL,New Zealand,MEDIUM,1,0,longstring_exceed,0,1,0,0,0,0,0,0,0,0,49.0,3.3051277359937905,,n9t sure,,213,1,53.0,0.0,3,50-59,Australia/Oceania,
53936,NZL,New Zealand,MEDIUM,1,0,odd_even_low,0,0,0,1,0,0,0,0,0,0,8.0,5.259071379614674,-0.8783100656536799,,"Someone who does things in their own way,without interference. 
Someone who speaks the truth and works to benefit mankind.",213,1,58.0,1.0,4,50-59,Australia/Oceania,
53975,NZL,New Zealand,MEDIUM,1,0,mahalanobis_outlier,0,0,1,0,0,0,0,0,0,0,3.0,12.107010250161476,0.3227486121839514,"Humankind, depending on what type of science we talkin bout",,213,1,22.0,1.0,4,18-29,Australia/Oceania,
54105,NZL,New Zealand,MEDIUM,1,0,longstring_exceed,0,1,0,0,0,0,0,0,0,0,42.0,4.004998060848382,,everyone benefits from all the different sciences and scientific research in one way or another,,213,1,49.0,0.0,3,40-49,Australia/Oceania,
54115,NZL,New Zealand,MEDIUM,1,0,longstring_exceed,0,1,0,0,0,0,0,0,0,0,57.0,2.3266476598442924,,Humans as there will be more knowledge.,,213,1,56.0,0.0,4,50-59,Australia/Oceania,
54129,NZL,New Zealand,MEDIUM,1,0,longstring_exceed,0,1,0,0,0,0,0,0,0,0,33.0,3.728689053733109,,Academia.,,213,1,60.0,1.0,4,60+,Australia/Oceania,
54215,NZL,New Zealand,MEDIUM,1,0,longstring_exceed,0,1,0,0,0,0,0,0,0,0,46.0,4.008346806554978,0.2,,Not sure,213,1,52.0,0.0,3,50-59,Australia/Oceania,
54328,NZL,New Zealand,MEDIUM,1,0,odd_even_low,0,0,0,1,0,0,0,0,0,0,9.0,6.220677805766915,-1.0,I think the people who benefit the most are the general public,,213,1,41.0,1.0,4,40-49,Australia/Oceania,
54359,NZL,New Zealand,MEDIUM,1,0,odd_even_low,0,0,0,1,0,0,0,0,0,0,3.0,4.447844919103929,-1.0,-99,,213,1,31.0,1.0,4,30-39,Australia/Oceania,
54402,NZL,New Zealand,MEDIUM,1,0,odd_even_low,0,0,0,1,0,0,0,0,0,0,6.0,4.582144353643753,-1.0,,"In my opinion, I think the latest technology development by science help to do some great changes in the world territory",213,1,33.0,1.0,4,30-39,Australia/Oceania,
54404,NZL,New Zealand,MEDIUM,1,0,odd_even_low,0,0,0,1,0,0,0,0,0,0,3.0,4.74037120559289,-1.0,-99,,213,1,37.0,1.0,4,30-39,Australia/Oceania,
54412,NZL,New Zealand,MEDIUM,1,0,odd_even_low,0,0,0,1,0,0,0,0,0,0,5.0,3.947921627944691,-1.0,,-99,213,1,35.0,0.0,4,30-39,Australia/Oceania,
54422,NZL,New Zealand,MEDIUM,1,0,odd_even_low,0,0,0,1,0,0,0,0,0,0,4.0,4.254222117616014,-1.0,,In my opinion the most important aspects of a trustworthy source are their history of education and the degrees they have earned,213,1,26.0,1.0,4,18-29,Australia/Oceania,
54426,NZL,New Zealand,MEDIUM,1,0,odd_even_low,0,0,0,1,0,0,0,0,0,0,5.0,5.085044960898409,-1.0,,-99,213,1,43.0,1.0,4,40-49,Australia/Oceania,
54429,NZL,New Zealand,MEDIUM,1,0,odd_even_low,0,0,0,1,0,0,0,0,0,0,5.0,4.579829193209782,-1.0,,Transparency in both the researcher's methods and their findings is what establishes a scientist's credibility.,213,1,30.0,1.0,4,30-39,Australia/Oceania,
54436,NZL,New Zealand,MEDIUM,1,0,odd_even_low,0,0,0,1,0,0,0,0,0,0,6.0,4.775811978203065,-1.0,-99,,213,1,41.0,1.0,4,40-49,Australia/Oceania,
54475,NZL,New Zealand,MEDIUM,1,0,odd_even_low,0,0,0,1,0,0,0,0,0,0,3.0,4.8247925022541,-1.0,,The job of a scientist is to constantly conduct research and give a lot of data information and results that are very reliable to be trusted constantly.,213,1,49.0,0.0,3,40-49,Australia/Oceania,
54479,NZL,New Zealand,MEDIUM,1,0,odd_even_low,0,0,0,1,0,0,0,0,0,0,3.0,5.385029275978934,-1.0,"Education is the most beneficial in science, mainly because it can still enhance the value of education more, and also better the ability to store knowledge.",,213,1,58.0,0.0,3,50-59,Australia/Oceania,
54480,NZL,New Zealand,MEDIUM,1,0,odd_even_low,0,0,0,1,0,0,0,0,0,0,3.0,4.505667023312067,-1.0,,"Trustworthy is what can help us to improve the quality of life, while each time the results of research and development can help us to improve quickly.",213,1,30.0,1.0,4,30-39,Australia/Oceania,
54481,NZL,New Zealand,MEDIUM,1,0,odd_even_low,0,0,0,1,0,0,0,0,0,0,4.0,4.212870628497303,-1.0,,"Scientists have very smart minds and can be used to meet the needs of scientific research very well, and it is important that they provide good data information.",213,1,20.0,0.0,2,18-29,Australia/Oceania,
54592,NZL,New Zealand,MEDIUM,1,0,odd_even_low,0,0,0,1,0,0,0,0,0,0,4.0,5.535597338917556,-1.0,,"Scientists they have a good majesty and also have good qualities, but also to meet our needs, research and development of scientific results can help the development of society.",213,1,39.0,1.0,4,30-39,Australia/Oceania,
54622,NZL,New Zealand,MEDIUM,1,0,odd_even_low,0,0,0,1,0,0,0,0,0,0,3.0,4.542801516693953,-1.0,"I think biology benefits the most in terms of science, enhancing our human research on biotechnology and providing more data information.",,213,1,22.0,0.0,2,18-29,Australia/Oceania,
54623,NZL,New Zealand,MEDIUM,1,0,odd_even_low,0,0,0,1,0,0,0,0,0,0,3.0,4.687826016098086,-1.0,,The main thing is that scientists have the strongest scientific ability and also can analyze through more data and also test to accomplish a more perfect result. It is definitely trustworthy.,213,1,51.0,1.0,4,50-59,Australia/Oceania,
54626,NZL,New Zealand,MEDIUM,1,0,odd_even_low,0,0,0,1,0,0,0,0,0,0,3.0,4.506648798927129,-1.0,,"The key lies in the fact that it can enhance the development of various industries, scientists can still help more development trends, scientists are the most trustworthy data information.",213,1,34.0,1.0,3,30-39,Australia/Oceania,
54630,NZL,New Zealand,MEDIUM,1,0,odd_even_low,0,0,0,1,0,0,0,0,0,0,3.0,4.661424396353729,-1.0,,"Scientists can better help us to analyze a lot of things, especially more tests can be conducted, perfect to help solve the problem, or very trustworthy.",213,1,47.0,0.0,4,40-49,Australia/Oceania,
54633,NZL,New Zealand,MEDIUM,1,0,odd_even_low,0,0,0,1,0,0,0,0,0,0,3.0,5.307739777613134,-1.0,I have always believed that the public resources side benefits the most and can be relied upon to accomplish more of the needs of public utilities.,,213,1,68.0,1.0,2,60+,Australia/Oceania,
54664,NZL,New Zealand,MEDIUM,1,0,odd_even_low,0,0,0,1,0,0,0,0,0,0,8.0,4.228873655908955,-1.0,,Education and credentials. This needs to said/shown if scientist is speaking/written article. I think both views need to be explained and then the scientists views backed with evidence,213,1,30.0,0.0,4,30-39,Australia/Oceania,
54717,NZL,New Zealand,MEDIUM,1,0,odd_even_low,0,0,0,1,0,0,0,0,0,0,3.0,5.237211360910068,-1.0,,"Scientists can basically help us better distinguish between true and false, and the most important thing is to provide rigorous scientific theories.",213,1,51.0,0.0,4,50-59,Australia/Oceania,
54763,NZL,New Zealand,MEDIUM,1,0,odd_even_low,0,0,0,1,0,0,0,0,0,0,5.0,4.660293089291298,-1.0,"It is mainly in the medical industry that benefits the most, where more information on experimental data is available and medical technology is improved at the same time.",,213,1,30.0,1.0,3,30-39,Australia/Oceania,
54765,NZL,New Zealand,MEDIUM,1,0,mahalanobis_outlier,0,0,1,0,0,0,0,0,0,0,2.0,10.763673536553464,-0.4020151261036848,people like doctors as they need it to prove there theroys,,213,1,24.0,1.0,3,18-29,Australia/Oceania,
54784,NZL,New Zealand,MEDIUM,1,0,longstring_exceed,0,1,0,0,0,0,0,0,0,0,57.0,2.874513944039408,,,,213,1,30.0,1.0,3,30-39,Australia/Oceania,
54792,NZL,New Zealand,MEDIUM,1,0,odd_even_low,0,0,0,1,0,0,0,0,0,0,4.0,4.568388259325914,-1.0,,"In my opinion, scientists are trusted mainly because they can help various industries to develop rapidly and also have a lot of research results.",213,1,26.0,0.0,4,18-29,Australia/Oceania,
54848,NZL,New Zealand,MEDIUM,1,0,mahalanobis_outlier,0,0,1,0,0,0,0,0,0,0,3.0,10.131725104219244,-0.8378688987532451,,The fruitful research theories and teamwork of scientists have opened the eyes of the world to the fruits and trust of science and technology.,213,1,46.0,0.0,4,40-49,Australia/Oceania,
54850,NZL,New Zealand,MEDIUM,1,0,odd_even_low,0,0,0,1,0,0,0,0,0,0,3.0,8.542272302802834,-0.9563650695950074,,"Hundreds of years of scientific theoretical research, both theoretical and applied, have accumulated a wealth of experience, which makes everything scientists do become trustworthy.",213,1,67.0,0.0,2,60+,Australia/Oceania,
54865,NZL,New Zealand,MEDIUM,1,0,odd_even_low,0,0,0,1,0,0,0,0,0,0,5.0,4.287938691716737,-1.0,,The benefit is the world,213,1,44.0,1.0,4,40-49,Australia/Oceania,
54874,NZL,New Zealand,MEDIUM,1,0,mahalanobis_outlier,0,0,1,0,0,0,0,0,0,0,3.0,9.46063804584984,-0.1889822365046136,It is my opinion,,213,1,30.0,1.0,4,30-39,Australia/Oceania,
54876,NZL,New Zealand,MEDIUM,1,0,odd_even_low,0,0,0,1,0,0,0,0,0,0,12.0,4.678967379439106,-1.0,"We all benefit from science, especially right now with climate change and how we travel to space.",,213,1,45.0,0.0,3,40-49,Australia/Oceania,
54916,NZL,New Zealand,MEDIUM,1,0,odd_even_low,0,0,0,1,0,0,0,0,0,0,4.0,5.343331075213494,-1.0,I generally think that biology benefits the most from more scientific approaches to more biotechnology.,,213,1,45.0,1.0,4,40-49,Australia/Oceania,
54946,NZL,New Zealand,MEDIUM,1,0,longstring_exceed,0,1,0,0,0,0,0,0,0,0,71.0,6.799698800103606,,no,,213,1,34.0,1.0,3,30-39,Australia/Oceania,
54954,NZL,New Zealand,MEDIUM,1,0,mahalanobis_outlier,0,0,1,0,0,0,0,0,0,0,15.0,9.431611914731672,,Science is a lie covidIOT is a hoax and the death jab is the genocidal plandemic to wipe out the world population just visit the world economic forum it's all there they want us all dead and the rest to be complete slaves wake up humanity!,,213,1,51.0,1.0,3,50-59,Australia/Oceania,
54977,NZL,New Zealand,MEDIUM,1,0,mahalanobis_outlier,0,0,1,0,0,0,0,0,0,0,12.0,9.374790937637172,0.6324555320336759,"Hmm.... Supposedly, when looking at it, you think it's yourself, but in the long run, It's all about upgrading to create something that removes the purpose of what you have been born to do yourself. 
Personally, my thoughts are, scientifically, someone wants to create or invent something to have ""control"" or power over!
",,213,1,40.0,0.0,3,40-49,Australia/Oceania,
54986,NZL,New Zealand,MEDIUM,1,0,longstring_exceed,0,1,0,0,0,0,0,0,0,0,34.0,3.021252492534181,,,I don't know,213,1,53.0,1.0,2,50-59,Australia/Oceania,
54993,NZL,New Zealand,MEDIUM,1,0,mahalanobis_outlier,0,0,1,0,0,0,0,0,0,0,5.0,11.034175251535872,0.4933986681611657,,professional knowledge,213,1,42.0,1.0,4,40-49,Australia/Oceania,
54999,NZL,New Zealand,MEDIUM,1,0,odd_even_low,0,0,0,1,0,0,0,0,0,0,2.0,4.258198716916192,-1.0,Students let them have better knowledge and prospects,,213,1,34.0,1.0,3,30-39,Australia/Oceania,
55006,NZL,New Zealand,MEDIUM,1,0,longstring_exceed,0,1,0,0,0,0,0,0,0,0,57.0,2.874513944039408,,,,213,1,30.0,1.0,3,30-39,Australia/Oceania,
55016,NZL,New Zealand,MEDIUM,1,0,mahalanobis_outlier,0,0,1,0,0,0,0,0,0,0,7.0,9.959516406422164,0.6666666666666666,,The research that goes into it,213,1,63.0,1.0,3,60+,Australia/Oceania,
55034,NZL,New Zealand,MEDIUM,1,0,odd_even_low,0,0,0,1,0,0,0,0,0,0,5.0,4.2991659467742,-1.0,,-99,213,1,21.0,1.0,4,18-29,Australia/Oceania,
55080,NZL,New Zealand,MEDIUM,1,0,odd_even_low,0,0,0,1,0,0,0,0,0,0,3.0,4.951285400091007,-1.0,,-99,213,1,37.0,1.0,4,30-39,Australia/Oceania,
55169,NZL,New Zealand,MEDIUM,1,0,odd_even_low,0,0,0,1,0,0,0,0,0,0,6.0,7.892763663358955,-0.9045340337332908,People with health problems benefit from science and testing but I donÕt like the fact that we use animals in the testing but I know we have to use them,,213,1,52.0,0.0,3,50-59,Australia/Oceania,
55186,NZL,New Zealand,MEDIUM,1,0,mahalanobis_outlier,0,0,1,0,0,0,0,0,0,0,3.0,10.24283175876365,-0.4435776522811298,Me and all the people.,,213,1,30.0,1.0,4,30-39,Australia/Oceania,
55203,NZL,New Zealand,MEDIUM,1,0,odd_even_low,0,0,0,1,0,0,0,0,0,0,3.0,5.140304515641985,-1.0,"Imagine if your family suddenly stopped watching TV at home. What would you do with all that extra room? If you ask a scientist, there is no such thing as a satisfactory result. Your descendants will be eternally grateful to you for providing them with the means to communicate with millions of people worldwide from the convenience of their own home computers.",,213,1,48.0,1.0,4,40-49,Australia/Oceania,
55209,NZL,New Zealand,MEDIUM,1,0,odd_even_low,0,0,0,1,0,0,0,0,0,0,4.0,4.645945546904701,-1.0,,-99,213,1,44.0,1.0,4,40-49,Australia/Oceania,
55210,NZL,New Zealand,MEDIUM,1,0,odd_even_low,0,0,0,1,0,0,0,0,0,0,4.0,4.776964242127638,-1.0,,-99,213,1,44.0,1.0,4,40-49,Australia/Oceania,
55222,NZL,New Zealand,MEDIUM,1,0,odd_even_low,0,0,0,1,0,0,0,0,0,0,3.0,5.214125998717309,-0.8944271909999159,-99,,213,1,49.0,1.0,4,40-49,Australia/Oceania,
55273,NZL,New Zealand,MEDIUM,1,0,odd_even_low,0,0,0,1,0,0,0,0,0,0,6.0,5.373741627009201,-1.0,,specialized knowledge,213,1,43.0,0.0,4,40-49,Australia/Oceania,
55295,NZL,New Zealand,MEDIUM,1,0,odd_even_low,0,0,0,1,0,0,0,0,0,0,4.0,4.90759845476156,-1.0,-99,,213,1,44.0,1.0,4,40-49,Australia/Oceania,
55310,NZL,New Zealand,MEDIUM,1,0,odd_even_low,0,0,0,1,0,0,0,0,0,0,7.0,4.88632714346976,-1.0,,Scientific change reduces poverty everywhere,213,1,55.0,1.0,3,50-59,Australia/Oceania,
55428,NZL,New Zealand,MEDIUM,1,0,mahalanobis_outlier,0,0,1,0,0,0,0,0,0,0,15.0,10.65978092560671,1.0,,Not sure.,213,1,71.0,0.0,3,60+,Australia/Oceania,
55433,NZL,New Zealand,MEDIUM,1,0,odd_even_low,0,0,0,1,0,0,0,0,0,0,4.0,4.888962410102955,-1.0,,-99,213,1,61.0,0.0,4,60+,Australia/Oceania,
55450,NZL,New Zealand,MEDIUM,1,0,odd_even_low,0,0,0,1,0,0,0,0,0,0,3.0,4.302826802402343,-1.0,-99,,213,1,58.0,1.0,4,50-59,Australia/Oceania,
55495,NZL,New Zealand,MEDIUM,1,0,odd_even_low,0,0,0,1,0,0,0,0,0,0,4.0,4.7912358490427245,-1.0,,-99,213,1,57.0,1.0,4,50-59,Australia/Oceania,
55496,NZL,New Zealand,MEDIUM,1,0,odd_even_low,0,0,0,1,0,0,0,0,0,0,4.0,4.734372769054724,-1.0,-99,,213,1,57.0,1.0,4,50-59,Australia/Oceania,
55497,NZL,New Zealand,MEDIUM,1,0,odd_even_low,0,0,0,1,0,0,0,0,0,0,4.0,5.0613058665988735,-1.0,,-99,213,1,57.0,1.0,4,50-59,Australia/Oceania,
55498,NZL,New Zealand,MEDIUM,1,0,odd_even_low,0,0,0,1,0,0,0,0,0,0,5.0,5.120353282495194,-1.0,-99,,213,1,58.0,1.0,4,50-59,Australia/Oceania,
55506,NZL,New Zealand,MEDIUM,1,0,odd_even_low,0,0,0,1,0,0,0,0,0,0,5.0,4.6050530531678,-1.0,,Scientist should have to make connection with public as well for the better approach in society so that people can easily trust on their research and on them as well,213,1,57.0,1.0,4,50-59,Australia/Oceania,
55507,NZL,New Zealand,MEDIUM,1,0,odd_even_low,0,0,0,1,0,0,0,0,0,0,6.0,4.074033793545097,-1.0,We have lots of benefits of science like the electricity when we need to run any type of machine or when have to talk to any one we generally use cell phone that all are the part of science,,213,1,57.0,1.0,4,50-59,Australia/Oceania,
55509,NZL,New Zealand,MEDIUM,1,0,odd_even_low,0,0,0,1,0,0,0,0,0,0,4.0,4.290235774881823,-1.0,-99,,213,1,53.0,1.0,4,50-59,Australia/Oceania,
55551,NZL,New Zealand,MEDIUM,1,0,odd_even_low,0,0,0,1,0,0,0,0,0,0,4.0,5.024086773232414,-1.0,,scientist have to do a proper research while inventing any of the tech or transportation and also have to come on public platform also for the better bond with public so that people can relate with them an try to understand them,213,1,57.0,1.0,4,50-59,Australia/Oceania,
55582,PER,Peru,MEDIUM,1,0,longstring_exceed,0,1,0,0,0,0,0,0,0,0,33.0,5.099842579647189,0.1587768372074889,los gobiernos porque aprovechan esos conocimientos para beneficio propio,,213,1,55.0,1.0,4,50-59,Latin America,
55616,PER,Peru,MEDIUM,1,0,mahalanobis_outlier,0,0,1,0,0,0,0,0,0,0,11.0,9.187946789242815,-0.5945643676931176,"Creo que los mayores beneficiados del avance de la ciencia son las organizaciones o empresas, ya que atravez de diferentes investigaciones se puede obtener nuevas formas o métodos para ser utilizados como recursos. ",,213,1,28.0,0.0,4,18-29,Latin America,
55629,PER,Peru,MEDIUM,1,0,mahalanobis_outlier,0,0,1,0,0,0,0,0,0,0,11.0,9.02376944518063,0.9258200997725514,El hombre. Porque a raíz de que avanza la ciencia la tecnología va en aumento y mejora para el hombre.,,213,1,43.0,1.0,3,40-49,Latin America,
55698,PER,Peru,MEDIUM,1,0,longstring_exceed,0,1,0,0,0,0,0,0,0,0,34.0,4.594746430724833,,"El ser humano, porque a medida que avanza la ciencia también se prolonga la espectativa de vida",,213,1,53.0,1.0,4,50-59,Latin America,
55716,PER,Peru,MEDIUM,1,0,odd_even_low,0,0,0,1,0,0,0,0,0,0,13.0,4.596291127656416,-1.0,La sociedad porq hay nuevos conocimientos ,,213,1,47.0,0.0,3,40-49,Latin America,
55727,PER,Peru,MEDIUM,1,0,odd_even_low,0,0,0,1,0,0,0,0,0,0,16.0,7.275845712356529,-0.8783100656536799,Dependiendo la rama de la ciencia...en el caso de las enfermedades..las farmaceuticas. En el caso del cambio climatico... la humanidad entera,,213,1,55.0,0.0,4,50-59,Latin America,
55757,PER,Peru,MEDIUM,1,0,mahalanobis_outlier,0,0,1,0,0,0,0,0,0,0,7.0,8.985801460679344,-0.2548235957188128,"La humanidad, pues diarimente se descubren nuevos temas que nos ayudan en el bienestar de la humanidad, sin los cientificos no tendríamos la estabilidad que hay ahora",,213,1,22.0,1.0,4,18-29,Latin America,
55850,PER,Peru,MEDIUM,1,0,odd_even_low,0,0,0,1,0,0,0,0,0,0,7.0,4.53955209192732,-1.0,Pienso que los más beneficiados son las empresas de medicamentos ya que ellos lo ven como negocio es por eso que invierten bastante en avances científicos ,,213,1,25.0,1.0,4,18-29,Latin America,
56188,PHL,Philippines,MEDIUM,1,0,longstring_exceed,0,1,0,0,0,0,0,0,0,0,37.0,2.6406828360959604,,The people in general benefits the most from science because all these science studies and developments are done for the welfare of himankind. ,,213,1,59.0,0.0,4,50-59,Asia,
56198,PHL,Philippines,MEDIUM,1,0,odd_even_low,0,0,0,1,0,0,0,0,0,0,5.0,4.602240062162048,-1.0,"Ang pinaka-nakikinabang sa siyensiya at agham ay ang sangkatauhan. Sapagkat sa pamamagitan ng discoveries at inventions ay nalalaman natin ang kahalagahan o pakinabang sa iba't-ibang bagay, gawa man ng kalikasan o gawa ng tao. Gayun din, naipapaalam sa atin ang mga cons o disadvantage aa paggamit ng mga bagay na nais natin gamitin sampu ng mga babala at panganib na maaaring kaharapin kung ipagpapatuloy ang paggamit ng mga iba't-ibang bagay.",,213,1,61.0,1.0,4,60+,Asia,
56224,PHL,Philippines,MEDIUM,1,0,longstring_exceed,0,1,0,0,0,0,0,0,0,0,42.0,2.3859545848240646,,,"An open-minded, knows how to accept truth even it's contrary to his belief.",213,1,66.0,1.0,3,60+,Asia,
56309,PHL,Philippines,MEDIUM,1,0,longstring_exceed,0,1,0,0,0,0,0,0,0,0,49.0,3.4826599211887737,,,"His being honest, accurate in his results on what he is doing.",213,1,61.0,1.0,4,60+,Asia,
56312,PHL,Philippines,MEDIUM,1,0,longstring_exceed,0,1,0,0,0,0,0,0,0,0,55.0,6.185026310303217,,,Their Experiment.. ,213,1,28.0,1.0,4,18-29,Asia,
56322,PHL,Philippines,MEDIUM,1,0,odd_even_low,0,0,0,1,0,0,0,0,0,0,12.0,4.138164273420929,-1.0,,Having transparency in my opinion is one of the traits in which an individual is considered trustworthy.  ,213,1,38.0,1.0,4,30-39,Asia,
56340,PHL,Philippines,MEDIUM,1,0,longstring_exceed,0,1,0,0,0,0,0,0,0,0,57.0,2.762024464055035,,All the science teachers can benifits most because they need to teach to their students.,,213,1,46.0,0.0,4,40-49,Asia,
56369,PHL,Philippines,MEDIUM,1,0,mahalanobis_outlier,0,0,1,0,0,0,0,0,0,0,18.0,11.739654105309054,0.6324555320336759,Prefer not say,,213,1,39.0,,3,30-39,Asia,
56398,PHL,Philippines,MEDIUM,1,0,odd_even_low,0,0,0,1,0,0,0,0,0,0,12.0,4.782193917145824,-1.0,The people and the government,,213,1,48.0,1.0,3,40-49,Asia,
56461,PHL,Philippines,MEDIUM,1,0,longstring_exceed,0,1,0,0,0,0,0,0,0,0,71.0,6.185026310303217,,,I dont have any idea about scientific trustworthy.. ,213,1,41.0,0.0,3,40-49,Asia,
56497,PHL,Philippines,MEDIUM,1,0,mahalanobis_outlier,0,0,1,0,0,0,0,0,0,0,12.0,13.37032155232946,,,100%,213,1,26.0,1.0,1,18-29,Asia,
56546,PHL,Philippines,MEDIUM,1,0,longstring_exceed,0,1,0,0,0,0,0,0,0,0,61.0,6.185026310303217,,,-99,213,1,36.0,,2,30-39,Asia,
56552,PHL,Philippines,MEDIUM,1,0,mahalanobis_outlier,0,0,1,0,0,0,0,0,0,0,8.0,10.78294768192814,-0.1581138830084189,I think all of people because science is very important.,,213,1,33.0,,3,30-39,Asia,
56600,PHL,Philippines,MEDIUM,1,0,odd_even_low,0,0,0,1,0,0,0,0,0,0,3.0,4.581283328369906,-1.0,"Science answers all matters covering objects and events happening in our world, whether natural or unusual that gets broader and complicated by compounding (where one multiplies or replicates by number or mutation - e.g. results/effects from factory emissions and/or corrosion by non-living elements like rock and soil) objects and technology (simple to automated, e.g. heat and electric appliances). By people, using it divides them into aware and innocent ones, with benefit occurring most for ones ""aware"", whether open or closed into learning about how broad and endless its usage and features are to know what's out (not inside/hidden) in our world (differences of self and environment: former is for work/duties while latter is exploration and consciousness) - that we need to know to get safe and compliant with it (i.e., avoidance and antagonism gets bad/adverse with it: people isn't informed with knowledge to answer changes that occur).",,213,1,30.0,1.0,4,30-39,Asia,
56613,PHL,Philippines,MEDIUM,1,0,longstring_exceed,0,1,0,0,0,0,0,0,0,0,57.0,3.534047596573588,,,It's very important that we have scientist trustworthy because if we don't have scientist we have all nothing such as medicine or learning about the things that we never learn about science. ,213,1,26.0,2.0,3,18-29,Asia,
56719,PHL,Philippines,MEDIUM,1,0,mahalanobis_outlier,0,0,1,0,0,0,0,0,0,0,9.0,9.791976700803117,0.25,,By their specific and truthful opinion and their conclusion,213,1,29.0,0.0,3,18-29,Asia,
56812,POL,Poland,MEDIUM,1,0,mahalanobis_outlier,0,0,1,0,0,0,0,0,0,0,7.0,10.338737831264067,0.4300065817837658,Andrzej Duda bo jest prezydentem ,,213,1,39.0,1.0,4,30-39,Europe,
56846,POL,Poland,MEDIUM,1,0,mahalanobis_outlier,0,0,1,0,0,0,0,0,0,0,8.0,10.927608954702988,0.5393598899705937,,Nie wiem czy to g w dniu dzisiejszym świecie i nie wiem czy 76 w dniu dzisiejszym świecie i ,213,1,24.0,1.0,4,18-29,Europe,
56895,POL,Poland,MEDIUM,1,0,odd_even_low,0,0,0,1,0,0,0,0,0,0,14.0,4.839639409676503,-1.0,,to wszystko zależy od jego postawy jakim jest naukowcem czy baranem czy oświeconym,213,1,46.0,1.0,4,40-49,Europe,
56914,POL,Poland,MEDIUM,1,0,odd_even_low,0,0,0,1,0,0,0,0,0,0,15.0,3.3729603653619686,-1.0,my zwykli ludzie bo dzieki wiedzy nasz swiat staje sie lepszy a dzieki technologi latwiej tez sie zyje ,,213,1,42.0,0.0,3,40-49,Europe,
56922,POL,Poland,MEDIUM,1,0,longstring_exceed,0,1,0,0,0,0,0,0,0,0,39.0,5.789339690926719,,,nie,213,1,48.0,1.0,3,40-49,Europe,
56957,POL,Poland,MEDIUM,1,0,odd_even_low,0,0,0,1,0,0,0,0,0,0,10.0,6.064035537749448,-0.9284766908852594,"NIE MA NIC LEPSZEGO JAK OSIĄGNIĘCIE SUKCESU I TO JEST NAJWAŻNIEJSZE  BY DZIĘKI NAUCE WPROWADZAĆ INNOWACJE I WYNALAZKI, KTÓRE ULEPSZĄ LUDZKIE ŻYCIE. PRACA JAKO NAUKOWIEC, LEKARZ ,PEDAGOG POZWALA ZMIENIAC ŚWIAT",,213,1,50.0,1.0,4,50-59,Europe,
57010,POL,Poland,MEDIUM,1,0,mahalanobis_outlier,0,0,1,0,0,0,0,0,0,0,2.0,10.960902453567178,0.7592566023652966,,Stoi po stronie pisu,213,1,21.0,1.0,4,18-29,Europe,
57044,POL,Poland,MEDIUM,1,0,mahalanobis_outlier,0,0,1,0,0,0,0,0,0,0,4.0,11.215880740637482,0.0,,przekonaniw,213,1,51.0,1.0,4,50-59,Europe,
57072,POL,Poland,MEDIUM,1,0,longstring_exceed,0,1,0,0,0,0,0,0,0,0,32.0,3.695484515835228,,,transparentnosc,213,1,66.0,1.0,4,60+,Europe,
57128,POL,Poland,MEDIUM,1,0,longstring_exceed,0,1,0,0,0,0,0,0,0,0,57.0,4.257185777688791,,,Jego osiągnięcia i odkrycia,213,1,67.0,0.0,4,60+,Europe,
57156,POL,Poland,MEDIUM,1,0,longstring_exceed,0,1,0,0,0,0,0,0,0,0,35.0,4.257185777688791,,Technologia rozwój,,213,1,33.0,1.0,3,30-39,Europe,
57176,POL,Poland,MEDIUM,1,0,longstring_exceed,0,1,0,0,0,0,0,0,0,0,70.0,6.039399445142384,,Dziekanatu ,,213,1,18.0,1.0,3,18-29,Europe,
57275,POL,Poland,MEDIUM,1,0,odd_even_low,0,0,0,1,0,0,0,0,0,0,10.0,3.870836119785472,-1.0,"Mądrzy ludzie, którzy na tym zarabiają",,213,1,59.0,1.0,3,50-59,Europe,
57325,POL,Poland,MEDIUM,1,0,longstring_exceed,0,1,0,0,0,0,0,0,0,0,61.0,6.039399445142384,,nie,,213,1,47.0,1.0,3,40-49,Europe,
57416,POL,Poland,MEDIUM,1,0,longstring_exceed,0,1,0,0,0,0,0,0,0,0,42.0,2.499410937539449,,ludzkosc,,213,1,66.0,1.0,4,60+,Europe,
57440,POL,Poland,MEDIUM,1,0,longstring_exceed,0,1,0,0,0,0,0,0,0,0,69.0,7.362091788058553,,,Nic,213,1,24.0,1.0,3,18-29,Europe,
57632,POL,Poland,MEDIUM,1,0,odd_even_low,0,0,0,1,0,0,0,0,0,0,7.0,5.8500305475273375,-0.9258200997725514,"bogaci ludzie, którzy wykiezystują to w stosunku do niewykształconych ludzi",,213,1,21.0,0.0,3,18-29,Europe,
57665,POL,Poland,MEDIUM,1,0,longstring_exceed,0,1,0,0,0,0,0,0,0,0,32.0,4.67016790843409,0.0,,"Wydaje mi sie ze to zbyt pobiezne stwierdzenie, kazdy naukowiec jest inny jak inny jest kazdy czlowiek.Mysle ze koncept zwrotu do naukowcow polega na ich oryginalnym posiadaniu wiedzy z punktu widzenia nie tylko teorii ale i podpierania posiadanej wiedzy praktycznym poparciem, ale rowniez uwazam ze oryginalne tego typu idee poprzez lata prowadzenia nie wlasciwego, sztucznie przyspieszonego wrecz wymuszonego gdzieniegdzie postepu, zostaly wykrzywione, wykolejone staly sie niemal swoim przeciwienstwem. Zachlannosc, interesownosc, materializm, gdzieniegdzie obsesja osiagniec powdzechnie wymaganych przez spoleczenstwo, dla zatracenia sie w koniecznosci osiagniec byc moze po to by nie zostac zaszczutym przez tych bardziej pedzacych z pozorami, sprawila ze zamiast naukowcy byc szlachetnymi medrcami do ktorych sklania sie po mentorstwo, porade, czy pomoc w zrozumieniu i rozwiazaniu problemow, przemieniaja sie raczej w koncept t.zw szalonegi naukowca, pozbawionego szlachetnych zasad praktyk, madrosci i zrozumienia, portretowanego raczej jako cos co czycha na nas dla wlasnej kozysci nix cos co powinno prowadzic i byc oparciem, zwlaszcza w potrzebie i zagubieniu ",213,1,41.0,0.0,3,40-49,Europe,
57671,POL,Poland,MEDIUM,1,0,longstring_exceed,0,1,0,0,0,0,0,0,0,0,50.0,2.662803037674042,,"Najwięcej czerpiemy my, czyli ludzie, społeczeństwo ",,213,1,26.0,1.0,4,18-29,Europe,
57705,POL,Poland,MEDIUM,1,0,mahalanobis_outlier,0,0,1,0,0,0,0,0,0,0,7.0,11.038419975562109,0.0,,Pieniądze i uznanie.,213,1,25.0,1.0,4,18-29,Europe,
57777,POL,Poland,MEDIUM,1,0,longstring_exceed,0,1,0,0,0,0,0,0,0,0,68.0,6.039399445142384,,,-99,213,1,23.0,1.0,3,18-29,Europe,
57802,POL,Poland,MEDIUM,1,0,longstring_exceed,0,1,0,0,0,0,0,0,0,0,37.0,2.241992459127818,,"Sam naukowiec/badacz, jeżeli lubi to co robi. Także po prostu społeczeństwo, bo nauka bardzo pomaga w życiu codziennym.",,213,1,28.0,1.0,3,18-29,Europe,
57814,POL,Poland,MEDIUM,1,0,longstring_exceed,0,1,0,0,0,0,0,0,0,0,36.0,8.219587278570593,,Nauczyciele bo zarabiają ,,213,1,40.0,1.0,3,40-49,Europe,
57839,POL,Poland,MEDIUM,1,0,longstring_exceed,0,1,0,0,0,0,0,0,0,0,71.0,6.039399445142384,,,ukonczona uczelnia,213,1,46.0,1.0,4,40-49,Europe,
57883,POL,Poland,MEDIUM,1,0,odd_even_low,0,0,0,1,0,0,0,0,0,0,8.0,5.41119845834855,-1.0,,"naukowiec jest godny zaufania, kiedy ma doświadczenie w danym temacie, kiedy widać, że ten temat jest mu bliski lub podoba się i on ciągle rozwija się w nim",213,1,22.0,0.0,3,18-29,Europe,
57888,POL,Poland,MEDIUM,1,0,longstring_exceed,0,1,0,0,0,0,0,0,0,0,48.0,4.257185777688791,,Uczniowie,,213,1,42.0,0.0,4,40-49,Europe,
57922,POL,Poland,MEDIUM,1,0,mahalanobis_outlier,0,0,1,0,0,0,0,0,0,0,7.0,10.569135489700846,0.7312724241271307,,"Tak, ponieważ ma bardzo dużą wiedzę, którą może przekazać innym ",213,1,28.0,1.0,3,18-29,Europe,
57998,POL,Poland,MEDIUM,1,0,longstring_exceed,0,1,0,0,0,0,0,0,0,0,35.0,3.403572563474155,0.3333333333333333,"Wszyscy, którzy mają z nauki jakiekolwiek korzyści",,213,1,43.0,1.0,4,40-49,Europe,
58034,POL,Poland,MEDIUM,1,0,longstring_exceed,0,1,0,0,0,0,0,0,0,0,57.0,4.257185777688791,,Dzieci ponieważ uczą się nowych rzeczy.,,213,1,30.0,0.0,4,30-39,Europe,
58047,POL,Poland,MEDIUM,1,0,longstring_exceed,0,1,0,0,0,0,0,0,0,0,44.0,6.039399445142384,,-99,,213,1,25.0,0.0,3,18-29,Europe,
58049,POL,Poland,MEDIUM,1,0,longstring_exceed,0,1,0,0,0,0,0,0,0,0,57.0,2.399215897996285,,"Naukowcy, ponieważ oni lubią uczyć się nowych rzeczy ",,213,1,34.0,1.0,4,30-39,Europe,
58058,POL,Poland,MEDIUM,1,0,longstring_exceed,0,1,0,0,0,0,0,0,0,0,57.0,2.009437202903249,,Nie wiem ale wydaje mi się ze naukowcy bo na tym zarabiają ,,213,1,34.0,0.0,3,30-39,Europe,
58180,POL,Poland,MEDIUM,1,0,odd_even_low,0,0,0,1,0,0,0,0,0,0,5.0,4.406931428981668,-1.0,,Nauka powinna wykształcać w człowieku cechy które sprawiają że jest godny zaufania ,213,1,41.0,1.0,3,40-49,Europe,
58247,POL,Poland,MEDIUM,1,0,mahalanobis_outlier,0,0,1,0,0,0,0,0,0,0,3.0,10.620493628865445,-0.3606678538669729,rząd czerpie korzyści ,,213,1,37.0,1.0,3,30-39,Europe,
58294,POL,Poland,MEDIUM,1,0,longstring_exceed,0,1,0,0,0,0,0,0,0,0,34.0,6.4469952010038805,,,nie ma godnosci naukowej,213,1,32.0,1.0,4,30-39,Europe,
58312,POL,Poland,MEDIUM,1,0,longstring_exceed,0,1,0,0,0,0,0,0,0,0,47.0,5.4860652738381726,,"Uczniowie, ponieważ poprzez nauke mogą później dalej sie dokształcać, studiować i mieć zapewnioną dobrą przyszłość
",,213,1,19.0,0.0,2,18-29,Europe,
58362,POL,Poland,MEDIUM,1,0,longstring_exceed,0,1,0,0,0,0,0,0,0,0,36.0,2.502271179958275,,naukowcy,,213,1,34.0,1.0,4,30-39,Europe,
58404,POL,Poland,MEDIUM,1,0,mahalanobis_outlier,0,0,1,0,0,0,0,0,0,0,18.0,11.4677227582016,0.4021998332699218,Ja,,213,1,20.0,1.0,4,18-29,Europe,
58440,POL,Poland,MEDIUM,1,0,odd_even_low,0,0,0,1,0,0,0,0,0,0,3.0,7.726977388671461,-0.8783100656536799,,"Według mnie jest wiele przyczyn dlaczego konkretny naukowiec jest godny zaufania. Między innymi opinie innych, lub wykształcenie danego naukowca.",213,1,22.0,1.0,4,18-29,Europe,
58448,POL,Poland,MEDIUM,1,0,odd_even_low,0,0,0,1,0,0,0,0,0,0,8.0,5.896402868348022,-0.9258200997725514,,"Wiedza,autorytet naukowy",213,1,54.0,0.0,3,50-59,Europe,
58459,POL,Poland,MEDIUM,1,0,odd_even_low,0,0,0,1,0,0,0,0,0,0,9.0,6.677148876141398,-0.9258200997725514,,Jego pasja a nie chec zysku,213,1,51.0,0.0,4,50-59,Europe,
58525,POL,Poland,MEDIUM,1,0,longstring_exceed,0,1,0,0,0,0,0,0,0,0,71.0,6.039399445142384,,Pewnie naukowcy ,,213,1,52.0,0.0,1,50-59,Europe,
58529,POL,Poland,MEDIUM,1,0,mahalanobis_outlier,0,0,1,0,0,0,0,0,0,0,4.0,10.85849544105228,0.4376207677196347,Studenci poniewaz znaja teo,,213,1,30.0,1.0,4,30-39,Europe,
58537,POL,Poland,MEDIUM,1,0,odd_even_low,0,0,0,1,0,0,0,0,0,0,10.0,6.3686165026827535,-1.0,,Wymysla nowe rzeczy z niczego,213,1,33.0,1.0,3,30-39,Europe,
58582,POL,Poland,MEDIUM,1,0,mahalanobis_outlier,0,0,1,0,0,0,0,0,0,0,4.0,13.249652291266068,-0.3535533905932738,Myślę że dobrze i lubię bardzo jesc,,213,1,49.0,1.0,4,40-49,Europe,
58694,POL,Poland,MEDIUM,1,0,longstring_exceed,0,1,0,0,0,0,0,0,0,0,71.0,6.039399445142384,,,-99,213,1,32.0,1.0,3,30-39,Europe,
58704,POL,Poland,MEDIUM,1,0,mahalanobis_outlier,0,0,1,0,0,0,0,0,0,0,15.0,10.838012331850228,0.9271726499455306,,Nie lansuje sie,213,1,35.0,0.0,3,30-39,Europe,
58801,POL,Poland,MEDIUM,1,0,longstring_exceed,0,1,0,0,0,0,0,0,0,0,36.0,3.299485610217276,,zwykili ludzie i rządy,,213,1,62.0,1.0,4,60+,Europe,
58849,POL,Poland,MEDIUM,1,0,longstring_exceed,0,1,0,0,0,0,0,0,0,0,38.0,4.526714606373053,0.25,"Ludzie z wyższym wykształceniem, ponieważ cały czas doskonalają swoją wiedzę",,213,1,31.0,0.0,4,30-39,Europe,
58899,POL,Poland,MEDIUM,1,0,odd_even_low,0,0,0,1,0,0,0,0,0,0,6.0,4.56990822186207,-1.0,,DOWODY JAKIMI DYSPONUJE,213,1,25.0,0.0,3,18-29,Europe,
59012,POL,Poland,MEDIUM,1,0,longstring_exceed,0,1,0,0,0,0,0,0,0,0,34.0,8.473228030466968,1.0,Brak,,213,1,32.0,1.0,3,30-39,Europe,
59055,POL,Poland,MEDIUM,1,0,odd_even_low,0,0,0,1,0,0,0,0,0,0,6.0,3.992028924672375,-1.0,"Najwięcej korzyści czerpią osoby najbardziej zamożne, gdyż pierwsze mają do niej dostęp ",,213,1,19.0,1.0,3,18-29,Europe,
59057,POL,Poland,MEDIUM,1,0,mahalanobis_outlier,0,0,1,0,0,0,0,0,0,0,3.0,10.436250363608572,0.4537426064865151,,"Wiele lat się uczył, czytal książki miał wykłady, posiada sprzęt do badań ",213,1,20.0,1.0,3,18-29,Europe,
59066,POL,Poland,MEDIUM,1,0,longstring_exceed,0,1,0,0,0,0,0,0,0,0,61.0,6.039399445142384,,Mlodzi ludzie ,,213,1,28.0,0.0,4,18-29,Europe,
59178,POL,Poland,MEDIUM,1,0,longstring_exceed,0,1,0,0,0,0,0,0,0,0,32.0,3.9301493710062574,,,Kiedy jego przypuszczenia na jakiś temat się sprawdzają ,213,1,23.0,1.0,2,18-29,Europe,
59212,POL,Poland,MEDIUM,1,0,mahalanobis_outlier,0,0,1,0,0,0,0,0,0,0,13.0,11.990741286260317,0.8232391950564719,Ja bo jestem mądry,,213,1,20.0,1.0,2,18-29,Europe,
59320,POL,Poland,MEDIUM,1,0,mahalanobis_outlier,0,0,1,0,0,0,0,0,0,0,6.0,14.532948081883552,-0.3508232077228117,,nic,213,1,27.0,2.0,3,18-29,Europe,
59328,POL,Poland,MEDIUM,1,0,longstring_exceed,0,1,0,0,0,0,0,0,0,0,32.0,8.588860844052924,0.485642931178632,,Tak powinno być ,213,1,26.0,1.0,3,18-29,Europe,
59338,POL,Poland,MEDIUM,1,0,mahalanobis_outlier,0,0,1,0,0,0,0,0,0,0,14.0,10.456780470905075,0.9550561797752808,Korporacje żeby mieć nad nami władze.,,213,1,50.0,1.0,3,50-59,Europe,
59376,POL,Poland,MEDIUM,1,0,longstring_exceed,0,1,0,0,0,0,0,0,0,0,52.0,6.039399445142384,,Naukowcy,,213,1,58.0,1.0,3,50-59,Europe,
59485,POL,Poland,MEDIUM,1,0,longstring_exceed,0,1,0,0,0,0,0,0,0,0,35.0,4.191007984065806,,,Nie każdy naukowiec jest godny zaufania i nie zawsze,213,1,68.0,0.0,3,60+,Europe,
59509,POL,Poland,MEDIUM,1,0,odd_even_low,0,0,0,1,0,0,0,0,0,0,14.0,5.1178755122516,-1.0,Zyski z nauki powinien czerpać każdy z nas tylko nie każdy chce to robic,,213,1,69.0,2.0,3,60+,Europe,
59535,POL,Poland,MEDIUM,1,0,longstring_exceed,0,1,0,0,0,0,0,0,0,0,57.0,1.9220581880738,,,Jego doświadczenie i wiedza .,213,1,60.0,0.0,3,60+,Europe,
59693,POL,Poland,MEDIUM,1,0,odd_even_low,0,0,0,1,0,0,0,0,0,0,3.0,5.3851301938268685,-0.9191450300180578,,"Myślę, że powinien mieć spore doświadczenie i dorobek naukowy, który pozwala ocenić jego wiarygodność. Nie powinien natomiast być powiązany z polityką, biznesem itp. gdyż wtedy stanie się tendencyjny.   ",213,1,63.0,0.0,4,60+,Europe,
59790,ROU,Romania,MEDIUM,1,0,mahalanobis_outlier,0,0,1,0,0,0,0,0,0,0,7.0,9.170303960583295,0.0830454798537399,,"Informeaza autentic, inteligibil pentru toată lumea, si nu se ferește de dialog",213,1,38.0,0.0,4,30-39,Europe,
59849,ROU,Romania,MEDIUM,1,0,attention_fail,1,0,0,0,0,0,0,1,0,1,9.0,2.748802497732209,0.4472135954999579,Oamenii in general,,23,1,47.0,1.0,4,40-49,Europe,
59930,ROU,Romania,MEDIUM,1,0,mahalanobis_outlier,0,0,1,0,0,0,0,0,0,0,6.0,9.77246908816951,-0.3646984043128984,,Sunt matematician. Deci sa nu greseasca demonstratia.,213,1,71.0,1.0,4,60+,Europe,
60120,ROU,Romania,MEDIUM,1,0,attention_fail,1,0,0,0,0,0,0,1,0,1,12.0,3.822572812355822,,"Intelectualii, care sunt curiosi ori din cauza ocupatiei pe care le au, ori Pur sí simlu. Ín al doilea rand societetea, care castiga din beneficiile stiintei (medicina, computerizare, automatizare, etc.)",,214,1,52.0,,4,50-59,Europe,
60162,ROU,Romania,MEDIUM,1,0,attention_fail,1,0,0,0,0,0,0,1,0,1,16.0,6.471889770054033,0.3162277660168379,"Toată lumea beneficiază sau măcar asta se intenționează.
De ce? 
Cred ca îmbunătățește in mare măsură viata noastră a tuturor.",,214,1,51.0,0.0,3,50-59,Europe,
60303,SRB,Serbia,MEDIUM,1,0,mahalanobis_outlier,0,0,1,0,0,0,0,0,0,0,4.0,10.704564758364633,0.3015113445777636,Naučnici,,213,1,22.0,1.0,4,18-29,Europe,
60323,SRB,Serbia,MEDIUM,1,0,mahalanobis_outlier,0,0,1,0,0,0,0,0,0,0,5.0,11.457626107086451,0.2,Nasa zato sto mogu da je iskoriste da spase svet ,,213,1,26.0,1.0,3,18-29,Europe,
60425,SRB,Serbia,MEDIUM,1,0,longstring_exceed,0,1,0,0,0,0,0,0,0,0,32.0,6.023991423351038,-0.1581138830084189,,Ja Muslim daga cini dobrim covekom,213,1,40.0,1.0,2,40-49,Europe,
60472,SRB,Serbia,MEDIUM,1,0,longstring_exceed,0,1,0,0,0,0,0,0,0,0,40.0,9.02843462964555,0.6324555320336759,,Da se sto vise pojavljuje na televiziji i siri paniku i neistine,213,1,35.0,2.0,4,30-39,Europe,
60477,SRB,Serbia,MEDIUM,1,0,mahalanobis_outlier,0,0,1,0,0,0,0,0,0,0,20.0,11.1822878809997,0.6738202810148577,,Sve,213,1,18.0,,2,18-29,Europe,
60523,SRB,Serbia,MEDIUM,1,0,odd_even_low,0,0,0,1,0,0,0,0,0,0,15.0,6.339083436972404,-0.9135002783911396,Svaki gradjanin ima koristi od nauke. Nauka nas okruzuje i trebamo je iskoristiti u pozitivnom smislu. ,,213,1,37.0,1.0,4,30-39,Europe,
60618,SRB,Serbia,MEDIUM,1,0,odd_even_low,0,0,0,1,0,0,0,0,0,0,4.0,4.717005655067663,-0.8944271909999159,Čitavo čovečanstvo. ,,213,1,26.0,0.0,4,18-29,Europe,
60711,SRB,Serbia,MEDIUM,1,0,longstring_exceed,0,1,0,0,0,0,0,0,0,0,55.0,6.085484561980705,,"Amerika, zato što su oni najbolji u nauci",,213,1,22.0,,3,18-29,Europe,
61673,RUS,Russia,MEDIUM,1,0,mahalanobis_outlier,0,0,1,0,0,0,0,0,0,0,7.0,9.431745280982325,0.6868028197434451,I'm a student of ICT. And most of my life filled with science. ,,213,1,28.0,1.0,4,18-29,Asia,
61754,RUS,Russia,MEDIUM,1,0,longstring_exceed,0,1,0,0,0,0,0,0,0,0,71.0,7.509172464587736,,,0.14,213,1,25.0,1.0,4,18-29,Asia,
62366,SWE,Sweden,MEDIUM,1,0,mahalanobis_outlier,0,0,1,0,0,0,0,0,0,0,10.0,9.53860605004096,0.7878385971583353,,-99,213,1,34.0,0.0,3,30-39,Europe,
62400,SWE,Sweden,MEDIUM,1,0,odd_even_low,0,0,0,1,0,0,0,0,0,0,4.0,7.677096535738009,-0.8783100656536799,mänskor ,,213,1,46.0,0.0,3,40-49,Europe,
62433,SWE,Sweden,MEDIUM,1,0,odd_even_low,0,0,0,1,0,0,0,0,0,0,16.0,6.13208122286572,-0.8783100656536799,,Att hen inte blandar ihop forskningen och dess resultat med sina egna personliga åsikter.,213,1,41.0,0.0,2,40-49,Europe,
62444,SWE,Sweden,MEDIUM,1,0,longstring_exceed,0,1,0,0,0,0,0,0,0,0,36.0,4.64599622846622,0.4,,"kör sitt race och skiter i andra forskare, forskare ska upptäcka inte tillrättavisa andras ideer",213,1,33.0,1.0,4,30-39,Europe,
62463,SWE,Sweden,MEDIUM,1,0,odd_even_low,0,0,0,1,0,0,0,0,0,0,10.0,4.3920624632302045,-1.0,De som har kunskap om aktier och fonder. Nya metoder och vacciner/mediciner leder till nya pengar som kan investeras ,,213,1,23.0,0.0,3,18-29,Europe,
62485,SWE,Sweden,MEDIUM,1,0,longstring_exceed,0,1,0,0,0,0,0,0,0,0,36.0,5.923028181684623,0.7745966692414834,,när hen skriver sanna information ,213,1,26.0,0.0,3,18-29,Europe,
62492,SWE,Sweden,MEDIUM,1,0,longstring_exceed,0,1,0,0,0,0,0,0,0,0,33.0,4.697279273434634,0.5,Samhället i stort - om man bortser från klimatförnekare och CO2 noja,,213,1,81.0,1.0,4,60+,Europe,
62514,SWE,Sweden,MEDIUM,1,0,mahalanobis_outlier,0,0,1,0,0,0,0,0,0,0,7.0,11.117311695283272,-0.3162277660168379,,Dåliga tider ,213,1,52.0,1.0,3,50-59,Europe,
62536,SWE,Sweden,MEDIUM,1,0,odd_even_low,0,0,0,1,0,0,0,0,0,0,6.0,5.26926265236522,-1.0,De yngre som behöver en bättre uppfattning om världen å klimat,,213,1,42.0,1.0,4,40-49,Europe,
62623,SWE,Sweden,MEDIUM,1,0,longstring_exceed,0,1,0,0,0,0,0,0,0,0,39.0,6.270009716796784,1.0,,"Att han, eller hon är, vaken.",213,1,56.0,1.0,2,50-59,Europe,
62631,SWE,Sweden,MEDIUM,1,0,odd_even_low,0,0,0,1,0,0,0,0,0,0,9.0,5.618252521853184,-1.0,Den enskilda individen ,,213,1,29.0,0.0,2,18-29,Europe,
62690,SWE,Sweden,MEDIUM,1,0,longstring_exceed,0,1,0,0,0,0,0,0,0,0,35.0,2.505286006793371,,,inga,213,1,59.0,1.0,4,50-59,Europe,
62764,SWE,Sweden,MEDIUM,1,0,odd_even_low,0,0,0,1,0,0,0,0,0,0,3.0,8.033697916162511,-0.8958280175293669,Sjxb,,213,1,38.0,1.0,4,30-39,Europe,
62794,SWE,Sweden,MEDIUM,1,0,mahalanobis_outlier,0,0,1,0,0,0,0,0,0,0,6.0,9.413706489670773,0.428746462856272,,Att den är gjord via ett universitet med en forskare,213,1,45.0,1.0,4,40-49,Europe,
62823,SWE,Sweden,MEDIUM,1,0,longstring_exceed,0,1,0,0,0,0,0,0,0,0,44.0,8.441124231506164,-0.2696799449852968,-99,,213,1,46.0,1.0,4,40-49,Europe,
62954,SWE,Sweden,MEDIUM,1,0,odd_even_low,0,0,0,1,0,0,0,0,0,0,13.0,5.936262203825656,-1.0,,Vet tyvärr inte,213,1,67.0,0.0,2,60+,Europe,
63029,SWE,Sweden,MEDIUM,1,0,mahalanobis_outlier,0,0,1,0,0,0,0,0,0,0,14.0,10.15055207656122,0.92951600308978,,Att den når resultat ,213,1,37.0,1.0,4,30-39,Europe,
63129,SWE,Sweden,MEDIUM,1,0,odd_even_low,0,0,0,1,0,0,0,0,0,0,9.0,4.190452089347377,-0.8783100656536799,,Att de varit noggrann och kan redovisa hur de kommit fram till svaren ,213,1,27.0,0.0,3,18-29,Europe,
63253,SWE,Sweden,MEDIUM,1,0,mahalanobis_outlier,0,0,1,0,0,0,0,0,0,0,15.0,10.044280061297666,-0.0995037190209989,,Faktumet att dom har fler oberoende forskare som kontonuerligt bekräftar deras fynd. Inget annat är godtagbart. ,213,1,32.0,0.0,3,30-39,Europe,
63350,TUR,Türkiye,MEDIUM,1,0,longstring_exceed,0,1,0,0,0,0,0,0,0,0,39.0,2.5905394342446137,,encok ınsanlar faydalanıyor.cunkı ıhtıyac ve talep,,213,1,54.0,0.0,4,50-59,Asia,
63372,TUR,Türkiye,MEDIUM,1,0,odd_even_low,0,0,0,1,0,0,0,0,0,0,11.0,3.754858111693301,-1.0,Bilimden tıp dünyası dahaçok yararlanıyor çünkü gelişimlerinde bilime ihtiyaç duyuyorlar. ,,213,1,62.0,0.0,4,60+,Asia,
63373,TUR,Türkiye,MEDIUM,1,0,longstring_exceed,0,1,0,0,0,0,0,0,0,0,57.0,3.5212240980352734,,,Fazla aktif olması ve fazla çalışması ve fazla araştırma yapması ,213,1,64.0,0.0,3,60+,Asia,
63522,TUR,Türkiye,MEDIUM,1,0,mahalanobis_outlier,0,0,1,0,0,0,0,0,0,0,4.0,11.652061716104836,-0.4270622132605941,,araştırmaları ve sonuçları,213,1,29.0,1.0,4,18-29,Asia,
63533,TUR,Türkiye,MEDIUM,1,0,mahalanobis_outlier,0,0,1,0,0,0,0,0,0,0,5.0,10.576712348120212,0.242535625036333,Bilimle pek alakam yok,,213,1,60.0,0.0,3,60+,Asia,
63535,TUR,Türkiye,MEDIUM,1,0,longstring_exceed,0,1,0,0,0,0,0,0,0,0,33.0,6.183203629232758,-0.2927700218845599,,Somut veriler sunması,213,1,53.0,1.0,4,50-59,Asia,
63631,TUR,Türkiye,MEDIUM,1,0,longstring_exceed,0,1,0,0,0,0,0,0,0,0,33.0,4.875915572439692,,,Kanıtlanmış bilgi ,213,1,59.0,0.0,4,50-59,Asia,
63638,TUR,Türkiye,MEDIUM,1,0,longstring_exceed,0,1,0,0,0,0,0,0,0,0,39.0,3.884837808484574,-0.6324555320336759,,Deneyerek sonuca ulaşmaları ,213,1,63.0,0.0,4,60+,Asia,
63651,TUR,Türkiye,MEDIUM,1,0,longstring_exceed,0,1,0,0,0,0,0,0,0,0,57.0,2.3157369029548485,,,Kanıtlanmış bilgiler ,213,1,41.0,0.0,4,40-49,Asia,
63677,TUR,Türkiye,MEDIUM,1,0,longstring_exceed,0,1,0,0,0,0,0,0,0,0,43.0,6.164939363401458,0.6324555320336759,-99,,213,1,50.0,0.0,3,50-59,Asia,
63683,TUR,Türkiye,MEDIUM,1,0,longstring_exceed,0,1,0,0,0,0,0,0,0,0,57.0,2.313471036452824,,Kanıtlanmış bilgiler ,,213,1,52.0,0.0,4,50-59,Asia,
63713,TUR,Türkiye,MEDIUM,1,0,longstring_exceed,0,1,0,0,0,0,0,0,0,0,47.0,3.788556998302905,0.9258200997725514,,bence  doguru bilgleri veriosa yalan soylemiorsa  bilimde dini kisitirmosa müslmanlik gibi güvenilridr,213,1,27.0,1.0,3,18-29,Asia,
63747,TUR,Türkiye,MEDIUM,1,0,mahalanobis_outlier,0,0,1,0,0,0,0,0,0,0,11.0,10.150145397563236,-0.7519206177414045,İş adamları olanakları dogrultusunda,,213,1,36.0,0.0,3,30-39,Asia,
63767,TUR,Türkiye,MEDIUM,1,0,longstring_exceed,0,1,0,0,0,0,0,0,0,0,36.0,4.002326679372718,,,Bulduğu yeni şeyler icatlar sürekliliğinin olması güzel sonuçlar vermesi,213,1,68.0,0.0,3,60+,Asia,
63813,TUR,Türkiye,MEDIUM,1,0,longstring_exceed,0,1,0,0,0,0,0,0,0,0,47.0,5.691025175029905,0.0509647191437625,Gencler kolay oldugu icin,,213,1,63.0,0.0,3,60+,Asia,
63814,TUR,Türkiye,MEDIUM,1,0,longstring_exceed,0,1,0,0,0,0,0,0,0,0,50.0,3.2530754522248166,,,Teknolojiyi ileri tasinmasi,213,1,63.0,0.0,3,60+,Asia,
63835,TWN,Taiwan,MEDIUM,1,0,mahalanobis_outlier,0,0,1,0,0,0,0,0,0,0,7.0,11.6896449792709,0.9271726499455306,電腦,,213,1,52.0,1.0,3,50-59,Asia,
63837,TWN,Taiwan,MEDIUM,1,0,longstring_exceed,0,1,0,0,0,0,0,0,0,0,34.0,5.121063340962714,,人民,,213,1,35.0,1.0,4,30-39,Asia,
63845,TWN,Taiwan,MEDIUM,1,0,longstring_exceed,0,1,0,0,0,0,0,0,0,0,55.0,7.902956402477459,,,沒有,213,1,40.0,0.0,4,40-49,Asia,
64188,TWN,Taiwan,MEDIUM,1,0,longstring_exceed,0,1,0,0,0,0,0,0,0,0,43.0,7.772323946992464,1.0,,沒差,213,1,18.0,0.0,2,18-29,Asia,
64484,TWN,Taiwan,MEDIUM,1,0,longstring_exceed,0,1,0,0,0,0,0,0,0,0,48.0,2.607397898955135,,,數據,213,1,52.0,1.0,3,50-59,Asia,
66257,UGA,Uganda,MEDIUM,1,0,odd_even_low,0,0,0,1,0,0,0,0,0,0,5.0,3.5786675130206795,-1.0,"The general public all around the world,discoveries have been made through science that saved lives and made life easy",,213,1,33.0,0.0,4,30-39,Africa,
66284,UGA,Uganda,MEDIUM,1,0,mahalanobis_outlier,0,0,1,0,0,0,0,0,0,0,4.0,9.192816358229024,-0.3922322702763681,,"Integrity; Scientists must adhere to a strong code of ethics, ensuring they conduct research honestly and accurately, and report their findings transparently. Manipulating or fabricating data erodes trust.",213,1,25.0,,4,18-29,Africa,
66444,UGA,Uganda,MEDIUM,1,0,odd_even_low,0,0,0,1,0,0,0,0,0,0,4.0,4.410071272450666,-1.0,science helps us see things in new aspects,,213,1,29.0,0.0,4,18-29,Africa,
66499,UGA,Uganda,MEDIUM,1,0,mahalanobis_outlier,0,0,1,0,0,0,0,0,0,0,17.0,9.992051010509517,0.165915912098992,,"scientist are very important in our community in the following ways doctors treat sick people they helped a lot in saving life when covid 19 break out. Science teachers help in teaching our children to be better citizens in providing scientific work making medicine, do in research in New medicine on market. And scientists help in discovering the curable and non curable diseases ",213,1,30.0,,4,30-39,Africa,
66536,UGA,Uganda,MEDIUM,1,0,odd_even_low,0,0,0,1,0,0,0,0,0,0,7.0,4.43108441661448,-1.0,Innovation of new things. Science helps to innovate news things in existence hence creation of jobs,,213,1,29.0,1.0,4,18-29,Africa,
66547,UGA,Uganda,MEDIUM,1,0,mahalanobis_outlier,0,0,1,0,0,0,0,0,0,0,8.0,9.052280918226067,0.1528941574312876,,Living things ,213,1,18.0,,2,18-29,Africa,
66569,USA,United States,MEDIUM,1,0,longstring_exceed,0,1,0,0,0,0,0,0,0,0,67.0,2.388685983958648,,,Quick Stop.,213,1,43.0,1.0,3,40-49,North America,
66612,USA,United States,MEDIUM,1,0,longstring_exceed,0,1,0,0,0,0,0,0,0,0,36.0,3.5658269115785437,,Doctors and lawyers because they can do research with internet ,,213,1,26.0,0.0,3,18-29,North America,
66613,USA,United States,MEDIUM,1,0,longstring_exceed,0,1,0,0,0,0,0,0,0,0,57.0,1.7500698920553566,,None ,,213,1,24.0,0.0,4,18-29,North America,
66614,USA,United States,MEDIUM,1,0,longstring_exceed,0,1,0,0,0,0,0,0,0,0,46.0,2.388685983958648,,,,213,1,46.0,0.0,3,40-49,North America,
66633,USA,United States,MEDIUM,1,0,longstring_exceed,0,1,0,0,0,0,0,0,0,0,71.0,4.711336060090562,,,-99,213,1,29.0,1.0,2,18-29,North America,
66664,USA,United States,MEDIUM,1,0,odd_even_low,0,0,0,1,0,0,0,0,0,0,5.0,3.867289703474216,-1.0,,How are you feeling today but I can do that question i tire and auto to get a ,213,1,34.0,1.0,4,30-39,North America,
66674,USA,United States,MEDIUM,1,0,longstring_exceed,0,1,0,0,0,0,0,0,0,0,57.0,2.388685983958648,,,Like ,213,1,30.0,1.0,4,30-39,North America,
66680,USA,United States,MEDIUM,1,0,odd_even_low,0,0,0,1,0,0,0,0,0,0,4.0,4.900141968516011,-0.8783100656536799,Human beings benefit most from science because it more easier for us to cram and succeed ,,213,1,23.0,1.0,4,18-29,North America,
66692,USA,United States,MEDIUM,1,0,longstring_exceed,0,1,0,0,0,0,0,0,0,0,71.0,4.711336060090562,,,,213,1,24.0,0.0,3,18-29,North America,
66722,USA,United States,MEDIUM,1,0,mahalanobis_outlier,0,0,1,0,0,0,0,0,0,0,13.0,10.850209510754718,0.1139605764596379,,It makes him trustworthy if he test and study on what’s happening before just jumping in on something ,213,1,24.0,1.0,2,18-29,North America,
66748,USA,United States,MEDIUM,1,0,longstring_exceed,0,1,0,0,0,0,0,0,0,0,57.0,2.388685983958648,,It's a good thing ,,213,1,41.0,0.0,4,40-49,North America,
66757,USA,United States,MEDIUM,1,0,longstring_exceed,0,1,0,0,0,0,0,0,0,0,57.0,2.388685983958648,,The first one is a good idea but I have a lot of other people are going away with the rest of the team ,,213,1,32.0,1.0,4,30-39,North America,
66797,USA,United States,MEDIUM,1,0,longstring_exceed,0,1,0,0,0,0,0,0,0,0,57.0,2.388685983958648,,Technology because the world is full of technology ,,213,1,40.0,1.0,4,40-49,North America,
66818,USA,United States,MEDIUM,1,0,odd_even_low,0,0,0,1,0,0,0,0,0,0,7.0,4.184209277962284,-1.0,,I would say very interesting and lovely brand that’s incredible Helpfuk ,213,1,36.0,0.0,4,30-39,North America,
66820,USA,United States,MEDIUM,1,0,odd_even_low,0,0,0,1,0,0,0,0,0,0,4.0,7.182600147916432,-1.0,The whole public ,,213,1,35.0,1.0,4,30-39,North America,
66832,USA,United States,MEDIUM,1,0,longstring_exceed,0,1,0,0,0,0,0,0,0,0,36.0,3.2644695315764896,,,Science works when it's done right. ,213,1,42.0,0.0,3,40-49,North America,
66838,USA,United States,MEDIUM,1,0,longstring_exceed,0,1,0,0,0,0,0,0,0,0,57.0,2.388685983958648,,,It is a nice survey and they are trustworthy seriously ,213,1,38.0,1.0,4,30-39,North America,
66841,USA,United States,MEDIUM,1,0,mahalanobis_outlier,0,0,1,0,0,0,0,0,0,0,8.0,11.053487526340737,-0.2132007163556104,,if they can back up a hypothesis w concrete data that backs it,213,1,19.0,1.0,3,18-29,North America,
66862,USA,United States,MEDIUM,1,0,longstring_exceed,0,1,0,0,0,0,0,0,0,0,57.0,2.388685983958648,,Very interested,,213,1,30.0,1.0,4,30-39,North America,
66899,USA,United States,MEDIUM,1,0,longstring_exceed,0,1,0,0,0,0,0,0,0,0,48.0,4.711336060090562,,The world 🌍,,213,1,29.0,1.0,3,18-29,North America,
66904,USA,United States,MEDIUM,1,0,longstring_exceed,0,1,0,0,0,0,0,0,0,0,57.0,2.388685983958648,,,Hah I don't know what to do with ,213,1,41.0,1.0,4,40-49,North America,
66906,USA,United States,MEDIUM,1,0,odd_even_low,0,0,0,1,0,0,0,0,0,0,3.0,5.2672413605258,-1.0,,I really love everything about this,213,1,40.0,1.0,4,40-49,North America,
66932,USA,United States,MEDIUM,1,0,odd_even_low,0,0,0,1,0,0,0,0,0,0,12.0,6.786363643616668,-0.970142500145332,Everybody really. Although I think that's a dumb and obvious question. At the same time though we also have the misfortune of being taught things from science that we are told later is wrong.,,213,1,38.0,0.0,4,30-39,North America,
66933,USA,United States,MEDIUM,1,0,longstring_exceed,0,1,0,0,0,0,0,0,0,0,65.0,2.388685983958648,,,good,213,1,42.0,0.0,2,40-49,North America,
66936,USA,United States,MEDIUM,1,0,longstring_exceed,0,1,0,0,0,0,0,0,0,0,58.0,2.388685983958648,,It good interesting and great I love it always thanks ,,213,1,33.0,1.0,4,30-39,North America,
66939,USA,United States,MEDIUM,1,0,mahalanobis_outlier,0,0,1,0,0,0,0,0,0,0,15.0,11.471920552796163,,It benefits more,,213,1,41.0,0.0,4,40-49,North America,
66954,USA,United States,MEDIUM,1,0,longstring_exceed,0,1,0,0,0,0,0,0,0,0,56.0,2.388685983958648,,,Great food and service is very good person and is a very strong relationship between us and our ,213,1,33.0,1.0,4,30-39,North America,
66959,USA,United States,MEDIUM,1,0,longstring_exceed,0,1,0,0,0,0,0,0,0,0,57.0,1.8610561258814475,,do not really have an opinion,,213,1,36.0,0.0,4,30-39,North America,
66968,USA,United States,MEDIUM,1,0,mahalanobis_outlier,0,0,1,0,0,0,0,0,0,0,6.0,10.948015282628564,0.5963994531287798,,Cause of him being smart ,213,1,35.0,0.0,4,30-39,North America,
66974,USA,United States,MEDIUM,1,0,longstring_exceed,0,1,0,0,0,0,0,0,0,0,49.0,1.909036950800689,,,dknw,213,1,55.0,,3,50-59,North America,
67004,USA,United States,MEDIUM,1,0,longstring_exceed,0,1,0,0,0,0,0,0,0,0,35.0,5.681634289382376,0.7071067811865476,I think scientist benefit the most ,,213,1,27.0,0.0,4,18-29,North America,
67011,USA,United States,MEDIUM,1,0,longstring_exceed,0,1,0,0,0,0,0,0,0,0,42.0,4.711336060090562,,,I don't trust them ,213,1,43.0,1.0,3,40-49,North America,
67019,USA,United States,MEDIUM,1,0,odd_even_low,0,0,0,1,0,0,0,0,0,0,6.0,4.4978427194409365,-1.0,,Well first off his credentials he s education background and whatever work they do if that work has done any good for the world,213,1,50.0,0.0,4,50-59,North America,
67023,USA,United States,MEDIUM,1,0,longstring_exceed,0,1,0,0,0,0,0,0,0,0,58.0,1.9394107389187785,,I’m not really sure not into this topic ,,213,1,45.0,0.0,3,40-49,North America,
67069,USA,United States,MEDIUM,1,0,mahalanobis_outlier,0,0,1,0,0,0,0,0,0,0,12.0,13.06732954308182,0.6565706694547585,I’m going out to eat and I don’t want you guys to feel bad ,,213,1,24.0,1.0,4,18-29,North America,
67070,USA,United States,MEDIUM,1,0,longstring_exceed,0,1,0,0,0,0,0,0,0,0,57.0,2.388685983958648,,,What makes a scientist trustworthy is facts and experiments. ,213,1,29.0,0.0,4,18-29,North America,
67077,USA,United States,MEDIUM,1,0,mahalanobis_outlier,0,0,1,0,0,0,0,0,0,0,5.0,13.23230202016179,0.5189265000772927,,Showing their findings and projects to  the media ,213,1,42.0,1.0,3,40-49,North America,
67153,USA,United States,MEDIUM,1,0,longstring_exceed,0,1,0,0,0,0,0,0,0,0,57.0,2.388685983958648,,,Like ,213,1,30.0,1.0,4,30-39,North America,
67156,USA,United States,MEDIUM,1,0,longstring_exceed,0,1,0,0,0,0,0,0,0,0,32.0,2.802053516233558,0.2,,They runs qll the tests the right way,213,1,38.0,0.0,3,30-39,North America,
67171,USA,United States,MEDIUM,1,0,odd_even_low,0,0,0,1,0,0,0,0,0,0,5.0,6.417203961885979,-0.9486832980505138,Engineers because of the weather I will be in touch with you and your family a very nice day to be out of the office,,213,1,32.0,1.0,4,30-39,North America,
67175,USA,United States,MEDIUM,1,0,longstring_exceed,0,1,0,0,0,0,0,0,0,0,58.0,2.388685983958648,,Becasue is very good,,213,1,30.0,1.0,4,30-39,North America,
67183,USA,United States,MEDIUM,1,0,odd_even_low,0,0,0,1,0,0,0,0,0,0,4.0,4.260491923537257,-1.0,"because develop new technology, solve practical problems, and make informed decisions.",,213,1,,1.0,4,,North America,
67198,USA,United States,MEDIUM,1,0,longstring_exceed,0,1,0,0,0,0,0,0,0,0,57.0,2.388685983958648,,Ok,,213,1,48.0,1.0,2,40-49,North America,
67211,USA,United States,MEDIUM,1,0,odd_even_low,0,0,0,1,0,0,0,0,0,0,12.0,4.333065334361329,-1.0,"I think society as a whole benefits the most from science. Science has the potential to improve the quality of life for all people by improving health outcomes, providing access to new technologies and innovations, and solving some of the world's most pressing problems such as climate change, poverty, and food insecurity.",,213,1,29.0,1.0,4,18-29,North America,
67237,USA,United States,MEDIUM,1,0,longstring_exceed,0,1,0,0,0,0,0,0,0,0,42.0,1.7500698920553566,,a,,213,1,33.0,1.0,3,30-39,North America,
67240,USA,United States,MEDIUM,1,0,odd_even_low,0,0,0,1,0,0,0,0,0,0,2.0,4.601571942924993,-1.0,it was good,,213,1,46.0,1.0,2,40-49,North America,
67241,USA,United States,MEDIUM,1,0,odd_even_low,0,0,0,1,0,0,0,0,0,0,9.0,4.121156723888869,-1.0,I think the populace benefits more than any other race because science is facts,,213,1,35.0,1.0,4,30-39,North America,
67249,USA,United States,MEDIUM,1,0,longstring_exceed,0,1,0,0,0,0,0,0,0,0,57.0,2.388685983958648,,,Yes boss and he said he would have to try to ttttt to the bank and they will start to finish the work na po ,213,1,35.0,1.0,4,30-39,North America,
67256,USA,United States,MEDIUM,1,0,longstring_exceed,0,1,0,0,0,0,0,0,0,0,57.0,2.388685983958648,,,Very interesting television show episodes of coming to my house and I have to do is not going to be successful in life and I have to do is not going to be successful,213,1,35.0,1.0,4,30-39,North America,
67282,USA,United States,MEDIUM,1,0,longstring_exceed,0,1,0,0,0,0,0,0,0,0,57.0,2.388685983958648,,,"The only reason for this is that the rest of the rest of suv,reliability and I have to say that the rest of the rest of suv,reliability,reliability and performance of the rest of the rest is a good day at work and I ",213,1,40.0,1.0,4,40-49,North America,
67322,USA,United States,MEDIUM,1,0,longstring_exceed,0,1,0,0,0,0,0,0,0,0,45.0,2.824575556953405,,,Steve Bruce Forsyth and of itself is a ,213,1,34.0,1.0,4,30-39,North America,
67329,USA,United States,MEDIUM,1,0,odd_even_low,0,0,0,1,0,0,0,0,0,0,9.0,3.998562878097964,-1.0,,it is  very good,213,1,44.0,1.0,4,40-49,North America,
67332,USA,United States,MEDIUM,1,0,longstring_exceed,0,1,0,0,0,0,0,0,0,0,57.0,2.388685983958648,,,Like ,213,1,30.0,1.0,4,30-39,North America,
67344,USA,United States,MEDIUM,1,0,longstring_exceed,0,1,0,0,0,0,0,0,0,0,57.0,2.388685983958648,,Ga na veda se anuyaayi nyaay ki had to good for me veda veda veda se anuyaayi anuyaayi anuyaayi anuyaayi,,213,1,30.0,1.0,2,30-39,North America,
67348,USA,United States,MEDIUM,1,0,longstring_exceed,0,1,0,0,0,0,0,0,0,0,57.0,2.388685983958648,,,I like to survey,213,1,30.0,1.0,4,30-39,North America,
67357,USA,United States,MEDIUM,1,0,longstring_exceed,0,1,0,0,0,0,0,0,0,0,37.0,2.388685983958648,,Very much for your help today I love you so so so much for your help you with that I have to,,213,1,35.0,1.0,4,30-39,North America,
67379,USA,United States,MEDIUM,1,0,odd_even_low,0,0,0,1,0,0,0,0,0,0,3.0,3.750464791643663,-1.0,"Science did easy our Daily and long life, wr all get benefit of science ",,213,1,42.0,1.0,4,40-49,North America,
67393,USA,United States,MEDIUM,1,0,odd_even_low,0,0,0,1,0,0,0,0,0,0,3.0,4.760865630786761,-1.0,most like science,,213,1,45.0,1.0,2,40-49,North America,
67419,USA,United States,MEDIUM,1,0,longstring_exceed,0,1,0,0,0,0,0,0,0,0,57.0,2.388685983958648,,The first time you have a chance I would love it to come over to my place for dinner if that’s okay and we could have ,,213,1,31.0,0.0,2,30-39,North America,
67424,USA,United States,MEDIUM,1,0,longstring_exceed,0,1,0,0,0,0,0,0,0,0,35.0,2.3838020843438152,,yes very good,,213,1,31.0,1.0,4,30-39,North America,
67463,USA,United States,MEDIUM,1,0,odd_even_low,0,0,0,1,0,0,0,0,0,0,10.0,4.343798284279957,-1.0,"It is nice for me to use, and I love everything about it",,213,1,35.0,1.0,4,30-39,North America,
67497,USA,United States,MEDIUM,1,0,odd_even_low,0,0,0,1,0,0,0,0,0,0,3.0,4.857322887508089,-1.0,,very well and like all very well and good,213,1,34.0,1.0,4,30-39,North America,
67504,USA,United States,MEDIUM,1,0,odd_even_low,0,0,0,1,0,0,0,0,0,0,4.0,3.629962608542709,-1.0,The till characters in a few weeks ago but it will probably take a picture with the job is going ,,213,1,45.0,1.0,4,40-49,North America,
67521,USA,United States,MEDIUM,1,0,longstring_exceed,0,1,0,0,0,0,0,0,0,0,57.0,2.388685983958648,,,Showing us proof,213,1,48.0,0.0,2,40-49,North America,
67529,USA,United States,MEDIUM,1,0,longstring_exceed,0,1,0,0,0,0,0,0,0,0,57.0,2.388685983958648,,Yes good very nice and a long day today I just wanted ,,213,1,31.0,1.0,3,30-39,North America,
67536,USA,United States,MEDIUM,1,0,mahalanobis_outlier,0,0,1,0,0,0,0,0,0,0,3.0,11.560283620030177,-0.14,,I think science is pretty cool,213,1,20.0,1.0,3,18-29,North America,
67554,USA,United States,MEDIUM,1,0,longstring_exceed,0,1,0,0,0,0,0,0,0,0,57.0,2.388685983958648,,,The first time you have a chance at the top is the second one you get a free pass and you can go on your way back and then go to your car ,213,1,21.0,0.0,4,18-29,North America,
67557,USA,United States,MEDIUM,1,0,longstring_exceed,0,1,0,0,0,0,0,0,0,0,67.0,2.388685983958648,,,I like project and successfull,213,1,30.0,1.0,4,30-39,North America,
67622,USA,United States,MEDIUM,1,0,longstring_exceed,0,1,0,0,0,0,0,0,0,0,43.0,4.328202859508401,,,The first time you have a chance at the top is the second ,213,1,19.0,0.0,3,18-29,North America,
67629,USA,United States,MEDIUM,1,0,longstring_exceed,0,1,0,0,0,0,0,0,0,0,43.0,4.328202859508401,,,None ,213,1,24.0,0.0,3,18-29,North America,
67664,USA,United States,MEDIUM,1,0,longstring_exceed,0,1,0,0,0,0,0,0,0,0,44.0,2.388685983958648,,,National Geographic ,213,1,20.0,0.0,3,18-29,North America,
67671,USA,United States,MEDIUM,1,0,longstring_exceed,0,1,0,0,0,0,0,0,0,0,64.0,4.711336060090562,,,They aren’t trustworthy ,213,1,21.0,0.0,3,18-29,North America,
67677,USA,United States,MEDIUM,1,0,longstring_exceed,0,1,0,0,0,0,0,0,0,0,32.0,6.624789574432083,0.1714985851425088,,     I have no idea ,213,1,57.0,0.0,3,50-59,North America,
67678,USA,United States,MEDIUM,1,0,odd_even_low,0,0,0,1,0,0,0,0,0,0,13.0,6.341622211076377,-0.9185586535436918,"I would like to say everyone equally benefits off of science because you wouldn't be able to breathe or do anything without science, it's all around us.",,213,1,18.0,1.0,3,18-29,North America,
67690,USA,United States,MEDIUM,1,0,longstring_exceed,0,1,0,0,0,0,0,0,0,0,47.0,4.711336060090562,,,Nothing,213,1,36.0,,3,30-39,North America,
67701,USA,United States,MEDIUM,1,0,longstring_exceed,0,1,0,0,0,0,0,0,0,0,59.0,2.2681503271810466,,,Not sure maybe ,213,1,43.0,0.0,3,40-49,North America,
67702,USA,United States,MEDIUM,1,0,longstring_exceed,0,1,0,0,0,0,0,0,0,0,34.0,5.370940299596195,1.0,,I don't know n,213,1,35.0,0.0,3,30-39,North America,
67735,USA,United States,MEDIUM,1,0,odd_even_low,0,0,0,1,0,0,0,0,0,0,15.0,4.937072752231066,-1.0,,A person who studies different ideas or theory and then test those theorys before they speak about it. ,213,1,72.0,0.0,4,60+,North America,
67772,USA,United States,MEDIUM,1,0,longstring_exceed,0,1,0,0,0,0,0,0,0,0,44.0,1.8806515782161768,,I’m not really sure ,,213,1,20.0,0.0,4,18-29,North America,
67802,USA,United States,MEDIUM,1,0,odd_even_low,0,0,0,1,0,0,0,0,0,0,4.0,9.047131259972586,-0.9370425713316364,,They are open and honest with their information,213,1,30.0,1.0,4,30-39,North America,
67807,USA,United States,MEDIUM,1,0,longstring_exceed,0,1,0,0,0,0,0,0,0,0,35.0,1.742181149702561,,this is a stupid question everyone benefits from science.,,213,1,70.0,1.0,3,60+,North America,
67813,USA,United States,MEDIUM,1,0,mahalanobis_outlier,0,0,1,0,0,0,0,0,0,0,3.0,11.11563088336929,0.2169304578186561,,The research and affirm in it,213,1,18.0,0.0,3,18-29,North America,
67814,USA,United States,MEDIUM,1,0,longstring_exceed,0,1,0,0,0,0,0,0,0,0,43.0,4.328202859508401,,,,213,1,39.0,0.0,2,30-39,North America,
67822,USA,United States,MEDIUM,1,0,longstring_exceed,0,1,0,0,0,0,0,0,0,0,39.0,1.7667990778855105,,We probably benefit the most,,213,1,20.0,0.0,4,18-29,North America,
67832,USA,United States,MEDIUM,1,0,longstring_exceed,0,1,0,0,0,0,0,0,0,0,57.0,1.9083068735938395,,,I don’t know,213,1,41.0,0.0,3,40-49,North America,
67872,USA,United States,MEDIUM,1,0,longstring_exceed,0,1,0,0,0,0,0,0,0,0,57.0,2.490937352424534,,,What makes scientist trustworthy is they know how to do experiments they know how to do research and look into things they know to make hypothesis they know how to do projects ,213,1,19.0,0.0,3,18-29,North America,
67875,USA,United States,MEDIUM,1,0,longstring_exceed,0,1,0,0,0,0,0,0,0,0,59.0,4.711336060090562,,I don't know good about science ,,213,1,38.0,0.0,1,30-39,North America,
67876,USA,United States,MEDIUM,1,0,longstring_exceed,0,1,0,0,0,0,0,0,0,0,57.0,6.169974978220371,,,Nothing ,213,1,29.0,0.0,3,18-29,North America,
67884,USA,United States,MEDIUM,1,0,odd_even_low,0,0,0,1,0,0,0,0,0,0,6.0,4.86493101871748,-1.0,"everybody, in one way or another. hard to choose",,213,1,18.0,0.0,3,18-29,North America,
67885,USA,United States,MEDIUM,1,0,longstring_exceed,0,1,0,0,0,0,0,0,0,0,71.0,4.711336060090562,,,I'm not sure ,213,1,30.0,0.0,3,30-39,North America,
67888,USA,United States,MEDIUM,1,0,longstring_exceed,0,1,0,0,0,0,0,0,0,0,36.0,7.373278208033454,,,Nothing,213,1,56.0,0.0,3,50-59,North America,
67896,USA,United States,MEDIUM,1,0,longstring_exceed,0,1,0,0,0,0,0,0,0,0,32.0,10.229799582173692,,,Yo soi una chica bien.  Fea pero gracias adiós estoi ,213,1,28.0,0.0,1,18-29,North America,
67974,USA,United States,MEDIUM,1,0,odd_even_low,0,0,0,1,0,0,0,0,0,0,4.0,3.806864130489501,-1.0,,Very much for you and I will call you in the hospital for the environment for you and your house to come in for an interview at the end and the address for the same price,213,1,35.0,1.0,4,30-39,North America,
67982,USA,United States,MEDIUM,1,0,mahalanobis_outlier,0,0,1,0,0,0,0,0,0,0,4.0,12.724248545763858,0.1660909597074799,I love you mama mama mommy love ,,213,1,21.0,0.0,3,18-29,North America,
67996,USA,United States,MEDIUM,1,0,odd_even_low,0,0,0,1,0,0,0,0,0,0,12.0,3.81615093523808,-1.0,,When his findings benefit the entire planet. ,213,1,68.0,0.0,4,60+,North America,
68007,USA,United States,MEDIUM,1,0,odd_even_low,0,0,0,1,0,0,0,0,0,0,5.0,4.223317161311936,-1.0,,the Valley Hospital and the family is a great way to go about this and it would have to do in ,213,1,40.0,1.0,4,40-49,North America,
68011,USA,United States,MEDIUM,1,0,odd_even_low,0,0,0,1,0,0,0,0,0,0,4.0,4.775144602341239,-1.0,well,,213,1,,1.0,4,,North America,
68043,USA,United States,MEDIUM,1,0,longstring_exceed,0,1,0,0,0,0,0,0,0,0,32.0,2.388685983958648,,Introduction ,,213,1,36.0,0.0,4,30-39,North America,
68044,USA,United States,MEDIUM,1,0,longstring_exceed,0,1,0,0,0,0,0,0,0,0,57.0,2.388685983958648,,Good night and the same here for what is not,,213,1,36.0,1.0,4,30-39,North America,
68061,USA,United States,MEDIUM,1,0,odd_even_low,0,0,0,1,0,0,0,0,0,0,5.0,4.712629434248868,-1.0,Excellent good quality this survey ,,213,1,50.0,0.0,4,50-59,North America,
68064,USA,United States,MEDIUM,1,0,odd_even_low,0,0,0,1,0,0,0,0,0,0,5.0,4.7416390891553295,-1.0,Everyone because it's necessary for us to know what's going on in the world around us,,213,1,45.0,1.0,3,40-49,North America,
68090,USA,United States,MEDIUM,1,0,longstring_exceed,0,1,0,0,0,0,0,0,0,0,36.0,7.6104405687569905,,I don’t know,,213,1,56.0,0.0,3,50-59,North America,
68102,USA,United States,MEDIUM,1,0,longstring_exceed,0,1,0,0,0,0,0,0,0,0,44.0,2.817610926704976,,I don’t know ,,213,1,63.0,0.0,3,60+,North America,
68170,USA,United States,MEDIUM,1,0,mahalanobis_outlier,0,0,1,0,0,0,0,0,0,0,16.0,11.694216824636902,-0.3721042037676254,I have no interest in science ,,213,1,61.0,1.0,3,60+,North America,
68171,USA,United States,MEDIUM,1,0,longstring_exceed,0,1,0,0,0,0,0,0,0,0,36.0,5.513987280254069,0.4629100498862757,we all do . it takes science to get to where we are now,,213,1,71.0,1.0,3,60+,North America,
68187,USA,United States,MEDIUM,1,0,longstring_exceed,0,1,0,0,0,0,0,0,0,0,57.0,2.388685983958648,,It's good,,213,1,55.0,1.0,4,50-59,North America,
68192,USA,United States,MEDIUM,1,0,longstring_exceed,0,1,0,0,0,0,0,0,0,0,43.0,5.294475308607133,,None ,,213,1,50.0,1.0,3,50-59,North America,
68199,USA,United States,MEDIUM,1,0,odd_even_low,0,0,0,1,0,0,0,0,0,0,9.0,5.162864915075974,-0.9258200997725514,,I think that would depend on the scientist and getting to know them. A person is trustworthy or they're not. I would like to think that all scientists were trustworthy and I would like to think that all  people are trustworthy but scientists are just like everyone else.,213,1,52.0,1.0,3,50-59,North America,
68259,USA,United States,MEDIUM,1,0,odd_even_low,0,0,0,1,0,0,0,0,0,0,12.0,3.368672350210697,-1.0,,One who is not funded or influenced by an entity that is controlling him/her.,213,1,79.0,1.0,1,60+,North America,
68271,USA,United States,MEDIUM,1,0,longstring_exceed,0,1,0,0,0,0,0,0,0,0,57.0,2.388685983958648,,,,213,1,47.0,0.0,3,40-49,North America,
68338,USA,United States,MEDIUM,1,0,odd_even_low,0,0,0,1,0,0,0,0,0,0,5.0,3.8611368530355854,-1.0,,"Nothing, but their ideals in advancing society makes me believe they favor a specific side ",213,1,26.0,1.0,4,18-29,North America,
68340,USA,United States,MEDIUM,1,0,longstring_exceed,0,1,0,0,0,0,0,0,0,0,39.0,6.225194871613259,-0.5813183589761798,don't know and don't care ,,213,1,51.0,1.0,3,50-59,North America,
68346,USA,United States,MEDIUM,1,0,longstring_exceed,0,1,0,0,0,0,0,0,0,0,57.0,2.388685983958648,,,Ok,213,1,47.0,1.0,4,40-49,North America,
68347,USA,United States,MEDIUM,1,0,longstring_exceed,0,1,0,0,0,0,0,0,0,0,41.0,2.388685983958648,,Good and knowledgeable,,213,1,30.0,1.0,4,30-39,North America,
68363,USA,United States,MEDIUM,1,0,odd_even_low,0,0,0,1,0,0,0,0,0,0,12.0,5.879060921628866,-0.8834522085987723,The scientists of course and the people in this country we need to know why things happen the way they do and what they can do to help us as the people to help with infections to live longer to help the sick etc etc,,213,1,60.0,0.0,4,60+,North America,
68366,USA,United States,MEDIUM,1,0,longstring_exceed,0,1,0,0,0,0,0,0,0,0,48.0,4.711336060090562,,,"i dont trust any of them 
",213,1,18.0,0.0,3,18-29,North America,
68452,USA,United States,MEDIUM,1,0,odd_even_low,0,0,0,1,0,0,0,0,0,0,9.0,4.051184665092159,-1.0,I have no clue at all to be honest. ,,213,1,20.0,0.0,3,18-29,North America,
68459,USA,United States,MEDIUM,1,0,longstring_exceed,0,1,0,0,0,0,0,0,0,0,41.0,9.178657523353886,,I think they are many things that will benefit science today. In various ways,,213,1,40.0,1.0,4,40-49,North America,
68464,USA,United States,MEDIUM,1,0,longstring_exceed,0,1,0,0,0,0,0,0,0,0,43.0,6.22666443472852,0.2909286827258562,I don't know ,,213,1,36.0,0.0,4,30-39,North America,
68505,USA,United States,MEDIUM,1,0,odd_even_low,0,0,0,1,0,0,0,0,0,0,3.0,4.546283203509339,-1.0,,Science is the best object ,213,1,32.0,0.0,4,30-39,North America,
68519,USA,United States,MEDIUM,1,0,longstring_exceed,0,1,0,0,0,0,0,0,0,0,57.0,1.7500698920553566,,,their willingness to admit failure,213,1,67.0,0.0,3,60+,North America,
68527,USA,United States,MEDIUM,1,0,longstring_exceed,0,1,0,0,0,0,0,0,0,0,52.0,2.2571495079142627,,,It’s trust worthy depending on what it is,213,1,49.0,0.0,3,40-49,North America,
68587,USA,United States,MEDIUM,1,0,longstring_exceed,0,1,0,0,0,0,0,0,0,0,57.0,2.388685983958648,,Very good ,,213,1,30.0,1.0,2,30-39,North America,
68588,USA,United States,MEDIUM,1,0,longstring_exceed,0,1,0,0,0,0,0,0,0,0,57.0,2.388685983958648,,,Make me feel happy ,213,1,30.0,1.0,4,30-39,North America,
68591,USA,United States,MEDIUM,1,0,longstring_exceed,0,1,0,0,0,0,0,0,0,0,57.0,2.388685983958648,,The scientists because that is there Field ,,213,1,32.0,1.0,4,30-39,North America,
68604,USA,United States,MEDIUM,1,0,mahalanobis_outlier,0,0,1,0,0,0,0,0,0,0,4.0,11.118861644035418,-0.4629100498862757,,there intelligents ,213,1,24.0,0.0,4,18-29,North America,
68612,USA,United States,MEDIUM,1,0,longstring_exceed,0,1,0,0,0,0,0,0,0,0,53.0,2.388685983958648,,,Like,213,1,,1.0,2,,North America,
68613,USA,United States,MEDIUM,1,0,longstring_exceed,0,1,0,0,0,0,0,0,0,0,39.0,3.30073317840413,0.8944271909999159,Everyone ,,213,1,28.0,0.0,3,18-29,North America,
68617,USA,United States,MEDIUM,1,0,longstring_exceed,0,1,0,0,0,0,0,0,0,0,33.0,2.67522596743214,,,Credentials ,213,1,23.0,0.0,4,18-29,North America,
68621,USA,United States,MEDIUM,1,0,longstring_exceed,0,1,0,0,0,0,0,0,0,0,71.0,4.711336060090562,,,,213,1,29.0,0.0,4,18-29,North America,
68660,COD,Congo DR,MEDIUM,1,0,mahalanobis_outlier,0,0,1,0,0,0,0,0,0,0,6.0,8.871779858350896,-0.806225774829855,Moi même je bénéficie de la science car ça me permet d'apprendre les matières non apprises à l'université.,,213,1,28.0,1.0,4,18-29,Africa,
68668,COD,Congo DR,MEDIUM,1,0,mahalanobis_outlier,0,0,1,0,0,0,0,0,0,0,4.0,8.872416347688851,-0.5384615384615384,,Par rapport à sa capacité à impacter sur la vie humaine ,213,1,23.0,1.0,3,18-29,Africa,
68696,COD,Congo DR,MEDIUM,1,0,mahalanobis_outlier,0,0,1,0,0,0,0,0,0,0,8.0,9.073159649873697,0.1386750490563073,"Le médecin, pour améliorer leur connaissance ",,213,1,20.0,0.0,4,18-29,Africa,
68760,USA,United States,MEDIUM,1,0,odd_even_low,0,0,0,1,0,0,0,0,0,0,4.0,7.672644153018172,-0.9191450300180578,Quarantine science ,,213,1,42.0,1.0,4,40-49,North America,
68779,USA,United States,MEDIUM,1,0,longstring_exceed,0,1,0,0,0,0,0,0,0,0,57.0,2.388685983958648,,,Because they give good information ,213,1,34.0,1.0,4,30-39,North America,
68781,USA,United States,MEDIUM,1,0,odd_even_low,0,0,0,1,0,0,0,0,0,0,3.0,4.921866749863519,-1.0,Schedule is for me tomorrow or Tuesday at work so ,,213,1,35.0,1.0,4,30-39,North America,
68809,USA,United States,MEDIUM,1,0,longstring_exceed,0,1,0,0,0,0,0,0,0,0,57.0,1.7500698920553566,,the world,,213,1,20.0,0.0,3,18-29,North America,
68829,USA,United States,MEDIUM,1,0,longstring_exceed,0,1,0,0,0,0,0,0,0,0,42.0,1.7500698920553566,,,none,213,1,31.0,1.0,3,30-39,North America,
68833,USA,United States,MEDIUM,1,0,mahalanobis_outlier,0,0,1,0,0,0,0,0,0,0,16.0,11.166053981783692,1.0,Education is important and understanding how and why. Science is used in everyday life ,,213,1,40.0,0.0,4,40-49,North America,
68904,USA,United States,MEDIUM,1,0,longstring_exceed,0,1,0,0,0,0,0,0,0,0,32.0,3.666143189561653,0.0,,Knowing the right thing ,213,1,40.0,1.0,3,40-49,North America,
68966,USA,United States,MEDIUM,1,0,longstring_exceed,0,1,0,0,0,0,0,0,0,0,35.0,2.1016295135682888,,government because they sponser it,,213,1,67.0,0.0,4,60+,North America,
68990,USA,United States,MEDIUM,1,0,longstring_exceed,0,1,0,0,0,0,0,0,0,0,57.0,2.388685983958648,,Like ,,213,1,30.0,1.0,4,30-39,North America,
68995,USA,United States,MEDIUM,1,0,longstring_exceed,0,1,0,0,0,0,0,0,0,0,57.0,2.388685983958648,,,Because it's so reliable ,213,1,42.0,1.0,4,40-49,North America,
69006,USA,United States,MEDIUM,1,0,longstring_exceed,0,1,0,0,0,0,0,0,0,0,58.0,2.293355787049893,,,I don’t really know ,213,1,20.0,0.0,4,18-29,North America,
69020,USA,United States,MEDIUM,1,0,odd_even_low,0,0,0,1,0,0,0,0,0,0,4.0,4.071284688894773,-1.0,,it's unique and different,213,1,34.0,0.0,4,30-39,North America,
69027,USA,United States,MEDIUM,1,0,longstring_exceed,0,1,0,0,0,0,0,0,0,0,57.0,2.388685983958648,,"Very unique and familiar, I like to much",,213,1,36.0,0.0,4,30-39,North America,
69256,USA,United States,MEDIUM,1,0,longstring_exceed,0,1,0,0,0,0,0,0,0,0,57.0,2.388685983958648,,,"Scientific idea

",213,1,24.0,1.0,4,18-29,North America,
69341,USA,United States,MEDIUM,1,0,longstring_exceed,0,1,0,0,0,0,0,0,0,0,53.0,2.388685983958648,,,I am very satisfied.,213,1,27.0,1.0,4,18-29,North America,
69356,USA,United States,MEDIUM,1,0,odd_even_low,0,0,0,1,0,0,0,0,0,0,3.0,4.939356559412405,-1.0,,It is not a half day location of my stuff in about it I dey oo l I can't be there in a few minutes,213,1,45.0,1.0,4,40-49,North America,
69371,COD,Congo DR,MEDIUM,1,0,odd_even_low,0,0,0,1,0,0,0,0,0,0,11.0,4.819789222117399,-1.0,,Son expérience ,213,1,31.0,1.0,4,30-39,Africa,
69466,COD,Congo DR,MEDIUM,1,0,odd_even_low,0,0,0,1,0,0,0,0,0,0,9.0,5.896418967558998,-0.9341987329938276,"C'est les personnels de santé , parcequ;ils sont obligé de connaitre tout mouvement sur les produits et leure adminstration ",,213,1,47.0,1.0,4,40-49,Africa,
69639,URY,Uruguay,MEDIUM,1,0,mahalanobis_outlier,0,0,1,0,0,0,0,0,0,0,8.0,8.987122861937559,0.7016464154456235,"Y es un conjunto los científicos, que van de la mano Cón la política ",,213,1,53.0,,2,50-59,Latin America,
69732,URY,Uruguay,MEDIUM,1,0,attention_fail,1,0,0,0,0,0,0,1,0,1,8.0,4.940658674517875,0.6123724356957946,La humanidad porque sus avances permiten mejorar la calidad y expectativa de vida además de aumentar el conocimiento ,,231,1,64.0,0.0,4,60+,Latin America,
69779,URY,Uruguay,MEDIUM,1,0,mahalanobis_outlier,0,0,1,0,0,0,0,0,0,0,5.0,9.860434462103845,0.1889822365046136,,Su experiencia su credibilidad el interés y compromiso sin fines de lucro,213,1,59.0,,4,50-59,Latin America,
69892,CMR,Cameroon,MEDIUM,1,0,longstring_exceed,0,1,0,0,0,0,0,0,0,0,32.0,6.9931904993933856,,,Please can you ask me another question That I was able to answer,213,1,31.0,1.0,2,30-39,Africa,
69910,CMR,Cameroon,MEDIUM,1,0,mahalanobis_outlier,0,0,1,0,0,0,0,0,0,0,4.0,10.865999972438114,0.3059950306810522,,Ouï ,213,1,21.0,,3,18-29,Africa,
70193,CMR,Cameroon,MEDIUM,1,0,mahalanobis_outlier,0,0,1,0,0,0,0,0,0,0,4.0,10.911574338511596,0.0,,Il me faut beaucoup à apprendre ,213,1,21.0,1.0,3,18-29,Africa,
70316,CMR,Cameroon,MEDIUM,1,0,odd_even_low,0,0,0,1,0,0,0,0,0,0,5.0,6.6146774536669,-0.9135002783911396,L'humanité est la principale bénéficiaire des bienfaits de la science. La science facilite la vie de l'homme et lui permet de mieux comprendre le monde ,,213,1,51.0,1.0,4,50-59,Africa,
70347,CMR,Cameroon,MEDIUM,1,0,mahalanobis_outlier,0,0,1,0,0,0,0,0,0,0,4.0,10.450636226028871,0.1348399724926484,Plante and animals because that of plante and animals been found in work about every day?,,213,1,21.0,,3,18-29,Africa,
70553,CIV,Côte d'Ivoire,MEDIUM,1,0,odd_even_low,0,0,0,1,0,0,0,0,0,0,14.0,4.508427940745662,-1.0,,CAR UN SCIENTIFIQUE EXPERIMENTE TOUJOURS AVANT D'AVOUE OU AFFIRMER DES PROPOS ,213,1,32.0,1.0,4,30-39,Africa,
70666,CIV,Côte d'Ivoire,MEDIUM,1,0,odd_even_low,0,0,0,1,0,0,0,0,0,0,5.0,3.796288873928295,-1.0,L’homme parce que l’environnement dans lequel nous vivons est lié à la science ,,213,1,37.0,1.0,4,30-39,Africa,
70700,CIV,Côte d'Ivoire,MEDIUM,1,0,mahalanobis_outlier,0,0,1,0,0,0,0,0,0,0,5.0,9.112847806407322,-0.243599382882345,Bah jai pas de réponse car je sais pas qui choisis ,,213,1,21.0,,3,18-29,Africa,
70749,CIV,Côte d'Ivoire,MEDIUM,1,0,mahalanobis_outlier,0,0,1,0,0,0,0,0,0,0,10.0,9.876237502890222,-0.4381871654989361,Sa je ne sais pas ,,213,1,36.0,,2,30-39,Africa,
70894,CIV,Côte d'Ivoire,MEDIUM,1,0,mahalanobis_outlier,0,0,1,0,0,0,0,0,0,0,13.0,9.544296214487254,-0.1240347345892084,L’homme bénéficie plus de la science parce qu’il crée toujours grâce à à science ,,213,1,31.0,1.0,3,30-39,Africa,
70921,ZAF,South Africa,MEDIUM,1,0,longstring_exceed,0,1,0,0,0,0,0,0,0,0,57.0,4.060631328386609,,I love science because it is what the environment I about ,,213,1,47.0,1.0,3,40-49,Africa,
71018,ZAF,South Africa,MEDIUM,1,0,odd_even_low,0,0,0,1,0,0,0,0,0,0,3.0,3.951244436621056,-1.0,,When they can prove that their products and finding are real. ,213,1,38.0,0.0,3,30-39,Africa,
71026,ZAF,South Africa,MEDIUM,1,0,mahalanobis_outlier,0,0,1,0,0,0,0,0,0,0,29.0,10.95200993774232,0.6324555320336759,They are the once discovering most of the things ,,213,1,28.0,0.0,4,18-29,Africa,
71069,ZAF,South Africa,MEDIUM,1,0,longstring_exceed,0,1,0,0,0,0,0,0,0,0,58.0,4.060631328386609,,,They know what they are doing and also the went to school for it,213,1,29.0,0.0,4,18-29,Africa,
71116,ZAF,South Africa,MEDIUM,1,0,odd_even_low,0,0,0,1,0,0,0,0,0,0,5.0,4.432283739841508,-1.0,"I think that people who are rich benefit the most, because they can afford new technology items, better education, health care and their opinions matters or are respected the most.",,213,1,29.0,0.0,4,18-29,Africa,
71123,ZAF,South Africa,MEDIUM,1,0,odd_even_low,0,0,0,1,0,0,0,0,0,0,16.0,4.634738551305616,-1.0,,a scientist studies and do tests and practicals to verify whether the medicine is working or not before it can be taken to the society.,213,1,32.0,0.0,4,30-39,Africa,
71142,ZAF,South Africa,MEDIUM,1,0,longstring_exceed,0,1,0,0,0,0,0,0,0,0,39.0,5.89525365331906,,"Thus, science tends to benefit more the wealthy than the poor because research agendas are shaped in a variety of both explicit and invisible ways by incumbent groups without open debate on public values and wider societal benefits.",,213,1,29.0,0.0,3,18-29,Africa,
71172,ZAF,South Africa,MEDIUM,1,0,mahalanobis_outlier,0,0,1,0,0,0,0,0,0,0,21.0,9.106460315994427,0.0,"Almost every one
",,213,1,52.0,1.0,4,50-59,Africa,
71191,ZAF,South Africa,MEDIUM,1,0,mahalanobis_outlier,0,0,1,0,0,0,0,0,0,0,16.0,9.707259073111862,0.7040680615781949,Science are gone more advance with technology so we can have more advage to science ,,213,1,31.0,1.0,3,30-39,Africa,
71306,ZAF,South Africa,MEDIUM,1,0,mahalanobis_outlier,0,0,1,0,0,0,0,0,0,0,5.0,9.62351569714088,-0.5521576303742327,,They collect the data and previous and compare it to make predictive models that are 90% accurate. That's why scientists are trustworthy. ,213,1,22.0,1.0,4,18-29,Africa,
71449,ZAF,South Africa,MEDIUM,1,0,odd_even_low,0,0,0,1,0,0,0,0,0,0,8.0,5.119971021776142,-1.0,,research backed by others not linked and no money involved,213,1,35.0,1.0,4,30-39,Africa,
71616,ZAF,South Africa,MEDIUM,1,0,mahalanobis_outlier,0,0,1,0,0,0,0,0,0,0,12.0,9.25445429504106,-0.1637446603812666,,His answers,213,1,53.0,0.0,3,50-59,Africa,
71752,ZAF,South Africa,MEDIUM,1,0,odd_even_low,0,0,0,1,0,0,0,0,0,0,8.0,3.353502912699268,-1.0,,Adherence to scientific principles and peer review; in combination with his/her moral character and positive intention.,213,1,65.0,1.0,4,60+,Africa,
71754,ZAF,South Africa,MEDIUM,1,0,mahalanobis_outlier,0,0,1,0,0,0,0,0,0,0,7.0,9.0572052787265,-0.0230326719852439,I love science and I think it helps us to improve our lives. There is one exception. I don't believe in evolution because it is against the Bible.,,213,1,51.0,1.0,4,50-59,Africa,
71768,ZAF,South Africa,MEDIUM,1,0,longstring_exceed,0,1,0,0,0,0,0,0,0,0,48.0,4.060631328386609,,"The most important thing that benefits the most from Science,is to know our Health ,to know how the climate is going to be for today,tomorrow or the upcoming day.If you have the information about weather you are ready to prepare yourself.",,213,1,58.0,0.0,3,50-59,Africa,
71796,ZAF,South Africa,MEDIUM,1,0,odd_even_low,0,0,0,1,0,0,0,0,0,0,9.0,5.664101945790206,-1.0,"If the word science means ONLY ""by testing and observation"", then I have the greatest respect for scientists. If the word science is used in todays broader sense of the word, then I have NO respect for the scientists involved.",,213,1,63.0,1.0,4,60+,Africa,
