row_id,COUNTRY_CODE,COUNTRY_NAME,final_decision,invalid_source,screening_tier,trigger_reason,signal_count,signal_attention,signal_longstring,signal_mahalanobis,signal_odd_even,ls_max_run,md_score,oe_r,BENEFIT_OPEN,TRUST_OPEN,BENEFIT_OPEN_ZH,ATTCHECK_NUMBER,ATTCHECK_RES,DEM_AGE,DEM_GENDER,DEM_EDU,DEM_AGEGRP
2813,AUS,Australia,invalid,existing,HIGH,mahalanobis_outlier;odd_even_low,2,0,0,1,1,5.0,11.50825388563279,-0.8881716301507393,NA,Trusted sources,,213,1,18,1,3,18-29
25947,SVN,Slovenia,invalid,existing,HIGH,longstring_exceed;mahalanobis_outlier,2,0,1,1,0,35.0,10.392890523940652,0.6301902204663264,NA,-99,,213,1,20,1,3,18-29
29328,DEU,Germany,invalid,existing,HIGH,mahalanobis_outlier;odd_even_low,2,0,0,1,1,4.0,13.562247065766076,-1.0,alle,NA,全部,213,1,48,2,4,40-49
35055,FRA,France,valid1,none,HIGH,mahalanobis_outlier;odd_even_low,2,0,0,1,1,12.0,11.168062047849403,-0.8944271909999159,La médecine beneficie le plus de la science avec les recherches scientifiques et les avancées technologiques ,NA,医学通过科学研究和技术进步从科学中获益最多,213,1,35,1,4,30-39
39983,GBR,United Kingdom,invalid,existing,HIGH,longstring_exceed;mahalanobis_outlier,2,0,1,1,0,54.0,10.269587394464995,,Curling things. Pity the Chinese ones created covid,NA,冰壶的东西。可惜中国人创造了新冠病毒,213,1,43,1,3,40-49
46657,IND,India,invalid,existing,HIGH,longstring_exceed;odd_even_low,2,0,1,0,1,35.0,5.595968047897347,-1.0,useful inthe future ,NA,将来有用的,213,1,57,1,4,50-59
267,ALB,Albania,invalid,existing,MEDIUM,longstring_exceed,1,0,1,0,0,33.0,5.992739800567523,,NA,Na cat trapin thnx,,213,1,28,0,4,18-29
334,ALB,Albania,invalid,existing,MEDIUM,longstring_exceed,1,0,1,0,0,35.0,6.545388807672866,,"njerzit pasi  i ben te zgjuar dhe kurioz
",NA,人们因为这让他们变得聪明和好奇,213,1,19,1,3,18-29
351,ALB,Albania,valid1,none,MEDIUM,mahalanobis_outlier,1,0,0,1,0,6.0,9.542554770311897,0.7206037585776719,NA,Besimi i shpikjes se tij,,213,1,56,1,3,50-59
469,ARG,Argentina,valid1,none,MEDIUM,odd_even_low,1,0,0,0,1,11.0,4.555250355680733,-0.8783100656536799,"Deberíamos beneficiarnos todos, pero en si, quien invierte en la ciencia y la gente que puede acceder mas facil a ella (socioeconomía, ubicación geográfica)",NA,我们所有人都应该受益，但就其本身而言，谁投资于科学，谁可以更容易地获得科学（社会经济学，地理位置）,213,1,18,1,3,18-29
508,ARG,Argentina,invalid,existing,MEDIUM,longstring_exceed,1,0,1,0,0,38.0,7.401369325568361,0.6324555320336759,NA,Nose,,213,1,26,1,4,18-29
536,ARG,Argentina,valid1,none,MEDIUM,mahalanobis_outlier,1,0,0,1,0,3.0,9.470071712403847,0.3721042037676254,NA,Profesionalismo,,213,1,28,0,3,18-29
546,ARG,Argentina,invalid,existing,MEDIUM,mahalanobis_outlier,1,0,0,1,0,5.0,9.205864780648604,0.49820925492769375,La verdad no sabría que decirte nc mucho del tema ,NA,事实上，关于这个主题，我不知道该告诉你什么。,213,1,30,1,2,30-39
565,ARG,Argentina,valid1,none,MEDIUM,odd_even_low,1,0,0,0,1,9.0,4.120586812882458,-0.9258200997725514,"Depende como se aplique, se beneficia la.poblacion en general, o los laboratorios en particular, los lobbies... es relativo.
La comprobación científica aporta seguridad.
Hay descubrimientos útiles a la salud, otros útiles al bolsillo, otros útiles al poder...",NA,"这取决于它的应用方式，无论是总体受益的人群，还是特别是实验室、游说团体……这是相对的。
科学验证提供安全保障。
有些发现对健康有用，有些发现对口袋有用，有些发现对权力有用……",213,1,51,0,4,50-59
696,ARG,Argentina,invalid,existing,MEDIUM,longstring_exceed,1,0,1,0,0,35.0,7.13170788250711,,Políticos ,NA,政治家,213,1,30,0,4,30-39
771,ARG,Argentina,invalid,existing,MEDIUM,mahalanobis_outlier,1,0,0,1,0,6.0,9.22538661325536,-0.09869275424396534,Nos venecianos todos !,NA,我们都是威尼斯人！,213,1,50,0,3,50-59
888,AUS,Australia,invalid,existing,MEDIUM,longstring_exceed,1,0,1,0,0,57.0,2.438546386963593,,Not sure,NA,没有把握,213,1,26,0,4,18-29
890,AUS,Australia,invalid,existing,MEDIUM,longstring_exceed,1,0,1,0,0,34.0,1.2370612467706423,,NA,Knowledge on things. Education. Proper explanation. Presentation,,213,1,31,0,4,30-39
907,AUS,Australia,invalid,existing,MEDIUM,longstring_exceed,1,0,1,0,0,43.0,5.061763413845532,-0.2,I don't know,NA,我不知道,213,1,54,0,3,50-59
970,AUS,Australia,invalid,existing,MEDIUM,longstring_exceed,1,0,1,0,0,42.0,3.1390244770556905,,NA,"They are well educated and have knowledge in their field,, being open to others opinions",,213,1,42,0,4,40-49
994,AUS,Australia,invalid,existing,MEDIUM,odd_even_low,1,0,0,0,1,4.0,4.681341479477515,-1.0,-99,NA,-99,213,1,NA,1,4,NA
996,AUS,Australia,invalid,existing,MEDIUM,odd_even_low,1,0,0,0,1,3.0,4.355934854978698,-1.0,-99,NA,-99,213,1,NA,1,4,NA
1003,AUS,Australia,invalid,existing,MEDIUM,odd_even_low,1,0,0,0,1,3.0,4.76646166647398,-1.0,NA,-99,,213,1,39,1,4,30-39
1006,AUS,Australia,invalid,existing,MEDIUM,odd_even_low,1,0,0,0,1,3.0,4.667807083902277,-1.0,-99,NA,-99,213,1,34,1,4,30-39
1007,AUS,Australia,invalid,existing,MEDIUM,odd_even_low,1,0,0,0,1,4.0,4.270932895859338,-1.0,-99,NA,-99,213,1,28,1,4,18-29
1010,AUS,Australia,invalid,existing,MEDIUM,odd_even_low,1,0,0,0,1,3.0,4.518457953007515,-1.0,NA,-99,,213,1,26,1,4,18-29
1015,AUS,Australia,invalid,existing,MEDIUM,odd_even_low,1,0,0,0,1,4.0,4.659866668704207,-1.0,NA,-99,,213,1,35,0,4,30-39
1016,AUS,Australia,invalid,existing,MEDIUM,odd_even_low,1,0,0,0,1,3.0,4.439124822312105,-1.0,NA,-99,,213,1,19,0,4,18-29
1022,AUS,Australia,invalid,existing,MEDIUM,odd_even_low,1,0,0,0,1,3.0,4.978229900738514,-1.0,NA,-99,,213,1,21,0,4,18-29
1066,AUS,Australia,invalid,existing,MEDIUM,longstring_exceed,1,0,1,0,0,42.0,2.2422037563520694,,NA,have no idea,,213,1,69,0,3,60+
1324,AUS,Australia,invalid,existing,MEDIUM,odd_even_low,1,0,0,0,1,6.0,4.182998957875356,-1.0,NA,-99,,213,1,35,1,4,30-39
1327,AUS,Australia,invalid,existing,MEDIUM,odd_even_low,1,0,0,0,1,3.0,4.521089861138564,-1.0,-99,NA,-99,213,1,36,1,4,30-39
1331,AUS,Australia,invalid,existing,MEDIUM,odd_even_low,1,0,0,0,1,4.0,4.59743731481719,-1.0,-99,NA,-99,213,1,39,1,4,30-39
1364,AUS,Australia,invalid,existing,MEDIUM,longstring_exceed,1,0,1,0,0,40.0,5.249040947855469,0.6324555320336759,None,NA,,213,1,40,0,3,40-49
1369,AUS,Australia,invalid,existing,MEDIUM,longstring_exceed,1,0,1,0,0,33.0,3.6996428221020223,1.0,To be aware of what might happen in the future,NA,了解未来可能发生的事情,213,1,61,0,4,60+
1384,AUS,Australia,invalid,existing,MEDIUM,odd_even_low,1,0,0,0,1,3.0,4.712501144834159,-1.0,NA,-99,,213,1,46,1,4,40-49
1422,AUS,Australia,invalid,existing,MEDIUM,longstring_exceed,1,0,1,0,0,49.0,6.608195560787208,,NA,their theory and believes,,213,1,19,NA,2,18-29
1461,AUS,Australia,valid1,none,MEDIUM,odd_even_low,1,0,0,0,1,4.0,4.727473973516882,-1.0,"We've come a long way since we lamented how helpless ancient people were. The early deaths of countless children are still caused by factors such as poverty and sickness. According to the World Health Organization, in 2019, more than 5 million children under the age of 5 died from causes that may have been avoided or treated. Knowledge is power, and experts may be better able to address issues like poor sanitation and food insecurity if they have access to data pointing to their origins. The findings of scientific studies on childhood cancer and other health hazards may be useful to medical practitioners.
",NA,自从我们感叹古人的无助以来，我们已经走了很长一段路。无数儿童的早逝仍然是由贫困和疾病等因素造成的。据世界卫生组织称，2019 年，超过 500 万 5 岁以下儿童死于本可以避免或治疗的原因。知识就是力量，如果专家能够获得指向其起源的数据，他们可能能够更好地解决卫生条件差和粮食不安全等问题。关于儿童癌症和其他健康危害的科学研究结果可能对医生有用。,213,1,41,1,4,40-49
1467,AUS,Australia,valid1,none,MEDIUM,odd_even_low,1,0,0,0,1,3.0,4.845809160283571,-1.0,NA,"To use research as a tool to persuade others to change their views is not a scientific approach. As a consequence, you'll be able to analyse situations with more nuance. You will learn how to analyse massive datasets as part of your scientific training. You improve your ability to evaluate information and determine whether further investigation is required. A person's analytical abilities might be useful in many different industries.",,213,1,42,1,4,40-49
1531,AUS,Australia,invalid,existing,MEDIUM,mahalanobis_outlier,1,0,0,1,0,9.0,9.93384707304379,,Good,NA,好的,213,1,22,NA,2,18-29
1532,AUS,Australia,valid1,none,MEDIUM,mahalanobis_outlier,1,0,0,1,0,5.0,12.079635782658317,-0.15811388300841897,NA,"The facts, statistics, logic",,213,1,25,0,3,18-29
1562,AUS,Australia,invalid,existing,MEDIUM,longstring_exceed,1,0,1,0,0,41.0,4.617162801931188,,I think we all benefitin h3 long run,NA,我认为从长远来看我们都会受益,213,1,48,0,3,40-49
1572,AUS,Australia,invalid,existing,MEDIUM,longstring_exceed,1,0,1,0,0,39.0,6.608195560787208,,The government politicians benefit for graft,NA,政府政客因贪污而受益,213,1,64,1,4,60+
1669,AUS,Australia,valid1,none,MEDIUM,odd_even_low,1,0,0,0,1,3.0,5.045567011711967,-1.0,"Scientists have the most professional knowledge and put forward many insights are very rigorous, while more is to carry out a long period of research to get.",NA,科学家们拥有最专业的知识，提出的很多见解都是非常严谨的，同时更多的是要进行长时间的研究才能得到。,213,1,48,0,4,40-49
1674,AUS,Australia,valid1,none,MEDIUM,odd_even_low,1,0,0,0,1,4.0,4.667967357026095,-1.0,"Scientists are more about conducting research, and they go through a very long period of time before they can get an accurate answer, which is the most convincing.",NA,科学家更多的是进行研究，要经过很长一段时间才能得到准确的答案，这是最有说服力的。,213,1,52,1,4,50-59
1675,AUS,Australia,valid1,none,MEDIUM,odd_even_low,1,0,0,0,1,4.0,4.717418711366233,-1.0,NA,"Scientists have been exploring and studying, and are after a lot of analysis to come to a conclusion, is certainly very valuable and credible.",,213,1,59,0,3,50-59
1677,AUS,Australia,invalid,existing,MEDIUM,longstring_exceed,1,0,1,0,0,33.0,2.3821081075538713,,Not sure,NA,没有把握,213,1,24,0,4,18-29
1679,AUS,Australia,valid1,none,MEDIUM,odd_even_low,1,0,0,0,1,3.0,4.7049352782295495,-1.0,NA,"More than anything else, the development of the recommended data information gives us more confidence in the scientists' expertise.",,213,1,56,1,2,50-59
1714,AUS,Australia,valid1,none,MEDIUM,odd_even_low,1,0,0,0,1,4.0,4.445790755165159,-1.0,"Basically humans benefit the most, allowing us to help enhance society through scientific experiments.",NA,基本上人类受益最多，使我们能够通过科学实验帮助改善社会。,213,1,48,1,3,40-49
1715,AUS,Australia,invalid,existing,MEDIUM,longstring_exceed,1,0,1,0,0,46.0,7.70449543391849,,I give up,NA,我放弃,213,1,71,1,3,60+
1776,AUS,Australia,valid1,none,MEDIUM,odd_even_low,1,0,0,0,1,2.0,4.384265866379603,-1.0,The interests of the people are greatest and life is better,NA,人民利益最大，生活更美好,213,1,32,0,4,30-39
1779,AUS,Australia,valid1,none,MEDIUM,odd_even_low,1,0,0,0,1,2.0,4.982239956600155,-1.0,NA,"The most critical thing is the information of data from scientific research, and some results can help people to better improve the quality of life.",,213,1,41,0,4,40-49
1780,AUS,Australia,valid1,none,MEDIUM,odd_even_low,1,0,0,0,1,3.0,4.739152857271889,-1.0,I think what will benefit the most is the air technology that will enhance the safety of air flight more and help people move forward better.,NA,我认为最受益的是空中技术，它将更多地增强空中飞行的安全性，帮助人们更好地前进。,213,1,56,1,4,50-59
1784,AUS,Australia,valid1,none,MEDIUM,odd_even_low,1,0,0,0,1,3.0,6.251256118927408,-1.0,NA,"Scientists have researched many results that are used in real life and can allow us to improve the quality of technology, so it is the most trustworthy.",,213,1,38,0,4,30-39
1799,AUS,Australia,valid1,none,MEDIUM,odd_even_low,1,0,0,0,1,4.0,4.4931179169713396,-1.0,NA,"In my opinion, the reason why scientists are trusted by more people is mainly because the scientific research results of their research are very convincing and can be more applied to practice.",,213,1,36,0,4,30-39
1845,AUS,Australia,invalid,existing,MEDIUM,longstring_exceed,1,0,1,0,0,42.0,2.34017425256623,,NA,Pure fact,,213,1,61,1,3,60+
1847,AUS,Australia,valid1,none,MEDIUM,mahalanobis_outlier,1,0,0,1,0,6.0,9.563830770050846,0.5521576303742327,NA,"I am not too sure. I don't have much insight into what being a scientist entails other than what I briefly and superficially see on social media and hear from others. I just hold hope that the strict ethical and research standards are upheld doing research, and only trust source that come from ""gov"" sites or science journals",,213,1,24,0,4,18-29
1849,AUS,Australia,invalid,existing,MEDIUM,mahalanobis_outlier,1,0,0,1,0,3.0,9.596300423117276,-0.14638501094227999,Idk,NA,我不知道,213,1,36,0,4,30-39
1884,AUS,Australia,valid1,none,MEDIUM,mahalanobis_outlier,1,0,0,1,0,14.0,11.605434390831679,0.6,NA,"Long time proof and consistency 
",,213,1,45,1,3,40-49
1949,AUS,Australia,invalid,existing,MEDIUM,longstring_exceed,1,0,1,0,0,46.0,5.071374299732538,,NA,Proven proof of research,,213,1,44,0,4,40-49
1967,AUS,Australia,invalid,existing,MEDIUM,longstring_exceed,1,0,1,0,0,38.0,5.593927783452037,0.9438798074485389,NA,It makes a scientist trustworthy by releasing a true statement not just a false information,,213,1,21,0,4,18-29
2054,AUS,Australia,invalid,existing,MEDIUM,longstring_exceed,1,0,1,0,0,57.0,2.2422037563520694,,NA,when you saw them working very hard for their experiment to have a good result,,213,1,40,0,4,40-49
2228,AUS,Australia,invalid,existing,MEDIUM,longstring_exceed,1,0,1,0,0,57.0,2.7323707112063667,,NA,Not sure,,213,1,29,0,3,18-29
2293,AUS,Australia,invalid,existing,MEDIUM,longstring_exceed,1,0,1,0,0,42.0,2.7323707112063667,,knowledge because its important,NA,知识因为它重要,213,1,42,1,4,40-49
2299,AUS,Australia,invalid,existing,MEDIUM,longstring_exceed,1,0,1,0,0,71.0,6.608195560787208,,-99,NA,-99,213,1,28,0,3,18-29
2306,AUS,Australia,valid1,none,MEDIUM,odd_even_low,1,0,0,0,1,16.0,5.978327855848487,-1.0,NA,"Adherence to scientific principles, transparency, objectivity, excellent communicator, non judgemental, humble, outcomes focussed, passionate but not dogmatic, references sources of thought, separates knowledge from ego, understands fundamental epistomological axioms.",,213,1,43,1,4,40-49
2337,AUS,Australia,valid1,none,MEDIUM,odd_even_low,1,0,0,0,1,15.0,4.399018153405056,-1.0,NA,ItÕs based on facts,,213,1,30,0,4,30-39
2436,AUS,Australia,invalid,existing,MEDIUM,odd_even_low,1,0,0,0,1,4.0,4.040603318374606,-1.0,-99,NA,-99,213,1,21,1,4,18-29
2440,AUS,Australia,invalid,existing,MEDIUM,odd_even_low,1,0,0,0,1,4.0,4.645316966069846,-1.0,NA,-99,,213,1,25,1,4,18-29
2455,AUS,Australia,valid1,none,MEDIUM,odd_even_low,1,0,0,0,1,3.0,5.069485989691273,-1.0,"Businesses, provide a lot of science and technology so that they can get more profits",NA,企业，提供大量的科学技术，让他们能够获得更多的利润,213,1,41,1,4,40-49
2473,AUS,Australia,invalid,existing,MEDIUM,odd_even_low,1,0,0,0,1,4.0,3.932963610815366,-1.0,-99,NA,-99,213,1,44,1,4,40-49
2474,AUS,Australia,invalid,existing,MEDIUM,odd_even_low,1,0,0,0,1,4.0,4.087689927850118,-1.0,NA,-99,,213,1,44,1,4,40-49
2475,AUS,Australia,invalid,existing,MEDIUM,odd_even_low,1,0,0,0,1,5.0,3.9333590381312904,-1.0,-99,NA,-99,213,1,44,1,4,40-49
2479,AUS,Australia,invalid,existing,MEDIUM,odd_even_low,1,0,0,0,1,3.0,4.414223391492614,-1.0,-99,NA,-99,213,1,44,1,4,40-49
2531,AUS,Australia,invalid,existing,MEDIUM,longstring_exceed,1,0,1,0,0,35.0,3.5789700809089826,,The tech companies. We donÕt seem to make half as many gains in the medical world as we do I. The technological world sadly,NA,科技公司。我们在医学界取得的成果似乎还没有我的一半。可悲的是，科技界,213,1,41,0,4,40-49
2538,AUS,Australia,invalid,existing,MEDIUM,mahalanobis_outlier,1,0,0,1,0,2.0,10.877781225440843,0.652847726106847,I'm not sure why sorry,NA,我不知道为什么抱歉,213,1,22,0,4,18-29
2558,AUS,Australia,invalid,existing,MEDIUM,longstring_exceed,1,0,1,0,0,54.0,3.6100645929131523,,I dont know anything much about science,NA,我对科学了解不多,213,1,40,0,4,40-49
2563,AUS,Australia,valid1,none,MEDIUM,mahalanobis_outlier,1,0,0,1,0,7.0,10.41685170871081,-0.09637388493048533,The people with science jobs,NA,从事科学工作的人,213,1,18,1,3,18-29
2585,AUS,Australia,valid1,none,MEDIUM,mahalanobis_outlier,1,0,0,1,0,15.0,12.262306612782663,-0.034482758620689655,"Technology is the biggest benefit in my opinion whether it be a device for consumers or medical science used to help people
",NA,在我看来，无论是为消费者提供的设备还是用于帮助人们的医学科学，技术都是最大的好处,213,1,30,0,3,30-39
2614,AUS,Australia,valid1,none,MEDIUM,odd_even_low,1,0,0,0,1,4.0,4.2198516523750325,-1.0,We do not have modern medicine for all new diseases.,NA,我们没有针对所有新疾病的现代医学。,213,1,41,0,4,40-49
2671,AUS,Australia,valid1,none,MEDIUM,odd_even_low,1,0,0,0,1,4.0,5.50351485386078,-1.0,"In terms of chemical composition, science had been instrumental in the development of numerous biotech industries and benefitted the most over the time period",NA,就化学成分而言，科学在众多生物技术产业的发展中发挥了重要作用，并在一段时期内受益最多,213,1,40,1,4,40-49
2710,AUS,Australia,valid1,none,MEDIUM,odd_even_low,1,0,0,0,1,6.0,4.643900287886341,-1.0,I don't. know about this,NA,我不知道。知道这个,213,1,29,0,3,18-29
2728,AUS,Australia,valid1,none,MEDIUM,mahalanobis_outlier,1,0,0,1,0,7.0,10.107045244118499,0.48245064067700766,NA,"With all the statistics and information they provide
",,213,1,19,0,3,18-29
2755,AUS,Australia,valid1,none,MEDIUM,mahalanobis_outlier,1,0,0,1,0,13.0,11.087755663952953,0.0,All of humanityÉ itÕs what excels us forward if the mind can conceive it science will achieve it,NA,全人类都将超越我们，只要心灵能够想象，科学就能实现它,213,1,35,1,3,30-39
2771,AUS,Australia,invalid,existing,MEDIUM,longstring_exceed,1,0,1,0,0,57.0,2.7323707112063667,,health services,NA,卫生服务,213,1,42,1,3,40-49
2777,AUS,Australia,invalid,existing,MEDIUM,longstring_exceed,1,0,1,0,0,57.0,2.34017425256623,,To find away to get vaccancation  what else we can find cures for cancers,NA,为了找到接种疫苗的方法，我们还能找到什么方法来治疗癌症,213,1,64,0,3,60+
2793,AUS,Australia,invalid,existing,MEDIUM,longstring_exceed,1,0,1,0,0,56.0,2.144579809155359,,NA,I don't know,,213,1,40,0,3,40-49
2806,AUS,Australia,valid1,none,MEDIUM,mahalanobis_outlier,1,0,0,1,0,2.0,10.08126144016139,-0.41522739926869984,Because it helps us understand thongs,NA,因为它可以帮助我们了解丁字裤,213,1,36,0,3,30-39
2875,AUS,Australia,valid1,none,MEDIUM,mahalanobis_outlier,1,0,0,1,0,12.0,10.25591472859469,,NA,How accurate they are at solving problems that arise in science.,,213,1,33,1,3,30-39
2890,AUS,Australia,invalid,existing,MEDIUM,odd_even_low,1,0,0,0,1,5.0,4.220184769055219,-1.0,-99,NA,-99,213,1,34,1,4,30-39
2957,AUS,Australia,invalid,existing,MEDIUM,longstring_exceed,1,0,1,0,0,57.0,8.98714009464638,,"Kids  they're smart

",NA,孩子们很聪明,213,1,66,1,3,60+
2962,AUS,Australia,invalid,existing,MEDIUM,longstring_exceed,1,0,1,0,0,57.0,4.617162801931188,,NA,His background and qualifications,,213,1,22,1,3,18-29
2969,AUS,Australia,invalid,existing,MEDIUM,longstring_exceed,1,0,1,0,0,32.0,7.19556731895895,,Cause it's better,NA,因为这样更好,213,1,31,0,3,30-39
2998,AUS,Australia,invalid,existing,MEDIUM,longstring_exceed,1,0,1,0,0,42.0,2.2422037563520694,,Idk,NA,我不知道,213,1,28,0,3,18-29
3057,AUS,Australia,valid1,none,MEDIUM,odd_even_low,1,0,0,0,1,4.0,7.8056737986446265,-0.9429903335828895,Then the next few days ago and I will be in the morning and I will be in the morning,NA,然后接下来的几天前 我会在早上 我会在早上,213,1,25,1,4,18-29
3063,AUS,Australia,valid1,none,MEDIUM,odd_even_low,1,0,0,0,1,9.0,3.7618970553664903,-1.0,NA,When they have evidence to back up what they are saying or trying to prove,,213,1,21,0,3,18-29
3094,AUS,Australia,invalid,existing,MEDIUM,longstring_exceed,1,0,1,0,0,42.0,2.3387389266270087,,NA,-99,,213,1,55,0,4,50-59
3100,AUS,Australia,invalid,existing,MEDIUM,longstring_exceed,1,0,1,0,0,60.0,4.084542697963936,,NA,Knows all their facts and can back it up with explanations.,,213,1,39,1,3,30-39
3115,AUS,Australia,valid1,none,MEDIUM,odd_even_low,1,0,0,0,1,12.0,3.4841351316155187,-1.0,NA,They are very smart as proffesionals in there occupation,,213,1,20,1,3,18-29
3145,AUS,Australia,invalid,existing,MEDIUM,odd_even_low,1,0,0,0,1,6.0,5.217112195162604,-0.8944271909999159,-99,NA,-99,213,1,44,1,4,40-49
3149,AUS,Australia,valid1,none,MEDIUM,odd_even_low,1,0,0,0,1,4.0,4.171320564338054,-1.0,NA,The work of a scientist prove them trustworthy,,213,1,36,1,4,30-39
3151,AUS,Australia,invalid,existing,MEDIUM,odd_even_low,1,0,0,0,1,4.0,4.144172511479949,-1.0,NA,-99,,213,1,35,1,4,30-39
3185,AUS,Australia,valid1,none,MEDIUM,odd_even_low,1,0,0,0,1,4.0,3.492114523798337,-1.0,Everyone science is one of the most important thing in the world it doesn't just tell us our the earth work bug there is so much health benefits in science,NA,每个人科学都是世界上最重要的事情之一，它不仅告诉我们地球工作的错误，科学还有很多健康益处,213,1,24,0,3,18-29
3258,AUS,Australia,valid1,none,MEDIUM,mahalanobis_outlier,1,0,0,1,0,12.0,9.583352221940572,0.6418012510669561,NA,The only thing that can make a scientist semi trust worthy is another scientist with a different opinion so then you can listen or read their arguments and form your opinion on who to trust. Which is why the Government and media didn't let anyone with a health or science background talk about covid for years,,213,1,35,1,3,30-39
3284,AUS,Australia,invalid,existing,MEDIUM,longstring_exceed,1,0,1,0,0,67.0,2.2319127525331774,,NA,The researches from their labs and the paper they published,,213,1,36,1,4,30-39
3359,AUS,Australia,valid1,none,MEDIUM,mahalanobis_outlier,1,0,0,1,0,16.0,9.79261867800183,0.16609095970747995,"Science has always been here since the creation of the universe and our world, but science benefits all of mankind as it is the essence of our existence. All creation has been made with an equation",NA,自宇宙和世界诞生以来，科学就一直存在，但科学造福全人类，因为它是我们存在的本质。所有的创造都是通过方程式完成的,213,1,32,1,4,30-39
3424,AUS,Australia,valid1,none,MEDIUM,odd_even_low,1,0,0,0,1,16.0,4.022723818043833,-1.0,NA,"Science doesn't interest me. It's not a proven guarantee as everyone or everything is different,  no 2 the same",,213,1,48,0,1,40-49
3426,AUS,Australia,invalid,existing,MEDIUM,longstring_exceed,1,0,1,0,0,35.0,2.733558046600876,,IÕm not sure,NA,我不确定,213,1,53,0,3,50-59
3463,AUS,Australia,valid1,none,MEDIUM,odd_even_low,1,0,0,0,1,3.0,5.298522780488783,-1.0,University students and government administrators,NA,大学生和政府管理人员,213,1,51,1,4,50-59
3544,AUS,Australia,invalid,existing,MEDIUM,odd_even_low,1,0,0,0,1,5.0,4.70545444493633,-1.0,-99,NA,-99,213,1,44,1,4,40-49
3791,AUS,Australia,invalid,existing,MEDIUM,longstring_exceed,1,0,1,0,0,32.0,2.739016378530927,,Notsure,NA,没有把握,213,1,49,0,3,40-49
3800,AUS,Australia,invalid,existing,MEDIUM,longstring_exceed,1,0,1,0,0,33.0,3.1202486528126783,,NA,Proven results.,,213,1,59,0,3,50-59
3827,AUS,Australia,invalid,existing,MEDIUM,longstring_exceed,1,0,1,0,0,58.0,2.7323707112063667,,NA,cos oioianwfasfev,,213,1,24,1,4,18-29
3866,AUS,Australia,valid1,none,MEDIUM,odd_even_low,1,0,0,0,1,5.0,4.328306561292094,-1.0,We lead a correct way of life.,NA,我们过着正确的生活方式。,213,1,50,0,4,50-59
3897,AUS,Australia,invalid,existing,MEDIUM,longstring_exceed,1,0,1,0,0,57.0,1.0571374541144145,,NA,Scientist.Because they can improve their goals.,,213,1,42,1,4,40-49
3930,AUS,Australia,valid1,none,MEDIUM,odd_even_low,1,0,0,0,1,3.0,6.7618145116555475,-0.9201575383978459,NA,They are very professional,,213,1,29,1,4,18-29
3936,AUS,Australia,invalid,existing,MEDIUM,longstring_exceed,1,0,1,0,0,57.0,1.2736957030375533,,Scientist.Because they can improve their goals.,NA,科学家。因为他们可以提高他们的目标。,213,1,42,1,4,40-49
3956,AUS,Australia,valid1,none,MEDIUM,odd_even_low,1,0,0,0,1,4.0,4.924048442797932,-1.0,Science has many and far-reaching benefits but different groups may get more out of it in different ways. We need to keep funding scientific research so that we can keep getting all of its benefits.,NA,科学有许多深远的好处，但不同的群体可能会以不同的方式从中获得更多好处。我们需要继续资助科学研究，以便我们能够继续获得其所有好处。,213,1,58,0,4,50-59
3978,AUS,Australia,valid1,none,MEDIUM,odd_even_low,1,0,0,0,1,3.0,4.302566080316195,-1.0,NA,"They are so reliable and diligent in their service to us, I have no doubts in their ability to address and resolve any pressing medical or technological issues that may arise.",,213,1,56,1,4,50-59
3979,AUS,Australia,valid1,none,MEDIUM,odd_even_low,1,0,0,0,1,5.0,4.111717301513175,-1.0,NA,Scientists are selfless individuals that put in a lot of effort and are always engaged in studies on novel topics that are beneficial to both humanity and the natural world.,,213,1,54,1,4,50-59
3983,AUS,Australia,invalid,existing,MEDIUM,odd_even_low,1,0,0,0,1,3.0,3.837571554711223,-1.0,NA,-99,,213,1,59,1,4,50-59
4018,AUS,Australia,invalid,existing,MEDIUM,odd_even_low,1,0,0,0,1,3.0,4.823378548046952,-1.0,-99,NA,-99,213,1,19,1,4,18-29
4025,AUS,Australia,invalid,existing,MEDIUM,odd_even_low,1,0,0,0,1,3.0,4.933440093141334,-1.0,-99,NA,-99,213,1,57,1,4,50-59
4026,AUS,Australia,invalid,existing,MEDIUM,odd_even_low,1,0,0,0,1,3.0,5.178856238684375,-1.0,NA,-99,,213,1,56,1,4,50-59
4038,AUS,Australia,invalid,existing,MEDIUM,odd_even_low,1,0,0,0,1,4.0,4.5797013000074935,-1.0,-99,NA,-99,213,1,19,1,4,18-29
4045,AUS,Australia,valid1,none,MEDIUM,odd_even_low,1,0,0,0,1,4.0,4.54160091439761,-1.0,Technology as it help to make the life to live in a easy way and  helps us organize our daily activities in a proper way.,NA,技术有助于让生活变得轻松，并帮助我们以适当的方式组织我们的日常活动。,213,1,59,1,3,50-59
4052,AUS,Australia,valid1,none,MEDIUM,odd_even_low,1,0,0,0,1,4.0,4.806105893202588,-1.0,"To a large extent, the advancements in science have facilitated the pharma industry's efforts to create more effective medications and thereby make people's lives easier.",NA,在很大程度上，科学的进步促进了制药行业创造更有效的药物的努力，从而使人们的生活更轻松。,213,1,20,1,4,18-29
4054,AUS,Australia,valid1,none,MEDIUM,odd_even_low,1,0,0,0,1,6.0,4.087112796287024,-1.0,NA,Creativity and best technologies  is the thing that makes a scientist trustworthy.,,213,1,59,1,3,50-59
4056,AUS,Australia,valid1,none,MEDIUM,odd_even_low,1,0,0,0,1,7.0,3.5571074109195964,-1.0,It helps us to better know and understand other cultures and societies .,NA,它帮助我们更好地了解和理解其他文化和社会。,213,1,52,1,3,50-59
4069,AUS,Australia,invalid,existing,MEDIUM,odd_even_low,1,0,0,0,1,5.0,4.560465546895763,-1.0,-99,NA,-99,213,1,58,1,4,50-59
4076,AUS,Australia,invalid,existing,MEDIUM,odd_even_low,1,0,0,0,1,3.0,5.072015978856841,-1.0,NA,-99,,213,1,55,1,4,50-59
4097,AUS,Australia,valid1,none,MEDIUM,mahalanobis_outlier,1,0,0,1,0,16.0,10.895194105574816,-0.2,NA,"Well the fact that they have a degree, and itÕs there job, I think we hope to think they will do the right thing",,213,1,51,0,4,50-59
4099,AUS,Australia,invalid,existing,MEDIUM,odd_even_low,1,0,0,0,1,5.0,4.219261384129206,-1.0,NA,-99,,213,1,49,1,3,40-49
4105,AUS,Australia,invalid,existing,MEDIUM,odd_even_low,1,0,0,0,1,3.0,4.3726832242289415,-1.0,-99,NA,-99,213,1,21,1,4,18-29
4123,AUS,Australia,valid1,none,MEDIUM,mahalanobis_outlier,1,0,0,1,0,3.0,10.473174349529895,0.6968257452720763,NA,There ability to test something multiple times,,213,1,20,1,3,18-29
4129,AUS,Australia,valid1,none,MEDIUM,odd_even_low,1,0,0,0,1,4.0,4.325211130537525,-1.0,Government Staff access to good scientific advice,NA,政府工作人员获得良好的科学建议,213,1,58,0,4,50-59
4140,AUS,Australia,invalid,existing,MEDIUM,odd_even_low,1,0,0,0,1,4.0,4.9660800183145515,-1.0,-99,NA,-99,213,1,56,1,4,50-59
4141,AUS,Australia,valid1,none,MEDIUM,odd_even_low,1,0,0,0,1,3.0,4.303801345155452,-1.0,"In order for a skilled scientist to make sense of such data, they need to analyze them utilizing critical thinking.",NA,为了让熟练的科学家理解这些数据，他们需要利用批判性思维来分析它们。,213,1,59,1,3,50-59
4143,AUS,Australia,valid1,none,MEDIUM,odd_even_low,1,0,0,0,1,3.0,4.513359867562376,-1.0,"Curiosity, originality, and the ability to think creatively under pressure are the three skills essential to being a successful scientist.",NA,好奇心、原创性和在压力下创造性思考的能力是成为一名成功科学家所必需的三项技能。,213,1,59,1,3,50-59
4145,AUS,Australia,invalid,existing,MEDIUM,odd_even_low,1,0,0,0,1,4.0,4.200270583616848,-1.0,NA,-99,,213,1,56,1,4,50-59
4148,AUS,Australia,invalid,existing,MEDIUM,odd_even_low,1,0,0,0,1,4.0,4.347981041648748,-1.0,-99,NA,-99,213,1,56,1,4,50-59
4151,AUS,Australia,invalid,existing,MEDIUM,odd_even_low,1,0,0,0,1,5.0,5.197917702977721,-1.0,NA,-99,,213,1,57,1,4,50-59
4157,AUS,Australia,invalid,existing,MEDIUM,odd_even_low,1,0,0,0,1,4.0,4.781019836590333,-1.0,NA,-99,,213,1,18,1,4,18-29
4188,AUS,Australia,valid1,none,MEDIUM,odd_even_low,1,0,0,0,1,6.0,5.03194368936149,-1.0,"At one level everyone benefits from science as it helps us understand the world better and to achieve better things (e.g. dealing with smallpox) At another level the people who benefit from science are those who control the IP, and then those who can afford the prices set by them (e.g. the price of drugs such as insulin in USA)",NA,在一个层面上，每个人都从科学中受益，因为它帮助我们更好地了解世界并实现更好的事情（例如处理天花）在另一个层面上，从科学中受益的人是那些控制知识产权的人，然后是那些能够负担他们设定的价格的人（例如美国胰岛素等药品的价格）,213,1,48,1,4,40-49
4239,AUS,Australia,invalid,existing,MEDIUM,odd_even_low,1,0,0,0,1,3.0,4.9727554214421765,-1.0,-99,NA,-99,213,1,56,1,4,50-59
4240,AUS,Australia,invalid,existing,MEDIUM,odd_even_low,1,0,0,0,1,2.0,4.945488041658988,-1.0,NA,-99,,213,1,56,1,4,50-59
4242,AUS,Australia,invalid,existing,MEDIUM,odd_even_low,1,0,0,0,1,4.0,4.023807291439679,-1.0,-99,NA,-99,213,1,57,1,4,50-59
4247,AUS,Australia,invalid,existing,MEDIUM,odd_even_low,1,0,0,0,1,3.0,4.614291090666361,-1.0,-99,NA,-99,213,1,56,1,4,50-59
4248,AUS,Australia,invalid,existing,MEDIUM,odd_even_low,1,0,0,0,1,10.0,4.649761386404028,-1.0,-99,NA,-99,213,1,19,1,4,18-29
4251,AUS,Australia,invalid,existing,MEDIUM,odd_even_low,1,0,0,0,1,4.0,4.833111235261788,-1.0,-99,NA,-99,213,1,18,1,4,18-29
4255,AUS,Australia,invalid,existing,MEDIUM,odd_even_low,1,0,0,0,1,3.0,7.048954959236924,-0.8944271909999159,-99,NA,-99,213,1,55,1,4,50-59
4264,AUS,Australia,invalid,existing,MEDIUM,odd_even_low,1,0,0,0,1,3.0,4.303657330152011,-1.0,NA,-99,,213,1,59,1,4,50-59
4296,AUS,Australia,invalid,existing,MEDIUM,odd_even_low,1,0,0,0,1,3.0,4.556197183202411,-1.0,-99,NA,-99,213,1,55,0,4,50-59
4301,AUS,Australia,invalid,existing,MEDIUM,odd_even_low,1,0,0,0,1,3.0,4.241040423113143,-1.0,-99,NA,-99,213,1,55,0,4,50-59
4305,AUS,Australia,invalid,existing,MEDIUM,odd_even_low,1,0,0,0,1,4.0,4.0888306312367355,-1.0,-99,NA,-99,213,1,55,0,4,50-59
4308,AUS,Australia,valid1,none,MEDIUM,odd_even_low,1,0,0,0,1,3.0,4.21539928892352,-1.0,There are more benefits from science because without science there is no life,NA,科学有更多好处，因为没有科学就没有生命,213,1,19,1,4,18-29
4312,AUS,Australia,invalid,existing,MEDIUM,odd_even_low,1,0,0,0,1,3.0,5.561020891385526,-1.0,-99,NA,-99,213,1,21,1,4,18-29
4331,AUS,Australia,invalid,existing,MEDIUM,odd_even_low,1,0,0,0,1,3.0,4.981209112701893,-1.0,-99,NA,-99,213,1,19,1,4,18-29
4349,AUS,Australia,valid1,none,MEDIUM,odd_even_low,1,0,0,0,1,3.0,4.111154367566144,-1.0,Nowadays science is becoming more important day by day  for everyone's life with help of science we can think or create new ideas. Science increase our fundamental knowledge.,NA,如今，科学对每个人的生活变得越来越重要，借助科学，我们可以思考或创造新的想法。科学增加我们的基础知识。,213,1,20,1,4,18-29
4363,AUS,Australia,valid1,none,MEDIUM,odd_even_low,1,0,0,0,1,4.0,4.414531270776603,-1.0,NA,"Solving problem like how scientist having a natural ability to identify a problem, analyze it and how come up with effective solutions are valuable traits in most fields and especially valuable for a scientist.",,213,1,56,0,3,50-59
4370,AUS,Australia,valid1,none,MEDIUM,odd_even_low,1,0,0,0,1,3.0,4.80958154960668,-1.0,I trust them to fix any medical or technological difficulties because they're so reliable and hardworking.,NA,我相信他们能够解决任何医疗或技术难题，因为他们非常可靠且勤奋。,213,1,55,0,4,50-59
4384,AUS,Australia,valid1,none,MEDIUM,odd_even_low,1,0,0,0,1,3.0,4.807624349563565,-1.0,With the help of science we can better understand the culture and societies that are happens around us.,NA,在科学的帮助下，我们可以更好地了解我们周围发生的文化和社会。,213,1,55,0,4,50-59
4397,AUS,Australia,valid1,none,MEDIUM,odd_even_low,1,0,0,0,1,3.0,4.167499405165233,-1.0,"Scientific understanding empowers us to innovate in the technological realm, find workable solutions to real-world issues, and make well-informed choices as individuals and as a society. Usefulness is the glue that binds science and its applications together, and as our understanding of the natural world expands, so might the range of possible applications that spring from it.",NA,科学理解使我们能够在技术领域进行创新，为现实世界的问题找到可行的解决方案，并作为个人和社会做出明智的选择。实用性是将科学及其应用结合在一起的粘合剂，随着我们对自然世界的了解不断扩大，由此产生的可能应用范围也可能会扩大。,213,1,21,1,4,18-29
4410,AUS,Australia,valid1,none,MEDIUM,odd_even_low,1,0,0,0,1,4.0,6.329672793020862,-0.9191450300180578,NA,It provides a lot of scientific research,,213,1,28,1,3,18-29
4414,AUS,Australia,invalid,existing,MEDIUM,odd_even_low,1,0,0,0,1,4.0,4.505800551245228,-1.0,-99,NA,-99,213,1,55,0,4,50-59
4430,AUS,Australia,valid1,none,MEDIUM,odd_even_low,1,0,0,0,1,3.0,5.046660368141195,-1.0,Science helps us to organise our daily life activities and science also helps us to communicate with others more easily.,NA,科学帮助我们组织日常生活活动，科学也帮助我们更轻松地与他人沟通。,213,1,55,0,4,50-59
4432,AUS,Australia,valid1,none,MEDIUM,odd_even_low,1,0,0,0,1,3.0,4.223887814164187,-1.0,Everybody is benefitted from science in some way or the other,NA,每个人都以某种方式从科学中受益,213,1,24,1,3,18-29
4604,BGD,Bangladesh,valid1,none,MEDIUM,odd_even_low,1,0,0,0,1,7.0,4.849126621274623,-0.8783100656536799,NA,Evidence of practical experience makes a scientist to justify things.,,213,1,48,1,4,40-49
4780,BGD,Bangladesh,valid1,none,MEDIUM,odd_even_low,1,0,0,0,1,9.0,5.833556961745098,-0.9438798074485389,"Humans benefit greatly from science, as almost all things are now science dependent",NA,人类从科学中受益匪浅，因为现在几乎所有事物都依赖于科学,213,1,43,0,4,40-49
4785,BGD,Bangladesh,valid1,none,MEDIUM,odd_even_low,1,0,0,0,1,6.0,8.812719893837016,-0.8795367562872954,NA,Concentration. Confidence. And honest thoughts. Etc,,213,1,40,0,4,40-49
4815,BGD,Bangladesh,valid1,none,MEDIUM,odd_even_low,1,0,0,0,1,9.0,3.2419889510109865,-1.0,"Peoples are getting support from Science. Science making the technology richer. We are taking advantages using technology every day. Science is making everybody's life easier. We can watch various news through TV, Internet etc. ",NA,人们正在得到科学的支持。科学使技术更加丰富。我们每天都在利用技术优势。科学正在让每个人的生活变得更加轻松。我们可以通过电视、互联网等观看各种新闻。,213,1,57,1,3,50-59
4963,BGR,Bulgaria,invalid,existing,MEDIUM,mahalanobis_outlier,1,0,0,1,0,19.0,9.928915054290696,0.0,NA,.,,213,1,54,1,2,50-59
5450,BOL,Bolivia,valid1,none,MEDIUM,odd_even_low,1,0,0,0,1,6.0,5.062908470422929,-1.0,NA,"Sus niveles de estudios, que tenga conocimiento sobre el tema y se vea la experiencia.",,213,1,22,0,3,18-29
5562,BOL,Bolivia,valid1,none,MEDIUM,mahalanobis_outlier,1,0,0,1,0,13.0,9.616563902970817,0.6145365509176758,NA,Tener buena conducta y decir laverdad ,,213,1,30,NA,3,30-39
5675,BOL,Bolivia,valid1,none,MEDIUM,mahalanobis_outlier,1,0,0,1,0,16.0,10.049071666776793,0.29649972666444047,Todas las personas porque es pará nuestro beneficio,NA,所有人，因为这是为了我们的利益,213,1,42,0,4,40-49
5698,BOL,Bolivia,valid1,none,MEDIUM,odd_even_low,1,0,0,0,1,15.0,4.546943926515577,-1.0,NA,"Que salga a decir delante de las personas todo lo que sabe no en una conferencia, no en una revista , no en televisión
 Si no al aire libre a la gente sin que se lo pregunten.",,213,1,25,1,3,18-29
5719,BOL,Bolivia,invalid,existing,MEDIUM,mahalanobis_outlier,1,0,0,1,0,12.0,9.512588970306595,-0.24359938288234503,NA,que sea comprobado y aprobado ,,213,1,37,0,3,30-39
5728,BOL,Bolivia,valid1,none,MEDIUM,odd_even_low,1,0,0,0,1,11.0,6.930639935856287,-0.9518172686249524,Los au fabrican loz medicamentos ,NA,澳大利亚制造药品,213,1,18,2,3,18-29
5997,BRA,Brazil,valid1,none,MEDIUM,mahalanobis_outlier,1,0,0,1,0,6.0,11.275357043991443,0.2464320290450721,Os cientistas trazendo muitas informações,NA,科学家带来了大量信息,213,1,26,0,2,18-29
6095,BRA,Brazil,invalid,existing,MEDIUM,longstring_exceed,1,0,1,0,0,43.0,2.7121013778553293,,Não tenho uma opinião formada sobre o assunto.,NA,我对此事没有意见。,213,1,62,0,3,60+
6154,BRA,Brazil,valid1,none,MEDIUM,odd_even_low,1,0,0,0,1,5.0,5.479277138740338,-1.0,NA,"O histórico do cientista, as pesquisas que já fez, o quão ele está comprometido com a verdade e dados científicos",,213,1,19,1,3,18-29
6349,BRA,Brazil,valid1,none,MEDIUM,odd_even_low,1,0,0,0,1,9.0,4.3705671077550114,-1.0,NA,"A eficiencia e certificação de suas descobertas cientificas,provas incontestáveis do seu traballho junto á comunidade.",,213,1,70,1,4,60+
6360,BRA,Brazil,valid1,none,MEDIUM,odd_even_low,1,0,0,0,1,15.0,3.0870884342073595,-1.0,"Todos nós nos beneficiados da ciência,  ela está en tudo,  desde i que comemos, medicamentos,  tudo é ciência.",NA,我们都受益于科学，它无处不在，从我们吃的东西、药物，一切都是科学。,213,1,58,0,4,50-59
6385,BRA,Brazil,valid1,none,MEDIUM,odd_even_low,1,0,0,0,1,5.0,3.745146663771932,-1.0,"O ser humano e sempre mais beneficiado pela ciência, Porém, muitos dos avanços da ciência e tecnologia vai de encontro ao bem estar do homem e do planeta, gerando danos a saúde e ao ecossistema do planeta.",NA,人类总是从科学中获得更多的利益。然而，科学技术的许多进步与人类和地球的福祉背道而驰，对健康和地球生态系统造成损害。,213,1,64,1,4,60+
6449,BRA,Brazil,invalid,existing,MEDIUM,longstring_exceed,1,0,1,0,0,48.0,2.599861324979148,,a saude de povo,NA,人民健康,213,1,64,1,3,60+
6548,BRA,Brazil,valid1,none,MEDIUM,odd_even_low,1,0,0,0,1,3.0,4.738479184840668,-1.0,Acho que o maior beneficiário com o estudo da ciência é a humanidade de modo geral. Porque a busca pela evolução certamente necessita de uma boa base cientifíca.,NA,我认为科学研究的最大受益者是整个人类。因为寻找进化论当然需要良好的科学基础。,213,1,36,1,3,30-39
6647,BRA,Brazil,valid1,none,MEDIUM,odd_even_low,1,0,0,0,1,8.0,2.8926568887380077,-1.0,NA,"O conhecimento que ele tem e como desenvolve na area de estudo,a que se dedicou,comprometimento com a ciência.",,213,1,42,0,3,40-49
6674,BRA,Brazil,valid1,none,MEDIUM,mahalanobis_outlier,1,0,0,1,0,7.0,10.27481242111801,0.3872983346207417,"Em primeiro lugar a população que se beneficia,com as benefícios da ciência. Em seguida a mídia que pode promover o bem ao mesmo tempo aterrorizar a população, ganhando com Ibope. E terceiros as empresas de limpeza e saúde com vendas de produtos.",NA,首先，受益于科学的人群。然后是可以在恐吓民众的同时宣扬正义的媒体，从 Ibope 中受益。第三方包括销售产品的清洁和健康公司。,213,1,43,1,3,40-49
7209,BRA,Brazil,valid1,none,MEDIUM,odd_even_low,1,0,0,0,1,7.0,3.7981445808813064,-1.0,"pra mim quem se beneficia mais somos nós, pelo fato da ciencia sempre estar evoluindo e isso favorece mais nos seres humanos que usurfruimos de tecnologias e medicina avançada
",NA,对我来说，我们是受益最多的人，因为科学总是在不断发展，这对于受益于技术和先进医学的人类来说更有利。,213,1,22,1,3,18-29
7210,BRA,Brazil,valid1,none,MEDIUM,mahalanobis_outlier,1,0,0,1,0,3.0,10.25707468163308,0.0,Eu creio qe são os elaboradores e aqueles qe tbm usa a ciência,NA,我相信他们是开发者，也是使用科学的人,213,1,43,0,2,40-49
7238,BRA,Brazil,invalid,existing,MEDIUM,mahalanobis_outlier,1,0,0,1,0,25.0,10.667918270366819,0.7453559924999299,NA,-99,,213,1,24,0,3,18-29
7244,BRA,Brazil,valid1,none,MEDIUM,odd_even_low,1,0,0,0,1,6.0,5.966311148457548,-1.0,"Os cientista
Porque eles que são os caras que ganham o Oscar né",NA,"科学家
因为他们是赢得奥斯卡奖的人，对吗？",213,1,33,1,2,30-39
7302,BRA,Brazil,valid1,none,MEDIUM,mahalanobis_outlier,1,0,0,1,0,4.0,11.289745362828606,0.35179877236514595,Os homens pq trabalha muito,NA,男人因为他们工作很多,213,1,20,2,2,18-29
7304,BRA,Brazil,valid1,none,MEDIUM,mahalanobis_outlier,1,0,0,1,0,5.0,10.59782890412812,-0.485071250072666,Alunos de escolas,NA,学校学生,213,1,22,1,3,18-29
7311,BRA,Brazil,invalid,existing,MEDIUM,mahalanobis_outlier,1,0,0,1,0,4.0,10.666250423387838,-0.5421504638991587,NA,Os seus projetos,,213,1,19,1,4,18-29
7425,BWA,Botswana,valid1,none,MEDIUM,mahalanobis_outlier,1,0,0,1,0,7.0,9.26003005495347,,NA,Consistentent researches on relevant topics in relevant communities ,,213,1,50,0,4,50-59
7502,BWA,Botswana,valid1,none,MEDIUM,mahalanobis_outlier,1,0,0,1,0,4.0,9.197784618738766,0.8276169601789948,Science helps us to understand how the world is made... Which is very important in our life,NA,科学帮助我们了解世界是如何形成的......这在我们的生活中非常重要,213,1,28,1,4,18-29
7591,BWA,Botswana,valid1,none,MEDIUM,mahalanobis_outlier,1,0,0,1,0,4.0,9.052942455630092,-0.18698939800169143,I think we all benefit from science since we learn something related to science very single day,NA,我认为我们都从科学中受益，因为我们每天都会学到与科学相关的东西,213,1,23,2,3,18-29
7841,CAN,Canada,valid1,none,MEDIUM,mahalanobis_outlier,1,0,0,1,0,7.0,10.918733887125015,0.6432675209026768,i believe we all beniifit but most of all our future generations will benefit even more and so on,NA,我相信我们都会受益，但最重要的是我们的子孙后代会受益更多，等等,213,1,43,0,1,40-49
7896,CAN,Canada,invalid,existing,MEDIUM,longstring_exceed,1,0,1,0,0,46.0,2.298643711783939,,NA,Evidence that backs it up and is just logical thinking ,,213,1,19,1,3,18-29
7904,CAN,Canada,invalid,existing,MEDIUM,longstring_exceed,1,0,1,0,0,57.0,2.230530435221196,,People who think it can help it the future,NA,认为它可以帮助未来的人,213,1,23,1,4,18-29
7937,CAN,Canada,invalid,existing,MEDIUM,longstring_exceed,1,0,1,0,0,57.0,2.3026606434133936,,research and knowledge,NA,研究和知识,213,1,42,0,4,40-49
8020,CAN,Canada,invalid,existing,MEDIUM,longstring_exceed,1,0,1,0,0,53.0,2.3223282250243718,,"We as humans benefit the most as it improves our ways of living, makes us healthier ",NA,我们人类受益最多，因为它改善了我们的生活方式，让我们更健康,213,1,41,0,4,40-49
8044,CAN,Canada,invalid,existing,MEDIUM,longstring_exceed,1,0,1,0,0,37.0,6.521596918656969,,"Nothing benefits it at all
",NA,对它一点好处都没有,213,1,51,0,4,50-59
8095,CAN,Canada,invalid,existing,MEDIUM,longstring_exceed,1,0,1,0,0,57.0,2.2644039317719256,,"Scientific knowledge allows us to develop new technologies, solve practical problems, and make informed decisions — both individually and collectively. ",NA,科学知识使我们能够开发新技术、解决实际问题并做出明智的决策——无论是个人还是集体。,213,1,43,1,4,40-49
8258,CAN,Canada,invalid,existing,MEDIUM,mahalanobis_outlier,1,0,0,1,0,10.0,9.972781216486503,-0.10787197799411874,Idk. I don’t know anything about it.,NA,我不知道。我对此一无所知。,213,1,19,0,3,18-29
8286,CAN,Canada,valid1,none,MEDIUM,odd_even_low,1,0,0,0,1,16.0,6.968934758803886,-0.8944271909999159,NA,"The number one thing that I believe makes a scientist trustworthy is the inability to have his research/finding bought. As in, pay him to change his findings in order to further a hidden agenda.",,213,1,40,0,4,40-49
8366,CAN,Canada,invalid,existing,MEDIUM,longstring_exceed,1,0,1,0,0,57.0,2.3739855381486437,,NA,Proof of existence,,213,1,29,1,4,18-29
8408,CAN,Canada,invalid,existing,MEDIUM,longstring_exceed,1,0,1,0,0,57.0,2.410213910148595,,Everyone benefits from science as it provides more understanding of things.,NA,每个人都从科学中受益，因为它提供了对事物的更多理解。,213,1,33,1,4,30-39
8433,CAN,Canada,valid1,none,MEDIUM,odd_even_low,1,0,0,0,1,10.0,7.175994181396571,-0.9135002783911397,NA,"A scientist is considered trustworthy if they demonstrate the following qualities:
1. Objectivity: A scientist must approach their research without personal bias and use systematic methods to ensure accurate results.
2. Expertise: A scientist must have the necessary education, training, and experience in their field of study.
3. Reproducibility: A scientist's work should be able to be replicated and verified by other scientists.
4. Transparency: A scientist must be open and honest about their methods, results, and potential sources of error.
5. Peer review: A scientist's work must undergo a rigorous review by other experts in their field to ensure accuracy and credibility.
Overall, a trustworthy scientist is one who follows established ethical and scientific standards in their research and reporting of results.",,213,1,54,1,4,50-59
8434,CAN,Canada,invalid,existing,MEDIUM,longstring_exceed,1,0,1,0,0,57.0,2.0865702970391014,,-99,NA,-99,213,1,27,0,4,18-29
8552,CAN,Canada,invalid,existing,MEDIUM,longstring_exceed,1,0,1,0,0,44.0,4.495308487566156,,NA,My opinion is trustworthy ,,213,1,24,0,4,18-29
8605,CAN,Canada,invalid,existing,MEDIUM,longstring_exceed,1,0,1,0,0,57.0,2.1527167865624284,,NA,not sure,,213,1,45,1,4,40-49
8729,CAN,Canada,invalid,existing,MEDIUM,longstring_exceed,1,0,1,0,0,38.0,2.1527167865624284,,NA,Science is fact! We all learn from science ,,213,1,50,1,4,50-59
8763,CAN,Canada,invalid,existing,MEDIUM,longstring_exceed,1,0,1,0,0,57.0,2.1527167865624284,,NA,NONE,,213,1,23,0,4,18-29
8790,CAN,Canada,valid1,none,MEDIUM,odd_even_low,1,0,0,0,1,4.0,7.689318355951302,-0.9258200997725514,NA,Good to know I am going through a lot ,,213,1,38,1,4,30-39
8807,CAN,Canada,invalid,existing,MEDIUM,longstring_exceed,1,0,1,0,0,57.0,2.2854678997555977,,NA,good,,213,1,42,0,4,40-49
8809,CAN,Canada,invalid,existing,MEDIUM,longstring_exceed,1,0,1,0,0,57.0,4.197339169692369,,NA,they can make solution that can prevent diseases and discover new product that are very useful in our everyday life,,213,1,35,1,4,30-39
8903,CAN,Canada,valid1,none,MEDIUM,odd_even_low,1,0,0,0,1,10.0,4.047036857920626,-1.0,"Mankind, we benefit through new technology and realize the harmful ways of the past.",NA,人类，我们通过新技术受益，并认识到过去的有害方式。,213,1,64,1,3,60+
9062,CAN,Canada,invalid,existing,MEDIUM,longstring_exceed,1,0,1,0,0,36.0,4.38798474250004,,none,NA,没有任何,213,1,61,1,2,60+
9173,CAN,Canada,valid1,none,MEDIUM,odd_even_low,1,0,0,0,1,7.0,7.126531253294501,-0.8944271909999159,"I think everyone does cause science is in our every day lives and we never notice,",NA,我认为每个人都这样做，因为科学存在于我们的日常生活中，而我们却从未注意到，,213,1,33,0,4,30-39
9211,CAN,Canada,invalid,existing,MEDIUM,odd_even_low,1,0,0,0,1,4.0,7.743401930534356,-0.9185586535436918,Not sure,NA,没有把握,213,1,23,0,4,18-29
9219,CAN,Canada,invalid,existing,MEDIUM,longstring_exceed,1,0,1,0,0,33.0,4.101330604181338,0.8574929257125441,NA,I really dont know,,213,1,41,1,3,40-49
9227,CAN,Canada,valid1,none,MEDIUM,odd_even_low,1,0,0,0,1,15.0,4.863624997903808,-0.9258200997725514,NA,If they work for a trusted institution ie. university or hospital.  If they are not motivated by huge endorsements.,,213,1,53,0,4,50-59
9249,CAN,Canada,valid1,none,MEDIUM,odd_even_low,1,0,0,0,1,4.0,4.9787471133921555,-1.0,NA,science research,,213,1,56,1,4,50-59
9320,CAN,Canada,invalid,existing,MEDIUM,longstring_exceed,1,0,1,0,0,39.0,3.013640666411948,-0.2,I think society benefits the most off of science. Mainly because it helps us evolve and we learn new things from science ,NA,我认为社会从科学中受益最多。主要是因为它帮助我们进化并从科学中学习新事物,213,1,26,1,3,18-29
9325,CAN,Canada,invalid,existing,MEDIUM,longstring_exceed,1,0,1,0,0,32.0,2.3026606434133936,,I don't know ,NA,我不知道,213,1,25,0,3,18-29
9343,CAN,Canada,invalid,existing,MEDIUM,mahalanobis_outlier,1,0,0,1,0,29.0,10.976064242733813,1.0,I don't know ,NA,我不知道,213,1,25,1,3,18-29
9353,CAN,Canada,invalid,existing,MEDIUM,longstring_exceed,1,0,1,0,0,39.0,2.3536117769992195,,NA,I am not sure,,213,1,51,0,4,50-59
9361,CAN,Canada,invalid,existing,MEDIUM,odd_even_low,1,0,0,0,1,4.0,5.073790099552221,-1.0,Exciting ,NA,令人兴奋,213,1,30,0,4,30-39
9568,CAN,Canada,valid1,none,MEDIUM,odd_even_low,1,0,0,0,1,15.0,4.260857144792639,-1.0,The benefits from science come from the technological advances science allows. This allows more information to be used in the day to day decisions.,NA,科学的好处来自于科学所允许的技术进步。这允许在日常决策中使用更多信息。,213,1,64,1,4,60+
9589,CAN,Canada,valid1,none,MEDIUM,odd_even_low,1,0,0,0,1,3.0,4.84482548415791,-1.0,"Science is an important topic for knowledge, interest in the world around us and keeping in touch with happenings around the world",NA,科学是知识、对我们周围世界的兴趣以及与世界各地发生的事情保持联系的重要主题,213,1,74,0,4,60+
9620,CAN,Canada,invalid,existing,MEDIUM,longstring_exceed,1,0,1,0,0,57.0,2.230530435221196,,not sure ,NA,没有把握,213,1,48,0,4,40-49
9647,CAN,Canada,invalid,existing,MEDIUM,longstring_exceed,1,0,1,0,0,42.0,2.1527167865624284,,NA,I am not sure how much i trust scientists because different scientists get different opinions on same topic,,213,1,33,1,4,30-39
9648,CAN,Canada,valid1,none,MEDIUM,mahalanobis_outlier,1,0,0,1,0,6.0,9.917192240738078,-0.3492151478847891,the human race. Why so we better understand things the more we know the better.,NA,人类。为什么我们知道的越多越好，我们就能更好地理解事物。,213,1,34,1,4,30-39
9665,CAN,Canada,valid1,none,MEDIUM,mahalanobis_outlier,1,0,0,1,0,2.0,11.517040183841887,-0.49572653671053457,NA,"A scientist is trustworthy when they demonstrate a high level of integrity, objectivity, and accountability in their work. This means that they conduct their research with honesty and transparency, follow established protocols and methodologies, and report their findings accurately and without bias. A trustworthy scientist also acknowledges and addresses any limitations or uncertainties in their work, and is willing to revise their conclusions based on new evidence. Additionally, a scientist who collaborates with others and shares their data openly and freely is more likely to be perceived as trustworthy by their peers and the public. Ultimately, a scientist's reputation for trustworthiness depends on their commitment to the pursuit of knowledge with honesty, rigor, and a dedication to advancing the greater good.",,213,1,22,1,4,18-29
9751,CAN,Canada,valid1,none,MEDIUM,mahalanobis_outlier,1,0,0,1,0,5.0,10.255049851094016,0.4889012070387047,NA,History of correct theories and good projects ,,213,1,23,1,4,18-29
9755,CAN,Canada,valid1,none,MEDIUM,mahalanobis_outlier,1,0,0,1,0,3.0,10.086772504261077,-0.18938850476964256,I think the normal working class and scientists benefit the most from science because it’s a new discovery and can broaden our outlook on the world.,NA,我认为普通工人阶级和科学家从科学中受益最多，因为它是一个新发现，可以拓宽我们的世界观。,213,1,24,0,4,18-29
9847,CAN,Canada,invalid,existing,MEDIUM,longstring_exceed,1,0,1,0,0,71.0,6.521596918656969,,Na1,NA,钠1,213,1,45,0,4,40-49
9900,CAN,Canada,invalid,existing,MEDIUM,longstring_exceed,1,0,1,0,0,57.0,2.279084060271043,,NA,"Knowing the facts, the trustworthiness",,213,1,27,1,4,18-29
9938,CAN,Canada,invalid,existing,MEDIUM,mahalanobis_outlier,1,0,0,1,0,7.0,10.534693261957404,-0.0682523632789935,Health stem cells ,NA,健康干细胞,213,1,39,2,2,30-39
9958,CAN,Canada,valid1,none,MEDIUM,odd_even_low,1,0,0,0,1,11.0,7.067329825801075,-0.9258200997725514,Le domaine de la science est très vaste. Celui-ci profite à tous ,NA,科学领域非常广阔。这对大家都有好处,213,1,49,0,3,40-49
10006,CAN,Canada,invalid,existing,MEDIUM,mahalanobis_outlier,1,0,0,1,0,7.0,10.748808929414592,0.6488856845230502,NA,À quel point connaît-il vraiment la science?,,213,1,36,1,3,30-39
10014,CAN,Canada,valid1,none,MEDIUM,mahalanobis_outlier,1,0,0,1,0,8.0,9.762279381953284,0.68,NA,The research he is doing is important and easy to validate,,213,1,76,1,4,60+
10090,CAN,Canada,invalid,existing,MEDIUM,longstring_exceed,1,0,1,0,0,57.0,2.478592075125834,,NA,providing facts with knowledge and using examples that are concise,,213,1,33,1,4,30-39
10100,CAN,Canada,invalid,existing,MEDIUM,longstring_exceed,1,0,1,0,0,39.0,4.621789435135119,,NA,No,,213,1,37,0,2,30-39
10162,CAN,Canada,valid1,none,MEDIUM,odd_even_low,1,0,0,0,1,4.0,4.019876702490335,-1.0,NA,"if he's not pay by Big Pharma, ",,213,1,39,0,4,30-39
10166,CAN,Canada,valid1,none,MEDIUM,mahalanobis_outlier,1,0,0,1,0,12.0,11.221409460816629,-0.3223291856101521,Tout le monde,NA,每个人,213,1,48,1,4,40-49
10175,CAN,Canada,valid1,none,MEDIUM,mahalanobis_outlier,1,0,0,1,0,3.0,9.75591430562625,0.2602896031476768,Society because science makes us understand our health and psychology which benefits our quality of life ,NA,社会，因为科学让我们了解我们的健康和心理，这有利于我们的生活质量,213,1,38,1,3,30-39
10216,CAN,Canada,valid1,none,MEDIUM,mahalanobis_outlier,1,0,0,1,0,8.0,10.070500906485567,0.9397429877987296,Everyone,NA,每个人,213,1,30,1,4,30-39
10248,CAN,Canada,valid1,none,MEDIUM,odd_even_low,1,0,0,0,1,3.0,5.708190865048136,-0.8911327886790069,I think politicians benefit the most from science because they know the inside secrets that the general public doesn’t know ,NA,我认为政治家从科学中受益最大，因为他们知道公众不知道的内部秘密,213,1,23,0,3,18-29
10254,CAN,Canada,valid1,none,MEDIUM,odd_even_low,1,0,0,0,1,16.0,7.928598284718975,-0.9284766908852594,I think the general population and mankind as a whole,NA,我认为广大民众和整个人类,213,1,39,1,3,30-39
10309,CAN,Canada,valid1,none,MEDIUM,odd_even_low,1,0,0,0,1,15.0,5.4477950289105435,-0.8944271909999159,NA,One is the educationa nd research that the scientists does,,213,1,23,0,4,18-29
10372,CHE,Switzerland,valid1,none,MEDIUM,mahalanobis_outlier,1,0,0,1,0,16.0,9.65707646693315,-0.5,"Wissenschaft ist zu einem Metawesen ""verkümmert"", das jeder zitieren und beliebig missbrauchen kann, um seine Position zu rechtfertigen. Z.B.:""Wissenhaftler sagen, dass etc. etc."" oder Wissenschaft hat dies bewiesen."" Als ob es eine Wissenschaft gäbe und nur eine einzige Theorie zu einem bestimmten Ding. Wissenschaft ist eher status praesens der momentanen Wissenstandes, nicht mehr und nicht weniger.",NA,科学已经“萎缩”成一种任何人都可以随意引用和滥用来证明自己立场的元存在。例如：“科学家这么说等等。”或者科学已经证明了这一点。”就好像关于某一事物只有一种科学和一种理论。科学是当前知识状态的状态呈现，仅此而已。,213,1,53,1,4,50-59
10558,CHE,Switzerland,valid1,none,MEDIUM,mahalanobis_outlier,1,0,0,1,0,9.0,10.420135891018452,0.2313694751250452,NA,Wenn sie gross im sinne von Bekanntheit sind. ,,213,1,21,1,3,18-29
10566,CHE,Switzerland,valid1,none,MEDIUM,mahalanobis_outlier,1,0,0,1,0,5.0,9.305736507731186,-0.3464101615137754,NA,Genaue Arbeitsweise die nicht unter Druck ein bestimmtes Resultat erreichen zu sollen gemacht wird ,,213,1,56,0,2,50-59
10572,CHE,Switzerland,valid1,none,MEDIUM,odd_even_low,1,0,0,0,1,14.0,4.049304279941289,-1.0,l'humanité en général ,NA,一般人性,213,1,44,1,3,40-49
10922,CHE,Switzerland,valid1,none,MEDIUM,odd_even_low,1,0,0,0,1,4.0,4.153508111571866,-1.0,L'humanité ,NA,人类,213,1,38,1,4,30-39
10938,CHE,Switzerland,invalid,existing,MEDIUM,longstring_exceed,1,0,1,0,0,35.0,2.2511868739086047,,NA,Rien ,,213,1,54,1,3,50-59
11010,CHE,Switzerland,invalid,existing,MEDIUM,mahalanobis_outlier,1,0,0,1,0,5.0,9.365581494301527,0.7016464154456235,"7J'aime la science, très utile à l'avenir",NA,7我喜欢科学，对未来很有用,213,1,24,1,4,18-29
11067,CHE,Switzerland,invalid,existing,MEDIUM,longstring_exceed,1,0,1,0,0,39.0,2.386174039321818,,NA,-99,,213,1,56,1,3,50-59
11160,CHE,Switzerland,invalid,existing,MEDIUM,longstring_exceed,1,0,1,0,0,43.0,4.870014090752608,0.8944271909999159,Auf jeden fall sicher nicht die einfachen Bürger,NA,无论如何，肯定不是普通公民,213,1,58,1,3,50-59
11167,CHE,Switzerland,valid1,none,MEDIUM,mahalanobis_outlier,1,0,0,1,0,4.0,10.732068126341867,-0.16151457061744964,tourne autour de notre vie quotidienne,NA,围绕我们的日常生活,213,1,26,1,4,18-29
11221,CHE,Switzerland,invalid,existing,MEDIUM,longstring_exceed,1,0,1,0,0,57.0,2.520431606923651,,NA,Studien,,213,1,21,1,3,18-29
11229,CHE,Switzerland,valid1,none,MEDIUM,odd_even_low,1,0,0,0,1,7.0,4.108491940855218,-1.0,NA,"La volontà con cui fa il suo lavoro, l'impegno di cercare e studiare nuovi metodi per aiutare il mondo a vivere meglio",,213,1,61,0,2,60+
11322,CHE,Switzerland,invalid,existing,MEDIUM,mahalanobis_outlier,1,0,0,1,0,3.0,10.927640052657278,-0.25,NA,Corona war für mich eine entsetzliche Wahrheit ,,213,1,62,0,3,60+
11406,CHL,Chile,valid1,none,MEDIUM,odd_even_low,1,0,0,0,1,16.0,7.621585250059461,-0.9284766908852594,NA,"Un científico confiable es quien protege a los seres humanos
Científicos confiables son los qe no son sobornados para hacer virus para aniquilar a las poblaciones a nivel mundial
Cientificos confiables son aquellos qe aportan ala ciencia para ayudar a las personas y no perjudicar su salud. ",,213,1,29,0,3,18-29
11445,CHL,Chile,valid1,none,MEDIUM,odd_even_low,1,0,0,0,1,8.0,6.146196771097052,-0.9079593845004517,"Dependiendo de area, en temas de salud los mas beneficiados por el momento son las farmaceuticas. En el pais todo lo relacionado con otras areas es de alto costo monetario no llegando a todas las personas.",NA,根据不同领域的不同，目前在健康问题上受益最大的是制药公司。在国内，与其他领域相关的一切都具有很高的货币成本，并且无法惠及所有人。,213,1,37,0,4,30-39
11520,CHL,Chile,valid1,none,MEDIUM,mahalanobis_outlier,1,0,0,1,0,13.0,10.138099676357562,0.1889822365046136,"La ciencias es importante para el desarrollo de vacunas, técnicas medicas y soluciones en la medicina y muchas enfermedades para salvar vidas",NA,科学对于开发疫苗、医疗技术和医学解决方案以及拯救生命的许多疾病非常重要。,213,1,40,0,4,40-49
11689,CHL,Chile,valid1,none,MEDIUM,mahalanobis_outlier,1,0,0,1,0,16.0,10.001633372187449,0.7800390029252439,En mi opinión los que más se benefician de la ciencia es todo el público en general porque relativamente todo lo que nos rodea implica ciencia aunque no lo veamos todo a nuestro alrededor es ciencia ,NA,在我看来，从科学中受益最多的人是普罗大众，因为相对而言，我们周围的一切都涉及科学，即使我们看不到，但我们周围的一切都是科学。,213,1,20,0,3,18-29
11752,CHL,Chile,valid1,none,MEDIUM,odd_even_low,1,0,0,0,1,16.0,6.293996032795156,-0.8783100656536799,"los que más se benefician de la ciencia son los niños, ya que aprenden cosas nuevas, ayuda a desarrollar su inteligencia y su curiosidad, el buscar el porqué de las cosas y no conformarse con lo que le dicen solamente ",NA,从科学中受益最多的人是儿童，因为他们学习新事物，这有助于他们发展智力和好奇心，寻找事物的原因，而不是满足于刚刚被告知的内容。,213,1,23,0,4,18-29
11765,CHL,Chile,valid1,none,MEDIUM,odd_even_low,1,0,0,0,1,7.0,8.225812134549983,-0.9139076937674137,NA,Que tenga evidencia que respalde sus ideas u opiniones,,213,1,29,0,4,18-29
11796,CHL,Chile,invalid,existing,MEDIUM,longstring_exceed,1,0,1,0,0,43.0,6.748200373551695,0.6123724356957946,NA,"que sea confiable? ... pues que lo que el haya creado, funcioné a la perfección para a si las personas confien en lo que el haga!!",,213,1,30,NA,3,30-39
11840,CHL,Chile,valid1,none,MEDIUM,odd_even_low,1,0,0,0,1,5.0,4.284531767248488,-0.8783100656536799,NA,Creo que la cantidad de información comprobable queda y la veracidad de lo que dice y su trayectoria también es importante y lo que este estudiando o el proyecto que tenga ,,213,1,39,1,3,30-39
11922,CHL,Chile,valid1,none,MEDIUM,odd_even_low,1,0,0,0,1,8.0,4.437535646862663,-1.0,"Creo que los que más se benefician de la ciencia somos nosotros mismos ya que cada avance es un gran paso en todo sentido, específicamente clínico ya que gracias a la ciencia se han encontrado muchas curas de diversas enfermedades por cual como seres humanos,le debemos mucho a la ciencia ",NA,我相信，从科学中受益最多的人就是我们自己，因为每一次进步在各个意义上都是伟大的一步，特别是临床方面，因为由于科学，我们已经找到了许多治疗各种疾病的方法，作为人类，我们对科学有很大的帮助。,213,1,27,1,4,18-29
11928,CHL,Chile,valid1,none,MEDIUM,mahalanobis_outlier,1,0,0,1,0,5.0,9.92537617762113,0.5976143046671968,si hablamos médica yo creo que los que más se benefician son la gente con algún tipo de discapacidad sin embargo si nos vamos a otro tipo de ciencia entonces creo que la población en general esto es debido aquí la ciencia es lo que mueve a la humanidad por lo tanto es la que da sus avances a esta,NA,如果我们谈论医学，我相信受益最多的是患有某种残疾的人，但是，如果我们谈论另一种类型的科学，那么我相信一般人，这是因为在这里，科学推动了人类，因此它为这一领域带来了进步。,213,1,35,1,4,30-39
12136,CHL,Chile,invalid,existing,MEDIUM,mahalanobis_outlier,1,0,0,1,0,6.0,10.568045282218062,0.48949357543898325,NA,Mi opinión es que todo mejore ,,213,1,46,1,2,40-49
12230,CHL,Chile,valid1,none,MEDIUM,mahalanobis_outlier,1,0,0,1,0,8.0,10.687963140111638,0.2809757434745082,Los laboratorios ya que ellos a encontrar la cura de alguna emfermedad empiezan a lucrar con el remedio que fabricaron y le sacan mucho a ese proyecto,NA,实验室自从找到了治疗某些疾病的方法后，就开始从他们制造的药物中获利，并从该项目中获益匪浅。,213,1,45,1,4,40-49
12349,CHL,Chile,valid1,none,MEDIUM,odd_even_low,1,0,0,0,1,12.0,5.1793421231574275,-1.0,NA,"Su experiencia dentro del área en qué se especializa 
",,213,1,29,1,4,18-29
12468,CHN,China,invalid,existing,MEDIUM,odd_even_low,1,0,0,0,1,4.0,4.984133451251525,-0.9284766908852594,NA,事实,,213,1,41,1,4,40-49
12997,COL,Colombia,valid1,none,MEDIUM,mahalanobis_outlier,1,0,0,1,0,7.0,9.921575399857849,0.6681531047810609,"Las personas de escasos recursos, ya que pueden ser impactados para cambiar sus vidas ",NA,低收入人群，因为他们可能会受到影响而改变自己的生活,213,1,45,NA,4,40-49
13069,COL,Colombia,invalid,existing,MEDIUM,longstring_exceed,1,0,1,0,0,50.0,4.764621480886159,,SON  ESTUDIOSOS Y BENEFICIAN A LA HUMANIDAD,NA,他们勤奋好学，造福人类,213,1,65,NA,3,60+
13223,COL,Colombia,invalid,existing,MEDIUM,longstring_exceed,1,0,1,0,0,57.0,4.71935818305894,,"SE beneficia la misma sociedad y es para mejorar la calidad de vida de cada persona, mejorar su educacion para poder resolver o aplicar cococimientos que permitan generar cambios y un mejor oportunidad al realizar alguna actividad laboral, familiar, social, etc. ",NA,社会本身受益，它是为了提高每个人的生活质量，改善他们的教育，使其能够解决或应用知识，从而在开展某些工作、家庭、社会活动等时产生变化和更好的机会。,213,1,75,0,3,60+
13232,COL,Colombia,valid1,none,MEDIUM,mahalanobis_outlier,1,0,0,1,0,5.0,10.305421385610027,0.1846372364689991,Toda la humanidad gracias a los avances ,NA,全人类都得益于进步,213,1,23,0,4,18-29
13265,COL,Colombia,valid1,none,MEDIUM,odd_even_low,1,0,0,0,1,10.0,4.198009489363044,-1.0,NA,"las investigaciones que ha realizado, con las respectivas evidencias",,213,1,51,1,4,50-59
13406,COL,Colombia,invalid,existing,MEDIUM,longstring_exceed,1,0,1,0,0,71.0,7.185077279489166,,NA,213,,213,1,NA,NA,1,NA
13454,COL,Colombia,valid1,none,MEDIUM,odd_even_low,1,0,0,0,1,14.0,6.682269521165855,-0.8783100656536799,Los m?s adinerados por quï¿½ï¿½ï¿½ï¿,NA,为什么最有钱？,213,1,40,1,3,40-49
13472,COL,Colombia,valid1,none,MEDIUM,mahalanobis_outlier,1,0,0,1,0,16.0,10.298855324452813,1.0,La humanidad entera,NA,整个人类,213,1,33,1,4,30-39
13478,COL,Colombia,invalid,existing,MEDIUM,longstring_exceed,1,0,1,0,0,43.0,5.7738652988889,,No veo mayor beneficio,NA,我没有看到任何更大的好处,213,1,37,1,4,30-39
13639,CRI,Costa Rica,valid1,none,MEDIUM,odd_even_low,1,0,0,0,1,6.0,8.79004426035051,-1.0,NA,Para qe un científico sea confiable debe de ser original en sus cosas siempre andar adelante de las cosas pensar siempre en tecnología buena así sería co fiable,,213,1,29,1,2,18-29
13711,CRI,Costa Rica,valid1,none,MEDIUM,mahalanobis_outlier,1,0,0,1,0,15.0,9.077711433227453,-0.10660035817780521,NA,que la información que comente la verifique o evidencie con los artículos de investigación que utilizó para el tema,,213,1,22,0,3,18-29
13853,CRI,Costa Rica,valid1,none,MEDIUM,odd_even_low,1,0,0,0,1,3.0,4.047554591010156,-0.8783100656536799,NA,Que pueda hacer valer su hipotesis o teoria en base al metodo cientifico,,213,1,32,1,3,30-39
13854,CRI,Costa Rica,valid1,none,MEDIUM,odd_even_low,1,0,0,0,1,7.0,3.6164889407055316,-1.0,NA,"Es muy importante los resultados de cualquier científico, que de credibilidad de la función del mismo ",,213,1,46,1,3,40-49
13906,CRI,Costa Rica,valid1,none,MEDIUM,odd_even_low,1,0,0,0,1,3.0,4.658833098908997,-1.0,"dependiendo del punto de vista, puede ser que la ciencia sea mas beneficiosas para las personas que los producen, por eso adquieren los untiles para seguir realizando sus investigaciones, pero a la ves, las personas finales de algunos estudios científicos, por ejemplo, a la hora de las vacunas del covid, muchas personas se beneficiaron por los resultados que se dieron por una investigación científica, pero a la hora de vender esos productos, los beneficiados son los productores.",NA,根据不同的观点，科学可能对生产它们的人更有利，这就是为什么他们获得了继续进行研究的原因，但同时，一些科学研究的最终人，例如，当涉及到新冠疫苗时，许多人从科学研究给出的结果中受益，但当涉及到销售这些产品时，受益者是生产者。,213,1,25,1,4,18-29
13915,CRI,Costa Rica,valid1,none,MEDIUM,odd_even_low,1,0,0,0,1,6.0,4.546579462660744,-1.0,Creo que que la ciencia es importante para el desarrollo de la sociedad,NA,我相信科学对于社会的发展很重要。,213,1,54,1,4,50-59
13987,CRI,Costa Rica,valid1,none,MEDIUM,mahalanobis_outlier,1,0,0,1,0,15.0,8.997420757466116,-0.14638501094227999,NA,Sus investigaciones y conclusiones sobre el tema en específico.,,213,1,34,1,3,30-39
14017,CRI,Costa Rica,invalid,existing,MEDIUM,mahalanobis_outlier,1,0,0,1,0,13.0,10.28461424144248,-0.2,NA,Sida,,213,1,20,1,4,18-29
14107,CZE,Czech Republic,valid1,none,MEDIUM,mahalanobis_outlier,1,0,0,1,0,13.0,10.431703678254326,0.07575540190785703,NA,"odborné znalosti, vysoké IQ, skromnost, pokora, cílevědomost, věrohodnost, pracovotost houževnatost, píle, soudnost, logické myšlení, ctižádost, trpělivost",,213,1,59,1,4,50-59
14159,CZE,Czech Republic,invalid,existing,MEDIUM,longstring_exceed,1,0,1,0,0,41.0,9.148350373734633,0.8468261737804974,NA,-99,,213,1,26,0,3,18-29
14235,CZE,Czech Republic,invalid,existing,MEDIUM,longstring_exceed,1,0,1,0,0,33.0,2.0302543264381905,,NA,Výsledky,,213,1,45,1,3,40-49
14429,CZE,Czech Republic,valid1,none,MEDIUM,mahalanobis_outlier,1,0,0,1,0,9.0,9.828261372436035,0.6757246285173463,NA,Zkoumají nové věci ,,213,1,19,1,3,18-29
14829,DNK,Denmark,invalid,existing,MEDIUM,longstring_exceed,1,0,1,0,0,57.0,2.1980354114781915,,NA,Bevismateriale,,213,1,25,0,2,18-29
14834,DNK,Denmark,valid1,none,MEDIUM,odd_even_low,1,0,0,0,1,6.0,4.490859232179511,-0.8944271909999159,NA,"At forskningen forholder sig værdifri og det at det tydeligt fremgår, på hvilken basis forskningen er blevet foretaget/hvem der har betalt for forskningen",,213,1,28,1,4,18-29
14950,DNK,Denmark,invalid,existing,MEDIUM,mahalanobis_outlier,1,0,0,1,0,3.0,10.575897083854855,0.592156525463792,NA,Peer opbaket publikationer,,213,1,23,1,3,18-29
15031,DNK,Denmark,invalid,existing,MEDIUM,mahalanobis_outlier,1,0,0,1,0,6.0,11.303703547717475,0.20447945297729908,NA,Ved ikke så.meget om det,,213,1,50,0,2,50-59
15035,DNK,Denmark,invalid,existing,MEDIUM,mahalanobis_outlier,1,0,0,1,0,22.0,9.661930316228242,,-99,NA,-99,213,1,55,1,4,50-59
15091,DNK,Denmark,valid1,none,MEDIUM,odd_even_low,1,0,0,0,1,7.0,6.3804603281049195,-0.8783100656536799,NA,Kildekritik,,213,1,32,1,3,30-39
15344,DNK,Denmark,invalid,existing,MEDIUM,longstring_exceed,1,0,1,0,0,33.0,2.938856331532799,,NA,Evidens,,213,1,40,0,4,40-49
15435,DNK,Denmark,valid1,none,MEDIUM,odd_even_low,1,0,0,0,1,6.0,5.624978492272847,-0.8783100656536799,"Det at, der er mennesker, der har interesse i vores planet, helbred, energi, transport og meget andet. Er for mig, nogen vi ikke kan forsætte vores liv uden. For uden dem vil der være kaos. Derfor mener jeg at forskning og forskere, er vigtige for vores forsatte liv på denne jord.",NA,事实上，有人对我们的星球、健康、能源、交通等等感兴趣。是为了我，一个没有了我们就无法继续生活的人。因为没有他们就会出现混乱。这就是为什么我相信研究和研究人员对于我们在地球上的持续生活很重要。,213,1,55,0,4,50-59
15596,DNK,Denmark,invalid,existing,MEDIUM,mahalanobis_outlier,1,0,0,1,0,4.0,11.390654404658235,-0.5823490660957641,NA,Alt,,213,1,32,1,4,30-39
15623,DNK,Denmark,invalid,existing,MEDIUM,mahalanobis_outlier,1,0,0,1,0,19.0,10.085051785214146,0.8976571010886093,opdager nye ting,NA,发现新事物,213,1,22,1,4,18-29
15667,DNK,Denmark,invalid,existing,MEDIUM,mahalanobis_outlier,1,0,0,1,0,4.0,9.900075548041936,0.17149858514250882,NA,-99,,213,1,20,1,2,18-29
15782,DNK,Denmark,invalid,existing,MEDIUM,odd_even_low,1,0,0,0,1,17.0,6.748952467906414,-1.0,Det har vi vel allesammen,NA,我想我们都有这个,213,1,76,2,2,60+
16329,ETH,Ethiopia,valid1,none,MEDIUM,mahalanobis_outlier,1,0,0,1,0,4.0,8.950564067848626,-0.7258300546909606,"It will make our life easy.
Because creates new aplication",NA,"这将使我们的生活变得轻松。
因为创建了新的应用程序",213,1,23,NA,3,18-29
16499,ETH,Ethiopia,invalid,existing,MEDIUM,longstring_exceed,1,0,1,0,0,57.0,4.228542316163897,,NA,To be trustworthy is fending about something with evidence ,,213,1,25,0,4,18-29
16657,ETH,Ethiopia,valid1,none,MEDIUM,mahalanobis_outlier,1,0,0,1,0,14.0,9.32267539013836,-0.5294143019465851,"I think everyone bcause science help us improve thing's in our live and it modernates us so i think everyone benefits from science 
",NA,我认为每个人都因为科学帮助我们改善生活，它使我们现代化，所以我认为每个人都从科学中受益,213,1,24,NA,3,18-29
16799,ITA,Italy,valid1,none,MEDIUM,odd_even_low,1,0,0,0,1,15.0,4.094862939544477,-0.8783100656536799,"chi ha bisogno di cure, cioè tutti.
Il sistema generale.",NA,"谁需要照顾，那就是每个人。
通用系统。",213,1,70,0,3,60+
16962,ITA,Italy,valid1,none,MEDIUM,odd_even_low,1,0,0,0,1,8.0,3.689344214270331,-1.0,NA,La sua vera competenza e preparazione.,,213,1,37,0,3,30-39
17056,BEL,Belgium,valid1,none,MEDIUM,mahalanobis_outlier,1,0,0,1,0,10.0,10.132657959131029,0.34188172937891387,NA,"Streven naar objectiviteit, onafhankelijkheid, bewust zijn van vooroordelen, het resultaat staat niet vast, bereikbaar voor kritiek en uitleg, rechtzetten als nodig is.",,213,1,41,0,4,40-49
17092,BEL,Belgium,valid1,none,MEDIUM,mahalanobis_outlier,1,0,0,1,0,3.0,10.513346577138032,0.29277002188455997,NA,The ability to provide substantial information about obscure facts surrounding man and everything in his environment ,,213,1,24,1,4,18-29
17111,BEL,Belgium,invalid,existing,MEDIUM,longstring_exceed,1,0,1,0,0,42.0,2.4963646172773446,,NA,als ze het kunnen bewijzen,,213,1,53,0,4,50-59
17130,ITA,Italy,valid1,none,MEDIUM,odd_even_low,1,0,0,0,1,9.0,5.481954643060253,-1.0,tutta la comunita',NA,整个社区,213,1,56,1,3,50-59
17208,BEL,Belgium,invalid,existing,MEDIUM,longstring_exceed,1,0,1,0,0,57.0,2.2152347021543597,,idereen heeft er voordeel aan anders kunnen we dit nie doen en nie is wete da we ziek zen,NA,每个人都从中受益，否则我们将无法做到这一点，也不知道我们生病了,213,1,22,1,3,18-29
17393,ITA,Italy,invalid,existing,MEDIUM,longstring_exceed,1,0,1,0,0,55.0,7.018695460543199,,NULL,NA,,213,1,NA,0,3,NA
17517,ITA,Italy,valid1,none,MEDIUM,odd_even_low,1,0,0,0,1,5.0,4.020261905873473,-1.0,NA,Il fatto che abbia studiato una materia scientifica e che continui a studiare per scoprire sempre cose nuove,,213,1,32,0,4,30-39
17602,BEL,Belgium,valid1,none,MEDIUM,mahalanobis_outlier,1,0,0,1,0,6.0,10.064845586131893,0.511833835518347,NA,Accuraatheid,,213,1,38,1,4,30-39
17642,BEL,Belgium,invalid,existing,MEDIUM,odd_even_low,1,0,0,0,1,9.0,4.764953089052642,-1.0,-99,NA,-99,213,1,28,0,4,18-29
17673,ITA,Italy,invalid,existing,MEDIUM,longstring_exceed,1,0,1,0,0,50.0,3.121629930642962,,"Tutti noi, senza distinzione",NA,我们所有人，无差别,213,1,35,1,4,30-39
17729,ITA,Italy,valid1,none,MEDIUM,odd_even_low,1,0,0,0,1,16.0,4.220377967627248,-0.8783100656536799,NA,è una persona che si dedica con passione a risolvere i problemi della ricerca e cheli esprime in modo intellegibile a chi non è avvezzo ai termini  scientifici,,213,1,72,1,4,60+
17938,BEL,Belgium,valid1,none,MEDIUM,mahalanobis_outlier,1,0,0,1,0,15.0,11.078907137327198,,LA SCIENCE BÉNÉFICIE À TOUS LES HOMMES POUR NOUS PERMETTRE DE FAIRE ÉVOLUER EN MIEUX NOS MODES DE VIE...EN MEDECINE POUR LA RECHERCHE MÉDICALE MAIS AUSSI POUR MIEUX COMPRENDRE NOTRE IMPACT CLIMATIQUE COMME L'ÉTUDE DES CAROTTAGES DE LA GLACE POUR DÉCOUVRIR LE CLIMAT PASSÉ...,NA,科学造福所有人，使我们能够更好地改变我们的生活方式……在医学研究方面，同时也能更好地了解我们对气候的影响，例如通过研究冰芯来发现过去的气候……,213,1,42,1,3,40-49
17992,BEL,Belgium,invalid,existing,MEDIUM,longstring_exceed,1,0,1,0,0,57.0,2.3277428215248657,,Daar heb ik geen idee van ben daar niet van op de hoogte en ik volg dat zo niet ,NA,我对此一无所知，我不知道这一点，而且我不这样做,213,1,26,0,3,18-29
18037,ITA,Italy,valid1,none,MEDIUM,odd_even_low,1,0,0,0,1,3.0,6.025492942606526,-1.0,Penso che l'intera umanità tragga benefici da maggiori conoscenze in tutti gli ambiti scientifici,NA,我认为全人类都受益于所有科学领域的更多知识,213,1,60,1,3,60+
18044,BEL,Belgium,valid1,none,MEDIUM,odd_even_low,1,0,0,0,1,3.0,7.704009933397418,-0.9258200997725514,"Der Wissenschaftler profitiert am meisten.

 Sie haben die Idee entwickelt und arbeiten selbst an der Idee, auch wenn die Leute sie nicht als Weg akzeptieren",NA,"科学家受益最大。

 他们提出了这个想法并自己致力于这个想法，即使人们不接受它作为一条道路",213,1,26,1,3,18-29
18208,ITA,Italy,invalid,existing,MEDIUM,mahalanobis_outlier,1,0,0,1,0,15.0,8.893059689682334,0.6957010852370434,Permette di aiutare a vivere.,NA,它可以让你帮助生活。,213,1,41,1,3,40-49
18222,ITA,Italy,valid1,none,MEDIUM,odd_even_low,1,0,0,0,1,10.0,3.9065762879361157,-1.0,NA,"l'onestà nella ricerca, l'autonomia di pensiero, la libertà dai poteri politici",,213,1,64,0,3,60+
18228,DEU,Germany,valid1,none,MEDIUM,odd_even_low,1,0,0,0,1,6.0,3.4735765366088867,-1.0,NA,"das Wissenschat ein gemeinschaftlicher, fortschreitender<prozess ist, in dem sich Fachleute korrigieren oder verbessern können",,213,1,69,1,3,60+
18358,BEL,Belgium,valid1,none,MEDIUM,odd_even_low,1,0,0,0,1,4.0,5.27524546745578,-1.0,NA,Grâce à ses connaissances et ses recherches ,,213,1,71,0,4,60+
18400,DEU,Germany,valid1,none,MEDIUM,odd_even_low,1,0,0,0,1,9.0,4.368557659794454,-1.0,NA,Wenn sie eine Gemeinwohlorientierung besitzen  und teamfähig  sind und offen und ehrlich darüber kommunizieren.,,213,1,67,0,3,60+
18500,DEU,Germany,valid1,none,MEDIUM,mahalanobis_outlier,1,0,0,1,0,10.0,9.932173343511863,0.7357233853694375,NA,Genaue Recherche Glaubwürdigkeit durch beweise  Tests die handfest sind ,,213,1,50,0,3,50-59
18549,BEL,Belgium,invalid,existing,MEDIUM,mahalanobis_outlier,1,0,0,1,0,3.0,12.016291362220723,-0.2773500981126146,I don't really have an answer to that ,NA,我真的没有答案,213,1,39,1,4,30-39
18562,BEL,Belgium,invalid,existing,MEDIUM,longstring_exceed,1,0,1,0,0,57.0,2.4622545703801175,,-99,NA,-99,213,1,34,1,4,30-39
18639,DEU,Germany,invalid,existing,MEDIUM,longstring_exceed,1,0,1,0,0,42.0,1.907995950213076,,NA,"Wissenschaft
",,213,1,31,1,3,30-39
18863,ITA,Italy,valid1,none,MEDIUM,mahalanobis_outlier,1,0,0,1,0,13.0,9.012880905909503,-0.31622776601683794,"L'EVOLUZIONE UMA, SENZA I PROGRESSI DELLA SCIENZA SAREMMO ANCORA ALL'EPOCA DELLE CAVERNE.",NA,如果没有科学的进步，人类的进化我们仍然会处于洞穴时代。,213,1,58,1,4,50-59
18997,ITA,Italy,invalid,existing,MEDIUM,odd_even_low,1,0,0,0,1,12.0,4.714541379787058,-0.9191450300180578,--,NA,,213,1,24,1,3,18-29
19085,DEU,Germany,valid1,none,MEDIUM,odd_even_low,1,0,0,0,1,15.0,5.462889263719654,-0.8944271909999159,NA,Aussage basieren auf empirischen Daten.,,213,1,21,1,3,18-29
19161,ITA,Italy,valid1,none,MEDIUM,mahalanobis_outlier,1,0,0,1,0,5.0,9.831103639994938,-0.15450786078738143,"Da una parte noi tutti ( sanità,  allungamento e miglioramento qualità vita, e miglioramento vita quotidiana parlando di scienza come tecnologia)
",NA,一方面，我们所有人（医疗保健、生活质量的延伸和改善、日常生活的改善，将科学称为技术）,213,1,39,0,4,30-39
19185,ITA,Italy,valid1,none,MEDIUM,mahalanobis_outlier,1,0,0,1,0,8.0,8.934568575896813,0.024390243902439025,"L'ignorante, perchė per mezzo di esso ne aumenta le comodità.",NA,无知者，因为通过它，他增加了他的舒适。,213,1,34,0,3,30-39
19338,DEU,Germany,valid1,none,MEDIUM,mahalanobis_outlier,1,0,0,1,0,5.0,10.516182869128505,-0.5345224838248488,NA,unabhängig von der regierung zu arbeiten,,213,1,33,0,3,30-39
19363,BEL,Belgium,valid1,none,MEDIUM,odd_even_low,1,0,0,0,1,4.0,5.668095769066659,-1.0,NA,Ses diplômes ses compétences par le passé ,,213,1,37,1,4,30-39
19415,ITA,Italy,invalid,existing,MEDIUM,mahalanobis_outlier,1,0,0,1,0,9.0,10.833172038414089,0.15191090506255,tutti perché è innovazione,NA,一切都因为它是创新,213,1,40,0,3,40-49
19566,DEU,Germany,valid1,none,MEDIUM,odd_even_low,1,0,0,0,1,4.0,4.666902785845878,-1.0,"regierung, sie zahlt",NA,政府，她付钱,213,1,37,1,4,30-39
19568,ITA,Italy,valid1,none,MEDIUM,odd_even_low,1,0,0,0,1,3.0,5.348058656926791,-1.0,"Il popolo, perché tutti gli avanzamenti vanno diretti a migliorare la vita di tutti, sia salute che trasporto, alimentazione e altri.",NA,人民，因为所有进步都必须旨在改善每个人的生活，包括健康、交通、营养等。,213,1,37,1,4,30-39
19687,BEL,Belgium,valid1,none,MEDIUM,odd_even_low,1,0,0,0,1,12.0,5.025994931650617,-1.0,NA,Grondig onderzoek gebaseerd op statistieken,,213,1,39,0,3,30-39
19709,DEU,Germany,valid1,none,MEDIUM,odd_even_low,1,0,0,0,1,8.0,6.0130927009363395,-1.0,NA,"Sie haben es studiert, sind also durch das Studium und weil sie sich täglich mit diesem Themen befassen umfassend Kompetent. ",,213,1,50,1,3,50-59
19766,DEU,Germany,invalid,existing,MEDIUM,longstring_exceed,1,0,1,0,0,67.0,2.1247630098438766,,NA,das übliche,,213,1,44,1,3,40-49
19769,DEU,Germany,valid1,none,MEDIUM,odd_even_low,1,0,0,0,1,6.0,7.615207601871746,-0.9615239476408232,Forschung für Profitmaximierung,NA,利润最大化研究,213,1,30,1,4,30-39
19776,ITA,Italy,valid1,none,MEDIUM,mahalanobis_outlier,1,0,0,1,0,13.0,9.568570799775046,0.3535533905932738,NA,"Il metodo, la strumentazione, le pubblicazioni, i riscontri sperimentali e il riconoscimento della comunità scientifica e degli organi di controllo eventuale",,213,1,44,0,4,40-49
19795,BEL,Belgium,invalid,existing,MEDIUM,longstring_exceed,1,0,1,0,0,40.0,3.205049218287898,0.4472135954999579,NA,aucune idée,,213,1,55,1,4,50-59
19828,DEU,Germany,valid1,none,MEDIUM,odd_even_low,1,0,0,0,1,5.0,6.404097213087509,-0.8783100656536799,Die Lobiisten. Die finanzieren das,NA,洛比主义者。他们资助它,213,1,66,0,3,60+
19855,BEL,Belgium,valid1,none,MEDIUM,mahalanobis_outlier,1,0,0,1,0,14.0,10.254010620635116,0.4029114820126901,NA,"Dat hij weet waarover hij spreekt.
De mensen op een simpele manier kan vertellen waar mee hij bezig is. ",,213,1,42,1,3,40-49
20004,DEU,Germany,valid1,none,MEDIUM,mahalanobis_outlier,1,0,0,1,0,8.0,10.754957613986218,-0.7520710469952335,"Die Menschheit, wenn die Wissenschaft richtig aufklärt",NA,人类，如果科学正确地启蒙的话,213,1,56,1,3,50-59
20047,ITA,Italy,valid1,none,MEDIUM,odd_even_low,1,0,0,0,1,5.0,6.3410612356603835,-1.0,NA,"la ricerca assidua, la dimostrabilità di quanto scoperto, le motivazioni",,213,1,47,1,4,40-49
20059,DEU,Germany,valid1,none,MEDIUM,odd_even_low,1,0,0,0,1,10.0,4.345349839207629,-1.0,NA,wenn sie bei der wahrheit bleiben,,213,1,66,1,3,60+
20077,BEL,Belgium,invalid,existing,MEDIUM,mahalanobis_outlier,1,0,0,1,0,16.0,10.003668051220432,0.9045340337332908,-99,NA,-99,213,1,32,0,3,30-39
20173,BEL,Belgium,invalid,existing,MEDIUM,mahalanobis_outlier,1,0,0,1,0,13.0,11.127435852379417,-0.31622776601683794,NA,-99,,213,1,32,1,3,30-39
20179,ITA,Italy,valid1,none,MEDIUM,odd_even_low,1,0,0,0,1,6.0,5.376456182209235,-1.0,La scienza e gli scienziati sono al servizio dell’umanità e quindi tutti noi possiamo trarne beneficio. Tranne in casi in cui la scienza sia usata contro la morale e per il male.,NA,科学和科学家是为人类服务的，因此我们都可以从中受益。除非科学被用来反对道德和邪恶。,213,1,53,1,3,50-59
20391,DEU,Germany,valid1,none,MEDIUM,odd_even_low,1,0,0,0,1,5.0,5.71278369879704,-0.8944271909999159,NA,"Fundierte Thesen aufstellen, auf Basis von Experimenten. ",,213,1,31,0,4,30-39
20415,DEU,Germany,valid1,none,MEDIUM,odd_even_low,1,0,0,0,1,3.0,5.975511579189136,-1.0,"Alle Menschen in der Gesellschaft profitieren von Wissen, und mit Wissen wachsen Nationen auf",NA,社会全体人民从知识中受益，国家因知识而发展,213,1,33,1,4,30-39
20421,DEU,Germany,valid1,none,MEDIUM,odd_even_low,1,0,0,0,1,4.0,6.289383485731445,-1.0,NA,"Forschung sollte darauf ausgerichtet sein, den Menschen zu dienen",,213,1,35,0,4,30-39
20445,DEU,Germany,invalid,existing,MEDIUM,longstring_exceed,1,0,1,0,0,57.0,2.1247630098438766,,NA,Wenn er die erforschten Sachen auch sinnvoll belegen kann. Wenn mehrere Wissenschaftler es bestätigen. Sinnvolle Studien,,213,1,52,0,3,50-59
20488,DEU,Germany,invalid,existing,MEDIUM,longstring_exceed,1,0,1,0,0,51.0,1.8105321009628257,,NA,Name,,213,1,33,1,3,30-39
20581,BEL,Belgium,invalid,existing,MEDIUM,longstring_exceed,1,0,1,0,0,37.0,2.563747105231449,,NA,Onderzoek,,213,1,32,0,4,30-39
20609,DEU,Germany,invalid,existing,MEDIUM,longstring_exceed,1,0,1,0,0,44.0,8.265321408323063,-0.3721042037676254,die politiker,NA,政客们,213,1,69,1,3,60+
20667,ESP,Spain,invalid,existing,MEDIUM,longstring_exceed,1,0,1,0,0,39.0,2.52221576944853,,"los pobres, porque cuanto mas avancen mas barato sera la sanidad mejor para nosotros",NA,穷人，因为他们进步得越多，医疗保健就越便宜，对我们来说就越好,213,1,37,1,4,30-39
20885,BEL,Belgium,invalid,existing,MEDIUM,longstring_exceed,1,0,1,0,0,35.0,5.306405939439023,,NA,"Récompensé par des prix, médiatisation ",,213,1,28,0,4,18-29
20921,BEL,Belgium,valid1,none,MEDIUM,mahalanobis_outlier,1,0,0,1,0,16.0,10.385505398700095,0.22086305214969307,NA,"l
La  FRANCHISSE ET LA VÉRACITÉ ",,213,1,73,0,4,60+
20967,BEL,Belgium,valid1,none,MEDIUM,mahalanobis_outlier,1,0,0,1,0,8.0,10.293027294030566,0.6565321642986127,NA,Ses résultats ,,213,1,53,0,3,50-59
20989,DEU,Germany,invalid,existing,MEDIUM,odd_even_low,1,0,0,0,1,10.0,4.3574636831023845,-1.0,weiss nicht,NA,我不知道,213,1,75,1,3,60+
21018,ESP,Spain,invalid,existing,MEDIUM,longstring_exceed,1,0,1,0,0,57.0,2.348454737233222,,todo el mundo porque todo es ciencia,NA,每个人，因为一切都是科学,213,1,49,1,3,40-49
21093,DEU,Germany,invalid,existing,MEDIUM,longstring_exceed,1,0,1,0,0,36.0,2.6491169614787156,,NA,weiß nicht,,213,1,44,0,3,40-49
21151,ESP,Spain,valid1,none,MEDIUM,mahalanobis_outlier,1,0,0,1,0,12.0,10.302949435280246,0.6809729348006678,NA,Según los temas que traten.,,213,1,64,1,3,60+
21248,ESP,Spain,invalid,existing,MEDIUM,longstring_exceed,1,0,1,0,0,38.0,3.130606093192833,,NA,que tenga algo de acierto,,213,1,35,1,3,30-39
21285,ESP,Spain,valid1,none,MEDIUM,odd_even_low,1,0,0,0,1,9.0,4.6800728397677105,-1.0,"Los que más se benefician de los avances de la ciencia, en mi opinión, son los ciudadanos ya que permite erradicar algunas enfermedades existentes y prevenir los efectos de las que van aparaciendo a lo largo del tiempo.",NA,在我看来，从科学进步中受益最多的人是公民，因为它使我们能够根除一些现有的疾病，并防止随着时间的推移而出现的疾病的影响。,213,1,61,1,3,60+
21286,NLD,Netherlands,valid1,none,MEDIUM,odd_even_low,1,0,0,0,1,16.0,3.224160705164466,-1.0,NA,Goede en duidelijke uitleg die begrijpbaar is voor een groot gedeelte van de bevolking,,213,1,71,0,4,60+
21290,BEL,Belgium,invalid,existing,MEDIUM,longstring_exceed,1,0,1,0,0,51.0,2.3277428215248657,,"Les chercheurs, les malades qui le veux le tps qui s'y interresse",NA,研究人员、想要它的患者、对此感兴趣的时间,213,1,41,0,3,40-49
21295,ESP,Spain,invalid,existing,MEDIUM,longstring_exceed,1,0,1,0,0,32.0,5.139045251622925,0.2,NA,Cosas útiles ,,213,1,56,1,3,50-59
21320,NLD,Netherlands,invalid,existing,MEDIUM,longstring_exceed,1,0,1,0,0,46.0,2.815135316720798,,Tot nu toe niet genoeg aangezien alles te duur is om te kunnen toepassen ,NA,还不够，因为一切都太昂贵而无法申请,213,1,40,0,3,40-49
21388,ESP,Spain,invalid,existing,MEDIUM,longstring_exceed,1,0,1,0,0,37.0,3.0506158884311705,-0.4472135954999579,NA,-99,,213,1,37,0,3,30-39
21392,ESP,Spain,invalid,existing,MEDIUM,longstring_exceed,1,0,1,0,0,43.0,6.1471561088287885,0.2,NA,No soy de ciencia,,213,1,33,1,3,30-39
21397,NLD,Netherlands,invalid,existing,MEDIUM,longstring_exceed,1,0,1,0,0,71.0,7.4199524574302895,,NA,Poepluiers papedie,,213,1,18,NA,2,18-29
21439,ESP,Spain,valid1,none,MEDIUM,odd_even_low,1,0,0,0,1,14.0,7.729118167311252,-0.9139076937674137,NA,Sus estudios ,,213,1,31,1,3,30-39
21713,ESP,Spain,valid1,none,MEDIUM,odd_even_low,1,0,0,0,1,12.0,7.942943375224445,-0.9284766908852594,NA,"Que sepa explicar sus resultados de una manera sencilla que abarque un gran número de la población para que vean que sus cálculos son correctos y su teoría acerteda, o posible.",,213,1,18,1,3,18-29
21749,ESP,Spain,invalid,existing,MEDIUM,longstring_exceed,1,0,1,0,0,33.0,2.582940494362111,,NA,Nada,,213,1,45,1,3,40-49
21803,ESP,Spain,invalid,existing,MEDIUM,longstring_exceed,1,0,1,0,0,71.0,6.439889889998842,,"Los que se dedican a ello, ya que obviamente para que ellos puedan seguir estudiando alguna rama de ciencia no todas el estado los subvenciona ",NA,那些致力于此的人，因为显然为了让他们继续学习某些科学分支，并不是所有人都得到国家的补贴。,213,1,23,0,3,18-29
21839,ESP,Spain,valid1,none,MEDIUM,mahalanobis_outlier,1,0,0,1,0,3.0,9.692523216469295,-0.433289122413121,"Los que más pasta tienen, hijos de puta, siempre son los mismos.
Amén",NA,"那些最有钱的人，狗娘养的，总是一样的。
阿门",213,1,58,1,2,50-59
21851,ESP,Spain,invalid,existing,MEDIUM,longstring_exceed,1,0,1,0,0,57.0,2.6200640654378513,,NA,si,,213,1,48,1,3,40-49
21941,DEU,Germany,invalid,existing,MEDIUM,longstring_exceed,1,0,1,0,0,36.0,6.633159944486496,,NA,was sie reden vom zuhören,,213,1,39,1,2,30-39
21966,ESP,Spain,invalid,existing,MEDIUM,longstring_exceed,1,0,1,0,0,55.0,6.439889889998842,,NA,nada,,213,1,59,1,4,50-59
21991,BEL,Belgium,valid1,none,MEDIUM,mahalanobis_outlier,1,0,0,1,0,5.0,11.608609527848177,0.03331483023263848,"L’état, c’est simple on est au courant de rien mdrrr",NA,状态很简单，我们什么都不知道哈哈,213,1,19,1,3,18-29
21999,DEU,Germany,valid1,none,MEDIUM,odd_even_low,1,0,0,0,1,8.0,6.996726954035213,-0.8783100656536799,Neues Wissen generieren ,NA,产生新知识,213,1,35,0,4,30-39
22057,FIN,Finland,valid1,none,MEDIUM,mahalanobis_outlier,1,0,0,1,0,12.0,9.542215884725204,0.8834522085987724,NA,Tieteellinen näyttö on uskottavaa.,,213,1,59,1,3,50-59
22119,ESP,Spain,invalid,existing,MEDIUM,longstring_exceed,1,0,1,0,0,57.0,2.6334733845341995,,Las grandes empresas ,NA,大公司,213,1,25,1,3,18-29
22192,DEU,Germany,invalid,existing,MEDIUM,longstring_exceed,1,0,1,0,0,42.0,2.011296719723115,,NA,Wenn sie verschiedene Perspektiven betrachten.,,213,1,44,0,3,40-49
22199,ESP,Spain,valid1,none,MEDIUM,mahalanobis_outlier,1,0,0,1,0,14.0,9.74057597918935,-0.6054055145966812,NA,"Por la labor que desarrollan me merecen toda la confianza, salvo cuando aparecen personajes en noticieros que han sido aleccionados por políticos ( gobierno) para decir lo que ellos quieren ( gestión de la pandemia del covid) a estos no les doy ninguna credibilidad ",,213,1,63,1,3,60+
22227,ESP,Spain,invalid,existing,MEDIUM,longstring_exceed,1,0,1,0,0,57.0,2.4048354896262834,,Es un tema que desconozco ,NA,这是一个我不知道的话题,213,1,34,0,4,30-39
22295,DEU,Germany,invalid,existing,MEDIUM,longstring_exceed,1,0,1,0,0,71.0,6.633159944486496,,NA,Ihre Arbeitsstelle,,213,1,23,1,2,18-29
22395,ESP,Spain,invalid,existing,MEDIUM,longstring_exceed,1,0,1,0,0,42.0,2.530375861608621,,NA,La metodología aplicada para la experimentación o investigación ya se en cuanto a teoría o aplicación práctica,,213,1,24,2,3,18-29
22580,IRL,Ireland,invalid,existing,MEDIUM,longstring_exceed,1,0,1,0,0,39.0,3.027782126165396,0.4472135954999579,NA,Their inquisitive mind,,213,1,45,0,4,40-49
22621,NLD,Netherlands,invalid,existing,MEDIUM,longstring_exceed,1,0,1,0,0,37.0,2.450918334812532,,De overheis,NA,政府,213,1,34,0,3,30-39
22627,DEU,Germany,valid1,none,MEDIUM,odd_even_low,1,0,0,0,1,3.0,3.594009114090034,-1.0,"Die gesamte Menschheit profitiert von der Wissenschaft, weil sie uns hilft Erkenntnisse zu gewinnen ob positiver oder negativer Art.",NA,全人类都受益于科学，因为它帮助我们获得知识，无论是积极的还是消极的。,213,1,43,0,3,40-49
22645,DEU,Germany,invalid,existing,MEDIUM,longstring_exceed,1,0,1,0,0,67.0,6.891322900936039,,NA,-,,213,1,35,1,3,30-39
22652,ESP,Spain,valid1,none,MEDIUM,mahalanobis_outlier,1,0,0,1,0,8.0,9.804163970296965,0.9805806756909201,"una cosa es el dinero que los suentificos se binefician muy poco ,creo,y lo de los descubrimientos se beneficia la humanidad entera",NA,一件事是金钱，我认为科学家受益很少，而整个人类都从发现中受益。,213,1,42,0,3,40-49
22658,DEU,Germany,valid1,none,MEDIUM,odd_even_low,1,0,0,0,1,5.0,5.534645798161228,-1.0,"Die zukünftige Menschheit und die Unternehmen, die damit beschäftigt waren",NA,未来人类和参与其中的公司,213,1,44,1,3,40-49
22661,DEU,Germany,valid1,none,MEDIUM,mahalanobis_outlier,1,0,0,1,0,3.0,10.819844067253593,0.48261708906584017,Am meisten der Entwickler selbst und das land,NA,主要是开发商本人和国家,213,1,44,0,3,40-49
22679,DEU,Germany,valid1,none,MEDIUM,odd_even_low,1,0,0,0,1,6.0,6.254211354940536,-1.0,die ganze Welt,NA,整个世界,213,1,30,1,4,30-39
22730,DEU,Germany,valid1,none,MEDIUM,mahalanobis_outlier,1,0,0,1,0,15.0,9.717638098538135,-0.43301270189221935,NA,"Ehrliche, klare Aussagen ...",,213,1,44,1,3,40-49
22774,NLD,Netherlands,invalid,existing,MEDIUM,longstring_exceed,1,0,1,0,0,67.0,2.2734856525682114,,NA,niks,,213,1,31,1,4,30-39
22793,ESP,Spain,valid1,none,MEDIUM,mahalanobis_outlier,1,0,0,1,0,3.0,10.863972720897133,-0.24052284646041733,NA,De evidencias de lo qued dice y que se note que lo ha estudiado en profundidad demostrando que sabe del tema,,213,1,19,0,3,18-29
22870,BEL,Belgium,invalid,existing,MEDIUM,longstring_exceed,1,0,1,0,0,58.0,5.726853904508921,,-99,NA,-99,213,1,35,0,4,30-39
22886,ESP,Spain,invalid,existing,MEDIUM,longstring_exceed,1,0,1,0,0,71.0,6.439889889998842,,Nose,NA,鼻子,213,1,21,0,3,18-29
23007,IRL,Ireland,invalid,existing,MEDIUM,longstring_exceed,1,0,1,0,0,38.0,6.074912425621579,-0.8075728530872482,NA,All there research has been proven to be highly accurate ,,213,1,62,1,4,60+
23070,FIN,Finland,valid1,none,MEDIUM,mahalanobis_outlier,1,0,0,1,0,15.0,10.88360266199478,0.15811388300841897,NA,"Tieteet ovat luotettavimmillaan silloin kun ihmisten omilla mielipiteillä on vähiten vaikutusta. Esimerkiksi luonnontieteet.
",,213,1,33,1,2,30-39
23073,IRL,Ireland,invalid,existing,MEDIUM,longstring_exceed,1,0,1,0,0,55.0,7.3724789941930124,,I think science could come up with new technique ,NA,我认为科学可以想出新技术,213,1,28,0,3,18-29
23165,IRL,Ireland,valid1,none,MEDIUM,odd_even_low,1,0,0,0,1,6.0,6.197898112262256,-0.8834522085987723,NA,"Credentials, reputation",,213,1,36,1,4,30-39
23190,ESP,Spain,invalid,existing,MEDIUM,longstring_exceed,1,0,1,0,0,57.0,2.296594481688018,,"NOS BENEFICIAMOS TODOS, LOS AVENCES SON PARA TODOS",NA,我们所有人都受益，进步惠及所有人,213,1,45,0,4,40-49
23389,FIN,Finland,invalid,existing,MEDIUM,longstring_exceed,1,0,1,0,0,57.0,2.507805624362933,,NA,-99,,213,1,40,1,3,40-49
23422,DEU,Germany,valid1,none,MEDIUM,odd_even_low,1,0,0,0,1,15.0,4.767376440451194,-1.0,Die Menschheit an sich. Die Gesellschaft. Jeder Einzellne Mensch. Fortschritt in der Technik. Erkentnisstand der Menschen. Fortschritte in der Medizin zur Krankheitsbekämpfung.,NA,人类本身。社会。每个人。技术进步。人们的知识水平。对抗疾病的医学进步。,213,1,57,1,3,50-59
23424,DEU,Germany,valid1,none,MEDIUM,odd_even_low,1,0,0,0,1,13.0,6.328548373923443,-1.0,"Wenn Wischenschaft wirklich im Sinnes der Worte Wissen schaft praktiziert wird, dann profitieren wir alle davon.

Leider wird oft die Wissenschaft von Großfirmen finanziell untertützt, die natürlich auch Interesse daran haben dass die Forschungsergebnisse in ihrem Sinne interpretiert werden.",NA,"如果科学真正按照科学这个词的意义来实践，那么我们都会从中受益。

不幸的是，科学往往得到大公司的财政支持，这些公司当然也对以自己的方式解释研究结果感兴趣。",213,1,61,2,4,60+
23514,ESP,Spain,valid1,none,MEDIUM,odd_even_low,1,0,0,0,1,4.0,5.025265935056531,-1.0,NA,"Su trabajo ha de ser en bien de la humanidad, y para mejorar el conocimiento y las condiciones de vida de las personas",,213,1,58,1,4,50-59
23515,IRL,Ireland,invalid,existing,MEDIUM,longstring_exceed,1,0,1,0,0,38.0,2.7555857778275903,,NA,Because their facts are based on realities ,,213,1,31,0,4,30-39
23530,IRL,Ireland,invalid,existing,MEDIUM,mahalanobis_outlier,1,0,0,1,0,5.0,10.424770474914556,-0.10223972648864954,Idk,NA,我不知道,213,1,67,2,4,60+
23552,ESP,Spain,valid1,none,MEDIUM,mahalanobis_outlier,1,0,0,1,0,12.0,9.396345150924553,0.8603834844182797,NA,"Su honestidad y no alinearse con las políticas gubernamentales, especialmente en España que es una dictadura con aspecto de democracia.",,213,1,62,1,4,60+
23705,NLD,Netherlands,valid1,none,MEDIUM,mahalanobis_outlier,1,0,0,1,0,11.0,11.720731686263512,,"Ik lees altijd innovatieve Ezines zoals New Atlas omdat ik het gewoon heel interessant vind om over de nieuwste ontwikkelingen geïnformeerd te worden... Meestal praat ik daar ook over met mijn kinderen, zij vinden het ook heel erg interessant om te praten over bepaalde onderwerpen (quantum-computers, medische of technologische doorbraken etc).",NA,我总是阅读创新​​电子杂志，例如《New Atlas》，因为我发现了解最新发展非常有趣......我通常与我的孩子谈论这个，他们也发现谈论某些主题（量子计算机、医学或技术突破等）非常有趣。,213,1,74,0,3,60+
23767,FIN,Finland,valid1,none,MEDIUM,mahalanobis_outlier,1,0,0,1,0,10.0,11.653144125565792,0.08304547985373997,NA,Julkaisuja,,213,1,53,0,4,50-59
23854,FIN,Finland,invalid,existing,MEDIUM,odd_even_low,1,0,0,0,1,6.0,5.3450160302656755,-0.8783100656536799,NA,-99,,213,1,48,0,3,40-49
23905,FIN,Finland,invalid,existing,MEDIUM,longstring_exceed,1,0,1,0,0,43.0,6.483462341033923,,-99,NA,-99,213,1,50,1,2,50-59
23987,DEU,Germany,invalid,existing,MEDIUM,longstring_exceed,1,0,1,0,0,39.0,2.3390248728169594,,NA,?,,213,1,57,1,4,50-59
23992,ESP,Spain,invalid,existing,MEDIUM,longstring_exceed,1,0,1,0,0,63.0,2.4048354896262834,,Los científicos ya que ganan más recursos para seguir experimentando,NA,科学家现在获得更多资源来继续实验,213,1,22,1,3,18-29
24001,DEU,Germany,invalid,existing,MEDIUM,longstring_exceed,1,0,1,0,0,32.0,2.624986039392121,,NA,das weiss ich nicht,,213,1,44,1,3,40-49
24101,ESP,Spain,invalid,existing,MEDIUM,longstring_exceed,1,0,1,0,0,67.0,2.296594481688018,,No sé,NA,我不知道,213,1,26,1,4,18-29
24222,IRL,Ireland,valid1,none,MEDIUM,mahalanobis_outlier,1,0,0,1,0,3.0,10.095680315549647,-0.47809144373375745,NA,Facts and shown facts,,213,1,23,1,4,18-29
24271,IRL,Ireland,invalid,existing,MEDIUM,longstring_exceed,1,0,1,0,0,58.0,2.465082218007395,,NA,Knowledge ,,213,1,57,0,4,50-59
24303,IRL,Ireland,valid1,none,MEDIUM,odd_even_low,1,0,0,0,1,9.0,5.20519947433202,-0.8944271909999159,NA,Proper information ,,213,1,58,0,3,50-59
24420,CYP,Cyprus,invalid,existing,MEDIUM,longstring_exceed,1,0,1,0,0,36.0,9.010390846787843,0.0,-99,NA,-99,213,1,27,1,4,18-29
24891,DEU,Germany,valid1,none,MEDIUM,odd_even_low,1,0,0,0,1,12.0,3.6746801273006118,-1.0,NA,Wenn sich eine Objektivität bewahren kann.,,213,1,57,0,3,50-59
25050,DEU,Germany,valid1,none,MEDIUM,mahalanobis_outlier,1,0,0,1,0,9.0,10.026905927712209,-0.10660035817780521,NA,Die informieren sich ,,213,1,55,0,3,50-59
25067,DEU,Germany,valid1,none,MEDIUM,odd_even_low,1,0,0,0,1,4.0,5.2022970603786325,-0.8944271909999159,"Pharmaindustrie, Entwicklung von Energien, Konzerne wie VW, ",NA,制药业、能源开发、大众汽车等企业，,213,1,37,0,4,30-39
25080,DEU,Germany,valid1,none,MEDIUM,mahalanobis_outlier,1,0,0,1,0,3.0,10.252537722630903,-0.4714045207910317,Der Staat profitiert am Meisten von Wissenschaft weil viele Menschen keine Ahnung von Wissenschaft haben. ,NA,国家从科学中受益最多，因为许多人对科学一无所知。,213,1,26,0,3,18-29
25119,ESP,Spain,valid1,none,MEDIUM,odd_even_low,1,0,0,0,1,13.0,7.4260970149025685,-0.8783100656536799,De los adelantos de la ciencia e investigación en el campo de la sanidad!!,NA,健康领域科学研究的进步！！,213,1,71,0,3,60+
25280,DEU,Germany,valid1,none,MEDIUM,mahalanobis_outlier,1,0,0,1,0,9.0,9.664557891111505,0.4894935754389833,NA,"Wenn es kompetent, verständlich und erklärbar ist",,213,1,69,1,3,60+
25314,FIN,Finland,valid1,none,MEDIUM,mahalanobis_outlier,1,0,0,1,0,4.0,9.194178703960704,-0.4482758620689655,"Valtion hallitus ja erilaiset yritykset, koska niillä on päätösvaltaa tehdä muutoksia mitä keinoja käyttää esim. kestävän kehityksen ylläpitämisessä.",NA,州政府和各个公司，因为他们拥有做出改变的决策权，这意味着使用，例如，维持可持续发展。,213,1,25,1,3,18-29
25375,DEU,Germany,valid1,none,MEDIUM,mahalanobis_outlier,1,0,0,1,0,6.0,10.25112975820297,-0.13957263155977062,NA,Wenn er mit seinem Volk und Mitmenschen ehrlich ist.,,213,1,54,0,3,50-59
25428,DEU,Germany,valid1,none,MEDIUM,mahalanobis_outlier,1,0,0,1,0,9.0,12.178698517116064,0.14,NA,"Gute Vorträge und Vorbereitungen, Resultate",,213,1,44,0,3,40-49
25458,SVN,Slovenia,invalid,existing,MEDIUM,mahalanobis_outlier,1,0,0,1,0,5.0,10.369137691112925,0.5606119105813882,NA,Ker so pametni,,213,1,23,1,4,18-29
25478,DEU,Germany,valid1,none,MEDIUM,mahalanobis_outlier,1,0,0,1,0,3.0,9.783247366793109,-0.6859943405700353,"Zum einen ist es wichtig dass jeder bürger über den neusten Stand bescheid weiß. Zudem sind natürlich Verbrauch die die von Wissenschaft profitieren, da es Technologie bringt und der Welt einen Fortschritt bringen sollte",NA,一方面，让每个公民了解最新状况很重要。另外，当然，消费是科学的受益者，它带来了技术，应该给世界带来进步。,213,1,20,1,3,18-29
25490,DEU,Germany,invalid,existing,MEDIUM,longstring_exceed,1,0,1,0,0,36.0,2.8818080499089844,,NA,keine Ahnung,,213,1,41,1,3,40-49
25588,DEU,Germany,valid1,none,MEDIUM,odd_even_low,1,0,0,0,1,8.0,3.897152761979098,-1.0,NA,"ehrliche berichterstattungen, logische und nachvollziehbare erklärungen",,213,1,55,0,3,50-59
25627,SVN,Slovenia,invalid,existing,MEDIUM,longstring_exceed,1,0,1,0,0,42.0,3.199369312640251,,NA,Napišejo in razložijo kako je dejansko,,213,1,44,1,3,40-49
25665,DEU,Germany,invalid,existing,MEDIUM,longstring_exceed,1,0,1,0,0,40.0,2.7217113368050962,,-,NA,,213,1,28,0,4,18-29
25769,FIN,Finland,invalid,existing,MEDIUM,mahalanobis_outlier,1,0,0,1,0,4.0,10.479848391218441,-0.42857142857142855,en osaa kertoa,NA,我不知道,213,1,24,1,3,18-29
25798,DEU,Germany,invalid,existing,MEDIUM,mahalanobis_outlier,1,0,0,1,0,6.0,10.236777989264215,0.7559289460184545,NA,Keine Ahnung ,,213,1,47,0,3,40-49
25828,DEU,Germany,invalid,existing,MEDIUM,odd_even_low,1,0,0,0,1,8.0,7.152248700142408,-1.0,-99,NA,-99,213,1,75,1,3,60+
25927,SVN,Slovenia,invalid,existing,MEDIUM,longstring_exceed,1,0,1,0,0,71.0,5.636063902955847,,NA,A,,213,1,100,NA,1,60+
26098,DEU,Germany,invalid,existing,MEDIUM,longstring_exceed,1,0,1,0,0,44.0,5.705070270373879,,NA,Keine Ahnung ,,213,1,32,1,3,30-39
26161,SVN,Slovenia,invalid,existing,MEDIUM,longstring_exceed,1,0,1,0,0,61.0,5.636063902955847,,Nevem pop smoke kr je repernajvecji,NA,我不了解流行烟，因为它是最大的说唱歌手,213,1,23,1,3,18-29
26244,DEU,Germany,valid1,none,MEDIUM,odd_even_low,1,0,0,0,1,8.0,5.4625216796243485,-1.0,NA,Gewissen und ehrlich ,,213,1,69,1,3,60+
26260,ESP,Spain,valid1,none,MEDIUM,odd_even_low,1,0,0,0,1,13.0,3.660589817546675,-1.0,"Todos nos beneficiamos por igual. En un momento nos beneficiamos unos y en otros momentos otros, pero es para el bien de todos.",NA,我们都平等受益。有时我们使某些人受益，有时又使其他人受益，但这是为了所有人的利益。,213,1,35,0,3,30-39
26410,SVN,Slovenia,valid1,none,MEDIUM,odd_even_low,1,0,0,0,1,5.0,3.546111130667499,-1.0,"Vlada, ker ima ponavadi prva dostop do odkritij",NA,政府，因为它通常最先获得发现,213,1,39,1,3,30-39
26476,DEU,Germany,invalid,existing,MEDIUM,longstring_exceed,1,0,1,0,0,50.0,3.747235227392054,,"Die Menschheit, da Dinge erklärt werden können.",NA,人性，是可以解释的。,213,1,34,1,4,30-39
26695,DEU,Germany,valid1,none,MEDIUM,odd_even_low,1,0,0,0,1,10.0,6.201950760535033,-0.8944271909999159,Die Menschheit verbessert und vereinfacht das Leben,NA,人类正在改善和简化生活,213,1,47,1,4,40-49
26705,GRC,Greece,valid1,none,MEDIUM,mahalanobis_outlier,1,0,0,1,0,15.0,10.91508560067467,1.0,"apo tin epistimh epofelite o anthropos
giati vasi epistimonikon prakseon 
h anthropotita den tha eixe thn shmerinh gnosi poy exei 
vasai ton ekselikseon poy prosferi oi epistimh ",NA,"载脂蛋白epstimh epofelite o anthropos
贾蒂瓦西认识普拉克森 
人类人类 
瓦赛·通·埃塞利克森·波伊·普罗费里·埃皮斯蒂米赫",213,1,42,1,3,40-49
26833,DEU,Germany,invalid,existing,MEDIUM,longstring_exceed,1,0,1,0,0,54.0,2.4961569016984013,,NA,-99,,213,1,59,1,3,50-59
26834,DEU,Germany,valid1,none,MEDIUM,odd_even_low,1,0,0,0,1,16.0,4.573014588565258,-1.0,"Die Pharmaindustrie, weil Sie das Zeug unter die Menschen bringen.",NA,制药业，因为你把东西带给人们。,213,1,57,0,3,50-59
26945,IRL,Ireland,valid1,none,MEDIUM,odd_even_low,1,0,0,0,1,9.0,3.70018348475316,-1.0,NA,Proff of what they say,,213,1,63,0,4,60+
26970,SVN,Slovenia,invalid,existing,MEDIUM,mahalanobis_outlier,1,0,0,1,0,10.0,10.271733624352553,0.20707884164064555,Nic od nasterega,NA,以上都不是,213,1,25,1,3,18-29
27059,DEU,Germany,invalid,existing,MEDIUM,longstring_exceed,1,0,1,0,0,57.0,2.1977655848028403,,keine ahnung,NA,不知道,213,1,45,1,3,40-49
27098,DEU,Germany,invalid,existing,MEDIUM,odd_even_low,1,0,0,0,1,9.0,3.74684621210504,-1.0,Weiß nicht ,NA,我不知道,213,1,40,0,3,40-49
27102,DEU,Germany,valid1,none,MEDIUM,odd_even_low,1,0,0,0,1,9.0,3.622584764948286,-1.0,NA,kann ich nicht beurteilen,,213,1,59,0,3,50-59
27216,NLD,Netherlands,invalid,existing,MEDIUM,longstring_exceed,1,0,1,0,0,48.0,2.2734856525682114,,NA,als je je veronderstelling goed kunt onderbouwen,,213,1,50,0,3,50-59
27267,DEU,Germany,invalid,existing,MEDIUM,longstring_exceed,1,0,1,0,0,57.0,2.2920539113646163,,Keine Ahnung,NA,不知道,213,1,63,0,3,60+
27551,IRL,Ireland,valid1,none,MEDIUM,mahalanobis_outlier,1,0,0,1,0,9.0,10.524631951926825,0.0,Scientists because they can find new science things,NA,科学家因为他们可以发现新的科学事物,213,1,21,1,2,18-29
27567,SVN,Slovenia,valid1,none,MEDIUM,odd_even_low,1,0,0,0,1,10.0,7.560067007396839,-0.9114654303753,"Od znanosti kot procesa imamo največ koristi ljudje, saj nam olajša življenje.",NA,人类从科学过程中受益最多，因为它让我们的生活变得更轻松。,213,1,22,1,4,18-29
27588,SVN,Slovenia,invalid,existing,MEDIUM,longstring_exceed,1,0,1,0,0,36.0,7.111954590622133,0.5773502691896257,"ljudje zato ker to znanost potem uporabljamo
",NA,人们因为我们然后使用这门科学,213,1,18,NA,3,18-29
27612,DEU,Germany,valid1,none,MEDIUM,odd_even_low,1,0,0,0,1,13.0,6.223235023387349,-1.0,"Der Staat und die Bevölkerung gleichermaßen, den ein Fortschritt in der Wissenschaft bildet die Bevölkerung, welche wiederum die Wirtschaft und Technik mit ihrem Wissen profitabel macht.",NA,国家和人民都是如此，随着科学的进步形成了人民，这反过来又使经济和技术利用他们的知识获利。,213,1,25,0,4,18-29
27644,DEU,Germany,valid1,none,MEDIUM,mahalanobis_outlier,1,0,0,1,0,6.0,9.800120416568266,-0.30151134457776363,Das Land und das Volk ,NA,国家和人民,213,1,47,1,3,40-49
27675,DEU,Germany,invalid,existing,MEDIUM,longstring_exceed,1,0,1,0,0,54.0,2.4961569016984013,,NA,ich habe dazu keine Meinung,,213,1,59,1,3,50-59
27718,DEU,Germany,invalid,existing,MEDIUM,odd_even_low,1,0,0,0,1,5.0,6.024602913141504,-1.0,Ja,NA,和,213,1,35,1,4,30-39
27741,DEU,Germany,valid1,none,MEDIUM,odd_even_low,1,0,0,0,1,13.0,5.192268100983535,-1.0,"Die Wissenschaft, weil sie sich dadurch Ansehen verschafft.",NA,科学因为它赋予它声誉。,213,1,54,0,3,50-59
27758,DEU,Germany,invalid,existing,MEDIUM,longstring_exceed,1,0,1,0,0,32.0,3.4423648685964956,0.0,NA,Einhaltung ethischer und moralischer Werte,,213,1,61,1,3,60+
27773,DEU,Germany,valid1,none,MEDIUM,mahalanobis_outlier,1,0,0,1,0,3.0,9.933367288341268,0.34412360080584264,"politik, weil sie es ausnutzen kann um innovativ zu verhindern um mehr geld zu verdienen",NA,政治，因为他们可以利用它来阻止创新，从而赚更多的钱,213,1,24,1,4,18-29
27835,DEU,Germany,valid1,none,MEDIUM,odd_even_low,1,0,0,0,1,7.0,5.4961916346216215,-0.8783100656536799,Der Kassierer ist es in Ordnung und ich habe die E-Mail von Frau Fütterer und dann ist das okay und die sagten das ,NA,收银员对此表示同意，我收到了 Fütterer 女士发来的电子邮件，然后就可以了，他们说,213,1,33,1,3,30-39
27846,DEU,Germany,invalid,existing,MEDIUM,longstring_exceed,1,0,1,0,0,57.0,2.011296719723115,,NA,kann ich nicht genau beurteilen,,213,1,64,0,3,60+
27884,DEU,Germany,valid1,none,MEDIUM,mahalanobis_outlier,1,0,0,1,0,3.0,9.900040749421963,-0.29411764705882354,dsfbsdh dsgrewt fdhdsrztw eqwet er hngdh ,NA,dsfbsdh dsgrewt fdhdsrztw eqwet er hngdh,213,1,31,1,3,30-39
27897,DEU,Germany,invalid,existing,MEDIUM,longstring_exceed,1,0,1,0,0,38.0,2.1862233736168313,,Weiss ich nicht,NA,我不知道,213,1,43,0,3,40-49
27961,DEU,Germany,invalid,existing,MEDIUM,longstring_exceed,1,0,1,0,0,54.0,2.011296719723115,,Politiker,NA,政治家,213,1,25,0,3,18-29
28017,GRC,Greece,invalid,existing,MEDIUM,longstring_exceed,1,0,1,0,0,71.0,7.259669859013125,,gamieste,NA,加米斯特,213,1,18,0,1,18-29
28087,DEU,Germany,invalid,existing,MEDIUM,longstring_exceed,1,0,1,0,0,32.0,6.633159944486496,,Garkeine,NA,完全没有,213,1,28,0,2,18-29
28097,DEU,Germany,invalid,existing,MEDIUM,longstring_exceed,1,0,1,0,0,57.0,1.9303772273937083,,NA,-99,,213,1,23,1,4,18-29
28107,DEU,Germany,invalid,existing,MEDIUM,odd_even_low,1,0,0,0,1,4.0,5.399427013494705,-1.0,NA,sehr gut,,213,1,20,1,3,18-29
28502,DEU,Germany,valid1,none,MEDIUM,odd_even_low,1,0,0,0,1,5.0,4.9106671278726095,-1.0,youtube wenn dass ein Zuverlaessige Programm ist,NA,YouTube 如果这是一个可靠的程序,213,1,33,1,3,30-39
28521,DEU,Germany,invalid,existing,MEDIUM,mahalanobis_outlier,1,0,0,1,0,19.0,11.178306929935117,-0.2,"Die Wissenschaft selbst profitiert mehr davon, sie verdienen ja damit Geld",NA,科学本身从中受益更多，因为他们从中赚钱,213,1,43,0,3,40-49
28567,DEU,Germany,invalid,existing,MEDIUM,longstring_exceed,1,0,1,0,0,57.0,1.9765461734568952,,Ka,NA,这,213,1,50,1,3,50-59
28624,DEU,Germany,invalid,existing,MEDIUM,longstring_exceed,1,0,1,0,0,39.0,3.4841926395118974,1.0,NA,Fundierte AUSSAGEN,,213,1,42,1,3,40-49
28633,DEU,Germany,valid1,none,MEDIUM,odd_even_low,1,0,0,0,1,5.0,5.447054563926481,-0.9258200997725514,Die Wissenschaftler und und das Umfeld ,NA,科学家与环境,213,1,70,NA,3,60+
28695,DEU,Germany,valid1,none,MEDIUM,odd_even_low,1,0,0,0,1,9.0,4.85681769629547,-0.9191450300180578,"Die Menschen, vielleicht denken die dann mal richtig nach und laufen nicht irgendwelchen Politikern oder influencer nach ",NA,也许人们会仔细思考，而不是追随政客或有影响力的人,213,1,64,0,3,60+
28782,DEU,Germany,invalid,existing,MEDIUM,longstring_exceed,1,0,1,0,0,32.0,4.85259878825383,,NA,"Ein Wissenschaftler ist vertrauenswürdig, wenn er in seiner Forschungsarbeit transparent und ehrlich ist und sein Wissen auf Basis valider und empirisch abgesicherter Daten vermittelt. Dazu gehört, dass alle wissenschaftlichen Erkenntnisse einer sachlichen und kritischen Hinterfragung unterzogen werden",,213,1,35,1,4,30-39
28829,DEU,Germany,valid1,none,MEDIUM,odd_even_low,1,0,0,0,1,3.0,5.980999342494267,-0.8783100656536799,Die Menschen. Vorausgesetzt die Wissenschaft wird mit ihnen geteilt. Dann profitieren alle von neuen Erkenntnissen ,NA,人民。前提是与他们分享科学。然后每个人都会从新的见解中受益,213,1,31,0,3,30-39
28879,DEU,Germany,valid1,none,MEDIUM,odd_even_low,1,0,0,0,1,12.0,4.61142275798556,-0.9191450300180578,"die Wirtschaft einhergehend die wissenschaftlichen Institute selbst und die Öffentlichkeit,-",NA,经济、科研机构本身和公众，,213,1,51,0,4,50-59
28935,SVN,Slovenia,valid1,none,MEDIUM,odd_even_low,1,0,0,0,1,8.0,6.721532083832888,-0.9219544457292888,NA,Niso vredni zaupanja ker se prodajo.,,213,1,69,1,3,60+
28951,DEU,Germany,valid1,none,MEDIUM,odd_even_low,1,0,0,0,1,12.0,6.150395831914027,-1.0,Die Wissenschaftler,NA,科学家们,213,1,40,1,3,40-49
29126,FIN,Finland,valid1,none,MEDIUM,odd_even_low,1,0,0,0,1,12.0,5.4484628411780776,-0.8944271909999159,NA,"Toistokokeet, vertaisarviointi",,213,1,37,1,4,30-39
29151,DEU,Germany,valid1,none,MEDIUM,odd_even_low,1,0,0,0,1,3.0,5.1439149981125,-1.0,ich weiss nicht so genau,NA,我不太清楚,213,1,23,1,4,18-29
29224,DEU,Germany,invalid,existing,MEDIUM,longstring_exceed,1,0,1,0,0,55.0,2.960238242563901,,Die Bevölkerung weil sie immer neue dinge bekommt,NA,人口，因为他们总是得到新的东西,213,1,18,1,3,18-29
29233,DEU,Germany,valid1,none,MEDIUM,odd_even_low,1,0,0,0,1,6.0,5.494974121326252,-0.8944271909999159,Ärzte und die Gesundheitsindustrie. Krankheitsbekämpfung und Pharmazie,NA,医生和医疗保健行业。疾病控制与药学,213,1,33,1,4,30-39
29259,DEU,Germany,valid1,none,MEDIUM,mahalanobis_outlier,1,0,0,1,0,2.0,10.55101358411545,0.17496355305594127,"die Menschheit 
",NA,人类,213,1,33,1,3,30-39
29275,DEU,Germany,invalid,existing,MEDIUM,longstring_exceed,1,0,1,0,0,54.0,3.3006227008990914,,keine Ahnung,NA,不知道,213,1,38,1,3,30-39
29281,DEU,Germany,invalid,existing,MEDIUM,longstring_exceed,1,0,1,0,0,32.0,5.503667938279848,,"Die Wissenschaft ist so wunderbar, dass wir die Realität über Grenzen hinaus verbessern können",NA,科学是如此奇妙，我们可以超越极限改善现实,213,1,28,1,4,18-29
29285,DEU,Germany,valid1,none,MEDIUM,mahalanobis_outlier,1,0,0,1,0,9.0,9.73616848420425,-0.10846522890932808,"Ich denke, jeder profitiert von der Wissenschaft",NA,我认为每个人都受益于科学,213,1,25,1,4,18-29
29332,DEU,Germany,invalid,existing,MEDIUM,longstring_exceed,1,0,1,0,0,37.0,4.85259878825383,,NA,toll,,213,1,29,1,4,18-29
29342,DEU,Germany,invalid,existing,MEDIUM,longstring_exceed,1,0,1,0,0,58.0,2.1247630098438766,,NA,-99,,213,1,21,1,3,18-29
29408,NLD,Netherlands,valid1,none,MEDIUM,odd_even_low,1,0,0,0,1,7.0,4.891136855494584,-1.0,NA,is gecontroleerd,,213,1,44,0,3,40-49
29428,NLD,Netherlands,valid1,none,MEDIUM,mahalanobis_outlier,1,0,0,1,0,5.0,10.057259504487703,0.6666666666666666,De wetenschap,NA,科学,213,1,57,1,4,50-59
29442,DEU,Germany,valid1,none,MEDIUM,odd_even_low,1,0,0,0,1,7.0,6.829211983336335,-1.0,"Jeder, Menschen die ihre Fragen gerne beantwortet hätten, neue Erkenntnisse ",NA,每个人，希望得到解答的人，新的见解,213,1,32,0,4,30-39
29495,DEU,Germany,invalid,existing,MEDIUM,longstring_exceed,1,0,1,0,0,57.0,4.85259878825383,,NA,"Because it proves many things right,so that makes it reliable ",,213,1,27,0,4,18-29
29570,DEU,Germany,valid1,none,MEDIUM,odd_even_low,1,0,0,0,1,4.0,7.858732489829075,-1.0,NA,Eine gute Reputation.,,213,1,36,0,4,30-39
29739,NLD,Netherlands,invalid,existing,MEDIUM,mahalanobis_outlier,1,0,0,1,0,4.0,10.67844108591311,0.5976143046671968,Niemand ,NA,没有人,213,1,19,0,3,18-29
29922,DEU,Germany,valid1,none,MEDIUM,odd_even_low,1,0,0,0,1,5.0,3.892241795331717,-1.0,NA,"Wenn seine Aussagen durch Fakten untermauert werden können. Wenn er nicht ständig seine Meinung ändert, ohne dass Fakten das untermauern. Wenn der Wissenschaftler sich nicht zu sehr einer politischen Gruppe zuordnet",,213,1,38,1,4,30-39
30010,DEU,Germany,invalid,existing,MEDIUM,longstring_exceed,1,0,1,0,0,39.0,3.146486251207485,0.0,Alle Menschen profitieren von fundierter Wissenschaft. Das eigentliche Problem ist und bleibt der Faktor Mensch. Der wird immer wieder Scheiße bauen. Das bringt über Kurz oder Lang auch die Wissenschaft in Verruf.,NA,每个人都受益于可靠的科学。真正的问题仍然是人为因素。他总是会搞砸。迟早这也会让科学名誉扫地。,213,1,43,1,3,40-49
30057,DEU,Germany,valid1,none,MEDIUM,odd_even_low,1,0,0,0,1,3.0,4.875009301710309,-1.0,"Die Menschen und allgemein die Nachkommen, weil die Entwicklung immer weiter ist. Die Medizin und die Forschungen sind halt schon sehr fortgeschritten.",NA,人民和子孙后代，因为发展总是在进步的。医学和研究已经非常先进。,213,1,32,1,3,30-39
30073,DEU,Germany,valid1,none,MEDIUM,odd_even_low,1,0,0,0,1,4.0,4.513382282446184,-1.0,NA,das er sich an die vorgegebenen Prozesse handelt und fundiert arbeitet.,,213,1,40,1,4,40-49
30077,DEU,Germany,invalid,existing,MEDIUM,longstring_exceed,1,0,1,0,0,42.0,2.1703975204499213,,DIe GEsellschaft durch die Entwicklung die möglich wird,NA,社会通过发展成为可能,213,1,44,0,4,40-49
30104,DEU,Germany,valid1,none,MEDIUM,odd_even_low,1,0,0,0,1,3.0,6.2178716406104115,-1.0,"Wissenschaftler,Politiker ",NA,科学家、政治家,213,1,57,0,3,50-59
30140,DEU,Germany,invalid,existing,MEDIUM,mahalanobis_outlier,1,0,0,1,0,3.0,9.87770891682825,0.3638034375544995,ich habe keine Meínung dzau,NA,我没有意见,213,1,25,0,4,18-29
30190,SVN,Slovenia,invalid,existing,MEDIUM,longstring_exceed,1,0,1,0,0,57.0,4.728801561339405,,ok,NA,好的,213,1,42,1,3,40-49
30204,DEU,Germany,invalid,existing,MEDIUM,longstring_exceed,1,0,1,0,0,57.0,2.14752975405858,,"
7
7
7
7
",NA,"7
7
7
7",213,1,53,1,3,50-59
30258,DEU,Germany,invalid,existing,MEDIUM,longstring_exceed,1,0,1,0,0,57.0,1.9303772273937083,,keine Angabe,NA,未指定,213,1,24,1,4,18-29
30262,DEU,Germany,valid1,none,MEDIUM,odd_even_low,1,0,0,0,1,6.0,4.874064291911298,-1.0,"Allgemein und oberflächlich gesagt profitiert am Ende der Mensch von Wissenschaft, wenn man zum Beispiel durch Forschungen an neue Erkenntnisse gelangt, die das Leben erleichtern würden. Dann gibt es wiederum Bereiche, die stärker als andere profitieren. Zum Beispiel der Wirtschaftssektor, um möglichst innovativ zu bleiben ",NA,一般来说，从表面上看，最终人们会从科学中受益，例如，当研究产生新知识，让生活变得更轻松时。还有一些领域比其他领域受益更多。例如，经济部门，为了尽可能保持创新,213,1,23,0,3,18-29
30268,DEU,Germany,invalid,existing,MEDIUM,longstring_exceed,1,0,1,0,0,57.0,2.011296719723115,,NA,-,,213,1,33,1,4,30-39
30319,NLD,Netherlands,valid1,none,MEDIUM,odd_even_low,1,0,0,0,1,6.0,3.7368682729267397,-1.0,Dat mensen gaan nadenken en in beweging blijven rondom wetenschap.,NA,人们开始围绕科学思考并保持活跃。,213,1,36,0,4,30-39
30388,DEU,Germany,valid1,none,MEDIUM,odd_even_low,1,0,0,0,1,4.0,6.112883921074556,-0.8783100656536799,NA,"Argumente und Begründungen, fundierte Ausbildung",,213,1,37,0,4,30-39
30409,DEU,Germany,valid1,none,MEDIUM,mahalanobis_outlier,1,0,0,1,0,5.0,10.288692419913545,0.46966821831386213,"Im Prinzip profitiert die ganze Bevölkerung früher oder später. Zunächst reiche, danach das Durchschnittsvolk und zu letzt Arme. ",NA,原则上，全体人民迟早都会受益。首先是富人，然后是普通人，最后是穷人。,213,1,23,1,3,18-29
30435,NLD,Netherlands,valid1,none,MEDIUM,odd_even_low,1,0,0,0,1,6.0,4.926297497560754,-1.0,"De overheid, daar wordt bepaald wat kan of niet",NA,政府决定什么是允许的，什么是不允许的,213,1,28,1,4,18-29
30465,DEU,Germany,invalid,existing,MEDIUM,mahalanobis_outlier,1,0,0,1,0,7.0,11.677902001744913,0.6361464251628642,-99,NA,-99,213,1,28,0,4,18-29
30580,DEU,Germany,valid1,none,MEDIUM,odd_even_low,1,0,0,0,1,7.0,4.596481756183762,-1.0,NA,Das er immer nach der Wahrheit sucht und das beste für die Gesellschaft will,,213,1,32,0,4,30-39
30680,DEU,Germany,valid1,none,MEDIUM,odd_even_low,1,0,0,0,1,5.0,6.408171920988631,-0.8944271909999159,"Die Menschheit im allgemeinen! Die Industrie, der Handel, alle Lebensbereiche, die Tiere die Infrastruktur.. alkes und alkes profitiert davon",NA,普遍的人性！工业、贸易、生活的各个领域、动物、基础设施……阿克斯和阿克斯都从中受益,213,1,58,1,4,50-59
30684,DEU,Germany,valid1,none,MEDIUM,odd_even_low,1,0,0,0,1,3.0,7.7254661605914015,-0.8911327886790069,Die arbeitnehmer und in der folge alle menschen und nicht nur einige wenige,NA,员工以及所有人，而不仅仅是少数人,213,1,37,1,3,30-39
30809,DEU,Germany,invalid,existing,MEDIUM,longstring_exceed,1,0,1,0,0,36.0,1.9462943918057711,,NA,Wenn alle das gleiche sagen Weiden,,213,1,36,0,3,30-39
30876,DEU,Germany,invalid,existing,MEDIUM,longstring_exceed,1,0,1,0,0,57.0,2.1247630098438766,,"Die Menschheit generell profitiert davon, da immer neue Wege und Erkenntnisse erschlossen werden",NA,人类总体上受益于这一点，因为新的道路和见解不断被发现,213,1,36,1,3,30-39
30888,DEU,Germany,invalid,existing,MEDIUM,odd_even_low,1,0,0,0,1,12.0,3.931942528642653,-1.0,-99,NA,-99,213,1,46,1,3,40-49
30931,DEU,Germany,invalid,existing,MEDIUM,longstring_exceed,1,0,1,0,0,57.0,9.523327070953703,,NA,Because it reliable and trustworthy ,,213,1,30,1,4,30-39
30989,DEU,Germany,invalid,existing,MEDIUM,longstring_exceed,1,0,1,0,0,42.0,2.011296719723115,,NA,weiß nicht,,213,1,37,1,3,30-39
31131,DEU,Germany,valid1,none,MEDIUM,mahalanobis_outlier,1,0,0,1,0,3.0,10.4202915307702,-0.5214500094539749,Die Leser die diese Wissenschaftlichen Erkenntnisse weiterspinnen,NA,进一步传播这些科学知识的读者,213,1,27,1,4,18-29
31187,DEU,Germany,invalid,existing,MEDIUM,longstring_exceed,1,0,1,0,0,36.0,3.158773157620789,,Menschheit,NA,人类,213,1,39,1,3,30-39
31320,DEU,Germany,invalid,existing,MEDIUM,longstring_exceed,1,0,1,0,0,43.0,3.489779555819879,,NA,weiß nicht,,213,1,48,0,3,40-49
31351,DEU,Germany,invalid,existing,MEDIUM,mahalanobis_outlier,1,0,0,1,0,16.0,9.729999634387651,0.4763305116224668,NA,kein Lobiist,,213,1,49,1,3,40-49
31354,DEU,Germany,valid1,none,MEDIUM,mahalanobis_outlier,1,0,0,1,0,14.0,9.89533530755405,0.6643638388299198,NA,"Man erkennt bestimmte Prozessen in bestimmte Branchen, man erarbeitet neue versionen",,213,1,49,0,3,40-49
31363,DEU,Germany,invalid,existing,MEDIUM,longstring_exceed,1,0,1,0,0,43.0,5.45341564658141,0.2,Nur die die Geld haben,NA,只有那些有钱的人,213,1,51,0,3,50-59
31478,DEU,Germany,invalid,existing,MEDIUM,longstring_exceed,1,0,1,0,0,57.0,4.85259878825383,,NA,wissen und  kenntnisse,,213,1,74,0,3,60+
31513,DEU,Germany,invalid,existing,MEDIUM,longstring_exceed,1,0,1,0,0,57.0,2.1247630098438766,,-,NA,,213,1,37,1,3,30-39
31531,DEU,Germany,invalid,existing,MEDIUM,longstring_exceed,1,0,1,0,0,40.0,2.92385464418076,,NA,fundierte Forschung und NAchweis der quellen,,213,1,56,1,3,50-59
31555,DEU,Germany,invalid,existing,MEDIUM,longstring_exceed,1,0,1,0,0,47.0,2.011296719723115,,NA,kein,,213,1,57,1,3,50-59
31605,DEU,Germany,invalid,existing,MEDIUM,longstring_exceed,1,0,1,0,0,57.0,2.302648496986773,,NA,Nix,,213,1,34,1,3,30-39
31797,DEU,Germany,invalid,existing,MEDIUM,mahalanobis_outlier,1,0,0,1,0,17.0,10.238352550665994,0.8660254037844386,NA,Dass Thesen anhand von Fakten belegt werden können,,213,1,32,0,3,30-39
31834,DEU,Germany,invalid,existing,MEDIUM,odd_even_low,1,0,0,0,1,13.0,4.604712434681653,-1.0,NA,Idee,,213,1,56,1,4,50-59
31864,DEU,Germany,invalid,existing,MEDIUM,longstring_exceed,1,0,1,0,0,57.0,2.011296719723115,,Die Unternehmer ,NA,企业家们,213,1,45,0,3,40-49
31876,DEU,Germany,invalid,existing,MEDIUM,longstring_exceed,1,0,1,0,0,37.0,3.8030854288484806,0.4472135954999579,Testzentrum auf Grund Corona ,NA,受电晕影响的测试中心,213,1,45,1,3,40-49
31909,DEU,Germany,invalid,existing,MEDIUM,longstring_exceed,1,0,1,0,0,57.0,2.011296719723115,,keine Ahnung,NA,不知道,213,1,33,0,3,30-39
31947,DEU,Germany,valid1,none,MEDIUM,odd_even_low,1,0,0,0,1,13.0,4.992376334660008,-1.0,NA,"Studium, Berufserfahrung, eigene Recherchen und Forschung, Spezialgebiete und Schulungen",,213,1,34,0,3,30-39
31989,DEU,Germany,valid1,none,MEDIUM,mahalanobis_outlier,1,0,0,1,0,15.0,10.868842552124335,0.8748177652797064,menschen der regierung ,NA,政府人民,213,1,25,0,4,18-29
31999,DEU,Germany,invalid,existing,MEDIUM,longstring_exceed,1,0,1,0,0,36.0,2.5721621942306587,,NA,Nachweise,,213,1,37,1,4,30-39
32001,DEU,Germany,valid1,none,MEDIUM,mahalanobis_outlier,1,0,0,1,0,13.0,10.265008741585227,0.4714045207910317,"Wissenschaft ist sehr wichtig. Wenn ich alleine daran denke über die Herstellung des Impfstoffes über Corona, oder die Ergebnisse darüber. Klimawandel auch eine große Wissenschaft . Verschmutzung der Meere durch Plastik",NA,科学非常重要。当我只想到新冠疫苗的生产或其结果时。气候变化也是一门大科学。海洋中的塑料污染,213,1,71,2,3,60+
32021,DEU,Germany,invalid,existing,MEDIUM,longstring_exceed,1,0,1,0,0,39.0,5.148837612815264,,NA,"Bei der Corona Pandemie traue ich denen kein bisschen mehr, die lagen alle meistens falsch.",,213,1,33,0,3,30-39
32076,DEU,Germany,valid1,none,MEDIUM,mahalanobis_outlier,1,0,0,1,0,16.0,9.659276642572799,0.6162591020819703,"Einfach und simple die Industrie. Sie fertigen danach, ihre Produkte. Jetzt wo die Elektroenergie sündhaft teuer geworden ist, geht man zurück an die Urkräfte der Natur. Ich spreche hier speziell von Photovoltaikanlangen. Dies ist der richtige Weg, in die richtige Richtung. ",NA,简单明了的行业。然后他们制造他们的产品。现在电能变得极其昂贵，人们正在回归自然的原始力量。我在这里专门谈论光伏系统。这是正确的道路，正确的方向。,213,1,58,1,4,50-59
32081,DEU,Germany,valid1,none,MEDIUM,mahalanobis_outlier,1,0,0,1,0,13.0,10.36537554734066,-0.04,NA,Wenn er seine Meinungen mit Studien wissenschaftlich belegen kann. ,,213,1,27,1,4,18-29
32142,DEU,Germany,invalid,existing,MEDIUM,mahalanobis_outlier,1,0,0,1,0,3.0,10.093027157364032,-0.18015093964441797,NA,-99,,213,1,26,1,3,18-29
32205,DEU,Germany,valid1,none,MEDIUM,odd_even_low,1,0,0,0,1,10.0,5.972319018136598,-0.8911327886790069,Alle Menschen. Grundlagenforschung führt zu neuen Produkten für alle.,NA,所有的人。基础研究为每个人带来新产品。,213,1,57,1,4,50-59
32278,DEU,Germany,invalid,existing,MEDIUM,longstring_exceed,1,0,1,0,0,32.0,4.85259878825383,,NA,"Fachwissen und Erfahrung: Vertrauenswürdige Wissenschaftlerinnen und Wissenschaftler haben umfassende Kenntnisse und Erfahrungen in ihrem Fachgebiet. Sie sollten sich mit der einschlägigen Literatur auskennen und in der Lage sein, ihre Forschungsergebnisse in einen breiteren Kontext einzuordnen.",,213,1,34,1,4,30-39
32372,DEU,Germany,invalid,existing,MEDIUM,longstring_exceed,1,0,1,0,0,42.0,2.5302150606458342,0.31622776601683794,NA,ka,,213,1,27,1,3,18-29
32379,DEU,Germany,invalid,existing,MEDIUM,mahalanobis_outlier,1,0,0,1,0,2.0,10.249009284926414,-0.3796283011826483,k.A.,NA,k.A.,213,1,19,1,3,18-29
32382,DEU,Germany,invalid,existing,MEDIUM,longstring_exceed,1,0,1,0,0,39.0,6.06966636386115,-0.8660254037844387,ka,NA,这,213,1,35,1,4,30-39
32392,DEU,Germany,invalid,existing,MEDIUM,longstring_exceed,1,0,1,0,0,57.0,2.1247630098438766,,Weiß nicht,NA,我不知道,213,1,43,1,3,40-49
32395,DEU,Germany,invalid,existing,MEDIUM,longstring_exceed,1,0,1,0,0,57.0,4.85259878825383,,große Unternehmen!,NA,大公司！,213,1,38,1,3,30-39
32465,DEU,Germany,valid1,none,MEDIUM,mahalanobis_outlier,1,0,0,1,0,5.0,13.057345135340206,0.2823546315027159,Die industrie,NA,行业,213,1,35,1,3,30-39
32491,DEU,Germany,invalid,existing,MEDIUM,longstring_exceed,1,0,1,0,0,42.0,2.011296719723115,,NA,Wenn er Ahnung von verschiedenen Themen hat,,213,1,44,0,3,40-49
32542,DEU,Germany,valid1,none,MEDIUM,odd_even_low,1,0,0,0,1,12.0,4.1928279208845645,-1.0,NA,"Signifikante Fakten, die mehrfach bewiesen und geprüft sind von Dritter Stelle ",,213,1,40,0,4,40-49
32555,DEU,Germany,valid1,none,MEDIUM,odd_even_low,1,0,0,0,1,8.0,5.945089147422368,-0.8944271909999159,die pharmazeutische Industrie ,NA,制药业,213,1,39,1,3,30-39
32597,DEU,Germany,valid1,none,MEDIUM,odd_even_low,1,0,0,0,1,6.0,4.06478787827822,-1.0,NA,neutral zu sein,,213,1,37,0,4,30-39
32657,DEU,Germany,valid1,none,MEDIUM,odd_even_low,1,0,0,0,1,8.0,,-0.909717652294684,NA,Wenn es belegbar ist und mich das Thema interreligiösen dann fange ich an weitere Fagen zu stellen.,,213,1,45,0,3,40-49
32697,DEU,Germany,invalid,existing,MEDIUM,mahalanobis_outlier,1,0,0,1,0,4.0,10.390569681820228,-0.4117647058823529,NA,Keine Ahnung ,,213,1,21,0,3,18-29
32784,DEU,Germany,invalid,existing,MEDIUM,odd_even_low,1,0,0,0,1,9.0,4.5668076846955845,-0.9258200997725514,NA,Seine Aussage ,,213,1,44,1,3,40-49
32810,DEU,Germany,valid1,none,MEDIUM,odd_even_low,1,0,0,0,1,3.0,6.426131476559748,-0.9258200997725514,NA,wenn er unabhängig von medien und politik ist,,213,1,29,0,3,18-29
32849,DEU,Germany,invalid,existing,MEDIUM,longstring_exceed,1,0,1,0,0,40.0,3.5718524251277697,0.4472135954999579,"natur und mensch, wenn für diese auch geforscht wird in gutem sinne",NA,自然和人，如果以良好的方式对他们进行研究,213,1,33,1,3,30-39
32870,DEU,Germany,invalid,existing,MEDIUM,longstring_exceed,1,0,1,0,0,61.0,2.011296719723115,,"Die Leute, die ihre Wissenschaft dazu ausnutzen um Leute zu manipulieren ",NA,那些利用科学来操纵人们的人,213,1,22,0,3,18-29
32881,DEU,Germany,invalid,existing,MEDIUM,longstring_exceed,1,0,1,0,0,43.0,5.9471638805681035,,NA,Nie ,,213,1,27,0,3,18-29
32889,DEU,Germany,invalid,existing,MEDIUM,longstring_exceed,1,0,1,0,0,57.0,2.1247630098438766,,NA,Weiß nicht keine Angaben ,,213,1,38,1,1,30-39
32915,DEU,Germany,invalid,existing,MEDIUM,longstring_exceed,1,0,1,0,0,57.0,2.1247630098438766,,NA,Weiß nicht,,213,1,23,0,3,18-29
33273,DEU,Germany,invalid,existing,MEDIUM,longstring_exceed,1,0,1,0,0,67.0,2.312652581503398,,NA,wenn sie ihre Arbeit richtig macht,,213,1,41,1,3,40-49
33615,DEU,Germany,invalid,existing,MEDIUM,longstring_exceed,1,0,1,0,0,57.0,1.9303772273937083,,NA,k.A.,,213,1,28,1,4,18-29
33654,DEU,Germany,invalid,existing,MEDIUM,longstring_exceed,1,0,1,0,0,37.0,1.8951176174574347,,-99,NA,-99,213,1,39,1,4,30-39
33711,DEU,Germany,invalid,existing,MEDIUM,longstring_exceed,1,0,1,0,0,57.0,2.1247630098438766,,habe mir bisher darüber keine gedanken gemacht,NA,直到现在我还没有想过,213,1,51,1,3,50-59
33742,DEU,Germany,invalid,existing,MEDIUM,longstring_exceed,1,0,1,0,0,57.0,1.9303772273937083,,NA,.,,213,1,24,1,3,18-29
33809,DEU,Germany,valid1,none,MEDIUM,odd_even_low,1,0,0,0,1,10.0,4.590901369553828,-1.0,NA,Nachvollziehbare Ergebnisse,,213,1,42,1,3,40-49
33818,DEU,Germany,invalid,existing,MEDIUM,longstring_exceed,1,0,1,0,0,57.0,4.85259878825383,,-99,NA,-99,213,1,25,0,3,18-29
33857,NLD,Netherlands,valid1,none,MEDIUM,mahalanobis_outlier,1,0,0,1,0,3.0,10.071130284055181,-0.7427813527082076,NA,vertel ons echte informatie,,213,1,45,0,3,40-49
33867,NLD,Netherlands,invalid,existing,MEDIUM,odd_even_low,1,0,0,0,1,3.0,4.811741503588394,-1.0,nvt,NA,不适用,213,1,35,1,4,30-39
33913,DEU,Germany,invalid,existing,MEDIUM,longstring_exceed,1,0,1,0,0,57.0,2.011296719723115,,weiss ich nicht,NA,我不知道,213,1,44,1,3,40-49
33932,DEU,Germany,valid1,none,MEDIUM,odd_even_low,1,0,0,0,1,4.0,6.893360703644574,-0.8834522085987723,"Militär Industrie
Automobil Industrie
Andere Wissenschaftler, weil sie weiter forschen können.
Pharmaindustrie
Zum Schluss der Endverbraucher ",NA,"军工行业
汽车行业
其他科学家因为他们可以继续研究。
医药行业
最后，最终消费者",213,1,48,1,4,40-49
33960,DEU,Germany,valid1,none,MEDIUM,odd_even_low,1,0,0,0,1,8.0,5.247589097630172,-1.0,"Es profitieren alle von der Wissenschaft, denn mit vielen Wissenschaftlichen Entdeckungen wird jedem etwas erleichtert",NA,每个人都从科学中受益，因为许多科学发现让每个人的事情变得更容易,213,1,30,0,3,30-39
34075,AUT,Austria,invalid,existing,MEDIUM,mahalanobis_outlier,1,0,0,1,0,16.0,10.222257457550064,-0.6634888026970371,-99,NA,-99,213,1,35,2,3,30-39
34107,DEU,Germany,invalid,existing,MEDIUM,longstring_exceed,1,0,1,0,0,40.0,5.036244242779996,,"Wissenschaftliche Erkenntnisse ermöglichen es uns, neue Technologien zu entwickeln, praktische Probleme zu lösen und fundierte Entscheidungen zu treffen – sowohl individuell als auch kollektiv.  Da seine Produkte so nützlich sind, ist der wissenschaftliche Prozess mit diesen Anwendungen verflochten: Neue wissenschaftliche Erkenntnisse können zu neuen Anwendungen führen.",NA,科学知识使我们能够开发新技术、解决实际问题并做出明智的决策——无论是个人还是集体。  由于其产品非常有用，科学过程与这些应用交织在一起：新的科学发现可以带来新的应用。,213,1,29,1,4,18-29
34178,DEU,Germany,invalid,existing,MEDIUM,mahalanobis_outlier,1,0,0,1,0,3.0,11.166365861331968,-0.48186942465242666,NA,Ja ,,213,1,19,1,1,18-29
34255,DEU,Germany,invalid,existing,MEDIUM,longstring_exceed,1,0,1,0,0,57.0,2.1247630098438766,,NA,-,,213,1,28,0,4,18-29
34267,AUT,Austria,valid1,none,MEDIUM,odd_even_low,1,0,0,0,1,15.0,6.945292097321189,-0.9486832980505138,"Wir alle profitieren davon. So wie sich alles ständig weiter entwickelt, muss auch die Wissenschaft ständig weiter forschen und neue Ergebnisse erzielen. Forschung ist sehr wichtig für die Menschheit.",NA,我们都从中受益。正如一切都在不断发展一样，科学也必须不断地不断研究，取得新的成果。研究对于人类来说非常重要。,213,1,57,0,3,50-59
34271,FRA,France,invalid,existing,MEDIUM,mahalanobis_outlier,1,0,0,1,0,17.0,9.9636120124079,1.0,NA,"Reconnaissance par d’autres scientifiques, mais surtout des résultats probants sur la bases d’expériences objectivement observables. ",,213,1,40,1,4,40-49
34273,DEU,Germany,valid1,none,MEDIUM,mahalanobis_outlier,1,0,0,1,0,4.0,11.459249676493641,-0.5185629788417315,NA,Seine Quellen und Beweise ,,213,1,21,0,3,18-29
34309,DEU,Germany,invalid,existing,MEDIUM,longstring_exceed,1,0,1,0,0,71.0,6.633159944486496,,NA,-99,,213,1,26,1,4,18-29
34316,NLD,Netherlands,valid1,none,MEDIUM,odd_even_low,1,0,0,0,1,4.0,4.908181886615816,-1.0,Iedereen. Wetenschap zorgt voor vernieuwing en verdieping. Zorgt voor inzicht in ons bestaan. ,NA,每个人。科学保证创新和深化。提供对我们存在的洞察。,213,1,60,1,4,60+
34320,DEU,Germany,invalid,existing,MEDIUM,longstring_exceed,1,0,1,0,0,36.0,1.937909370425989,,NA,Wenn der- oder diejenige die aufgestellten Thesen oder präsentierten Ergebnisse belegen kann und nicht einfach nur erzählt.,,213,1,33,0,3,30-39
34357,DEU,Germany,invalid,existing,MEDIUM,odd_even_low,1,0,0,0,1,5.0,5.628502512577683,-1.0,NA,sehr gut,,213,1,20,1,3,18-29
34502,AUT,Austria,valid1,none,MEDIUM,odd_even_low,1,0,0,0,1,12.0,7.305793456992564,-0.8944271909999159,NA,Dass er sich langfristig mit einer Sache beschäftigt und auch andere Meinungen berücksichtigt. Weiters sich mit nachhaltigen Dingen zu beschäftigen.,,213,1,33,1,3,30-39
34549,DEU,Germany,valid1,none,MEDIUM,mahalanobis_outlier,1,0,0,1,0,3.0,9.75939790475161,-0.29814239699997197,"Am meisten profitieren Firmen, die dadurch enorme Gewinne erzielen. ",NA,受益最多的公司是那些因此获得巨额利润的公司。,213,1,21,1,3,18-29
34599,DEU,Germany,valid1,none,MEDIUM,odd_even_low,1,0,0,0,1,5.0,5.418553499097138,-0.8783100656536799,NA,"Wenn er/sie sich umfassend mit der Thematik auskennt, mehrere Sichtweisen in Betracht zieht und sich nicht von Populismus und Querdenkern beeinflussen lässt.",,213,1,28,1,3,18-29
34658,DEU,Germany,valid1,none,MEDIUM,odd_even_low,1,0,0,0,1,3.0,5.34660526716522,-1.0,NA,Thesen Aufstellung und Überprüfung ,,213,1,26,1,3,18-29
34715,DEU,Germany,valid1,none,MEDIUM,odd_even_low,1,0,0,0,1,7.0,5.031305579344084,-1.0,"Wir Menschen profitieren allgemein von der Wissenschaft, da sie uns in vielerlei Hinsicht weiterbringt und uns offene Fragen beantwortet die uns als Menschheit weiterbringen.",NA,我们人类通常受益于科学，因为它在很多方面推动了我们的进步，并回答了推动人类进步的开放性问题。,213,1,22,1,3,18-29
34758,AUT,Austria,valid1,none,MEDIUM,odd_even_low,1,0,0,0,1,4.0,6.548912351202294,-0.9074852129730302,"Wissensprofit vor allem für Studierende aber finanzielles Profit oft Konzerne, kleine Gruppen. Wissenschaft wird leider oft missbraucht für Macht und Geld, sodass das eigentliche Interesse verloren geht",NA,知识利润，特别是对学生而言，但经济利润通常来自公司和小团体。不幸的是，科学常常被滥用于权力和金钱，以致失去了真正的兴趣,213,1,19,0,3,18-29
34899,FRA,France,invalid,existing,MEDIUM,longstring_exceed,1,0,1,0,0,36.0,2.1326868103191066,,NA,Qu elle dise la verite,,213,1,47,0,3,40-49
34908,FRA,France,valid1,none,MEDIUM,odd_even_low,1,0,0,0,1,12.0,5.041265808683654,-1.0,NA,Lorsque le résultat s'avère vrai,,213,1,58,0,4,50-59
34925,FRA,France,valid1,none,MEDIUM,odd_even_low,1,0,0,0,1,10.0,4.645779886520644,-1.0,Tout le monde,NA,每个人,213,1,55,1,4,50-59
34929,FRA,France,invalid,existing,MEDIUM,longstring_exceed,1,0,1,0,0,36.0,3.651519269437613,-0.31622776601683794,NA,sa reflexion,,213,1,38,0,3,30-39
34932,FRA,France,invalid,existing,MEDIUM,mahalanobis_outlier,1,0,0,1,0,4.0,9.951213541170986,-0.06662966046527696,Je ne sais pas du tout ,NA,我根本不知道,213,1,20,0,4,18-29
34948,FRA,France,invalid,existing,MEDIUM,longstring_exceed,1,0,1,0,0,57.0,2.1326868103191066,,NA,tous,,213,1,51,0,4,50-59
35037,FRA,France,valid1,none,MEDIUM,odd_even_low,1,0,0,0,1,4.0,5.666212206080435,-1.0,Les étudiants peuvent acquérir plus de connaissances,NA,学生可以获得更多知识,213,1,32,0,4,30-39
35191,FRA,France,invalid,existing,MEDIUM,longstring_exceed,1,0,1,0,0,71.0,6.8528091425032684,,les médecins,NA,医生们,213,1,63,1,4,60+
35319,NLD,Netherlands,valid1,none,MEDIUM,mahalanobis_outlier,1,0,0,1,0,7.0,10.581758227124636,-0.18428853505018536,"De geneeskunde omdat deze steeds meer te weten.komen wat betreft ziektes en oorzaken de patiënten gaan nu naar het buitenland omdat ze bepaalde onderzoeken hier in Nederland niet kunnen
",NA,医学界因为他们越来越多地了解疾病和病因，患者现在正在出国，因为他们无法在荷兰接受某些检查。,213,1,64,1,3,60+
35378,AUT,Austria,invalid,existing,MEDIUM,longstring_exceed,1,0,1,0,0,57.0,2.332942763740794,,Die Länder,NA,国家,213,1,24,1,3,18-29
35472,FRA,France,invalid,existing,MEDIUM,mahalanobis_outlier,1,0,0,1,0,14.0,10.814667385182759,0.29942473580817114,Population ,NA,人口,213,1,33,1,3,30-39
35493,FRA,France,valid1,none,MEDIUM,odd_even_low,1,0,0,0,1,6.0,5.958749473959298,-1.0,NA,Rien car j'ai bien vu depuis 2020 que ce sont que des cassos,,213,1,42,0,4,40-49
35537,FRA,France,valid1,none,MEDIUM,odd_even_low,1,0,0,0,1,12.0,4.191068491816752,-1.0,NA,Ses compétences ,,213,1,49,0,3,40-49
35569,FRA,France,invalid,existing,MEDIUM,longstring_exceed,1,0,1,0,0,57.0,2.1326868103191066,,213,NA,213,213,1,25,1,4,18-29
35627,FRA,France,invalid,existing,MEDIUM,longstring_exceed,1,0,1,0,0,32.0,2.6534677082596194,,NA,Ras,,213,1,43,1,3,40-49
35698,FRA,France,invalid,existing,MEDIUM,mahalanobis_outlier,1,0,0,1,0,4.0,9.991966932758903,-0.38844929803367795,NA,Très bien ,,213,1,22,1,4,18-29
35701,AUT,Austria,valid1,none,MEDIUM,odd_even_low,1,0,0,0,1,8.0,4.494640036577811,-1.0,"Gesellschaft, da Wissenschaft das Potenzial von Innovationen hat",NA,社会作为科学具有创新的潜力,213,1,58,1,4,50-59
35728,FRA,France,valid1,none,MEDIUM,odd_even_low,1,0,0,0,1,5.0,4.802124800004354,-1.0,"Selon moi, la science bénéficie dans un premier temps aux personnes qui ont les moyens, les solutions scientifiques sont d'abord coûteuses. Puis elles se démocratisent ensuite et la majorité peut en bénéficier.",NA,我认为，科学最初使有手段的人受益，科学的解决方案最初是昂贵的。然后它们就会变得民主化，大多数人都可以从中受益。,213,1,20,1,4,18-29
35807,AUT,Austria,invalid,existing,MEDIUM,mahalanobis_outlier,1,0,0,1,0,5.0,9.202892535618837,0.43301270189221935,Alle ,NA,全部,213,1,57,0,3,50-59
35809,AUT,Austria,invalid,existing,MEDIUM,mahalanobis_outlier,1,0,0,1,0,4.0,10.328739742806862,-0.3747658444979307,ne,NA,这是,213,1,24,1,3,18-29
35821,FRA,France,invalid,existing,MEDIUM,longstring_exceed,1,0,1,0,0,37.0,6.8739835252717905,,NA,Je c’est pas ,,213,1,29,1,3,18-29
35846,FRA,France,valid1,none,MEDIUM,odd_even_low,1,0,0,0,1,13.0,6.8930146950364035,-0.8783100656536799,Tout le monde dès lors que la science sert à améliorer la condition humaine en général.,NA,自科学以来，每个人都致力于改善人类的总体状况。,213,1,42,1,4,40-49
35984,AUT,Austria,invalid,existing,MEDIUM,longstring_exceed,1,0,1,0,0,47.0,2.4900006527642424,,-99,NA,-99,213,1,40,1,3,40-49
36014,FRA,France,valid1,none,MEDIUM,odd_even_low,1,0,0,0,1,3.0,6.474322524417424,-1.0,D'après moi ce sont les gens qui ont les moyens d'y avoir accès et donc de l'utiliser ou non comme eux le souhaitent et l'entendent ,NA,在我看来，这些人有能力获得它，因此可以按照自己的意愿和认为合适的方式使用或不使用它。,213,1,18,1,4,18-29
36072,AUT,Austria,invalid,existing,MEDIUM,mahalanobis_outlier,1,0,0,1,0,12.0,9.159639396750942,,NA,Nix,,213,1,37,0,3,30-39
36080,FRA,France,invalid,existing,MEDIUM,longstring_exceed,1,0,1,0,0,57.0,2.311238267594772,,NA,Le fait de ne pas être payer par du prive,,213,1,47,1,4,40-49
36221,AUT,Austria,valid1,none,MEDIUM,odd_even_low,1,0,0,0,1,12.0,5.525066481311036,-1.0,"Die gesamte Mensch profitiert von der Wissenschaft. Man kann nie genug Wissen anhäufen und je mehr wir wissen desto besser kann man Dinge verstehen, beurteilen, einordnen, fördern, bekämpfen usw.",NA,全人类都受益于科学。你永远不可能积累足够的知识，我们知道的越多，我们就越能理解、判断、分类、推广、战斗等。,213,1,35,0,3,30-39
36251,AUT,Austria,valid1,none,MEDIUM,odd_even_low,1,0,0,0,1,7.0,6.251368591041265,-1.0,NA,Wissenschaft ist die Zukunft ,,213,1,22,1,4,18-29
36363,AUT,Austria,invalid,existing,MEDIUM,longstring_exceed,1,0,1,0,0,36.0,7.806369659319972,,K.a.,NA,K.a.,213,1,31,1,3,30-39
36485,FRA,France,invalid,existing,MEDIUM,longstring_exceed,1,0,1,0,0,42.0,2.1326868103191066,,nsdp,NA,国家发展计划,213,1,37,1,3,30-39
36555,AUT,Austria,invalid,existing,MEDIUM,longstring_exceed,1,0,1,0,0,33.0,6.336687737562469,-0.2,NA,Scientist are trustworthy because we can't live without science,,213,1,22,NA,4,18-29
36583,FRA,France,invalid,existing,MEDIUM,mahalanobis_outlier,1,0,0,1,0,31.0,9.967126219829396,1.0,NA,-99,,213,1,34,0,4,30-39
36615,AUT,Austria,invalid,existing,MEDIUM,longstring_exceed,1,0,1,0,0,35.0,2.867117758249067,,Keine Ahnung ,NA,不知道,213,1,33,0,3,30-39
36757,FRA,France,invalid,existing,MEDIUM,longstring_exceed,1,0,1,0,0,57.0,2.3023629835929675,,rien,NA,没有什么,213,1,20,1,4,18-29
36770,FRA,France,invalid,existing,MEDIUM,longstring_exceed,1,0,1,0,0,46.0,2.444096633077899,,-99,NA,-99,213,1,51,0,4,50-59
36994,NLD,Netherlands,invalid,existing,MEDIUM,longstring_exceed,1,0,1,0,0,47.0,7.4199524574302895,,-99,NA,-99,213,1,37,0,2,30-39
37014,FRA,France,invalid,existing,MEDIUM,longstring_exceed,1,0,1,0,0,57.0,2.3023629835929675,,Euh,NA,呃,213,1,56,0,3,50-59
37074,FRA,France,valid1,none,MEDIUM,mahalanobis_outlier,1,0,0,1,0,3.0,9.784880363570755,-0.18209824216599454,Les pays riches et les gens qui les gouvernement.  Les scientifiques et leurs employés  Les étudiants en sciences  Les chercheurs  Les écologistes  Les protecteurs des animaux et de la nature  Les astraunautes  Les chimistes Les prix Nobel  Et j'aime à croire notre jeunesse  Les politiques  Les industriels  Le gouvernement  Et puis aussi le peuple a son niveau  Les créateurs de produits phytosanitaire  Les laboratoires pharmaceutique  Le recyclage des produits sanitaires  Le recyclage des batteries électriques des véhicules futures Le recyclage propre de l uranium Supprimer les centrales nucléaire si pas de nouvelles façon de recycler l uranium que l enfouissement  Arrêter de changer de portable aussi souvent  Protégé les ressources terrestre tels que les métaux rare  Protégé les animaux en voie de disparition  Créer des batteries pour voitures électriques durable (la vie de la voiture),NA,富裕国家和统治它们的人民。  科学家和他们的员工 科学学生 研究人员 环保主义者 动物和自然保护者 宇航员 化学家 诺贝尔奖获得者 我愿意相信我们的年轻人 政治家 实业家 政府 然后还有他们所在级别的人民 植物检疫产品的创造者 制药实验室 保健品的回收 未来车辆的电池的回收 铀的清洁回收 如果没有比埋葬更好的回收铀的新方法，就消除核电站 停止经常更换手机 保护稀有金属等地球资源保护濒临灭绝的动物 为可持续电动汽车制造电池（汽车的寿命）,213,1,52,0,4,50-59
37174,FRA,France,invalid,existing,MEDIUM,longstring_exceed,1,0,1,0,0,67.0,2.1026872083870307,,"la population, grace aux avancées technologique et scientifique",NA,由于技术和科学的进步，人口,213,1,33,1,4,30-39
37212,FRA,France,invalid,existing,MEDIUM,longstring_exceed,1,0,1,0,0,34.0,3.4707377522704834,,NA,"avoir de vrai références, avoir fais des tests avant et nous les monté en réel.",,213,1,51,0,3,50-59
37295,FRA,France,invalid,existing,MEDIUM,longstring_exceed,1,0,1,0,0,61.0,6.8528091425032684,,NA,rien,,213,1,43,1,4,40-49
37352,FRA,France,valid1,none,MEDIUM,odd_even_low,1,0,0,0,1,12.0,6.031491692045692,-1.0,NA,"sa formation, son cursus professionnel",,213,1,59,0,4,50-59
37405,FRA,France,valid1,none,MEDIUM,mahalanobis_outlier,1,0,0,1,0,4.0,10.284413565165202,-0.305085107923876,Les aduktes,NA,大人们,213,1,37,1,4,30-39
37507,NLD,Netherlands,invalid,existing,MEDIUM,longstring_exceed,1,0,1,0,0,58.0,7.4199524574302895,,NA,nee,,213,1,40,1,4,40-49
37528,AUT,Austria,valid1,none,MEDIUM,mahalanobis_outlier,1,0,0,1,0,12.0,9.104228042061232,-0.3721042037676254,Die Politik,NA,政治,213,1,52,0,3,50-59
37562,AUT,Austria,invalid,existing,MEDIUM,longstring_exceed,1,0,1,0,0,42.0,4.2802107037652535,0.0,Die großen Firmen. Sie bekommen die Einnahmen.,NA,大公司。你得到收入。,213,1,41,0,3,40-49
37569,AUT,Austria,invalid,existing,MEDIUM,mahalanobis_outlier,1,0,0,1,0,5.0,9.122995370620842,-0.24066273503847474,Alle ,NA,全部,213,1,58,0,4,50-59
37598,SVK,Slovakia,valid1,none,MEDIUM,odd_even_low,1,0,0,0,1,9.0,4.929586162501473,-1.0,"Veda najviac prospieva ľuďom, vďaka vede je svet rýchlejším, kompaktnejším , bezpečnejším ",NA,科学最惠及人类，因为科学，世界变得更快、更紧凑、更安全,213,1,32,1,3,30-39
37635,SVK,Slovakia,invalid,existing,MEDIUM,longstring_exceed,1,0,1,0,0,58.0,2.1569452709655015,,Samozrejme že nám ľuďom. ,NA,当然是对我们老百姓来说。,213,1,53,1,4,50-59
37705,SVK,Slovakia,valid1,none,MEDIUM,odd_even_low,1,0,0,0,1,7.0,4.6253226585157075,-1.0,NA,Ak má vedec preukazatelný dôkaz alebo výsledky. ,,213,1,42,1,3,40-49
37772,SVK,Slovakia,valid1,none,MEDIUM,mahalanobis_outlier,1,0,0,1,0,13.0,9.208557337633897,-0.13957263155977062,NA,Pravdivosť,,213,1,66,1,3,60+
37805,SVK,Slovakia,invalid,existing,MEDIUM,longstring_exceed,1,0,1,0,0,45.0,2.0994302453573215,,NA,n,,213,1,46,1,3,40-49
37877,SVK,Slovakia,valid1,none,MEDIUM,mahalanobis_outlier,1,0,0,1,0,2.0,9.72051705205637,0.05547001962252291,Všetkým ,NA,给大家,213,1,27,0,3,18-29
37912,SVK,Slovakia,invalid,existing,MEDIUM,longstring_exceed,1,0,1,0,0,42.0,2.1482967722480972,,Všetkým ,NA,给大家,213,1,31,0,4,30-39
38000,NLD,Netherlands,invalid,existing,MEDIUM,longstring_exceed,1,0,1,0,0,42.0,2.774811444457245,,NA,-99,,213,1,36,1,3,30-39
38026,SVK,Slovakia,invalid,existing,MEDIUM,longstring_exceed,1,0,1,0,0,51.0,2.8385966296651737,,NA,overené výsledky v praxi,,213,1,45,0,4,40-49
38054,SVK,Slovakia,valid1,none,MEDIUM,odd_even_low,1,0,0,0,1,7.0,5.3499113000831695,-1.0,NA,Zucastnenie sa na výskumoch ,,213,1,47,0,3,40-49
38132,SVK,Slovakia,invalid,existing,MEDIUM,longstring_exceed,1,0,1,0,0,39.0,2.350474715348675,,NA,jeho výsledky,,213,1,43,0,3,40-49
38177,NLD,Netherlands,valid1,none,MEDIUM,mahalanobis_outlier,1,0,0,1,0,3.0,10.638277612782774,0.0,Jongens en mijsies,NA,男孩和女孩,213,1,25,1,2,18-29
38213,NLD,Netherlands,valid1,none,MEDIUM,odd_even_low,1,0,0,0,1,6.0,7.322819600656507,-0.9135002783911397,NA,Dat het onderbouwd is net feiten,,213,1,54,1,4,50-59
38234,NLD,Netherlands,valid1,none,MEDIUM,mahalanobis_outlier,1,0,0,1,0,11.0,10.20065228681199,-0.2697707921985813,NA,"Zijn rechten, leeftijd, kracht, complete plaatje van zijn loopbaan",,213,1,38,1,3,30-39
38331,NLD,Netherlands,valid1,none,MEDIUM,mahalanobis_outlier,1,0,0,1,0,6.0,10.382569145403844,0.10957582335289495,NA,Als hij toe geeft niet alles te weten ,,213,1,49,1,3,40-49
38385,NLD,Netherlands,valid1,none,MEDIUM,odd_even_low,1,0,0,0,1,12.0,3.422306481370004,-1.0,De medische wereld,NA,医学界,213,1,61,0,3,60+
38599,PRT,Portugal,invalid,existing,MEDIUM,longstring_exceed,1,0,1,0,0,39.0,3.4929103336319702,1.0,.,.,。,213,3,51,1,4,50-59
38609,PRT,Portugal,invalid,existing,MEDIUM,longstring_exceed,1,0,1,0,0,40.0,4.168802000127202,0.17149858514250882,todos beneficiamos com a ciência e com o seu estudo. Só assim é permitido evoluir.,"Quanto mais estudioso e interessado e atualizado, tanto melhor.",我们都受益于科学及其研究。只有这样，它才可以进化。,213,3,48,0,4,40-49
38696,PRT,Portugal,invalid,existing,MEDIUM,longstring_exceed,1,0,1,0,0,42.0,2.1989157243630912,,nao,nada,奈奥,213,3,35,0,4,30-39
38735,PRT,Portugal,invalid,existing,MEDIUM,longstring_exceed,1,0,1,0,0,38.0,3.9991328150319614,1.0,"Toda a gente pode beneficiar com a ciência, mas a ciência tem subgrupos. Depende desses grupos. Ou seja, profissionais em tecnologia beneficiam mais com a ciência tecnológica, pacientes com a ciência de novos medicamentos e tratamentos, etc.","O que este conseguiu alcançar, e quão bem os seus feitos são apoiados.",每个人都可以从科学中受益，但科学有其子群体。这取决于这些群体。换句话说，技术专业人员从技术科学中受益更多，患者从新药和新疗法的科学中受益更多。,213,3,23,1,4,18-29
38772,PRT,Portugal,invalid,existing,MEDIUM,longstring_exceed,1,0,1,0,0,54.0,7.023633375242234,,nada,nada,没有什么,213,1,52,1,2,50-59
38784,PRT,Portugal,invalid,existing,MEDIUM,longstring_exceed,1,0,1,0,0,36.0,2.3022165770300678,,Nada a responder ,Nada a responder ,没什么可回答的,213,3,42,1,3,40-49
38785,PRT,Portugal,valid1,none,MEDIUM,mahalanobis_outlier,1,0,0,1,0,3.0,8.920981685972759,-0.768273325346536,A sociedade com o avanço tecnológico e correcção de erros de comportamentos anti-ambiente,"Na teoria, currículo",技术进步和反环境行为错误纠正的社会,213,3,26,1,4,18-29
38794,PRT,Portugal,invalid,existing,MEDIUM,longstring_exceed,1,0,1,0,0,42.0,2.456079203534085,,"Nos, porque com o avancar melhoramos a qualidade de vida ",Os varios anos de estudo ,我们，因为随着我们的前进，我们的生活质量得到改善,213,3,34,1,3,30-39
38844,PRT,Portugal,invalid,existing,MEDIUM,longstring_exceed,1,0,1,0,0,39.0,5.583152239790151,0.6324555320336759,Cientistas pois são eles que buscam melhoria para o mundo ,Autenticidade dos fatos,科学家，因为他们是那些寻求改善世界的人,213,5,49,1,4,40-49
38897,PRT,Portugal,valid2,none,MEDIUM,odd_even_low,1,0,0,0,1,12.0,5.000872274239698,-0.9258200997725514,"Acho que todos. Sem ciência não há conhecimento, não há desenvolvimento, não há respostas.",Provas concretas,我想每个人。没有科学，就没有知识，就没有发展，就没有答案。,213,1,41,1,3,40-49
38961,PRT,Portugal,invalid,existing,MEDIUM,longstring_exceed,1,0,1,0,0,57.0,5.34638220763839,,"Sim, sempre criando e facilitando nossas atividades diárias ",Anos de dedicação ao conhecimento ,是的，始终创造并促进我们的日常活动,213,5,49,1,4,40-49
39050,PRT,Portugal,invalid,existing,MEDIUM,longstring_exceed,1,0,1,0,0,43.0,2.690815616117017,0.2,"Acho que os seres mas beneficiados com a ciência são os animais e os humanos 
",A descoberta de algo novo ,我认为从科学中受益最多的生物是动物和人类,213,3,18,1,3,18-29
39073,GBR,United Kingdom,invalid,existing,MEDIUM,longstring_exceed,1,0,1,0,0,57.0,5.15631519019614,,Science is the study of the world around us that has lived for ten thousand years,NA,科学是对我们周围已经存在了一万年的世界的研究,213,1,32,1,4,30-39
39081,GBR,United Kingdom,invalid,existing,MEDIUM,longstring_exceed,1,0,1,0,0,57.0,2.9807124642430716,,Not sure ,NA,没有把握,213,1,54,1,3,50-59
39082,GBR,United Kingdom,invalid,existing,MEDIUM,mahalanobis_outlier,1,0,0,1,0,6.0,12.330265078131905,0.3775519229794156,I don't have benefits ,NA,我没有福利,213,1,36,1,1,30-39
39107,GBR,United Kingdom,invalid,existing,MEDIUM,longstring_exceed,1,0,1,0,0,42.0,7.959725305823399,,NA,Their education and their reliance on facts rather than feelings,,213,1,55,1,4,50-59
39109,GBR,United Kingdom,valid1,none,MEDIUM,odd_even_low,1,0,0,0,1,3.0,5.73794898427431,-1.0,NA,Reliable and knowledgeable ,,213,1,44,1,3,40-49
39172,GBR,United Kingdom,invalid,existing,MEDIUM,mahalanobis_outlier,1,0,0,1,0,5.0,10.258001442403486,,Guv,NA,古夫,213,1,29,1,3,18-29
39236,GBR,United Kingdom,valid1,none,MEDIUM,odd_even_low,1,0,0,0,1,5.0,4.6520139182331075,-1.0,Mankind in general,NA,人类整体,213,1,85,1,3,60+
39240,GBR,United Kingdom,valid1,none,MEDIUM,mahalanobis_outlier,1,0,0,1,0,9.0,10.131624264382287,-0.4813254700769495,"Science is the future and what makes us, us. Also through science that how we have survived in covid medicine, cures for cancer and other deadly diseases. Also because of science I can complete this survey and we have put a man on the moon so what is next for science? ",NA,科学是未来，科学造就了我们。还通过科学，我们如何在新冠医学、癌症和其他致命疾病的治疗中生存下来。也因为科学，我可以完成这项调查，我们已经把人送上了月球，那么科学的下一步是什么？,213,1,39,1,4,30-39
39244,GBR,United Kingdom,valid1,none,MEDIUM,odd_even_low,1,0,0,0,1,7.0,6.165121078259103,-1.0,NA,Factual scientific proof and findings.,,213,1,50,0,3,50-59
39308,GBR,United Kingdom,valid1,none,MEDIUM,odd_even_low,1,0,0,0,1,4.0,5.062404012603496,-1.0,NA,Because it's always about the reality.,,213,1,35,1,4,30-39
39324,GBR,United Kingdom,invalid,existing,MEDIUM,longstring_exceed,1,0,1,0,0,42.0,2.7371061192735295,,N/A,NA,,213,1,27,1,4,18-29
39381,GBR,United Kingdom,invalid,existing,MEDIUM,longstring_exceed,1,0,1,0,0,71.0,7.959725305823399,,whatever,NA,任何,213,1,43,0,3,40-49
39429,GBR,United Kingdom,valid1,none,MEDIUM,mahalanobis_outlier,1,0,0,1,0,8.0,10.589616348195106,0.4102643436653597,Everyone because scientific research and studies help the world advance,NA,每个人都因为科学研究和学习帮助世界进步,213,1,19,1,3,18-29
39434,GBR,United Kingdom,invalid,existing,MEDIUM,mahalanobis_outlier,1,0,0,1,0,3.0,10.495106868885308,-0.5342072242964953,No,NA,不,213,1,37,1,4,30-39
39488,GBR,United Kingdom,invalid,existing,MEDIUM,longstring_exceed,1,0,1,0,0,57.0,2.7371061192735295,,not sure,NA,没有把握,213,1,34,0,4,30-39
39489,GBR,United Kingdom,invalid,existing,MEDIUM,longstring_exceed,1,0,1,0,0,51.0,2.7686066450263387,,People because science.,NA,人因为科学。,213,1,24,1,4,18-29
39509,GBR,United Kingdom,invalid,existing,MEDIUM,longstring_exceed,1,0,1,0,0,40.0,5.15631519019614,,n/a,NA,,213,1,21,1,3,18-29
39563,GBR,United Kingdom,invalid,existing,MEDIUM,longstring_exceed,1,0,1,0,0,39.0,3.668472197897368,,NA,not sure,,213,1,69,0,4,60+
39592,GBR,United Kingdom,invalid,existing,MEDIUM,mahalanobis_outlier,1,0,0,1,0,19.0,10.276470858708294,0.8783100656536799,NA,im confused ,,213,1,36,0,2,30-39
39620,GBR,United Kingdom,valid1,none,MEDIUM,odd_even_low,1,0,0,0,1,3.0,3.9258026101276045,-1.0,"Society in general. I believe the rigorous pursuit of truth is a good thing. Of course, scientists have their biases and their paymasters, but empirical evidence is more trustworthy. ",NA,社会一般。我相信严格追求真理是一件好事。当然，科学家有他们的偏见和他们的出钱人，但经验证据更值得信赖。,213,1,63,1,3,60+
39695,GBR,United Kingdom,invalid,existing,MEDIUM,odd_even_low,1,0,0,0,1,4.0,6.136655533908321,-1.0,0,NA,0,213,1,33,1,4,30-39
39715,GBR,United Kingdom,invalid,existing,MEDIUM,longstring_exceed,1,0,1,0,0,57.0,2.7371061192735295,,not sure,NA,没有把握,213,1,58,1,3,50-59
39738,GBR,United Kingdom,valid1,none,MEDIUM,odd_even_low,1,0,0,0,1,16.0,6.1031335768929535,-0.9258200997725514,NA,The research and facts that back up the dialogue.,,213,1,29,1,4,18-29
39750,GBR,United Kingdom,invalid,existing,MEDIUM,longstring_exceed,1,0,1,0,0,38.0,3.603519674451637,,Science is brilliant. We all benefit from science ,NA,科学是辉煌的。我们都受益于科学,213,1,37,0,3,30-39
39814,GBR,United Kingdom,valid1,none,MEDIUM,odd_even_low,1,0,0,0,1,5.0,5.308069534870665,-1.0,NA,It is the trust of all that makes scientists trustworthy.,,213,1,32,0,4,30-39
39818,GBR,United Kingdom,valid1,none,MEDIUM,odd_even_low,1,0,0,0,1,5.0,5.165487880024256,-0.8783100656536799,I think humans who suffer from medical issues benefit from science the most as it is used to help treat them,NA,我认为患有医疗问题的人类从科学中受益最多，因为科学被用来帮助治疗他们,213,1,18,0,3,18-29
39842,GBR,United Kingdom,invalid,existing,MEDIUM,longstring_exceed,1,0,1,0,0,43.0,4.1602309090283836,1.0,No comment.,NA,没有意见。,213,1,40,1,3,40-49
39843,GBR,United Kingdom,valid1,none,MEDIUM,odd_even_low,1,0,0,0,1,13.0,3.9429175188966137,-1.0,NA,That they can provide the data and evidence about what they are informing the public about. ,,213,1,50,0,4,50-59
39859,GBR,United Kingdom,invalid,existing,MEDIUM,longstring_exceed,1,0,1,0,0,45.0,3.5916705235211897,,NA,If he's willing to say the truth even when its inconvinient,,213,1,18,NA,3,18-29
39880,GBR,United Kingdom,invalid,existing,MEDIUM,longstring_exceed,1,0,1,0,0,57.0,2.7686066450263387,,--,NA,,213,1,48,1,3,40-49
40010,GBR,United Kingdom,invalid,existing,MEDIUM,mahalanobis_outlier,1,0,0,1,0,12.0,10.462623597877075,0.6333004963811236,NA,Nothing actually ,,213,1,23,1,4,18-29
40234,GBR,United Kingdom,invalid,existing,MEDIUM,longstring_exceed,1,0,1,0,0,45.0,5.15631519019614,,NA,"they want best for society
",,213,1,27,1,4,18-29
40397,GBR,United Kingdom,valid1,none,MEDIUM,odd_even_low,1,0,0,0,1,5.0,4.466908414917013,-1.0,"I think children and future generations benefit the most from science and scientific advances, although I believe the population as a whole benefits from scientific advances, especially in the medical field. ",NA,我认为儿童和子孙后代从科学和科学进步中受益最多，尽管我相信整个人口从科学进步中受益，特别是在医学领域。,213,1,34,0,4,30-39
40613,GBR,United Kingdom,valid1,none,MEDIUM,odd_even_low,1,0,0,0,1,3.0,3.6446058130560544,-1.0,Society eventually benefits from science. Science promotes learning and understanding which is mostly of benefit to evolving mankind's knowledge base.,NA,社会最终受益于科学。科学促进学习和理解，这最有利于人类知识基础的发展。,213,1,50,1,3,50-59
40706,GBR,United Kingdom,valid1,none,MEDIUM,odd_even_low,1,0,0,0,1,6.0,3.7615598084048276,-1.0,I think the whole world benefits from science. It increases our understanding of current situations and can also give us solutions or ways to prevent negative outcomes.,NA,我认为整个世界都受益于科学。它增加了我们对当前情况的理解，还可以为我们提供解决方案或方法来防止负面结果。,213,1,43,0,4,40-49
40735,GBR,United Kingdom,valid1,none,MEDIUM,odd_even_low,1,0,0,0,1,12.0,4.648382921528437,-1.0,NA,IF THEY HAVE STUDIED THE SUBJECT in depth so they know what they are talking about.,,213,1,44,0,4,40-49
40905,GBR,United Kingdom,valid1,none,MEDIUM,mahalanobis_outlier,1,0,0,1,0,6.0,10.659932715033431,0.4579565896743105,I think society as a whole benefits from science we would not be where we are without it. It dictates our whole lives,NA,我认为整个社会都受益于科学，没有科学，我们就不会取得今天的成就。它决定了我们的一生,213,1,63,0,4,60+
41079,GEO,Georgia,invalid,existing,MEDIUM,longstring_exceed,1,0,1,0,0,39.0,3.891905086644039,1.0,NA,Bilim yanilabilir bir insan faaliyetidir. Bilimsel kanıta dayalıdır ,,213,1,29,0,3,18-29
41091,GEO,Georgia,invalid,existing,MEDIUM,longstring_exceed,1,0,1,0,0,48.0,4.451955210502231,,El Irak'ı wel iraki,NA,伊拉克威尔伊拉基,213,1,NA,1,2,NA
41157,GEO,Georgia,invalid,existing,MEDIUM,longstring_exceed,1,0,1,0,0,32.0,2.6902011257127505,,NA,gerçek bilgiye ulaşmak bence bilimden geçer ,,213,1,32,0,3,30-39
41330,GEO,Georgia,invalid,existing,MEDIUM,longstring_exceed,1,0,1,0,0,43.0,4.93291633620463,0.2,NA,123,,213,1,NA,0,2,NA
41338,GEO,Georgia,invalid,existing,MEDIUM,longstring_exceed,1,0,1,0,0,57.0,3.2130964926778987,,NA,Yaptıkları buluşlar ,,213,1,33,0,4,30-39
41368,GEO,Georgia,invalid,existing,MEDIUM,longstring_exceed,1,0,1,0,0,43.0,3.8674988010790448,0.25,NA,Dogru ilan,,213,1,45,0,3,40-49
41587,GHA,Ghana,valid1,none,MEDIUM,mahalanobis_outlier,1,0,0,1,0,9.0,10.560277796394374,0.6324555320336759,Children and women ,NA,儿童和妇女,213,1,29,0,4,18-29
41678,GHA,Ghana,valid1,none,MEDIUM,odd_even_low,1,0,0,0,1,8.0,4.086751717444924,-0.9191450300180578,"Those that are willing to participate in it knowledgeably. By this, I don't mean individuals that use science and technology ignorantly but those that use it knowledgeably and to their advantage. It doesn't have to be a full blown research but little things that could be used to improve our lives on a daily basis. ",NA,那些愿意有知识地参与其中的人。我所说的并不是那些无知地使用科学技术的人，而是那些明智地使用科学技术并为自己谋取利益的人。它不一定是一项全面的研究，而是可以用来改善我们日常生活的小事情。,213,1,23,0,4,18-29
41835,GHA,Ghana,valid1,none,MEDIUM,mahalanobis_outlier,1,0,0,1,0,6.0,9.312788226745017,-0.29277002188455997,"I believe every living being benefits from science.my reasons are:- you will agree with me that in the global today everything is being controlled by science from the food we eat, clothings, health and well-being,electronics etc.lets talk about health for Instance, before when science has not been so much on a known, people die carelessly e.g in olden days when there is nothing like dialysis machine people die of a kidney disease so fast.Lets come to technology, when there was no telephones people suffered to convey their messages, when there was no electricity people suffered in darkness, when there was no radio and television sets people lived with lack of informations alot I can say about science. Infact science is the best thing that happened to world.",NA,我相信每个生物都受益于科学。我的理由是：-你会同意我的观点，在当今的全球范围内，一切都受到科学的控制，从我们吃的食物，衣服，健康和福祉，电子产品等。让我们谈谈健康，例如，在科学还没有那么多人知道的时候，人们会不小心死去，例如在过去，没有像透析机那样的东西，人们会很快死于肾病。让我们来谈谈技术，当没有电话时，人们很难传达他们的信息，当没有电时，人们生活在黑暗中；当没有收音机和电视机时，人们生活在缺乏信息的情况下，我可以说关于科学。事实上，科学是世界上发生过的最好的事情。,213,1,23,2,3,18-29
41918,GHA,Ghana,valid1,none,MEDIUM,mahalanobis_outlier,1,0,0,1,0,10.0,11.913949144447512,0.2,"The rich 
Because they have money to attend good science school ",NA,"有钱人 
因为他们有钱去上好的科学学校",213,1,23,1,3,18-29
41964,GHA,Ghana,valid1,none,MEDIUM,odd_even_low,1,0,0,0,1,4.0,4.876627452290526,-1.0,NA,Churning the right facts devoid of agenda even if his findings are contrary to the status quo,,213,1,25,1,4,18-29
42034,GHA,Ghana,invalid,existing,MEDIUM,longstring_exceed,1,0,1,0,0,45.0,5.685462849054069,,Making life easier.science brought many things or has widen the of individuals to invent things which in our daily life .,NA,让生活更轻松。科学带来了许多东西或扩大了个人的视野，发明了我们日常生活中的东西。,213,1,19,1,4,18-29
42041,GHA,Ghana,valid1,none,MEDIUM,odd_even_low,1,0,0,0,1,4.0,5.314897565575063,-1.0,"The human being, because it helps us to know a lot about our environment",NA,人类，因为它帮助我们更多地了解我们的环境,213,1,40,1,4,40-49
42115,HKG,Hong Kong,invalid,existing,MEDIUM,longstring_exceed,1,0,1,0,0,71.0,7.384832905016412,,NA,無,,213,1,34,0,3,30-39
42234,HKG,Hong Kong,invalid,existing,MEDIUM,odd_even_low,1,0,0,0,1,7.0,4.050865899882423,-1.0,市民,NA,市民,213,1,27,1,4,18-29
42270,HKG,Hong Kong,invalid,existing,MEDIUM,mahalanobis_outlier,1,0,0,1,0,7.0,10.791820913056387,-0.4120816918460671,-99,NA,-99,213,1,56,0,3,50-59
42374,HKG,Hong Kong,invalid,existing,MEDIUM,longstring_exceed,1,0,1,0,0,57.0,1.9584066259605024,,NA,no,,213,1,42,1,4,40-49
42412,HKG,Hong Kong,invalid,existing,MEDIUM,longstring_exceed,1,0,1,0,0,35.0,1.8926030770718991,,"EVERYONE, WE ALL SUFFER",NA,每个人，我们都在受苦,213,1,38,0,4,30-39
42415,HKG,Hong Kong,invalid,existing,MEDIUM,longstring_exceed,1,0,1,0,0,41.0,2.7953133446567175,1.0,NA,唔知,,213,1,37,1,4,30-39
42504,HKG,Hong Kong,invalid,existing,MEDIUM,longstring_exceed,1,0,1,0,0,35.0,2.0357120823449897,,NA,none,,213,1,40,0,4,40-49
42567,HKG,Hong Kong,invalid,existing,MEDIUM,odd_even_low,1,0,0,0,1,4.0,4.885381362004018,-1.0,no,NA,不,213,1,48,1,4,40-49
42830,HUN,Hungary,invalid,existing,MEDIUM,longstring_exceed,1,0,1,0,0,32.0,2.782927087931512,,Az àllamnak mert bevètele lesz belöle.,NA,因为国家将拥有其中的股份。,213,1,47,0,3,40-49
42844,HUN,Hungary,valid1,none,MEDIUM,mahalanobis_outlier,1,0,0,1,0,6.0,9.051614766131939,0.6123724356957945,"Nem tudom kinek származik haszna,de sokan a tudományra hivatkozva lop,csal,hazudik",NA,我不知道谁受益，但很多人根据科学偷窃、欺骗和撒谎,213,1,49,0,3,40-49
42866,HUN,Hungary,invalid,existing,MEDIUM,longstring_exceed,1,0,1,0,0,54.0,6.2246956775606614,,NA,-99,,213,1,18,1,3,18-29
42882,HUN,Hungary,invalid,existing,MEDIUM,longstring_exceed,1,0,1,0,0,33.0,4.784221316983688,0.15617376188860607,NA,"Megbízható akkor lesz, ha logikus, észérvekkel belátható bizonyítékokat hoz, amelyeket video dokumentációkban is megtekinthetünk.",,213,1,49,1,3,40-49
42931,HUN,Hungary,valid1,none,MEDIUM,mahalanobis_outlier,1,0,0,1,0,12.0,9.445405726244145,0.657411243046284,NA,Ha bizonyítja a tevékenységét,,213,1,19,1,3,18-29
42963,HUN,Hungary,invalid,existing,MEDIUM,longstring_exceed,1,0,1,0,0,34.0,8.260359159566763,1.0,Embernek,NA,对于一个人来说,213,1,37,0,4,30-39
42986,HUN,Hungary,valid1,none,MEDIUM,odd_even_low,1,0,0,0,1,3.0,7.984499311957072,-0.936585811581694,NA,A tudásáról. Amit át tud adni más emberek számára.,,213,1,22,0,3,18-29
43002,HUN,Hungary,valid1,none,MEDIUM,odd_even_low,1,0,0,0,1,4.0,7.162001040361793,-0.8911327886790069,"Minden embernek , kivétel a hadi tudományok. Ezeket sajnos sokszor emberiség elleni bűncselekmények én használják fel.",NA,对于每个人来说，军事科学是个例外。不幸的是，这些经常被反人类罪所利用。,213,1,70,1,3,60+
43014,HUN,Hungary,valid1,none,MEDIUM,odd_even_low,1,0,0,0,1,7.0,5.11741141046196,-1.0,NA,"Az általa publikált tanulmányoktól, azokat milyen kísérletek támasztják alá.",,213,1,30,0,4,30-39
43041,HUN,Hungary,invalid,existing,MEDIUM,longstring_exceed,1,0,1,0,0,57.0,2.5269422638253234,,Nem tudom ,NA,我不知道,213,1,26,0,3,18-29
43047,HUN,Hungary,valid1,none,MEDIUM,mahalanobis_outlier,1,0,0,1,0,3.0,9.063533044813203,0.5477225575051661,"Szerény meglátásom szerint, a történelem folyamán bármit is feltaláltak, előbb vagy utóbb rossz kezekbe került a tudás. Nem feltétlen pozitív oldalát használták, ha igen, pár évtizeddel később beszüntették ilyen-olyan okkal. Biztos nem mindenre igaz és az is biztos, hogy a tudósok vitatkoznak mindenen. Ez jó, hiszen más szemszög, más kísérlet, hely stb, csak inkább dolgoznának össze és ne egymás ellen lennének. A tudomány nem verseny. ",NA,以我的愚见，无论历史上发明了什么，知识迟早都会落入坏人之手。它不一定被用于其积极的一面，如果是这样，它会在几十年后因某种原因而停止使用。这当然不是对所有事情都是如此，而且科学家们对所有事情都有争论也是肯定的。这很好，因为不同的观点、不同的实验、地点等，宁愿共同努力，而不是相互对立。科学不是竞赛。,213,1,45,0,2,40-49
43100,HUN,Hungary,invalid,existing,MEDIUM,longstring_exceed,1,0,1,0,0,42.0,6.263093969265442,,NA,-99,,213,1,NA,1,4,NA
43109,HUN,Hungary,invalid,existing,MEDIUM,longstring_exceed,1,0,1,0,0,36.0,6.257795812192014,,Kit erdekel,NA,谁在乎,213,1,23,1,3,18-29
43178,HUN,Hungary,invalid,existing,MEDIUM,odd_even_low,1,0,0,0,1,18.0,3.539567453181843,-1.0,NA,Attol hogy milyen ember,,213,1,26,1,2,18-29
43216,IDN,Indonesia,valid1,none,MEDIUM,odd_even_low,1,0,0,0,1,16.0,4.737087049285386,-1.0,NA,Harus real dan sesuai fakta penelitian,,213,3,38,1,3,30-39
43219,IDN,Indonesia,invalid,existing,MEDIUM,longstring_exceed,1,0,1,0,0,46.0,2.2858331605117335,,NA,karena ekperimen,,213,4,41,0,4,40-49
43227,IDN,Indonesia,invalid,existing,MEDIUM,longstring_exceed,1,0,1,0,0,42.0,2.667195365942055,,NA,penemuannya dapat diterapkan dalam kehidupan sehari-hari,,213,1,NA,0,4,NA
43241,IDN,Indonesia,invalid,existing,MEDIUM,longstring_exceed,1,0,1,0,0,33.0,7.03928745631545,,NA,Bila hasil penelitian nya dapat di uji dan dibuktikan kepada masyarakat umum dengan basis ilmu pengetahuan yg kompeten,,213,1,32,1,4,30-39
43258,IDN,Indonesia,valid1,none,MEDIUM,odd_even_low,1,0,0,0,1,6.0,5.271343167744791,-1.0,NA,Ilmuwan dapat dipercaya karena pemikiran dan temuan-temuannya menghasilkan manfaat yang nyata untuk kehidupan.,,213,1,41,1,3,40-49
43370,IDN,Indonesia,invalid,existing,MEDIUM,longstring_exceed,1,0,1,0,0,33.0,3.485630150450046,,NA,pandangan pribadi yang selalu mengutamakan kepentingan bersama,,213,4,40,0,4,40-49
43371,IDN,Indonesia,valid1,none,MEDIUM,odd_even_low,1,0,0,0,1,16.0,5.118913251927946,-1.0,NA,Dengan adanya peer-reviewed researched,,213,1,21,1,4,18-29
43427,IDN,Indonesia,valid1,none,MEDIUM,mahalanobis_outlier,1,0,0,1,0,6.0,11.009369724761585,0.5726371269248889,NA,Menemukan sesuatu untuk kebaikan dengan proses uji coba yang terbukti baik dengan maksud dan tujuan penyelamatan dan dibagikan kepada yang membutuhkan dan ada pemulihan sehingga ilmuwan itu dapat dipercaya,,213,1,42,0,4,40-49
43435,IDN,Indonesia,valid1,none,MEDIUM,odd_even_low,1,0,0,0,1,9.0,4.704397048038041,-1.0,"Manusia... Untuk menambah kualitas diri, pengetahuan dll",NA,人类...提高个人素质、知识等,213,1,45,0,3,40-49
43437,IDN,Indonesia,valid1,none,MEDIUM,mahalanobis_outlier,1,0,0,1,0,13.0,11.50347810956126,0.5963994531287798,Yang diuntungkan adalah orang yang menemukan ilmu pengetahuan,NA,受益者是发现科学的人,213,1,32,0,4,30-39
43460,IDN,Indonesia,valid1,none,MEDIUM,mahalanobis_outlier,1,0,0,1,0,6.0,12.36600029849726,0.23443770806130776,Masyarakat umumnya yang paling diuntungkan karena akan menambah kemampuan dan menjadi lebih pandai serta bijak jika menghadapi masalah sesuai dgn ilmu tersebut dan bermanfaat bagi pemerintaj karena rakyatnya semakin pintar dan bijak.,NA,广大公众将受益最多，因为根据这些知识，他们在面对问题时会提高自己的能力，变得越来越聪明，这对政府来说是有利的，因为人民变得越来越聪明。,213,1,42,0,4,40-49
43478,IDN,Indonesia,invalid,existing,MEDIUM,longstring_exceed,1,0,1,0,0,57.0,2.872160840360027,,NA,Penemuan2 secara ilmiah dan telah di uji,,213,3,67,1,3,60+
43485,IDN,Indonesia,invalid,existing,MEDIUM,longstring_exceed,1,0,1,0,0,44.0,3.6539033249917177,,NA,Karya yang dihasilkan dan dampak untuk masyarakat ,,213,1,33,1,4,30-39
43505,IDN,Indonesia,invalid,existing,MEDIUM,longstring_exceed,1,0,1,0,0,32.0,2.8960816377884337,,"pribadi sendiri kalau ilmu pasti,
tapi kalau ilmu sejarah hanya orang pembuat sejarah yang diuntungkan",NA,"就个人而言，如果知识准确的话，
但如果你研究历史，只有创造历史的人才能受益",213,1,33,1,4,30-39
43520,IDN,Indonesia,invalid,existing,MEDIUM,longstring_exceed,1,0,1,0,0,54.0,1.9647315973709172,,NA,Berdasarkan teori yang beliau nyatakan dan kenyataan yang terjadi di lapangan,,213,4,21,0,3,18-29
43530,IDN,Indonesia,invalid,existing,MEDIUM,longstring_exceed,1,0,1,0,0,52.0,1.9647315973709172,,semua orang karena ilmu pengetahuan sangat penting,NA,大家因为科学非常重要,213,4,46,1,4,40-49
43590,IDN,Indonesia,invalid,existing,MEDIUM,longstring_exceed,1,0,1,0,0,37.0,1.772201235406114,,NA,data yang disampaikan dapat dipertanggungjawabkan kebenarannya,,213,4,50,0,4,50-59
43593,IDN,Indonesia,valid1,none,MEDIUM,mahalanobis_outlier,1,0,0,1,0,7.0,10.332232733939845,-0.524672182297103,"Negara tempat para ilmuwan mengadakan penelitian, karena akan menguntungkan untuk pertama kalinya sebelum dipublikasikan",NA,科学家进行研究的国家，因为研究将在发表前首次盈利,213,1,51,0,4,50-59
43612,IDN,Indonesia,invalid,existing,MEDIUM,longstring_exceed,1,0,1,0,0,57.0,2.6139231483307643,,NA,penjelasan dan analisa masuk akal dan dapat dipercaya,,213,3,50,0,4,50-59
43661,IDN,Indonesia,valid1,none,MEDIUM,odd_even_low,1,0,0,0,1,9.0,6.791264093351779,-0.8944271909999159,NA,Memenuhi janjinya,,213,1,40,0,4,40-49
43675,IDN,Indonesia,valid1,none,MEDIUM,odd_even_low,1,0,0,0,1,2.0,6.167742092089413,-0.8944271909999159,"Ilmuan,karena ilmuan dapat mempredkisi sesuatu yang orang awam tidak tahu",NA,科学家，因为科学家可以预测普通人不知道的事情,213,1,25,1,3,18-29
43688,IDN,Indonesia,invalid,existing,MEDIUM,longstring_exceed,1,0,1,0,0,42.0,2.950799955852346,,-99,NA,-99,213,3,25,0,4,18-29
43703,IDN,Indonesia,invalid,existing,MEDIUM,longstring_exceed,1,0,1,0,0,39.0,2.3283850817214415,,NA,ada bukti dan dapat diterapkan dari hasil riset ilmuwan ,,213,1,52,1,4,50-59
43750,IDN,Indonesia,valid1,none,MEDIUM,mahalanobis_outlier,1,0,0,1,0,2.0,10.498761890508545,0.660377358490566,si pembuat ilmu karena dialah yang mendapatkan manfaat terbesar dari ilmu yang dia temukan,NA,知识的创造者，因为他是从他发现的知识中获得最大利益的人,213,1,49,0,4,40-49
43794,IDN,Indonesia,valid1,none,MEDIUM,odd_even_low,1,0,0,0,1,4.0,4.188004544037841,-1.0,NA,dapat dipercaya karna ilmu dan hasil karya ciptaannya bisa kita pakai dalam kegiatan sehari hari dan bisa diterapkan dalam berbagai solusi di lingkungan,,213,1,27,0,4,18-29
43796,IDN,Indonesia,invalid,existing,MEDIUM,longstring_exceed,1,0,1,0,0,35.0,4.450696556795558,,semua manusia untuk hidup lebih baik,NA,所有人都生活得更好,213,3,44,1,3,40-49
43809,IDN,Indonesia,invalid,existing,MEDIUM,longstring_exceed,1,0,1,0,0,57.0,2.7139851431467594,,NA,hasil temuannya dapat dipertanggungjawabkan,,213,3,31,0,4,30-39
43834,IDN,Indonesia,invalid,existing,MEDIUM,longstring_exceed,1,0,1,0,0,67.0,1.832144261754825,,NA,ok,,213,4,30,1,3,30-39
43836,IDN,Indonesia,invalid,existing,MEDIUM,odd_even_low,1,0,0,0,1,17.0,3.3470743034231054,-1.0,Orang orang yang berkompeten,NA,有能力的人,213,3,40,0,4,40-49
43859,IDN,Indonesia,valid1,none,MEDIUM,odd_even_low,1,0,0,0,1,5.0,3.8079210789217908,-1.0,Kita semua,NA,我们所有人,213,1,34,1,4,30-39
43907,IDN,Indonesia,invalid,existing,MEDIUM,longstring_exceed,1,0,1,0,0,57.0,2.6139231483307643,,NA,"Semua orang secara sadar mampu berpikir, berkata atau bertindak tidak jujur, tanpa kecuali--pemilik warung kopi sampai pejabat negara, atau orang yang sedikit ilmu sampai ilmuwan dengan seabrek pengetahuan.",,213,1,55,1,4,50-59
43916,IDN,Indonesia,valid1,none,MEDIUM,odd_even_low,1,0,0,0,1,3.0,3.9524043287107555,-1.0,Kita semua,NA,我们所有人,213,1,42,1,4,40-49
43955,IDN,Indonesia,invalid,existing,MEDIUM,longstring_exceed,1,0,1,0,0,57.0,2.8946880927929137,,NA,dari cara menyampaikan dan pembawaanya,,213,3,29,0,3,18-29
44110,IDN,Indonesia,invalid,existing,MEDIUM,longstring_exceed,1,0,1,0,0,57.0,2.6139231483307643,,NA,karena penelitian-nya berhasil,,213,3,33,0,4,30-39
44152,IDN,Indonesia,valid1,none,MEDIUM,odd_even_low,1,0,0,0,1,5.0,4.826199068922287,-1.0,Industri kesehatan serta perusahaan manufaktur,NA,健康产业以及制造企业,213,1,40,1,4,40-49
44153,IDN,Indonesia,valid1,none,MEDIUM,mahalanobis_outlier,1,0,0,1,0,13.0,11.112172842995156,-0.31622776601683794,NA,"seorang ilmuwan dapat dipercaya apabila hasil penemuannya dipublikasikan secara luas dan gratis dengan manfaat senyatanya untuk kepentingan umat manusia dan bermanfaat banyak pada satu aspek atau banyak aspek kehidupan, contoh : sedotan kertas penganti setodan plastik yg mencemari alam.",,213,1,43,1,4,40-49
44156,IDN,Indonesia,invalid,existing,MEDIUM,longstring_exceed,1,0,1,0,0,57.0,1.9647315973709172,,NA,dari penelitiannya terbukti,,213,4,45,1,4,40-49
44197,IDN,Indonesia,invalid,existing,MEDIUM,longstring_exceed,1,0,1,0,0,57.0,1.6272574145795142,,NA,Informasi yang dibawakan sangat benar ,,213,4,21,1,4,18-29
44242,IDN,Indonesia,valid1,none,MEDIUM,mahalanobis_outlier,1,0,0,1,0,10.0,10.30849713860644,0.925,NA,karena keilmuanya,,213,1,42,0,4,40-49
44268,IDN,Indonesia,invalid,existing,MEDIUM,longstring_exceed,1,0,1,0,0,34.0,4.1010636554125375,,Umat manusia karena bermanfaat bagi semua,NA,人性，因为它造福于所有人,213,1,32,1,3,30-39
44286,IDN,Indonesia,invalid,existing,MEDIUM,longstring_exceed,1,0,1,0,0,50.0,3.2915457706421702,,diri sendiri karena ilmu itu harus dipelajari dengan giat,NA,自己，因为知识必须勤奋学习,213,3,23,1,3,18-29
44291,IDN,Indonesia,invalid,existing,MEDIUM,longstring_exceed,1,0,1,0,0,39.0,2.452404306442108,,NA,"Yang membuat seorang ilmuwan dapat dipercaya adalah bila ilmuwan tersebut ""walk the talk"" dan apa yang diprediksi oleh ilmuwan tersebut, di kemudian hari terbukti",,213,1,62,1,4,60+
44316,IDN,Indonesia,invalid,existing,MEDIUM,longstring_exceed,1,0,1,0,0,35.0,4.8756448546069375,,NA,hasil observasinya,,213,1,39,0,4,30-39
44324,IDN,Indonesia,invalid,existing,MEDIUM,longstring_exceed,1,0,1,0,0,36.0,2.92938531920728,,"Kita secara pribadi dan orang lain secara umum, karena dengan ilmu pengetahuan yang luas kita dapat memprediksi ataupun mengevaluasi pengetahuan tersebut.",NA,我们个人和其他人，因为有了广泛的知识，我们可以预测或评估这些知识。,213,1,35,1,3,30-39
44343,IDN,Indonesia,valid1,none,MEDIUM,mahalanobis_outlier,1,0,0,1,0,7.0,13.723955496700478,0.8320502943378436,NA,Karena memberikan manfaat temuannya dan berguna untuk masa depan,,213,1,43,0,4,40-49
44368,IDN,Indonesia,invalid,existing,MEDIUM,longstring_exceed,1,0,1,0,0,35.0,3.927894502453157,,"semua orang diuntungkan, karena dengan bertambahnya kemajuan teknologi makin mempermudah manusia melakukan sesuatu",NA,每个人都受益，因为随着技术的进步，人类做事变得更容易,213,1,45,1,4,40-49
44376,IDN,Indonesia,invalid,existing,MEDIUM,longstring_exceed,1,0,1,0,0,36.0,3.6663525042733967,,"pengusaha, karena mereka tetap mengambil keuntungan melalui ilmu pengetahuan",NA,企业家，因为他们仍然通过科学获利,213,1,50,1,4,50-59
44405,IDN,Indonesia,valid1,none,MEDIUM,odd_even_low,1,0,0,0,1,4.0,3.7714095334869295,-1.0,NA,Penemuan yang berguna ,,213,1,34,1,4,30-39
44414,IDN,Indonesia,invalid,existing,MEDIUM,longstring_exceed,1,0,1,0,0,42.0,2.9487467592297865,,manusia karena lebih bisa menghadapi kehidupan,NA,人类因为能够更好地面对生活,213,1,30,0,4,30-39
44433,IDN,Indonesia,invalid,existing,MEDIUM,longstring_exceed,1,0,1,0,0,32.0,8.59832384967167,,Pelajar karena dia akan menjadi manusia masa depan yang berilmu tinggi,NA,学生，因为他将成为知识渊博的未来人类,213,1,49,0,4,40-49
44437,IDN,Indonesia,valid1,none,MEDIUM,odd_even_low,1,0,0,0,1,5.0,3.8439260689081833,-1.0,NA,Penemuan yang berguna ,,213,1,40,0,4,40-49
44477,IDN,Indonesia,invalid,existing,MEDIUM,longstring_exceed,1,0,1,0,0,35.0,3.9530726618888865,,seluruh masyarakat karena dengan berkembangnya ilmu pengetahuan maka masyarakat dapat melakukan re-generasi terhadap SDA itu sendiri,NA,整个社会，因为随着科学的发展，社会可以自行再生自然资源,213,1,29,0,4,18-29
44607,IDN,Indonesia,invalid,existing,MEDIUM,longstring_exceed,1,0,1,0,0,57.0,2.9487467592297865,,Manusia dikarenakan perkembangan peradaban akan maju jika ilmu pengetahuan digunakan untuk mempermudah dan menyejahterakan masyarakat,NA,由于文明的发展，如果用科学让社会变得更轻松、更繁荣，人类就会进步,213,1,19,1,3,18-29
44626,IDN,Indonesia,valid1,none,MEDIUM,odd_even_low,1,0,0,0,1,9.0,3.847516278323149,-1.0,NA,menyampaikan temuannya tanpa ada yang disembunyikan dan tidak beorientasi dengan politik,,213,1,41,1,4,40-49
44643,IDN,Indonesia,valid1,none,MEDIUM,mahalanobis_outlier,1,0,0,1,0,9.0,10.54513640551309,-0.29488391230979427,NA,berdasarkan sourch data yang valid,,213,1,26,1,4,18-29
44678,IDN,Indonesia,valid1,none,MEDIUM,odd_even_low,1,0,0,0,1,5.0,4.018979986693113,-1.0,NA,Penemuan yang berguna ,,213,1,40,1,4,40-49
44763,IDN,Indonesia,valid1,none,MEDIUM,mahalanobis_outlier,1,0,0,1,0,12.0,10.766465436550144,0.16724840200141816,Lembaga terkait untuk mencapai tujuan tertentu,NA,相关机构实现一定目标,213,1,29,1,4,18-29
44778,IDN,Indonesia,valid1,none,MEDIUM,odd_even_low,1,0,0,0,1,4.0,6.463025196505036,-0.8834522085987723,"1. masyarakat umum diuntungkan hanya pada saat ilmu pengetahuan bisa dinikmati dengan harga murah.
2. Pengusaha yang bisa menguasai teknologi yang sedang tren dengn cara menjual prooduk ke masyarakat.
",NA,"1.只有当知识能够以低廉的价格享受时，公众才能受益。
2、能够通过向公众销售产品来掌握流行技术的企业家。",213,1,56,1,4,50-59
44823,IDN,Indonesia,valid1,none,MEDIUM,odd_even_low,1,0,0,0,1,10.0,3.8374437405679918,-1.0,NA,"Saya pikir seorang ilmuwan bisa dipercaya karena ia sudah begitu lama belajar dan memiliki bukti nyata (entah penelitian atau bukti temuan berbentuk fisik) terkait hal yang ia sampaikan ke orang banyak, belum lagi ditambah dengan bagaimana hal yang ilmuwan katakan sejalan dengan fenomena yang tengah kita rasakan",,213,1,21,0,3,18-29
44846,IDN,Indonesia,valid1,none,MEDIUM,odd_even_low,1,0,0,0,1,9.0,8.164964278449126,-1.0,Yang paling diuntungkan adalah pejabat isntansi yang berhubungan dengan kesehatan dan teknologi. Karena dari ilmu pengetahuan mereka dapat membuat produk atau keadaan yang memang relevan dengan keperluan masyarakat.,NA,受益最多的是与健康和技术相关的机构官员。因为通过科学，他们可以创造与社会需求相关的产品或条件。,213,1,30,1,3,30-39
44889,IDN,Indonesia,invalid,existing,MEDIUM,longstring_exceed,1,0,1,0,0,57.0,2.8946880927929137,,NA,-99,,213,1,24,0,4,18-29
45035,IDN,Indonesia,valid1,none,MEDIUM,mahalanobis_outlier,1,0,0,1,0,4.0,10.686256540443985,0.1732050807568877,NA,Memiliki pengetahuan yg luas,,213,1,20,1,4,18-29
45060,IDN,Indonesia,invalid,existing,MEDIUM,longstring_exceed,1,0,1,0,0,57.0,2.9487467592297865,,Jujur dan terbuka dalam penelitian,NA,在研究中保持诚实和开放,213,1,35,0,4,30-39
45072,IDN,Indonesia,invalid,existing,MEDIUM,longstring_exceed,1,0,1,0,0,57.0,2.9487467592297865,,NA,Jujur dan terbuka dalam penelitian,,213,1,35,0,4,30-39
45084,IDN,Indonesia,valid1,none,MEDIUM,odd_even_low,1,0,0,0,1,5.0,6.653256430958934,-1.0,NA,hasil penelitiannya dan riset yang ditemukan,,213,1,28,0,4,18-29
45133,IDN,Indonesia,invalid,existing,MEDIUM,longstring_exceed,1,0,1,0,0,41.0,2.9098879913032034,,NA,Wawasan luas.,,213,1,34,0,4,30-39
45145,IDN,Indonesia,invalid,existing,MEDIUM,longstring_exceed,1,0,1,0,0,67.0,2.9487467592297865,,NA,karena sudah membuktikan penemuannya,,213,1,45,0,3,40-49
45304,IDN,Indonesia,invalid,existing,MEDIUM,longstring_exceed,1,0,1,0,0,56.0,3.9814876727809225,,NA,mempunyai tempat khusus dan penelitian berkelanjutan,,213,1,41,1,4,40-49
46375,IND,India,invalid,existing,MEDIUM,longstring_exceed,1,0,1,0,0,39.0,3.786813385113588,0.5,NA,Their capability of proving some observation and interference make them trustworthy.,,213,1,42,0,4,40-49
46377,IND,India,valid1,none,MEDIUM,mahalanobis_outlier,1,0,0,1,0,12.0,11.906056825080924,0.5826856325833838,NA,"To determine credibility, scientific studies need to be assessed along at least the following three dimensions. method and data transparency.",,213,1,21,1,4,18-29
46395,IND,India,invalid,existing,MEDIUM,longstring_exceed,1,0,1,0,0,36.0,2.642091083693516,,NA,Very good a better,,213,1,40,0,4,40-49
46413,IND,India,invalid,existing,MEDIUM,longstring_exceed,1,0,1,0,0,57.0,2.0665545278482313,,"I think it gives a lot
Because from science we found truth",NA,"我认为它给予了很多
因为我们从科学中找到了真理",213,1,61,0,4,60+
46424,IND,India,invalid,existing,MEDIUM,longstring_exceed,1,0,1,0,0,57.0,2.0665545278482313,,Science is truth,NA,科学就是真理,213,1,61,0,4,60+
46440,IND,India,invalid,existing,MEDIUM,longstring_exceed,1,0,1,0,0,57.0,2.0665545278482313,,NA,Survey is a very fast service for accepting to carry out the day ,,213,1,35,1,4,30-39
46465,IND,India,valid1,none,MEDIUM,odd_even_low,1,0,0,0,1,5.0,4.886997297096749,-1.0,NA,When he/she makes reaserch to all ,,213,1,38,0,4,30-39
46479,IND,India,invalid,existing,MEDIUM,longstring_exceed,1,0,1,0,0,57.0,2.0665545278482313,,Science is everything because of sciences we found truth,NA,科学就是一切，因为科学让我们发现了真理,213,1,61,0,4,60+
46491,IND,India,invalid,existing,MEDIUM,longstring_exceed,1,0,1,0,0,42.0,6.348144467562556,,My name is Amit Sardar kaming from Baharu kamdebnogor My posoffice Baharu my ps Joynagor,NA,我的名字是 Amit Sardar kaming，来自 Baharu kamdebnogor 我的邮局 Baharu 我的 ps Joynagor,213,1,25,2,4,18-29
46524,IND,India,invalid,existing,MEDIUM,longstring_exceed,1,0,1,0,0,57.0,2.0665545278482313,,Science is everything for truth,NA,科学就是真理的一切,213,1,62,0,4,60+
46567,IND,India,valid1,none,MEDIUM,mahalanobis_outlier,1,0,0,1,0,14.0,10.807465149283496,0.09869275424396534,"Science teaches you how to solve probls
Science helps us live longer. 
Science is involved in cooking.,eating, breathing, driving, playing etc. 
We use shampoo, talcum powder, brush and paste every thing is the advance to of science. ",NA,"科学教你如何解决问题
科学帮助我们活得更久。 
科学涉及烹饪、饮食、呼吸、驾驶、玩耍等。 
我们用的洗发水、滑石粉、刷子、膏药，每一样东西都是科学进步的。",213,1,67,0,4,60+
46572,IND,India,invalid,existing,MEDIUM,longstring_exceed,1,0,1,0,0,58.0,2.6487049800865576,,NA,i am not quite sure about it,,213,1,62,1,4,60+
46581,IND,India,invalid,existing,MEDIUM,longstring_exceed,1,0,1,0,0,46.0,2.882700778547816,,"right now the benefits tend to go to the rich, while the ­negative impacts, such as unemployment or pollution, differentially affect the poor",NA,目前，福利往往流向富人，而失业或污染等负面影响则不同程度地影响穷人,213,1,32,1,4,30-39
46596,IND,India,invalid,existing,MEDIUM,longstring_exceed,1,0,1,0,0,35.0,1.4046858199774153,,NA,Science is trustworthy in part because it honors its norms. Adherence to these norms increases the reliability of the resulting knowledge and the likelihood that the public views science as reliable. A 2019 survey (Fig. 1) found that the public recognizes key signals of the trustworthiness of scientific findings.,,213,1,29,0,4,18-29
46610,IND,India,valid1,none,MEDIUM,odd_even_low,1,0,0,0,1,6.0,3.833725213956591,-1.0,NA,Credibility of facts and integrity,,213,1,61,0,4,60+
46635,IND,India,invalid,existing,MEDIUM,longstring_exceed,1,0,1,0,0,32.0,3.9820960906990344,0.8574929257125441,Today's living with new gadgets or their usages because of science. Our country is growing and growing regularly only due to sciene,NA,今天，由于科学的原因，我们生活在新的小玩意或它们的用途中。我们的国家正在不断地发展和成长，只是因为科学,213,1,55,0,4,50-59
46649,IND,India,invalid,existing,MEDIUM,longstring_exceed,1,0,1,0,0,36.0,2.1222809514524434,,NA,The reasearch of any topic may be completely ethical and logically proof ,,213,1,40,1,4,40-49
46694,IND,India,invalid,existing,MEDIUM,longstring_exceed,1,0,1,0,0,71.0,6.348144467562556,,NA,The in your options in the makes scientific trustworthy.,,213,1,NA,1,4,NA
46741,IND,India,invalid,existing,MEDIUM,longstring_exceed,1,0,1,0,0,49.0,4.817390551470701,1.0,Science is very important role in our life nowaday to live a smooth life,NA,科学在我们现在的生活中发挥着非常重要的作用，让我们过上顺利的生活,213,1,32,0,4,30-39
46753,IND,India,invalid,existing,MEDIUM,longstring_exceed,1,0,1,0,0,57.0,3.092608370010762,,"Yes ,give to live",NA,是的，给予生活,213,1,20,1,4,18-29
46799,IND,India,valid1,none,MEDIUM,odd_even_low,1,0,0,0,1,8.0,5.288323706773368,-1.0,NA,he should be a little crazy than his/her peers and is quick-witted,,213,1,23,1,4,18-29
46825,IND,India,invalid,existing,MEDIUM,mahalanobis_outlier,1,0,0,1,0,4.0,10.656115988971678,0.5510140510374545,Please give me ,NA,请给我,213,1,47,0,4,40-49
46833,IND,India,invalid,existing,MEDIUM,longstring_exceed,1,0,1,0,0,59.0,2.0665545278482313,,Scientific findings frequently benefit society through technological and other innovations. Technological innovations may lead to new scientific breakthroughs,NA,科学发现经常通过技术和其他创新造福社会。技术创新可能带来新的科学突破,213,1,51,0,4,50-59
47098,JPN,Japan,invalid,existing,MEDIUM,odd_even_low,1,0,0,0,1,3.0,7.5093826155303605,-0.9258200997725514,NA,立場,,213,1,32,0,4,30-39
47124,JPN,Japan,invalid,existing,MEDIUM,longstring_exceed,1,0,1,0,0,71.0,6.161412381774846,,NA,なし,,213,1,18,0,4,18-29
47286,JPN,Japan,invalid,existing,MEDIUM,longstring_exceed,1,0,1,0,0,34.0,2.4581046379480926,,NA,誠実,,213,1,43,1,4,40-49
47431,JPN,Japan,invalid,existing,MEDIUM,longstring_exceed,1,0,1,0,0,33.0,3.689782412576141,,NA,信念,,213,1,33,1,4,30-39
47467,JPN,Japan,invalid,existing,MEDIUM,longstring_exceed,1,0,1,0,0,43.0,6.847873834539357,0.6324555320336759,なし,NA,没有任何,213,1,25,0,4,18-29
47469,JPN,Japan,invalid,existing,MEDIUM,longstring_exceed,1,0,1,0,0,42.0,6.161412381774846,,ない,NA,没有,213,1,43,1,3,40-49
47849,JPN,Japan,invalid,existing,MEDIUM,longstring_exceed,1,0,1,0,0,71.0,6.161412381774846,,NA,なし,,213,1,25,1,4,18-29
47969,KEN,Kenya,valid1,none,MEDIUM,mahalanobis_outlier,1,0,0,1,0,5.0,9.631106855948685,0.6026752257506167,NA,The practical ,,213,1,25,NA,4,18-29
48176,KEN,Kenya,valid1,none,MEDIUM,odd_even_low,1,0,0,0,1,3.0,5.960191553834583,-0.8944271909999159,NA,Their research work.,,213,1,63,0,3,60+
48301,KEN,Kenya,valid1,none,MEDIUM,mahalanobis_outlier,1,0,0,1,0,11.0,9.763847866182765,,NA,"Ooh, science is trustworthy for many a times we see results exactly,if it's positive or negative,it proves right when it comes prooving true or false then we determine which is true,it gives some faith even when we don't want to trust",,213,1,57,2,2,50-59
48379,KOR,South Korea,invalid,existing,MEDIUM,longstring_exceed,1,0,1,0,0,71.0,7.442322349696371,,-99,NA,-99,213,1,41,1,4,40-49
48665,KOR,South Korea,invalid,existing,MEDIUM,longstring_exceed,1,0,1,0,0,48.0,3.540137108516268,0.6324555320336759,NA,ㆍ,,213,1,47,1,4,40-49
48726,KOR,South Korea,invalid,existing,MEDIUM,longstring_exceed,1,0,1,0,0,57.0,3.7149284204086555,,국민,NA,人们,213,1,61,0,3,60+
48747,KOR,South Korea,invalid,existing,MEDIUM,mahalanobis_outlier,1,0,0,1,0,6.0,9.851735514400165,-0.2672612419124244,NA,안전,,213,1,24,1,4,18-29
48796,KOR,South Korea,invalid,existing,MEDIUM,mahalanobis_outlier,1,0,0,1,0,4.0,9.651220292732734,-0.7727272727272727,NA,그냥,,213,1,21,1,3,18-29
49088,KAZ,Kazakhstan,invalid,existing,MEDIUM,longstring_exceed,1,0,1,0,0,53.0,7.342475697981678,,NA,К,,213,1,24,1,4,18-29
49191,KAZ,Kazakhstan,invalid,existing,MEDIUM,mahalanobis_outlier,1,0,0,1,0,4.0,10.713175184262111,0.39703333358837206,NA,-99,,213,1,18,0,4,18-29
49707,MAR,Morocco,valid1,none,MEDIUM,mahalanobis_outlier,1,0,0,1,0,5.0,9.796628864866932,0.11020775375559674,Kolona mostafidina min hada ,NA,科洛纳·莫斯塔菲迪纳对我来说,213,1,30,0,4,30-39
49773,MAR,Morocco,invalid,existing,MEDIUM,mahalanobis_outlier,1,0,0,1,0,17.0,9.743901514020859,0.13867504905630726,NA,Ekeldojdfodkdpdl,,213,1,19,2,3,18-29
50023,MEX,Mexico,invalid,existing,MEDIUM,longstring_exceed,1,0,1,0,0,48.0,4.043822010283994,,NA,Que de a saber todo lo que descubren  cientáficamente ,,213,1,52,1,3,50-59
50215,MEX,Mexico,valid1,none,MEDIUM,mahalanobis_outlier,1,0,0,1,0,7.0,9.649023973798599,0.433289122413121,"La verdad no sé, por lo que observo y escucho los que están en puestos de.muy altos funcionarios en secretaráas de salud y de gobierno, porque son ellos que estudian la.medicina la ciencia que creen saberlo.todo.y por lo tanto son los que mueven todo sobre ese tema",NA,事实是，根据我的观察和听到的那些在卫生和政府部门担任高级官员的人的说法，我不知道，因为他们是研究医学和科学的人，他们相信自己无所不知，因此他们是推动该主题一切的人。,213,1,61,0,3,60+
50362,MEX,Mexico,valid1,none,MEDIUM,mahalanobis_outlier,1,0,0,1,0,3.0,9.598813161391393,0.7211102550927979,"Los de la televisión
Porque informan a diario",NA,"电视上的那些
因为他们每天都会报道",213,1,45,1,3,40-49
50383,MEX,Mexico,valid1,none,MEDIUM,mahalanobis_outlier,1,0,0,1,0,4.0,9.5171614251337,0.04858339411884479,NA,Una parte x su experiencia y lo que ha vivido cada momento de su vida ,,213,1,30,2,4,30-39
50445,MYS,Malaysia,valid1,none,MEDIUM,odd_even_low,1,0,0,0,1,3.0,4.804287627424223,-1.0,Saya kerana saya suka menyelidik,NA,我因为我喜欢研究,213,1,25,0,3,18-29
50495,MYS,Malaysia,valid1,none,MEDIUM,mahalanobis_outlier,1,0,0,1,0,6.0,9.365337108585415,0.3779644730092272,NA,Kerana mereka mengemukakan suatu teori baharu yg belum diterokai oleh mana2 pihak dan tidak terdapat mana2 yg menolaknya dlm masa terdekat,,213,1,56,1,4,50-59
50509,MYS,Malaysia,invalid,existing,MEDIUM,odd_even_low,1,0,0,0,1,10.0,3.886453419585232,-1.0,Peminat,NA,粉丝,213,1,25,1,4,18-29
50511,MYS,Malaysia,valid1,none,MEDIUM,odd_even_low,1,0,0,0,1,8.0,3.8451494150742245,-1.0,pesakit kerana dengan sains boleh mencari ubat untuk cure itu pesakit,NA,病人，因为科学可以找到治愈病人的药物,213,1,22,0,4,18-29
50612,MYS,Malaysia,valid1,none,MEDIUM,odd_even_low,1,0,0,0,1,4.0,4.929611510709001,-0.9258200997725514,NA,Berdasarkan kajian yang dilakukan,,213,1,36,1,4,30-39
50613,MYS,Malaysia,valid1,none,MEDIUM,mahalanobis_outlier,1,0,0,1,0,5.0,8.953545335269357,0.6071428571428571,NA,dengan fakta dan kajian yang tepat ,,213,1,19,1,3,18-29
50834,MYS,Malaysia,valid1,none,MEDIUM,odd_even_low,1,0,0,0,1,3.0,6.791969121236061,-1.0,NA,Keyakinan dan tindakan yang di percayai arau kata mereka.,,213,1,37,0,3,30-39
50866,MYS,Malaysia,valid1,none,MEDIUM,mahalanobis_outlier,1,0,0,1,0,3.0,8.949704789216964,0.0,Human cos human discover and reach unlimited things then they'll use it. ,NA,人类因为人类发现并达到无限的事物，然后他们会使用它。,213,1,19,0,3,18-29
50908,MYS,Malaysia,invalid,existing,MEDIUM,odd_even_low,1,0,0,0,1,16.0,5.132353873917042,-0.8944271909999159,Kami,NA,我们,213,1,54,0,3,50-59
50945,MYS,Malaysia,valid1,none,MEDIUM,mahalanobis_outlier,1,0,0,1,0,7.0,9.150555950212805,0.1504142093990467,NA,"pintar, jujur, integriti, tidak melebihi batas agama",,213,1,22,1,4,18-29
51019,MYS,Malaysia,valid1,none,MEDIUM,odd_even_low,1,0,0,0,1,5.0,3.7694629273840685,-1.0,masyarakat umum senang dapat maklumat,NA,公众乐于获取信息,213,1,48,0,4,40-49
51087,MYS,Malaysia,valid1,none,MEDIUM,odd_even_low,1,0,0,0,1,7.0,3.7606938200340556,-1.0,NA,Karya atau komen saintis hendaklah mempunyai atau mengikuti fakta dan standard ,,213,1,49,0,4,40-49
51114,MYS,Malaysia,valid1,none,MEDIUM,odd_even_low,1,0,0,0,1,4.0,4.176679530634246,-1.0,NA,fakta yang bernas dan rasional,,213,1,55,1,4,50-59
51268,MYS,Malaysia,valid1,none,MEDIUM,odd_even_low,1,0,0,0,1,3.0,4.327578601670358,-1.0,"pesakit, dengan kemajuan sains ubat baru dan lebih berkesan daripada dulu.",NA,随着新药科学的进步，患者的疗效比以前更加有效。,213,1,34,1,4,30-39
51438,MYS,Malaysia,valid1,none,MEDIUM,mahalanobis_outlier,1,0,0,1,0,10.0,9.522355907256609,0.25,NA,Senarai bukti kajian dan penemuan yang dipamerkan,,213,1,53,1,3,50-59
51443,MYS,Malaysia,valid1,none,MEDIUM,odd_even_low,1,0,0,0,1,6.0,5.74279900015188,-1.0,NA,Etika Sains yang diamalkan dan reputasi saintis tersebut. ,,213,1,37,1,4,30-39
51575,NGA,Nigeria,valid1,none,MEDIUM,mahalanobis_outlier,1,0,0,1,0,7.0,11.40609032741453,-0.1690977806061942,NA,What’s your knows and also what he can create with the  ideas he has,,213,1,22,1,4,18-29
51670,NGA,Nigeria,valid1,none,MEDIUM,mahalanobis_outlier,1,0,0,1,0,3.0,9.864549068334872,0.049286405809014416,"I think scientists benefits the most, because they know how to utilize their findings better",NA,我认为科学家受益最大，因为他们知道如何更好地利用他们的发现,213,1,18,1,4,18-29
51675,NGA,Nigeria,valid1,none,MEDIUM,odd_even_low,1,0,0,0,1,5.0,3.7899695352089586,-1.0,"The consumers benefits the most more than the inventors, this is because science have made living very easy and simple. Without science, the world would be a terrible place to live in and many lives would be lost due to lack of science and medical facilities and drugs. ",NA,消费者比发明者受益最多，这是因为科学使生活变得非常轻松和简单。如果没有科学，世界将成为一个可怕的居住地，许多人将因缺乏科学、医疗设施和药物而丧生。,213,1,35,1,4,30-39
51693,NGA,Nigeria,valid1,none,MEDIUM,odd_even_low,1,0,0,0,1,9.0,5.8426506701374805,-1.0,"Everybody benefits from science, because practically every activities and facilities which we use on daily basis is science inclined. ",NA,每个人都从科学中受益，因为实际上我们日常使用的每项活动和设施都倾向于科学。,213,1,25,0,4,18-29
51884,NGA,Nigeria,valid1,none,MEDIUM,odd_even_low,1,0,0,0,1,6.0,6.010831013415228,-1.0,The whole public benefits from science because scientific discoveries and innovations are made public for anyone to use. This innovations are made for everyone and not a particular set of people.,NA,整个公众都从科学中受益，因为科学发现和创新是公开的，可供任何人使用。这种创新是为每个人而不是特定人群而设计的。,213,1,24,0,3,18-29
51970,NGA,Nigeria,valid1,none,MEDIUM,odd_even_low,1,0,0,0,1,8.0,5.096974057630718,-0.9135002783911397,Human being benefits most because it makes what human think is impossible to be possible.,NA,人类受益最多，因为它使人类认为不可能的事情成为可能。,213,1,21,1,3,18-29
51995,NGA,Nigeria,valid1,none,MEDIUM,mahalanobis_outlier,1,0,0,1,0,7.0,10.18691690012912,0.19048482943986483,NA,What makes a scientist trustworthy is his ability to handle lives.,,213,1,24,1,3,18-29
52076,NGA,Nigeria,valid1,none,MEDIUM,mahalanobis_outlier,1,0,0,1,0,11.0,9.813857093177324,0.6324555320336759,NA,"Their predictions and inventions that is advancing the globe. Also, their general knowledge about the universe.",,213,1,51,0,4,50-59
52280,NGA,Nigeria,valid1,none,MEDIUM,mahalanobis_outlier,1,0,0,1,0,5.0,10.752612121163558,0.48173597376390365,Everything benefits from science,NA,一切都得益于科学,213,1,26,1,4,18-29
52288,NGA,Nigeria,valid1,none,MEDIUM,mahalanobis_outlier,1,0,0,1,0,15.0,11.04431453351371,0.13130643285972254,NA,Because always science deals with experiment and hypothesis ,,213,1,23,1,4,18-29
52304,NGA,Nigeria,invalid,existing,MEDIUM,longstring_exceed,1,0,1,0,0,32.0,4.19630325215588,,The citizens at large because science improved and helped us in our daily life ,NA,广大公民，因为科学改善并帮助了我们的日常生活,213,1,28,1,4,18-29
52445,NGA,Nigeria,valid1,none,MEDIUM,odd_even_low,1,0,0,0,1,3.0,5.1622863882301555,-1.0,NA,The ability to think out solution for the whole world ,,213,1,56,0,4,50-59
52452,NGA,Nigeria,valid1,none,MEDIUM,odd_even_low,1,0,0,0,1,4.0,4.655729516184401,-1.0,The rich people because they can afford it,NA,有钱人因为买得起,213,1,56,0,4,50-59
52467,NGA,Nigeria,valid1,none,MEDIUM,odd_even_low,1,0,0,0,1,5.0,5.91539526733423,-0.9438798074485389,The rich because they have the money and influence to afford it ,NA,富人因为他们有金钱和影响力来负担得起,213,1,56,0,4,50-59
52476,NGA,Nigeria,invalid,existing,MEDIUM,longstring_exceed,1,0,1,0,0,57.0,3.7302368280222846,,"Human, because we human beings do research",NA,人类，因为我们人类做研究,213,1,36,1,4,30-39
52725,NIC,Nicaragua,valid1,none,MEDIUM,odd_even_low,1,0,0,0,1,16.0,6.077888265111663,-0.9432422182837986,Los que crean o inventan algún producto que sea para bien o para mal de la humanidad ,NA,那些创造或发明一种为人类造福或造恶的产品的人,213,1,35,1,3,30-39
52775,NIC,Nicaragua,invalid,existing,MEDIUM,longstring_exceed,1,0,1,0,0,35.0,6.218557080336472,0.5252257314388902,"Los científicos y bueno el ser humano ya que va viendo avanze en la ciencia tanto en salud y cibernética
 ",NA,科学家和人类都看到了健康和控制论方面的科学进步,213,1,32,0,3,30-39
52965,NIC,Nicaragua,valid1,none,MEDIUM,mahalanobis_outlier,1,0,0,1,0,12.0,9.580717388077053,0.7495316889958614,NA,Lo hace q sus investigaciones sean veraces y objetivas para llegar a los resultados propuestos,,213,1,37,NA,4,30-39
52986,NIC,Nicaragua,valid1,none,MEDIUM,mahalanobis_outlier,1,0,0,1,0,10.0,9.273190034687582,0.20707884164064555,NA,Por la trayectoria y las teoría confiables que algunos tienen bueno no todos son contados,,213,1,18,NA,3,18-29
53006,NIC,Nicaragua,valid1,none,MEDIUM,mahalanobis_outlier,1,0,0,1,0,12.0,9.314366893646149,,"Los que más se venefician de la ciencia somo nosotros los seres humanos, los profesores y también nos ayuda a conocer más de nuestro alcanse",NA,从科学中受益最多的是我们人类，即老师，它也帮助我们更多地了解我们的范围。,213,1,18,NA,3,18-29
53017,NOR,Norway,invalid,existing,MEDIUM,longstring_exceed,1,0,1,0,0,39.0,3.8204654774788374,1.0,NA,Ingen svar   Coolbet ,,213,1,23,1,3,18-29
53062,NOR,Norway,invalid,existing,MEDIUM,longstring_exceed,1,0,1,0,0,57.0,4.87575619977672,,NA,Good,,213,1,30,1,4,30-39
53171,NOR,Norway,invalid,existing,MEDIUM,longstring_exceed,1,0,1,0,0,32.0,4.895321373690608,,NA,"Keine Antwort
",,213,1,34,0,4,30-39
53176,NOR,Norway,valid1,none,MEDIUM,mahalanobis_outlier,1,0,0,1,0,5.0,8.963650638598992,-0.722185380728474,"Utvikle seg selv og påvirke andre.
Livsopphold og tjene penger
",NA,"发展自己并影响他人。
谋生又赚钱",213,1,71,1,4,60+
53223,NOR,Norway,invalid,existing,MEDIUM,longstring_exceed,1,0,1,0,0,39.0,2.2263991403223713,,"Keine Antwort
",NA,无人接听,213,1,23,0,2,18-29
53255,NOR,Norway,invalid,existing,MEDIUM,longstring_exceed,1,0,1,0,0,57.0,2.118267436794486,,Et lettere liv.,NA,更轻松的生活。,213,1,47,1,3,40-49
53415,NOR,Norway,valid1,none,MEDIUM,mahalanobis_outlier,1,0,0,1,0,4.0,8.981845867872305,0.5168384188694879,NA,være etisk og forsiktig,,213,1,36,1,4,30-39
53620,NZL,New Zealand,invalid,existing,MEDIUM,longstring_exceed,1,0,1,0,0,36.0,3.2269255308578817,,Depending on what the science is used for. The benefits could be good for learning more about life.,NA,取决于科学的用途。这些好处可能有利于更多地了解生活。,213,1,35,1,4,30-39
53656,NZL,New Zealand,valid1,none,MEDIUM,mahalanobis_outlier,1,0,0,1,0,2.0,9.768391146079278,-0.06984302957695782,NA,Yes everyone’s input has importance ,,213,1,32,1,1,30-39
53700,NZL,New Zealand,invalid,existing,MEDIUM,longstring_exceed,1,0,1,0,0,46.0,7.889196213825724,,People & the world. So they know what’s going on ,NA,人与世界。所以他们知道发生了什么,213,1,24,0,4,18-29
53823,NZL,New Zealand,invalid,existing,MEDIUM,longstring_exceed,1,0,1,0,0,49.0,3.3051277359937905,,n9t sure,NA,不确定,213,1,53,0,3,50-59
53936,NZL,New Zealand,valid1,none,MEDIUM,odd_even_low,1,0,0,0,1,8.0,5.259071379614674,-0.8783100656536799,NA,"Someone who does things in their own way,without interference. 
Someone who speaks the truth and works to benefit mankind.",,213,1,58,1,4,50-59
53975,NZL,New Zealand,valid1,none,MEDIUM,mahalanobis_outlier,1,0,0,1,0,3.0,12.107010250161476,0.3227486121839514,"Humankind, depending on what type of science we talkin bout",NA,人类，取决于我们谈论什么类型的科学,213,1,22,1,4,18-29
54105,NZL,New Zealand,invalid,existing,MEDIUM,longstring_exceed,1,0,1,0,0,42.0,4.004998060848382,,everyone benefits from all the different sciences and scientific research in one way or another,NA,每个人都以这样或那样的方式从所有不同的科学和科学研究中受益,213,1,49,0,3,40-49
54115,NZL,New Zealand,invalid,existing,MEDIUM,longstring_exceed,1,0,1,0,0,57.0,2.3266476598442924,,Humans as there will be more knowledge.,NA,人类作为将会有更多的知识。,213,1,56,0,4,50-59
54129,NZL,New Zealand,invalid,existing,MEDIUM,longstring_exceed,1,0,1,0,0,33.0,3.728689053733109,,Academia.,NA,学术界。,213,1,60,1,4,60+
54215,NZL,New Zealand,invalid,existing,MEDIUM,longstring_exceed,1,0,1,0,0,46.0,4.008346806554978,0.2,NA,Not sure,,213,1,52,0,3,50-59
54328,NZL,New Zealand,valid1,none,MEDIUM,odd_even_low,1,0,0,0,1,9.0,6.220677805766915,-1.0,I think the people who benefit the most are the general public,NA,我认为最大受益者是广大人民群众,213,1,41,1,4,40-49
54359,NZL,New Zealand,invalid,existing,MEDIUM,odd_even_low,1,0,0,0,1,3.0,4.447844919103929,-1.0,-99,NA,-99,213,1,31,1,4,30-39
54402,NZL,New Zealand,valid1,none,MEDIUM,odd_even_low,1,0,0,0,1,6.0,4.582144353643753,-1.0,NA,"In my opinion, I think the latest technology development by science help to do some great changes in the world territory",,213,1,33,1,4,30-39
54404,NZL,New Zealand,invalid,existing,MEDIUM,odd_even_low,1,0,0,0,1,3.0,4.74037120559289,-1.0,-99,NA,-99,213,1,37,1,4,30-39
54412,NZL,New Zealand,invalid,existing,MEDIUM,odd_even_low,1,0,0,0,1,5.0,3.947921627944691,-1.0,NA,-99,,213,1,35,0,4,30-39
54422,NZL,New Zealand,valid1,none,MEDIUM,odd_even_low,1,0,0,0,1,4.0,4.254222117616014,-1.0,NA,In my opinion the most important aspects of a trustworthy source are their history of education and the degrees they have earned,,213,1,26,1,4,18-29
54426,NZL,New Zealand,invalid,existing,MEDIUM,odd_even_low,1,0,0,0,1,5.0,5.085044960898409,-1.0,NA,-99,,213,1,43,1,4,40-49
54429,NZL,New Zealand,valid1,none,MEDIUM,odd_even_low,1,0,0,0,1,5.0,4.579829193209782,-1.0,NA,Transparency in both the researcher's methods and their findings is what establishes a scientist's credibility.,,213,1,30,1,4,30-39
54436,NZL,New Zealand,invalid,existing,MEDIUM,odd_even_low,1,0,0,0,1,6.0,4.775811978203065,-1.0,-99,NA,-99,213,1,41,1,4,40-49
54475,NZL,New Zealand,valid1,none,MEDIUM,odd_even_low,1,0,0,0,1,3.0,4.8247925022541,-1.0,NA,The job of a scientist is to constantly conduct research and give a lot of data information and results that are very reliable to be trusted constantly.,,213,1,49,0,3,40-49
54479,NZL,New Zealand,valid1,none,MEDIUM,odd_even_low,1,0,0,0,1,3.0,5.385029275978934,-1.0,"Education is the most beneficial in science, mainly because it can still enhance the value of education more, and also better the ability to store knowledge.",NA,教育在科学上是最有益的，主要是它还能更多地提升教育的价值，也能更好地储存知识的能力。,213,1,58,0,3,50-59
54480,NZL,New Zealand,valid1,none,MEDIUM,odd_even_low,1,0,0,0,1,3.0,4.505667023312067,-1.0,NA,"Trustworthy is what can help us to improve the quality of life, while each time the results of research and development can help us to improve quickly.",,213,1,30,1,4,30-39
54481,NZL,New Zealand,valid1,none,MEDIUM,odd_even_low,1,0,0,0,1,4.0,4.212870628497303,-1.0,NA,"Scientists have very smart minds and can be used to meet the needs of scientific research very well, and it is important that they provide good data information.",,213,1,20,0,2,18-29
54592,NZL,New Zealand,valid1,none,MEDIUM,odd_even_low,1,0,0,0,1,4.0,5.535597338917556,-1.0,NA,"Scientists they have a good majesty and also have good qualities, but also to meet our needs, research and development of scientific results can help the development of society.",,213,1,39,1,4,30-39
54622,NZL,New Zealand,valid1,none,MEDIUM,odd_even_low,1,0,0,0,1,3.0,4.542801516693953,-1.0,"I think biology benefits the most in terms of science, enhancing our human research on biotechnology and providing more data information.",NA,我认为生物学在科学方面受益最大，它增强了我们人类对生物技术的研究并提供了更多的数据信息。,213,1,22,0,2,18-29
54623,NZL,New Zealand,valid1,none,MEDIUM,odd_even_low,1,0,0,0,1,3.0,4.687826016098086,-1.0,NA,The main thing is that scientists have the strongest scientific ability and also can analyze through more data and also test to accomplish a more perfect result. It is definitely trustworthy.,,213,1,51,1,4,50-59
54626,NZL,New Zealand,valid1,none,MEDIUM,odd_even_low,1,0,0,0,1,3.0,4.506648798927129,-1.0,NA,"The key lies in the fact that it can enhance the development of various industries, scientists can still help more development trends, scientists are the most trustworthy data information.",,213,1,34,1,3,30-39
54630,NZL,New Zealand,valid1,none,MEDIUM,odd_even_low,1,0,0,0,1,3.0,4.661424396353729,-1.0,NA,"Scientists can better help us to analyze a lot of things, especially more tests can be conducted, perfect to help solve the problem, or very trustworthy.",,213,1,47,0,4,40-49
54633,NZL,New Zealand,valid1,none,MEDIUM,odd_even_low,1,0,0,0,1,3.0,5.307739777613134,-1.0,I have always believed that the public resources side benefits the most and can be relied upon to accomplish more of the needs of public utilities.,NA,我一直认为公共资源方受益最大，可以依靠公共资源方完成更多公用事业的需求。,213,1,68,1,2,60+
54664,NZL,New Zealand,valid1,none,MEDIUM,odd_even_low,1,0,0,0,1,8.0,4.228873655908955,-1.0,NA,Education and credentials. This needs to said/shown if scientist is speaking/written article. I think both views need to be explained and then the scientists views backed with evidence,,213,1,30,0,4,30-39
54717,NZL,New Zealand,valid1,none,MEDIUM,odd_even_low,1,0,0,0,1,3.0,5.237211360910068,-1.0,NA,"Scientists can basically help us better distinguish between true and false, and the most important thing is to provide rigorous scientific theories.",,213,1,51,0,4,50-59
54763,NZL,New Zealand,valid1,none,MEDIUM,odd_even_low,1,0,0,0,1,5.0,4.660293089291298,-1.0,"It is mainly in the medical industry that benefits the most, where more information on experimental data is available and medical technology is improved at the same time.",NA,受益最多的主要是医疗行业，实验数据更多，医疗技术也得到提高。,213,1,30,1,3,30-39
54765,NZL,New Zealand,valid1,none,MEDIUM,mahalanobis_outlier,1,0,0,1,0,2.0,10.763673536553464,-0.4020151261036848,people like doctors as they need it to prove there theroys,NA,人们喜欢医生，因为他们需要医生来证明理论,213,1,24,1,3,18-29
54784,NZL,New Zealand,invalid,existing,MEDIUM,longstring_exceed,1,0,1,0,0,57.0,2.874513944039408,,N/A,NA,,213,1,30,1,3,30-39
54792,NZL,New Zealand,valid1,none,MEDIUM,odd_even_low,1,0,0,0,1,4.0,4.568388259325914,-1.0,NA,"In my opinion, scientists are trusted mainly because they can help various industries to develop rapidly and also have a lot of research results.",,213,1,26,0,4,18-29
54848,NZL,New Zealand,valid1,none,MEDIUM,mahalanobis_outlier,1,0,0,1,0,3.0,10.131725104219244,-0.8378688987532451,NA,The fruitful research theories and teamwork of scientists have opened the eyes of the world to the fruits and trust of science and technology.,,213,1,46,0,4,40-49
54850,NZL,New Zealand,valid1,none,MEDIUM,odd_even_low,1,0,0,0,1,3.0,8.542272302802834,-0.9563650695950074,NA,"Hundreds of years of scientific theoretical research, both theoretical and applied, have accumulated a wealth of experience, which makes everything scientists do become trustworthy.",,213,1,67,0,2,60+
54865,NZL,New Zealand,valid1,none,MEDIUM,odd_even_low,1,0,0,0,1,5.0,4.287938691716737,-1.0,NA,The benefit is the world,,213,1,44,1,4,40-49
54874,NZL,New Zealand,invalid,existing,MEDIUM,mahalanobis_outlier,1,0,0,1,0,3.0,9.460638045849839,-0.1889822365046136,It is my opinion,NA,这是我的意见,213,1,30,1,4,30-39
54876,NZL,New Zealand,valid1,none,MEDIUM,odd_even_low,1,0,0,0,1,12.0,4.678967379439106,-1.0,"We all benefit from science, especially right now with climate change and how we travel to space.",NA,我们都受益于科学，特别是现在气候变化和我们如何前往太空。,213,1,45,0,3,40-49
54916,NZL,New Zealand,valid1,none,MEDIUM,odd_even_low,1,0,0,0,1,4.0,5.343331075213494,-1.0,I generally think that biology benefits the most from more scientific approaches to more biotechnology.,NA,我通常认为生物学从更科学的方法和更多的生物技术中获益最多。,213,1,45,1,4,40-49
54946,NZL,New Zealand,invalid,existing,MEDIUM,longstring_exceed,1,0,1,0,0,71.0,6.799698800103606,,no,NA,不,213,1,34,1,3,30-39
54954,NZL,New Zealand,valid1,none,MEDIUM,mahalanobis_outlier,1,0,0,1,0,15.0,9.431611914731672,,Science is a lie covidIOT is a hoax and the death jab is the genocidal plandemic to wipe out the world population just visit the world economic forum it's all there they want us all dead and the rest to be complete slaves wake up humanity!,NA,科学是谎言，新冠病毒是骗局，死亡疫苗是消灭世界人口的种族灭绝性瘟疫，只要访问世界经济论坛，他们就在那里希望我们都死掉，剩下的人都成为彻底的奴隶，唤醒人类吧！,213,1,51,1,3,50-59
54977,NZL,New Zealand,valid1,none,MEDIUM,mahalanobis_outlier,1,0,0,1,0,12.0,9.374790937637172,0.6324555320336759,"Hmm.... Supposedly, when looking at it, you think it's yourself, but in the long run, It's all about upgrading to create something that removes the purpose of what you have been born to do yourself. 
Personally, my thoughts are, scientifically, someone wants to create or invent something to have ""control"" or power over!
",NA,"嗯......据说，当你看着它时，你认为这是你自己，但从长远来看，这都是为了升级以创造一些东西，消除你生来要做的事情的目的。 
就我个人而言，我的想法是，从科学角度来说，有人想要创造或发明一些东西来拥有“控制”或权力！",213,1,40,0,3,40-49
54986,NZL,New Zealand,invalid,existing,MEDIUM,longstring_exceed,1,0,1,0,0,34.0,3.021252492534181,,NA,I don't know,,213,1,53,1,2,50-59
54993,NZL,New Zealand,valid1,none,MEDIUM,mahalanobis_outlier,1,0,0,1,0,5.0,11.034175251535872,0.49339866816116573,NA,professional knowledge,,213,1,42,1,4,40-49
54999,NZL,New Zealand,valid1,none,MEDIUM,odd_even_low,1,0,0,0,1,2.0,4.258198716916192,-1.0,Students let them have better knowledge and prospects,NA,学生让他们拥有更好的知识和前景,213,1,34,1,3,30-39
55006,NZL,New Zealand,invalid,existing,MEDIUM,longstring_exceed,1,0,1,0,0,57.0,2.874513944039408,,N/A,NA,,213,1,30,1,3,30-39
55016,NZL,New Zealand,valid1,none,MEDIUM,mahalanobis_outlier,1,0,0,1,0,7.0,9.959516406422164,0.6666666666666666,NA,The research that goes into it,,213,1,63,1,3,60+
55034,NZL,New Zealand,invalid,existing,MEDIUM,odd_even_low,1,0,0,0,1,5.0,4.2991659467742,-1.0,NA,-99,,213,1,21,1,4,18-29
55080,NZL,New Zealand,invalid,existing,MEDIUM,odd_even_low,1,0,0,0,1,3.0,4.951285400091007,-1.0,NA,-99,,213,1,37,1,4,30-39
55169,NZL,New Zealand,valid1,none,MEDIUM,odd_even_low,1,0,0,0,1,6.0,7.892763663358955,-0.9045340337332909,People with health problems benefit from science and testing but I donÕt like the fact that we use animals in the testing but I know we have to use them,NA,有健康问题的人受益于科学和测试，但我不喜欢我们在测试中使用动物，但我知道我们必须使用它们,213,1,52,0,3,50-59
55186,NZL,New Zealand,valid1,none,MEDIUM,mahalanobis_outlier,1,0,0,1,0,3.0,10.24283175876365,-0.4435776522811298,Me and all the people.,NA,我和所有人。,213,1,30,1,4,30-39
55203,NZL,New Zealand,valid1,none,MEDIUM,odd_even_low,1,0,0,0,1,3.0,5.140304515641985,-1.0,"Imagine if your family suddenly stopped watching TV at home. What would you do with all that extra room? If you ask a scientist, there is no such thing as a satisfactory result. Your descendants will be eternally grateful to you for providing them with the means to communicate with millions of people worldwide from the convenience of their own home computers.",NA,想象一下，如果您的家人突然不再在家看电视。你会用这些额外的空间做什么？如果你问科学家，没有一个令人满意的结果。您的后代将永远感激您为他们提供了通过自己的家用计算机与全世界数百万人进行交流的方式。,213,1,48,1,4,40-49
55209,NZL,New Zealand,invalid,existing,MEDIUM,odd_even_low,1,0,0,0,1,4.0,4.645945546904701,-1.0,NA,-99,,213,1,44,1,4,40-49
55210,NZL,New Zealand,invalid,existing,MEDIUM,odd_even_low,1,0,0,0,1,4.0,4.776964242127638,-1.0,NA,-99,,213,1,44,1,4,40-49
55222,NZL,New Zealand,invalid,existing,MEDIUM,odd_even_low,1,0,0,0,1,3.0,5.214125998717309,-0.8944271909999159,-99,NA,-99,213,1,49,1,4,40-49
55273,NZL,New Zealand,valid1,none,MEDIUM,odd_even_low,1,0,0,0,1,6.0,5.373741627009201,-1.0,NA,specialized knowledge,,213,1,43,0,4,40-49
55295,NZL,New Zealand,invalid,existing,MEDIUM,odd_even_low,1,0,0,0,1,4.0,4.90759845476156,-1.0,-99,NA,-99,213,1,44,1,4,40-49
55310,NZL,New Zealand,valid1,none,MEDIUM,odd_even_low,1,0,0,0,1,7.0,4.88632714346976,-1.0,NA,Scientific change reduces poverty everywhere,,213,1,55,1,3,50-59
55428,NZL,New Zealand,invalid,existing,MEDIUM,mahalanobis_outlier,1,0,0,1,0,15.0,10.65978092560671,1.0,NA,Not sure.,,213,1,71,0,3,60+
55433,NZL,New Zealand,invalid,existing,MEDIUM,odd_even_low,1,0,0,0,1,4.0,4.888962410102955,-1.0,NA,-99,,213,1,61,0,4,60+
55450,NZL,New Zealand,invalid,existing,MEDIUM,odd_even_low,1,0,0,0,1,3.0,4.302826802402343,-1.0,-99,NA,-99,213,1,58,1,4,50-59
55495,NZL,New Zealand,invalid,existing,MEDIUM,odd_even_low,1,0,0,0,1,4.0,4.7912358490427245,-1.0,NA,-99,,213,1,57,1,4,50-59
55496,NZL,New Zealand,invalid,existing,MEDIUM,odd_even_low,1,0,0,0,1,4.0,4.7343727690547235,-1.0,-99,NA,-99,213,1,57,1,4,50-59
55497,NZL,New Zealand,invalid,existing,MEDIUM,odd_even_low,1,0,0,0,1,4.0,5.0613058665988735,-1.0,NA,-99,,213,1,57,1,4,50-59
55498,NZL,New Zealand,invalid,existing,MEDIUM,odd_even_low,1,0,0,0,1,5.0,5.120353282495194,-1.0,-99,NA,-99,213,1,58,1,4,50-59
55506,NZL,New Zealand,valid1,none,MEDIUM,odd_even_low,1,0,0,0,1,5.0,4.6050530531678,-1.0,NA,Scientist should have to make connection with public as well for the better approach in society so that people can easily trust on their research and on them as well,,213,1,57,1,4,50-59
55507,NZL,New Zealand,valid1,none,MEDIUM,odd_even_low,1,0,0,0,1,6.0,4.074033793545097,-1.0,We have lots of benefits of science like the electricity when we need to run any type of machine or when have to talk to any one we generally use cell phone that all are the part of science,NA,我们有很多科学的好处，比如当我们需要运行任何类型的机器时，或者当我们需要与我们通常使用手机的任何人交谈时，这些都是科学的一部分,213,1,57,1,4,50-59
55509,NZL,New Zealand,invalid,existing,MEDIUM,odd_even_low,1,0,0,0,1,4.0,4.290235774881823,-1.0,-99,NA,-99,213,1,53,1,4,50-59
55551,NZL,New Zealand,valid1,none,MEDIUM,odd_even_low,1,0,0,0,1,4.0,5.024086773232414,-1.0,NA,scientist have to do a proper research while inventing any of the tech or transportation and also have to come on public platform also for the better bond with public so that people can relate with them an try to understand them,,213,1,57,1,4,50-59
55582,PER,Peru,invalid,existing,MEDIUM,longstring_exceed,1,0,1,0,0,33.0,5.099842579647189,0.15877683720748895,los gobiernos porque aprovechan esos conocimientos para beneficio propio,NA,政府，因为他们利用这些知识来谋取自身利益,213,1,55,1,4,50-59
55616,PER,Peru,valid1,none,MEDIUM,mahalanobis_outlier,1,0,0,1,0,11.0,9.187946789242815,-0.5945643676931176,"Creo que los mayores beneficiados del avance de la ciencia son las organizaciones o empresas, ya que atravez de diferentes investigaciones se puede obtener nuevas formas o métodos para ser utilizados como recursos. ",NA,我相信科学进步的最大受益者是组织或公司，因为通过不同的研究可以获得新的形式或方法作为资源。,213,1,28,0,4,18-29
55629,PER,Peru,valid1,none,MEDIUM,mahalanobis_outlier,1,0,0,1,0,11.0,9.02376944518063,0.9258200997725514,El hombre. Porque a raíz de que avanza la ciencia la tecnología va en aumento y mejora para el hombre.,NA,男人。因为随着科学的进步，技术为人类增加和改进。,213,1,43,1,3,40-49
55698,PER,Peru,invalid,existing,MEDIUM,longstring_exceed,1,0,1,0,0,34.0,4.594746430724833,,"El ser humano, porque a medida que avanza la ciencia también se prolonga la espectativa de vida",NA,人类，因为随着科学的进步，预期寿命也在延长。,213,1,53,1,4,50-59
55716,PER,Peru,valid1,none,MEDIUM,odd_even_low,1,0,0,0,1,13.0,4.596291127656416,-1.0,La sociedad porq hay nuevos conocimientos ,NA,社会因为有新知识,213,1,47,0,3,40-49
55727,PER,Peru,valid1,none,MEDIUM,odd_even_low,1,0,0,0,1,16.0,7.275845712356529,-0.8783100656536799,Dependiendo la rama de la ciencia...en el caso de las enfermedades..las farmaceuticas. En el caso del cambio climatico... la humanidad entera,NA,取决于科学分支……就疾病而言……药物。就气候变化而言……全人类,213,1,55,0,4,50-59
55757,PER,Peru,valid1,none,MEDIUM,mahalanobis_outlier,1,0,0,1,0,7.0,8.985801460679344,-0.2548235957188128,"La humanidad, pues diarimente se descubren nuevos temas que nos ayudan en el bienestar de la humanidad, sin los cientificos no tendríamos la estabilidad que hay ahora",NA,人类，因为每天都会发现有助于人类福祉的新课题，没有科学家，我们就不会有现在的稳定性。,213,1,22,1,4,18-29
55850,PER,Peru,valid1,none,MEDIUM,odd_even_low,1,0,0,0,1,7.0,4.53955209192732,-1.0,Pienso que los más beneficiados son las empresas de medicamentos ya que ellos lo ven como negocio es por eso que invierten bastante en avances científicos ,NA,我认为最大的受益者是制药公司，因为他们将其视为一项业务，这就是他们在科学进步上投入大量资金的原因。,213,1,25,1,4,18-29
56188,PHL,Philippines,invalid,existing,MEDIUM,longstring_exceed,1,0,1,0,0,37.0,2.6406828360959604,,The people in general benefits the most from science because all these science studies and developments are done for the welfare of himankind. ,NA,广大人民从科学中受益最多，因为所有这些科学研究和发展都是为了人类的福祉。,213,1,59,0,4,50-59
56198,PHL,Philippines,valid1,none,MEDIUM,odd_even_low,1,0,0,0,1,5.0,4.602240062162048,-1.0,"Ang pinaka-nakikinabang sa siyensiya at agham ay ang sangkatauhan. Sapagkat sa pamamagitan ng discoveries at inventions ay nalalaman natin ang kahalagahan o pakinabang sa iba't-ibang bagay, gawa man ng kalikasan o gawa ng tao. Gayun din, naipapaalam sa atin ang mga cons o disadvantage aa paggamit ng mga bagay na nais natin gamitin sampu ng mga babala at panganib na maaaring kaharapin kung ipagpapatuloy ang paggamit ng mga iba't-ibang bagay.",NA,科学和科学的最大受益者是人类。因为通过发现和发明，我们知道各种事物的重要性或好处，无论是自然的还是人造的。同样，我们也被告知使用我们想要使用的东西的缺点或缺点，以及如果我们继续使用不同的东西可能面临的警告和危险。,213,1,61,1,4,60+
56224,PHL,Philippines,invalid,existing,MEDIUM,longstring_exceed,1,0,1,0,0,42.0,2.3859545848240646,,NA,"An open-minded, knows how to accept truth even it's contrary to his belief.",,213,1,66,1,3,60+
56309,PHL,Philippines,invalid,existing,MEDIUM,longstring_exceed,1,0,1,0,0,49.0,3.4826599211887737,,NA,"His being honest, accurate in his results on what he is doing.",,213,1,61,1,4,60+
56312,PHL,Philippines,invalid,existing,MEDIUM,longstring_exceed,1,0,1,0,0,55.0,6.185026310303217,,NA,Their Experiment.. ,,213,1,28,1,4,18-29
56322,PHL,Philippines,valid1,none,MEDIUM,odd_even_low,1,0,0,0,1,12.0,4.138164273420929,-1.0,NA,Having transparency in my opinion is one of the traits in which an individual is considered trustworthy.  ,,213,1,38,1,4,30-39
56340,PHL,Philippines,invalid,existing,MEDIUM,longstring_exceed,1,0,1,0,0,57.0,2.762024464055035,,All the science teachers can benifits most because they need to teach to their students.,NA,所有科学教师都能受益最多，因为他们需要教学生。,213,1,46,0,4,40-49
56369,PHL,Philippines,invalid,existing,MEDIUM,mahalanobis_outlier,1,0,0,1,0,18.0,11.739654105309054,0.6324555320336759,Prefer not say,NA,宁愿不说,213,1,39,NA,3,30-39
56398,PHL,Philippines,valid1,none,MEDIUM,odd_even_low,1,0,0,0,1,12.0,4.782193917145824,-1.0,The people and the government,NA,人民和政府,213,1,48,1,3,40-49
56461,PHL,Philippines,invalid,existing,MEDIUM,longstring_exceed,1,0,1,0,0,71.0,6.185026310303217,,NA,I dont have any idea about scientific trustworthy.. ,,213,1,41,0,3,40-49
56497,PHL,Philippines,invalid,existing,MEDIUM,mahalanobis_outlier,1,0,0,1,0,12.0,13.370321552329461,,NA,100%,,213,1,26,1,1,18-29
56546,PHL,Philippines,invalid,existing,MEDIUM,longstring_exceed,1,0,1,0,0,61.0,6.185026310303217,,NA,-99,,213,1,36,NA,2,30-39
56552,PHL,Philippines,valid1,none,MEDIUM,mahalanobis_outlier,1,0,0,1,0,8.0,10.78294768192814,-0.15811388300841897,I think all of people because science is very important.,NA,我认为所有人都因为科学非常重要。,213,1,33,NA,3,30-39
56600,PHL,Philippines,valid1,none,MEDIUM,odd_even_low,1,0,0,0,1,3.0,4.581283328369906,-1.0,"Science answers all matters covering objects and events happening in our world, whether natural or unusual that gets broader and complicated by compounding (where one multiplies or replicates by number or mutation - e.g. results/effects from factory emissions and/or corrosion by non-living elements like rock and soil) objects and technology (simple to automated, e.g. heat and electric appliances). By people, using it divides them into aware and innocent ones, with benefit occurring most for ones ""aware"", whether open or closed into learning about how broad and endless its usage and features are to know what's out (not inside/hidden) in our world (differences of self and environment: former is for work/duties while latter is exploration and consciousness) - that we need to know to get safe and compliant with it (i.e., avoidance and antagonism gets bad/adverse with it: people isn't informed with knowledge to answer changes that occur).",NA,科学回答了涵盖我们世界上发生的物体和事件的所有问题，无论是自然的还是不寻常的，通过复合（通过数量或突变进行倍增或复制 - 例如工厂排放和/或岩石和土壤等非生命元素腐蚀的结果/影响）物体和技术（从简单到自动化，例如热和电器）变得更广泛和复杂。对于人们来说，使用它将它们分为有意识的和无辜的，对于那些“有意识”的人来说，好处最多，无论是开放的还是封闭的，无论是开放的还是封闭的，了解它的用途和功能有多么广泛和无穷无尽，以了解我们的世界中的外面（而不是内部/隐藏）什么（自我和环境的差异：前者是为了工作/职责，而后者是探索和意识）——我们需要知道如何获得安全和顺从它（即，回避和对抗会变得不好/不利：人们不具备应对发生的变化的知识）。,213,1,30,1,4,30-39
56613,PHL,Philippines,invalid,existing,MEDIUM,longstring_exceed,1,0,1,0,0,57.0,3.5340475965735876,,NA,It's very important that we have scientist trustworthy because if we don't have scientist we have all nothing such as medicine or learning about the things that we never learn about science. ,,213,1,26,2,3,18-29
56719,PHL,Philippines,valid1,none,MEDIUM,mahalanobis_outlier,1,0,0,1,0,9.0,9.791976700803117,0.25,NA,By their specific and truthful opinion and their conclusion,,213,1,29,0,3,18-29
56812,POL,Poland,valid1,none,MEDIUM,mahalanobis_outlier,1,0,0,1,0,7.0,10.338737831264067,0.43000658178376583,Andrzej Duda bo jest prezydentem ,NA,安杰伊·杜达因为他是总统,213,1,39,1,4,30-39
56846,POL,Poland,valid1,none,MEDIUM,mahalanobis_outlier,1,0,0,1,0,8.0,10.927608954702988,0.5393598899705937,NA,Nie wiem czy to g w dniu dzisiejszym świecie i nie wiem czy 76 w dniu dzisiejszym świecie i ,,213,1,24,1,4,18-29
56895,POL,Poland,valid1,none,MEDIUM,odd_even_low,1,0,0,0,1,14.0,4.8396394096765025,-1.0,NA,to wszystko zależy od jego postawy jakim jest naukowcem czy baranem czy oświeconym,,213,1,46,1,4,40-49
56914,POL,Poland,valid1,none,MEDIUM,odd_even_low,1,0,0,0,1,15.0,3.3729603653619686,-1.0,my zwykli ludzie bo dzieki wiedzy nasz swiat staje sie lepszy a dzieki technologi latwiej tez sie zyje ,NA,我们普通人，因为有了知识，我们的世界变得更加美好；有了科技，生活也变得更加轻松,213,1,42,0,3,40-49
56922,POL,Poland,invalid,existing,MEDIUM,longstring_exceed,1,0,1,0,0,39.0,5.7893396909267185,,NA,nie,,213,1,48,1,3,40-49
56957,POL,Poland,valid1,none,MEDIUM,odd_even_low,1,0,0,0,1,10.0,6.064035537749448,-0.9284766908852594,"NIE MA NIC LEPSZEGO JAK OSIĄGNIĘCIE SUKCESU I TO JEST NAJWAŻNIEJSZE  BY DZIĘKI NAUCE WPROWADZAĆ INNOWACJE I WYNALAZKI, KTÓRE ULEPSZĄ LUDZKIE ŻYCIE. PRACA JAKO NAUKOWIEC, LEKARZ ,PEDAGOG POZWALA ZMIENIAC ŚWIAT",NA,没有什么比取得成功更好的了，这是通过科学引入创新和发明来改善人类生活的最重要的事情。作为一名科学家、医生、教育家，你可以改变世界,213,1,50,1,4,50-59
57010,POL,Poland,invalid,existing,MEDIUM,mahalanobis_outlier,1,0,0,1,0,2.0,10.960902453567178,0.7592566023652966,NA,Stoi po stronie pisu,,213,1,21,1,4,18-29
57044,POL,Poland,invalid,existing,MEDIUM,mahalanobis_outlier,1,0,0,1,0,4.0,11.215880740637482,0.0,NA,przekonaniw,,213,1,51,1,4,50-59
57072,POL,Poland,invalid,existing,MEDIUM,longstring_exceed,1,0,1,0,0,32.0,3.695484515835228,,NA,transparentnosc,,213,1,66,1,4,60+
57128,POL,Poland,invalid,existing,MEDIUM,longstring_exceed,1,0,1,0,0,57.0,4.257185777688791,,NA,Jego osiągnięcia i odkrycia,,213,1,67,0,4,60+
57156,POL,Poland,invalid,existing,MEDIUM,longstring_exceed,1,0,1,0,0,35.0,4.257185777688791,,Technologia rozwój,NA,技术开发,213,1,33,1,3,30-39
57176,POL,Poland,invalid,existing,MEDIUM,longstring_exceed,1,0,1,0,0,70.0,6.039399445142384,,Dziekanatu ,NA,院长办公室,213,1,18,1,3,18-29
57275,POL,Poland,valid1,none,MEDIUM,odd_even_low,1,0,0,0,1,10.0,3.870836119785472,-1.0,"Mądrzy ludzie, którzy na tym zarabiają",NA,聪明人靠它赚钱,213,1,59,1,3,50-59
57325,POL,Poland,invalid,existing,MEDIUM,longstring_exceed,1,0,1,0,0,61.0,6.039399445142384,,nie,NA,不,213,1,47,1,3,40-49
57416,POL,Poland,invalid,existing,MEDIUM,longstring_exceed,1,0,1,0,0,42.0,2.499410937539449,,ludzkosc,NA,人类,213,1,66,1,4,60+
57440,POL,Poland,invalid,existing,MEDIUM,longstring_exceed,1,0,1,0,0,69.0,7.362091788058553,,NA,Nic,,213,1,24,1,3,18-29
57632,POL,Poland,valid1,none,MEDIUM,odd_even_low,1,0,0,0,1,7.0,5.8500305475273375,-0.9258200997725514,"bogaci ludzie, którzy wykiezystują to w stosunku do niewykształconych ludzi",NA,有钱人会利用它来对抗未受过教育的人,213,1,21,0,3,18-29
57665,POL,Poland,invalid,existing,MEDIUM,longstring_exceed,1,0,1,0,0,32.0,4.67016790843409,0.0,NA,"Wydaje mi sie ze to zbyt pobiezne stwierdzenie, kazdy naukowiec jest inny jak inny jest kazdy czlowiek.Mysle ze koncept zwrotu do naukowcow polega na ich oryginalnym posiadaniu wiedzy z punktu widzenia nie tylko teorii ale i podpierania posiadanej wiedzy praktycznym poparciem, ale rowniez uwazam ze oryginalne tego typu idee poprzez lata prowadzenia nie wlasciwego, sztucznie przyspieszonego wrecz wymuszonego gdzieniegdzie postepu, zostaly wykrzywione, wykolejone staly sie niemal swoim przeciwienstwem. Zachlannosc, interesownosc, materializm, gdzieniegdzie obsesja osiagniec powdzechnie wymaganych przez spoleczenstwo, dla zatracenia sie w koniecznosci osiagniec byc moze po to by nie zostac zaszczutym przez tych bardziej pedzacych z pozorami, sprawila ze zamiast naukowcy byc szlachetnymi medrcami do ktorych sklania sie po mentorstwo, porade, czy pomoc w zrozumieniu i rozwiazaniu problemow, przemieniaja sie raczej w koncept t.zw szalonegi naukowca, pozbawionego szlachetnych zasad praktyk, madrosci i zrozumienia, portretowanego raczej jako cos co czycha na nas dla wlasnej kozysci nix cos co powinno prowadzic i byc oparciem, zwlaszcza w potrzebie i zagubieniu ",,213,1,41,0,3,40-49
57671,POL,Poland,invalid,existing,MEDIUM,longstring_exceed,1,0,1,0,0,50.0,2.662803037674042,,"Najwięcej czerpiemy my, czyli ludzie, społeczeństwo ",NA,我们，即人民和社会，受益最多,213,1,26,1,4,18-29
57705,POL,Poland,valid1,none,MEDIUM,mahalanobis_outlier,1,0,0,1,0,7.0,11.038419975562109,0.0,NA,Pieniądze i uznanie.,,213,1,25,1,4,18-29
57777,POL,Poland,invalid,existing,MEDIUM,longstring_exceed,1,0,1,0,0,68.0,6.039399445142384,,NA,-99,,213,1,23,1,3,18-29
57802,POL,Poland,invalid,existing,MEDIUM,longstring_exceed,1,0,1,0,0,37.0,2.2419924591278186,,"Sam naukowiec/badacz, jeżeli lubi to co robi. Także po prostu społeczeństwo, bo nauka bardzo pomaga w życiu codziennym.",NA,一名科学家/研究人员本人，如果他喜欢他所做的事情。也只是社会，因为科学对日常生活有很大帮助。,213,1,28,1,3,18-29
57814,POL,Poland,invalid,existing,MEDIUM,longstring_exceed,1,0,1,0,0,36.0,8.219587278570593,,Nauczyciele bo zarabiają ,NA,老师因为赚钱,213,1,40,1,3,40-49
57839,POL,Poland,invalid,existing,MEDIUM,longstring_exceed,1,0,1,0,0,71.0,6.039399445142384,,NA,ukonczona uczelnia,,213,1,46,1,4,40-49
57883,POL,Poland,valid1,none,MEDIUM,odd_even_low,1,0,0,0,1,8.0,5.41119845834855,-1.0,NA,"naukowiec jest godny zaufania, kiedy ma doświadczenie w danym temacie, kiedy widać, że ten temat jest mu bliski lub podoba się i on ciągle rozwija się w nim",,213,1,22,0,3,18-29
57888,POL,Poland,invalid,existing,MEDIUM,longstring_exceed,1,0,1,0,0,48.0,4.257185777688791,,Uczniowie,NA,学生,213,1,42,0,4,40-49
57922,POL,Poland,valid1,none,MEDIUM,mahalanobis_outlier,1,0,0,1,0,7.0,10.569135489700846,0.7312724241271307,NA,"Tak, ponieważ ma bardzo dużą wiedzę, którą może przekazać innym ",,213,1,28,1,3,18-29
57998,POL,Poland,invalid,existing,MEDIUM,longstring_exceed,1,0,1,0,0,35.0,3.403572563474155,0.3333333333333333,"Wszyscy, którzy mają z nauki jakiekolwiek korzyści",NA,每个以任何方式从学习中受益的人,213,1,43,1,4,40-49
58034,POL,Poland,invalid,existing,MEDIUM,longstring_exceed,1,0,1,0,0,57.0,4.257185777688791,,Dzieci ponieważ uczą się nowych rzeczy.,NA,孩子们因为他们学习新事物。,213,1,30,0,4,30-39
58047,POL,Poland,invalid,existing,MEDIUM,longstring_exceed,1,0,1,0,0,44.0,6.039399445142384,,-99,NA,-99,213,1,25,0,3,18-29
58049,POL,Poland,invalid,existing,MEDIUM,longstring_exceed,1,0,1,0,0,57.0,2.399215897996285,,"Naukowcy, ponieważ oni lubią uczyć się nowych rzeczy ",NA,科学家，因为他们喜欢学习新事物,213,1,34,1,4,30-39
58058,POL,Poland,invalid,existing,MEDIUM,longstring_exceed,1,0,1,0,0,57.0,2.0094372029032495,,Nie wiem ale wydaje mi się ze naukowcy bo na tym zarabiają ,NA,我不知道，但我认为科学家可以从中赚钱,213,1,34,0,3,30-39
58180,POL,Poland,valid1,none,MEDIUM,odd_even_low,1,0,0,0,1,5.0,4.406931428981668,-1.0,NA,Nauka powinna wykształcać w człowieku cechy które sprawiają że jest godny zaufania ,,213,1,41,1,3,40-49
58247,POL,Poland,valid1,none,MEDIUM,mahalanobis_outlier,1,0,0,1,0,3.0,10.620493628865443,-0.3606678538669729,rząd czerpie korzyści ,NA,政府福利,213,1,37,1,3,30-39
58294,POL,Poland,invalid,existing,MEDIUM,longstring_exceed,1,0,1,0,0,34.0,6.4469952010038805,,NA,nie ma godnosci naukowej,,213,1,32,1,4,30-39
58312,POL,Poland,invalid,existing,MEDIUM,longstring_exceed,1,0,1,0,0,47.0,5.4860652738381726,,"Uczniowie, ponieważ poprzez nauke mogą później dalej sie dokształcać, studiować i mieć zapewnioną dobrą przyszłość
",NA,学生，因为通过学习，以后可以继续深造、学习、拥有美好的未来,213,1,19,0,2,18-29
58362,POL,Poland,invalid,existing,MEDIUM,longstring_exceed,1,0,1,0,0,36.0,2.502271179958275,,naukowcy,NA,科学家,213,1,34,1,4,30-39
58404,POL,Poland,invalid,existing,MEDIUM,mahalanobis_outlier,1,0,0,1,0,18.0,11.467722758201601,0.40219983326992187,Ja,NA,和,213,1,20,1,4,18-29
58440,POL,Poland,valid1,none,MEDIUM,odd_even_low,1,0,0,0,1,3.0,7.726977388671461,-0.8783100656536799,NA,"Według mnie jest wiele przyczyn dlaczego konkretny naukowiec jest godny zaufania. Między innymi opinie innych, lub wykształcenie danego naukowca.",,213,1,22,1,4,18-29
58448,POL,Poland,valid1,none,MEDIUM,odd_even_low,1,0,0,0,1,8.0,5.896402868348022,-0.9258200997725514,NA,"Wiedza,autorytet naukowy",,213,1,54,0,3,50-59
58459,POL,Poland,valid1,none,MEDIUM,odd_even_low,1,0,0,0,1,9.0,6.677148876141398,-0.9258200997725514,NA,Jego pasja a nie chec zysku,,213,1,51,0,4,50-59
58525,POL,Poland,invalid,existing,MEDIUM,longstring_exceed,1,0,1,0,0,71.0,6.039399445142384,,Pewnie naukowcy ,NA,可能是科学家,213,1,52,0,1,50-59
58529,POL,Poland,valid1,none,MEDIUM,mahalanobis_outlier,1,0,0,1,0,4.0,10.85849544105228,0.43762076771963476,Studenci poniewaz znaja teo,NA,学生因为他们了解,213,1,30,1,4,30-39
58537,POL,Poland,valid1,none,MEDIUM,odd_even_low,1,0,0,0,1,10.0,6.3686165026827535,-1.0,NA,Wymysla nowe rzeczy z niczego,,213,1,33,1,3,30-39
58582,POL,Poland,valid1,none,MEDIUM,mahalanobis_outlier,1,0,0,1,0,4.0,13.249652291266067,-0.3535533905932738,Myślę że dobrze i lubię bardzo jesc,NA,我觉得很好吃而且很喜欢吃,213,1,49,1,4,40-49
58694,POL,Poland,invalid,existing,MEDIUM,longstring_exceed,1,0,1,0,0,71.0,6.039399445142384,,NA,-99,,213,1,32,1,3,30-39
58704,POL,Poland,valid1,none,MEDIUM,mahalanobis_outlier,1,0,0,1,0,15.0,10.838012331850228,0.9271726499455306,NA,Nie lansuje sie,,213,1,35,0,3,30-39
58801,POL,Poland,invalid,existing,MEDIUM,longstring_exceed,1,0,1,0,0,36.0,3.299485610217276,,zwykili ludzie i rządy,NA,普通民众和政府,213,1,62,1,4,60+
58849,POL,Poland,invalid,existing,MEDIUM,longstring_exceed,1,0,1,0,0,38.0,4.526714606373053,0.25,"Ludzie z wyższym wykształceniem, ponieważ cały czas doskonalają swoją wiedzę",NA,受过高等教育的人因为他们不断提高自己的知识,213,1,31,0,4,30-39
58899,POL,Poland,valid1,none,MEDIUM,odd_even_low,1,0,0,0,1,6.0,4.56990822186207,-1.0,NA,DOWODY JAKIMI DYSPONUJE,,213,1,25,0,3,18-29
59012,POL,Poland,invalid,existing,MEDIUM,longstring_exceed,1,0,1,0,0,34.0,8.473228030466968,1.0,Brak,NA,缺少,213,1,32,1,3,30-39
59055,POL,Poland,valid1,none,MEDIUM,odd_even_low,1,0,0,0,1,6.0,3.992028924672375,-1.0,"Najwięcej korzyści czerpią osoby najbardziej zamożne, gdyż pierwsze mają do niej dostęp ",NA,最富有的人受益最大，因为他们是最先获得它的人,213,1,19,1,3,18-29
59057,POL,Poland,valid1,none,MEDIUM,mahalanobis_outlier,1,0,0,1,0,3.0,10.436250363608572,0.4537426064865151,NA,"Wiele lat się uczył, czytal książki miał wykłady, posiada sprzęt do badań ",,213,1,20,1,3,18-29
59066,POL,Poland,invalid,existing,MEDIUM,longstring_exceed,1,0,1,0,0,61.0,6.039399445142384,,Mlodzi ludzie ,NA,年轻人,213,1,28,0,4,18-29
59178,POL,Poland,invalid,existing,MEDIUM,longstring_exceed,1,0,1,0,0,32.0,3.9301493710062583,,NA,Kiedy jego przypuszczenia na jakiś temat się sprawdzają ,,213,1,23,1,2,18-29
59212,POL,Poland,valid1,none,MEDIUM,mahalanobis_outlier,1,0,0,1,0,13.0,11.990741286260317,0.8232391950564719,Ja bo jestem mądry,NA,我因为我聪明,213,1,20,1,2,18-29
59320,POL,Poland,invalid,existing,MEDIUM,mahalanobis_outlier,1,0,0,1,0,6.0,14.532948081883552,-0.3508232077228117,NA,nic,,213,1,27,2,3,18-29
59328,POL,Poland,invalid,existing,MEDIUM,longstring_exceed,1,0,1,0,0,32.0,8.588860844052924,0.48564293117863205,NA,Tak powinno być ,,213,1,26,1,3,18-29
59338,POL,Poland,valid1,none,MEDIUM,mahalanobis_outlier,1,0,0,1,0,14.0,10.456780470905077,0.9550561797752809,Korporacje żeby mieć nad nami władze.,NA,公司对我们拥有权力。,213,1,50,1,3,50-59
59376,POL,Poland,invalid,existing,MEDIUM,longstring_exceed,1,0,1,0,0,52.0,6.039399445142384,,Naukowcy,NA,科学家,213,1,58,1,3,50-59
59485,POL,Poland,invalid,existing,MEDIUM,longstring_exceed,1,0,1,0,0,35.0,4.191007984065806,,NA,Nie każdy naukowiec jest godny zaufania i nie zawsze,,213,1,68,0,3,60+
59509,POL,Poland,valid1,none,MEDIUM,odd_even_low,1,0,0,0,1,14.0,5.1178755122516,-1.0,Zyski z nauki powinien czerpać każdy z nas tylko nie każdy chce to robic,NA,我们每个人都应该从学习中受益，但并不是每个人都愿意这样做,213,1,69,2,3,60+
59535,POL,Poland,invalid,existing,MEDIUM,longstring_exceed,1,0,1,0,0,57.0,1.9220581880737997,,NA,Jego doświadczenie i wiedza .,,213,1,60,0,3,60+
59693,POL,Poland,valid1,none,MEDIUM,odd_even_low,1,0,0,0,1,3.0,5.3851301938268685,-0.9191450300180578,NA,"Myślę, że powinien mieć spore doświadczenie i dorobek naukowy, który pozwala ocenić jego wiarygodność. Nie powinien natomiast być powiązany z polityką, biznesem itp. gdyż wtedy stanie się tendencyjny.   ",,213,1,63,0,4,60+
59790,ROU,Romania,valid1,none,MEDIUM,mahalanobis_outlier,1,0,0,1,0,7.0,9.170303960583295,0.08304547985373997,NA,"Informeaza autentic, inteligibil pentru toată lumea, si nu se ferește de dialog",,213,1,38,0,4,30-39
59849,ROU,Romania,valid1,none,MEDIUM,attention_fail,1,1,0,0,0,9.0,2.748802497732209,0.4472135954999579,Oamenii in general,NA,一般人,23,1,47,1,4,40-49
59930,ROU,Romania,valid1,none,MEDIUM,mahalanobis_outlier,1,0,0,1,0,6.0,9.77246908816951,-0.36469840431289846,NA,Sunt matematician. Deci sa nu greseasca demonstratia.,,213,1,71,1,4,60+
60120,ROU,Romania,valid1,none,MEDIUM,attention_fail,1,1,0,0,0,12.0,3.822572812355822,,"Intelectualii, care sunt curiosi ori din cauza ocupatiei pe care le au, ori Pur sí simlu. Ín al doilea rand societetea, care castiga din beneficiile stiintei (medicina, computerizare, automatizare, etc.)",NA,知识分子，他们的好奇心要么是因为他们所从事的职业，要么纯粹是因为他们的职业。其次，社会受益于科学（医学、计算机化、自动化等）,214,1,52,NA,4,50-59
60162,ROU,Romania,valid1,none,MEDIUM,attention_fail,1,1,0,0,0,16.0,6.471889770054033,0.31622776601683794,"Toată lumea beneficiază sau măcar asta se intenționează.
De ce? 
Cred ca îmbunătățește in mare măsură viata noastră a tuturor.",NA,"每个人都受益，或者至少是有意为之。
为什么？ 
我认为它极大地改善了我们所有人的生活。",214,1,51,0,3,50-59
60303,SRB,Serbia,valid1,none,MEDIUM,mahalanobis_outlier,1,0,0,1,0,4.0,10.704564758364633,0.30151134457776363,Naučnici,NA,科学家,213,1,22,1,4,18-29
60323,SRB,Serbia,valid1,none,MEDIUM,mahalanobis_outlier,1,0,0,1,0,5.0,11.457626107086451,0.2,Nasa zato sto mogu da je iskoriste da spase svet ,NA,我们的，因为他们可以用它来拯救世界,213,1,26,1,3,18-29
60425,SRB,Serbia,invalid,existing,MEDIUM,longstring_exceed,1,0,1,0,0,32.0,6.023991423351038,-0.15811388300841897,NA,Ja Muslim daga cini dobrim covekom,,213,1,40,1,2,40-49
60472,SRB,Serbia,invalid,existing,MEDIUM,longstring_exceed,1,0,1,0,0,40.0,9.02843462964555,0.6324555320336759,NA,Da se sto vise pojavljuje na televiziji i siri paniku i neistine,,213,1,35,2,4,30-39
60477,SRB,Serbia,invalid,existing,MEDIUM,mahalanobis_outlier,1,0,0,1,0,20.0,11.1822878809997,0.6738202810148577,NA,Sve,,213,1,18,NA,2,18-29
60523,SRB,Serbia,valid1,none,MEDIUM,odd_even_low,1,0,0,0,1,15.0,6.339083436972404,-0.9135002783911397,Svaki gradjanin ima koristi od nauke. Nauka nas okruzuje i trebamo je iskoristiti u pozitivnom smislu. ,NA,每个公民都受益于科学。科学就在我们身边，我们应该积极地利用它。,213,1,37,1,4,30-39
60618,SRB,Serbia,valid1,none,MEDIUM,odd_even_low,1,0,0,0,1,4.0,4.717005655067663,-0.8944271909999159,Čitavo čovečanstvo. ,NA,全人类。,213,1,26,0,4,18-29
60711,SRB,Serbia,invalid,existing,MEDIUM,longstring_exceed,1,0,1,0,0,55.0,6.085484561980705,,"Amerika, zato što su oni najbolji u nauci",NA,美国，因为他们在科学上是最好的,213,1,22,NA,3,18-29
61673,RUS,Russia,valid1,none,MEDIUM,mahalanobis_outlier,1,0,0,1,0,7.0,9.431745280982325,0.6868028197434451,I'm a student of ICT. And most of my life filled with science. ,NA,我是ICT专业的学生。我一生的大部分时间都充满了科学。,213,1,28,1,4,18-29
61754,RUS,Russia,invalid,existing,MEDIUM,longstring_exceed,1,0,1,0,0,71.0,7.509172464587736,,NA,0.14,,213,1,25,1,4,18-29
62366,SWE,Sweden,invalid,existing,MEDIUM,mahalanobis_outlier,1,0,0,1,0,10.0,9.538606050040961,0.7878385971583353,NA,-99,,213,1,34,0,3,30-39
62400,SWE,Sweden,valid1,none,MEDIUM,odd_even_low,1,0,0,0,1,4.0,7.677096535738009,-0.8783100656536799,mänskor ,NA,人类,213,1,46,0,3,40-49
62433,SWE,Sweden,valid1,none,MEDIUM,odd_even_low,1,0,0,0,1,16.0,6.13208122286572,-0.8783100656536799,NA,Att hen inte blandar ihop forskningen och dess resultat med sina egna personliga åsikter.,,213,1,41,0,2,40-49
62444,SWE,Sweden,invalid,existing,MEDIUM,longstring_exceed,1,0,1,0,0,36.0,4.64599622846622,0.4,NA,"kör sitt race och skiter i andra forskare, forskare ska upptäcka inte tillrättavisa andras ideer",,213,1,33,1,4,30-39
62463,SWE,Sweden,valid1,none,MEDIUM,odd_even_low,1,0,0,0,1,10.0,4.3920624632302045,-1.0,De som har kunskap om aktier och fonder. Nya metoder och vacciner/mediciner leder till nya pengar som kan investeras ,NA,对股票、基金有一定了解的人。新方法和疫苗/药物带来新的投资资金,213,1,23,0,3,18-29
62485,SWE,Sweden,invalid,existing,MEDIUM,longstring_exceed,1,0,1,0,0,36.0,5.923028181684623,0.7745966692414834,NA,när hen skriver sanna information ,,213,1,26,0,3,18-29
62492,SWE,Sweden,invalid,existing,MEDIUM,longstring_exceed,1,0,1,0,0,33.0,4.697279273434634,0.5,Samhället i stort - om man bortser från klimatförnekare och CO2 noja,NA,整个社会——如果你忽视气候否认者和二氧化碳 noja,213,1,81,1,4,60+
62514,SWE,Sweden,invalid,existing,MEDIUM,mahalanobis_outlier,1,0,0,1,0,7.0,11.117311695283272,-0.31622776601683794,NA,Dåliga tider ,,213,1,52,1,3,50-59
62536,SWE,Sweden,valid1,none,MEDIUM,odd_even_low,1,0,0,0,1,6.0,5.26926265236522,-1.0,De yngre som behöver en bättre uppfattning om världen å klimat,NA,需要更好地了解世界和气候的年轻人,213,1,42,1,4,40-49
62623,SWE,Sweden,invalid,existing,MEDIUM,longstring_exceed,1,0,1,0,0,39.0,6.270009716796784,1.0,NA,"Att han, eller hon är, vaken.",,213,1,56,1,2,50-59
62631,SWE,Sweden,valid1,none,MEDIUM,odd_even_low,1,0,0,0,1,9.0,5.618252521853184,-1.0,Den enskilda individen ,NA,个体个体,213,1,29,0,2,18-29
62690,SWE,Sweden,invalid,existing,MEDIUM,longstring_exceed,1,0,1,0,0,35.0,2.505286006793371,,NA,inga,,213,1,59,1,4,50-59
62764,SWE,Sweden,invalid,existing,MEDIUM,odd_even_low,1,0,0,0,1,3.0,8.033697916162511,-0.8958280175293669,Sjxb,NA,石家庄,213,1,38,1,4,30-39
62794,SWE,Sweden,valid1,none,MEDIUM,mahalanobis_outlier,1,0,0,1,0,6.0,9.413706489670771,0.42874646285627205,NA,Att den är gjord via ett universitet med en forskare,,213,1,45,1,4,40-49
62823,SWE,Sweden,invalid,existing,MEDIUM,longstring_exceed,1,0,1,0,0,44.0,8.441124231506164,-0.26967994498529685,-99,NA,-99,213,1,46,1,4,40-49
62954,SWE,Sweden,invalid,existing,MEDIUM,odd_even_low,1,0,0,0,1,13.0,5.936262203825656,-1.0,NA,Vet tyvärr inte,,213,1,67,0,2,60+
63029,SWE,Sweden,valid1,none,MEDIUM,mahalanobis_outlier,1,0,0,1,0,14.0,10.15055207656122,0.9295160030897801,NA,Att den når resultat ,,213,1,37,1,4,30-39
63129,SWE,Sweden,valid1,none,MEDIUM,odd_even_low,1,0,0,0,1,9.0,4.190452089347377,-0.8783100656536799,NA,Att de varit noggrann och kan redovisa hur de kommit fram till svaren ,,213,1,27,0,3,18-29
63253,SWE,Sweden,valid1,none,MEDIUM,mahalanobis_outlier,1,0,0,1,0,15.0,10.044280061297666,-0.09950371902099892,NA,Faktumet att dom har fler oberoende forskare som kontonuerligt bekräftar deras fynd. Inget annat är godtagbart. ,,213,1,32,0,3,30-39
63350,TUR,Türkiye,invalid,existing,MEDIUM,longstring_exceed,1,0,1,0,0,39.0,2.5905394342446137,,encok ınsanlar faydalanıyor.cunkı ıhtıyac ve talep,NA,大多数人从中受益，因为有需要和需求。,213,1,54,0,4,50-59
63372,TUR,Türkiye,valid1,none,MEDIUM,odd_even_low,1,0,0,0,1,11.0,3.7548581116933004,-1.0,Bilimden tıp dünyası dahaçok yararlanıyor çünkü gelişimlerinde bilime ihtiyaç duyuyorlar. ,NA,医学界从科学中受益更多，因为他们的发展需要科学。,213,1,62,0,4,60+
63373,TUR,Türkiye,invalid,existing,MEDIUM,longstring_exceed,1,0,1,0,0,57.0,3.5212240980352734,,NA,Fazla aktif olması ve fazla çalışması ve fazla araştırma yapması ,,213,1,64,0,3,60+
63522,TUR,Türkiye,valid1,none,MEDIUM,mahalanobis_outlier,1,0,0,1,0,4.0,11.652061716104836,-0.4270622132605941,NA,araştırmaları ve sonuçları,,213,1,29,1,4,18-29
63533,TUR,Türkiye,invalid,existing,MEDIUM,mahalanobis_outlier,1,0,0,1,0,5.0,10.576712348120212,0.242535625036333,Bilimle pek alakam yok,NA,我对科学没有太大兴趣。,213,1,60,0,3,60+
63535,TUR,Türkiye,invalid,existing,MEDIUM,longstring_exceed,1,0,1,0,0,33.0,6.183203629232758,-0.29277002188455997,NA,Somut veriler sunması,,213,1,53,1,4,50-59
63631,TUR,Türkiye,invalid,existing,MEDIUM,longstring_exceed,1,0,1,0,0,33.0,4.875915572439692,,NA,Kanıtlanmış bilgi ,,213,1,59,0,4,50-59
63638,TUR,Türkiye,invalid,existing,MEDIUM,longstring_exceed,1,0,1,0,0,39.0,3.884837808484574,-0.6324555320336759,NA,Deneyerek sonuca ulaşmaları ,,213,1,63,0,4,60+
63651,TUR,Türkiye,invalid,existing,MEDIUM,longstring_exceed,1,0,1,0,0,57.0,2.3157369029548485,,NA,Kanıtlanmış bilgiler ,,213,1,41,0,4,40-49
63677,TUR,Türkiye,invalid,existing,MEDIUM,longstring_exceed,1,0,1,0,0,43.0,6.164939363401458,0.6324555320336759,-99,NA,-99,213,1,50,0,3,50-59
63683,TUR,Türkiye,invalid,existing,MEDIUM,longstring_exceed,1,0,1,0,0,57.0,2.3134710364528237,,Kanıtlanmış bilgiler ,NA,已证实的信息,213,1,52,0,4,50-59
63713,TUR,Türkiye,invalid,existing,MEDIUM,longstring_exceed,1,0,1,0,0,47.0,3.788556998302905,0.9258200997725514,NA,bence  doguru bilgleri veriosa yalan soylemiorsa  bilimde dini kisitirmosa müslmanlik gibi güvenilridr,,213,1,27,1,3,18-29
63747,TUR,Türkiye,valid1,none,MEDIUM,mahalanobis_outlier,1,0,0,1,0,11.0,10.150145397563236,-0.7519206177414045,İş adamları olanakları dogrultusunda,NA,符合机遇的商人,213,1,36,0,3,30-39
63767,TUR,Türkiye,invalid,existing,MEDIUM,longstring_exceed,1,0,1,0,0,36.0,4.002326679372718,,NA,Bulduğu yeni şeyler icatlar sürekliliğinin olması güzel sonuçlar vermesi,,213,1,68,0,3,60+
63813,TUR,Türkiye,invalid,existing,MEDIUM,longstring_exceed,1,0,1,0,0,47.0,5.691025175029905,0.050964719143762556,Gencler kolay oldugu icin,NA,年轻人，因为这很容易,213,1,63,0,3,60+
63814,TUR,Türkiye,invalid,existing,MEDIUM,longstring_exceed,1,0,1,0,0,50.0,3.2530754522248166,,NA,Teknolojiyi ileri tasinmasi,,213,1,63,0,3,60+
63835,TWN,Taiwan,invalid,existing,MEDIUM,mahalanobis_outlier,1,0,0,1,0,7.0,11.6896449792709,0.9271726499455306,電腦,NA,电脑,213,1,52,1,3,50-59
63837,TWN,Taiwan,invalid,existing,MEDIUM,longstring_exceed,1,0,1,0,0,34.0,5.121063340962714,,人民,NA,人民,213,1,35,1,4,30-39
63845,TWN,Taiwan,invalid,existing,MEDIUM,longstring_exceed,1,0,1,0,0,55.0,7.902956402477459,,NA,沒有,,213,1,40,0,4,40-49
64188,TWN,Taiwan,invalid,existing,MEDIUM,longstring_exceed,1,0,1,0,0,43.0,7.772323946992464,1.0,NA,沒差,,213,1,18,0,2,18-29
64484,TWN,Taiwan,invalid,existing,MEDIUM,longstring_exceed,1,0,1,0,0,48.0,2.607397898955135,,NA,數據,,213,1,52,1,3,50-59
66257,UGA,Uganda,valid1,none,MEDIUM,odd_even_low,1,0,0,0,1,5.0,3.5786675130206795,-1.0,"The general public all around the world,discoveries have been made through science that saved lives and made life easy",NA,对于世界各地的公众来说，科学的发现拯救了生命并使生活变得轻松,213,1,33,0,4,30-39
66284,UGA,Uganda,valid1,none,MEDIUM,mahalanobis_outlier,1,0,0,1,0,4.0,9.192816358229024,-0.3922322702763681,NA,"Integrity; Scientists must adhere to a strong code of ethics, ensuring they conduct research honestly and accurately, and report their findings transparently. Manipulating or fabricating data erodes trust.",,213,1,25,NA,4,18-29
66444,UGA,Uganda,valid1,none,MEDIUM,odd_even_low,1,0,0,0,1,4.0,4.410071272450666,-1.0,science helps us see things in new aspects,NA,科学帮助我们从新的角度看待事物,213,1,29,0,4,18-29
66499,UGA,Uganda,invalid,existing,MEDIUM,mahalanobis_outlier,1,0,0,1,0,17.0,9.992051010509517,0.165915912098992,NA,"scientist are very important in our community in the following ways doctors treat sick people they helped a lot in saving life when covid 19 break out. Science teachers help in teaching our children to be better citizens in providing scientific work making medicine, do in research in New medicine on market. And scientists help in discovering the curable and non curable diseases ",,213,1,30,NA,4,30-39
66536,UGA,Uganda,valid1,none,MEDIUM,odd_even_low,1,0,0,0,1,7.0,4.43108441661448,-1.0,Innovation of new things. Science helps to innovate news things in existence hence creation of jobs,NA,新事物的创新。科学有助于创新现有的新闻事物，从而创造就业机会,213,1,29,1,4,18-29
66547,UGA,Uganda,invalid,existing,MEDIUM,mahalanobis_outlier,1,0,0,1,0,8.0,9.052280918226067,0.15289415743128767,NA,Living things ,,213,1,18,NA,2,18-29
66569,USA,United States,invalid,existing,MEDIUM,longstring_exceed,1,0,1,0,0,67.0,2.388685983958648,,NA,Quick Stop.,,213,1,43,1,3,40-49
66612,USA,United States,invalid,existing,MEDIUM,longstring_exceed,1,0,1,0,0,36.0,3.5658269115785433,,Doctors and lawyers because they can do research with internet ,NA,医生和律师，因为他们可以通过互联网进行研究,213,1,26,0,3,18-29
66613,USA,United States,invalid,existing,MEDIUM,longstring_exceed,1,0,1,0,0,57.0,1.7500698920553566,,None ,NA,没有任何,213,1,24,0,4,18-29
66614,USA,United States,invalid,existing,MEDIUM,longstring_exceed,1,0,1,0,0,46.0,2.388685983958648,,NA,None,,213,1,46,0,3,40-49
66633,USA,United States,invalid,existing,MEDIUM,longstring_exceed,1,0,1,0,0,71.0,4.711336060090562,,NA,-99,,213,1,29,1,2,18-29
66664,USA,United States,valid1,none,MEDIUM,odd_even_low,1,0,0,0,1,5.0,3.867289703474216,-1.0,NA,How are you feeling today but I can do that question i tire and auto to get a ,,213,1,34,1,4,30-39
66674,USA,United States,invalid,existing,MEDIUM,longstring_exceed,1,0,1,0,0,57.0,2.388685983958648,,NA,Like ,,213,1,30,1,4,30-39
66680,USA,United States,valid1,none,MEDIUM,odd_even_low,1,0,0,0,1,4.0,4.900141968516011,-0.8783100656536799,Human beings benefit most from science because it more easier for us to cram and succeed ,NA,人类从科学中获益最多，因为科学让我们更容易死记硬背并取得成功,213,1,23,1,4,18-29
66692,USA,United States,invalid,existing,MEDIUM,longstring_exceed,1,0,1,0,0,71.0,4.711336060090562,,NA,None,,213,1,24,0,3,18-29
66722,USA,United States,valid1,none,MEDIUM,mahalanobis_outlier,1,0,0,1,0,13.0,10.850209510754718,0.11396057645963795,NA,It makes him trustworthy if he test and study on what’s happening before just jumping in on something ,,213,1,24,1,2,18-29
66748,USA,United States,invalid,existing,MEDIUM,longstring_exceed,1,0,1,0,0,57.0,2.388685983958648,,It's a good thing ,NA,这是一件好事,213,1,41,0,4,40-49
66757,USA,United States,invalid,existing,MEDIUM,longstring_exceed,1,0,1,0,0,57.0,2.388685983958648,,The first one is a good idea but I have a lot of other people are going away with the rest of the team ,NA,第一个是个好主意，但我有很多其他人要和团队的其他成员一起离开,213,1,32,1,4,30-39
66797,USA,United States,invalid,existing,MEDIUM,longstring_exceed,1,0,1,0,0,57.0,2.388685983958648,,Technology because the world is full of technology ,NA,技术，因为世界充满了技术,213,1,40,1,4,40-49
66818,USA,United States,valid1,none,MEDIUM,odd_even_low,1,0,0,0,1,7.0,4.184209277962284,-1.0,NA,I would say very interesting and lovely brand that’s incredible Helpfuk ,,213,1,36,0,4,30-39
66820,USA,United States,valid1,none,MEDIUM,odd_even_low,1,0,0,0,1,4.0,7.182600147916432,-1.0,The whole public ,NA,全体公众,213,1,35,1,4,30-39
66832,USA,United States,invalid,existing,MEDIUM,longstring_exceed,1,0,1,0,0,36.0,3.2644695315764896,,NA,Science works when it's done right. ,,213,1,42,0,3,40-49
66838,USA,United States,invalid,existing,MEDIUM,longstring_exceed,1,0,1,0,0,57.0,2.388685983958648,,NA,It is a nice survey and they are trustworthy seriously ,,213,1,38,1,4,30-39
66841,USA,United States,valid1,none,MEDIUM,mahalanobis_outlier,1,0,0,1,0,8.0,11.053487526340737,-0.21320071635561044,NA,if they can back up a hypothesis w concrete data that backs it,,213,1,19,1,3,18-29
66862,USA,United States,invalid,existing,MEDIUM,longstring_exceed,1,0,1,0,0,57.0,2.388685983958648,,Very interested,NA,很感兴趣,213,1,30,1,4,30-39
66899,USA,United States,invalid,existing,MEDIUM,longstring_exceed,1,0,1,0,0,48.0,4.711336060090562,,The world 🌍,NA,世界🌍,213,1,29,1,3,18-29
66904,USA,United States,invalid,existing,MEDIUM,longstring_exceed,1,0,1,0,0,57.0,2.388685983958648,,NA,Hah I don't know what to do with ,,213,1,41,1,4,40-49
66906,USA,United States,valid1,none,MEDIUM,odd_even_low,1,0,0,0,1,3.0,5.2672413605258,-1.0,NA,I really love everything about this,,213,1,40,1,4,40-49
66932,USA,United States,valid1,none,MEDIUM,odd_even_low,1,0,0,0,1,12.0,6.786363643616668,-0.970142500145332,Everybody really. Although I think that's a dumb and obvious question. At the same time though we also have the misfortune of being taught things from science that we are told later is wrong.,NA,大家真的。尽管我认为这是一个愚蠢而明显的问题。与此同时，我们也不幸地从科学中学到了一些东西，但后来我们被告知是错误的。,213,1,38,0,4,30-39
66933,USA,United States,invalid,existing,MEDIUM,longstring_exceed,1,0,1,0,0,65.0,2.388685983958648,,NA,good,,213,1,42,0,2,40-49
66936,USA,United States,invalid,existing,MEDIUM,longstring_exceed,1,0,1,0,0,58.0,2.388685983958648,,It good interesting and great I love it always thanks ,NA,它很有趣而且很棒我很喜欢它总是谢谢,213,1,33,1,4,30-39
66939,USA,United States,invalid,existing,MEDIUM,mahalanobis_outlier,1,0,0,1,0,15.0,11.471920552796165,,It benefits more,NA,这样好处更多,213,1,41,0,4,40-49
66954,USA,United States,invalid,existing,MEDIUM,longstring_exceed,1,0,1,0,0,56.0,2.388685983958648,,NA,Great food and service is very good person and is a very strong relationship between us and our ,,213,1,33,1,4,30-39
66959,USA,United States,invalid,existing,MEDIUM,longstring_exceed,1,0,1,0,0,57.0,1.8610561258814475,,do not really have an opinion,NA,真的没有意见,213,1,36,0,4,30-39
66968,USA,United States,valid1,none,MEDIUM,mahalanobis_outlier,1,0,0,1,0,6.0,10.948015282628564,0.5963994531287798,NA,Cause of him being smart ,,213,1,35,0,4,30-39
66974,USA,United States,invalid,existing,MEDIUM,longstring_exceed,1,0,1,0,0,49.0,1.909036950800689,,NA,dknw,,213,1,55,NA,3,50-59
67004,USA,United States,invalid,existing,MEDIUM,longstring_exceed,1,0,1,0,0,35.0,5.681634289382376,0.7071067811865476,I think scientist benefit the most ,NA,我认为科学家受益最大,213,1,27,0,4,18-29
67011,USA,United States,invalid,existing,MEDIUM,longstring_exceed,1,0,1,0,0,42.0,4.711336060090562,,NA,I don't trust them ,,213,1,43,1,3,40-49
67019,USA,United States,valid1,none,MEDIUM,odd_even_low,1,0,0,0,1,6.0,4.4978427194409365,-1.0,NA,Well first off his credentials he s education background and whatever work they do if that work has done any good for the world,,213,1,50,0,4,50-59
67023,USA,United States,invalid,existing,MEDIUM,longstring_exceed,1,0,1,0,0,58.0,1.9394107389187782,,I’m not really sure not into this topic ,NA,我不太确定不参与这个话题,213,1,45,0,3,40-49
67069,USA,United States,valid1,none,MEDIUM,mahalanobis_outlier,1,0,0,1,0,12.0,13.067329543081819,0.6565706694547585,I’m going out to eat and I don’t want you guys to feel bad ,NA,我要出去吃饭，不想让你们难受,213,1,24,1,4,18-29
67070,USA,United States,invalid,existing,MEDIUM,longstring_exceed,1,0,1,0,0,57.0,2.388685983958648,,NA,What makes a scientist trustworthy is facts and experiments. ,,213,1,29,0,4,18-29
67077,USA,United States,valid1,none,MEDIUM,mahalanobis_outlier,1,0,0,1,0,5.0,13.23230202016179,0.5189265000772927,NA,Showing their findings and projects to  the media ,,213,1,42,1,3,40-49
67153,USA,United States,invalid,existing,MEDIUM,longstring_exceed,1,0,1,0,0,57.0,2.388685983958648,,NA,Like ,,213,1,30,1,4,30-39
67156,USA,United States,invalid,existing,MEDIUM,longstring_exceed,1,0,1,0,0,32.0,2.802053516233558,0.2,NA,They runs qll the tests the right way,,213,1,38,0,3,30-39
67171,USA,United States,valid1,none,MEDIUM,odd_even_low,1,0,0,0,1,5.0,6.417203961885979,-0.9486832980505138,Engineers because of the weather I will be in touch with you and your family a very nice day to be out of the office,NA,工程师，由于天气原因，我将与您和您的家人联系，这是离开办公室的美好一天,213,1,32,1,4,30-39
67175,USA,United States,invalid,existing,MEDIUM,longstring_exceed,1,0,1,0,0,58.0,2.388685983958648,,Becasue is very good,NA,因为非常好,213,1,30,1,4,30-39
67183,USA,United States,valid1,none,MEDIUM,odd_even_low,1,0,0,0,1,4.0,4.260491923537257,-1.0,"because develop new technology, solve practical problems, and make informed decisions.",NA,因为开发新技术、解决实际问题并做出明智的决策。,213,1,NA,1,4,NA
67198,USA,United States,invalid,existing,MEDIUM,longstring_exceed,1,0,1,0,0,57.0,2.388685983958648,,Ok,NA,好的,213,1,48,1,2,40-49
67211,USA,United States,valid1,none,MEDIUM,odd_even_low,1,0,0,0,1,12.0,4.333065334361329,-1.0,"I think society as a whole benefits the most from science. Science has the potential to improve the quality of life for all people by improving health outcomes, providing access to new technologies and innovations, and solving some of the world's most pressing problems such as climate change, poverty, and food insecurity.",NA,我认为整个社会从科学中受益最多。科学有潜力通过改善健康状况、提供新技术和创新以及解决气候变化、贫困和粮食不安全等世界上最紧迫的问题来提高所有人的生活质量。,213,1,29,1,4,18-29
67237,USA,United States,invalid,existing,MEDIUM,longstring_exceed,1,0,1,0,0,42.0,1.7500698920553566,,a,NA,一个,213,1,33,1,3,30-39
67240,USA,United States,invalid,existing,MEDIUM,odd_even_low,1,0,0,0,1,2.0,4.601571942924993,-1.0,it was good,NA,很好,213,1,46,1,2,40-49
67241,USA,United States,valid1,none,MEDIUM,odd_even_low,1,0,0,0,1,9.0,4.121156723888869,-1.0,I think the populace benefits more than any other race because science is facts,NA,我认为民众比任何其他种族受益更多，因为科学就是事实,213,1,35,1,4,30-39
67249,USA,United States,invalid,existing,MEDIUM,longstring_exceed,1,0,1,0,0,57.0,2.388685983958648,,NA,Yes boss and he said he would have to try to ttttt to the bank and they will start to finish the work na po ,,213,1,35,1,4,30-39
67256,USA,United States,invalid,existing,MEDIUM,longstring_exceed,1,0,1,0,0,57.0,2.388685983958648,,NA,Very interesting television show episodes of coming to my house and I have to do is not going to be successful in life and I have to do is not going to be successful,,213,1,35,1,4,30-39
67282,USA,United States,invalid,existing,MEDIUM,longstring_exceed,1,0,1,0,0,57.0,2.388685983958648,,NA,"The only reason for this is that the rest of the rest of suv,reliability and I have to say that the rest of the rest of suv,reliability,reliability and performance of the rest of the rest is a good day at work and I ",,213,1,40,1,4,40-49
67322,USA,United States,invalid,existing,MEDIUM,longstring_exceed,1,0,1,0,0,45.0,2.8245755569534055,,NA,Steve Bruce Forsyth and of itself is a ,,213,1,34,1,4,30-39
67329,USA,United States,valid1,none,MEDIUM,odd_even_low,1,0,0,0,1,9.0,3.9985628780979643,-1.0,NA,it is  very good,,213,1,44,1,4,40-49
67332,USA,United States,invalid,existing,MEDIUM,longstring_exceed,1,0,1,0,0,57.0,2.388685983958648,,NA,Like ,,213,1,30,1,4,30-39
67344,USA,United States,invalid,existing,MEDIUM,longstring_exceed,1,0,1,0,0,57.0,2.388685983958648,,Ga na veda se anuyaayi nyaay ki had to good for me veda veda veda se anuyaayi anuyaayi anuyaayi anuyaayi,NA,Ga na veda se anuyaayi nyaay ki 必须对我有好处 veda veda se anuyaayi anuyaayi anuyaayi anuyaayi,213,1,30,1,2,30-39
67348,USA,United States,invalid,existing,MEDIUM,longstring_exceed,1,0,1,0,0,57.0,2.388685983958648,,NA,I like to survey,,213,1,30,1,4,30-39
67357,USA,United States,invalid,existing,MEDIUM,longstring_exceed,1,0,1,0,0,37.0,2.388685983958648,,Very much for your help today I love you so so so much for your help you with that I have to,NA,非常感谢你今天的帮助，我非常爱你，非常感谢你的帮助，我必须这么做,213,1,35,1,4,30-39
67379,USA,United States,valid1,none,MEDIUM,odd_even_low,1,0,0,0,1,3.0,3.750464791643663,-1.0,"Science did easy our Daily and long life, wr all get benefit of science ",NA,科学确实让我们的日常生活变得轻松而长寿，所有人都从科学中受益,213,1,42,1,4,40-49
67393,USA,United States,valid1,none,MEDIUM,odd_even_low,1,0,0,0,1,3.0,4.760865630786761,-1.0,most like science,NA,最喜欢科学,213,1,45,1,2,40-49
67419,USA,United States,invalid,existing,MEDIUM,longstring_exceed,1,0,1,0,0,57.0,2.388685983958648,,The first time you have a chance I would love it to come over to my place for dinner if that’s okay and we could have ,NA,第一次有机会的话，我很乐意来我家吃晚饭，如果可以的话，我们可以一起吃晚饭,213,1,31,0,2,30-39
67424,USA,United States,invalid,existing,MEDIUM,longstring_exceed,1,0,1,0,0,35.0,2.3838020843438152,,yes very good,NA,是的，非常好,213,1,31,1,4,30-39
67463,USA,United States,valid1,none,MEDIUM,odd_even_low,1,0,0,0,1,10.0,4.343798284279957,-1.0,"It is nice for me to use, and I love everything about it",NA,它对我来说很好用，我喜欢它的一切,213,1,35,1,4,30-39
67497,USA,United States,valid1,none,MEDIUM,odd_even_low,1,0,0,0,1,3.0,4.857322887508089,-1.0,NA,very well and like all very well and good,,213,1,34,1,4,30-39
67504,USA,United States,valid1,none,MEDIUM,odd_even_low,1,0,0,0,1,4.0,3.629962608542709,-1.0,The till characters in a few weeks ago but it will probably take a picture with the job is going ,NA,几周前的收银字符，但它可能会与工作进行合影,213,1,45,1,4,40-49
67521,USA,United States,invalid,existing,MEDIUM,longstring_exceed,1,0,1,0,0,57.0,2.388685983958648,,NA,Showing us proof,,213,1,48,0,2,40-49
67529,USA,United States,invalid,existing,MEDIUM,longstring_exceed,1,0,1,0,0,57.0,2.388685983958648,,Yes good very nice and a long day today I just wanted ,NA,是的，很好，非常好，今天是漫长的一天，我只是想要,213,1,31,1,3,30-39
67536,USA,United States,invalid,existing,MEDIUM,mahalanobis_outlier,1,0,0,1,0,3.0,11.560283620030177,-0.14,NA,I think science is pretty cool,,213,1,20,1,3,18-29
67554,USA,United States,invalid,existing,MEDIUM,longstring_exceed,1,0,1,0,0,57.0,2.388685983958648,,NA,The first time you have a chance at the top is the second one you get a free pass and you can go on your way back and then go to your car ,,213,1,21,0,4,18-29
67557,USA,United States,invalid,existing,MEDIUM,longstring_exceed,1,0,1,0,0,67.0,2.388685983958648,,NA,I like project and successfull,,213,1,30,1,4,30-39
67622,USA,United States,invalid,existing,MEDIUM,longstring_exceed,1,0,1,0,0,43.0,4.328202859508401,,NA,The first time you have a chance at the top is the second ,,213,1,19,0,3,18-29
67629,USA,United States,invalid,existing,MEDIUM,longstring_exceed,1,0,1,0,0,43.0,4.328202859508401,,NA,None ,,213,1,24,0,3,18-29
67664,USA,United States,invalid,existing,MEDIUM,longstring_exceed,1,0,1,0,0,44.0,2.388685983958648,,NA,National Geographic ,,213,1,20,0,3,18-29
67671,USA,United States,invalid,existing,MEDIUM,longstring_exceed,1,0,1,0,0,64.0,4.711336060090562,,NA,They aren’t trustworthy ,,213,1,21,0,3,18-29
67677,USA,United States,invalid,existing,MEDIUM,longstring_exceed,1,0,1,0,0,32.0,6.624789574432083,0.17149858514250882,NA,     I have no idea ,,213,1,57,0,3,50-59
67678,USA,United States,valid1,none,MEDIUM,odd_even_low,1,0,0,0,1,13.0,6.341622211076377,-0.9185586535436918,"I would like to say everyone equally benefits off of science because you wouldn't be able to breathe or do anything without science, it's all around us.",NA,我想说，每个人都同样从科学中受益，因为没有科学，你将无法呼吸或做任何事情，它就在我们身边。,213,1,18,1,3,18-29
67690,USA,United States,invalid,existing,MEDIUM,longstring_exceed,1,0,1,0,0,47.0,4.711336060090562,,NA,Nothing,,213,1,36,NA,3,30-39
67701,USA,United States,invalid,existing,MEDIUM,longstring_exceed,1,0,1,0,0,59.0,2.2681503271810466,,NA,Not sure maybe ,,213,1,43,0,3,40-49
67702,USA,United States,invalid,existing,MEDIUM,longstring_exceed,1,0,1,0,0,34.0,5.370940299596195,1.0,NA,I don't know n,,213,1,35,0,3,30-39
67735,USA,United States,valid1,none,MEDIUM,odd_even_low,1,0,0,0,1,15.0,4.937072752231066,-1.0,NA,A person who studies different ideas or theory and then test those theorys before they speak about it. ,,213,1,72,0,4,60+
67772,USA,United States,invalid,existing,MEDIUM,longstring_exceed,1,0,1,0,0,44.0,1.8806515782161766,,I’m not really sure ,NA,我不太确定,213,1,20,0,4,18-29
67802,USA,United States,valid1,none,MEDIUM,odd_even_low,1,0,0,0,1,4.0,9.047131259972586,-0.9370425713316364,NA,They are open and honest with their information,,213,1,30,1,4,30-39
67807,USA,United States,invalid,existing,MEDIUM,longstring_exceed,1,0,1,0,0,35.0,1.742181149702561,,this is a stupid question everyone benefits from science.,NA,这是一个愚蠢的问题，每个人都从科学中受益。,213,1,70,1,3,60+
67813,USA,United States,valid1,none,MEDIUM,mahalanobis_outlier,1,0,0,1,0,3.0,11.11563088336929,0.21693045781865616,NA,The research and affirm in it,,213,1,18,0,3,18-29
67814,USA,United States,invalid,existing,MEDIUM,longstring_exceed,1,0,1,0,0,43.0,4.328202859508401,,NA,N/A,,213,1,39,0,2,30-39
67822,USA,United States,invalid,existing,MEDIUM,longstring_exceed,1,0,1,0,0,39.0,1.7667990778855105,,We probably benefit the most,NA,受益最多的可能是我们,213,1,20,0,4,18-29
67832,USA,United States,invalid,existing,MEDIUM,longstring_exceed,1,0,1,0,0,57.0,1.9083068735938393,,NA,I don’t know,,213,1,41,0,3,40-49
67872,USA,United States,invalid,existing,MEDIUM,longstring_exceed,1,0,1,0,0,57.0,2.490937352424534,,NA,What makes scientist trustworthy is they know how to do experiments they know how to do research and look into things they know to make hypothesis they know how to do projects ,,213,1,19,0,3,18-29
67875,USA,United States,invalid,existing,MEDIUM,longstring_exceed,1,0,1,0,0,59.0,4.711336060090562,,I don't know good about science ,NA,我对科学不太了解,213,1,38,0,1,30-39
67876,USA,United States,invalid,existing,MEDIUM,longstring_exceed,1,0,1,0,0,57.0,6.169974978220371,,NA,Nothing ,,213,1,29,0,3,18-29
67884,USA,United States,valid1,none,MEDIUM,odd_even_low,1,0,0,0,1,6.0,4.86493101871748,-1.0,"everybody, in one way or another. hard to choose",NA,每个人，以这样或那样的方式。很难选择,213,1,18,0,3,18-29
67885,USA,United States,invalid,existing,MEDIUM,longstring_exceed,1,0,1,0,0,71.0,4.711336060090562,,NA,I'm not sure ,,213,1,30,0,3,30-39
67888,USA,United States,invalid,existing,MEDIUM,longstring_exceed,1,0,1,0,0,36.0,7.373278208033454,,NA,Nothing,,213,1,56,0,3,50-59
67896,USA,United States,invalid,existing,MEDIUM,longstring_exceed,1,0,1,0,0,32.0,10.229799582173692,,NA,Yo soi una chica bien.  Fea pero gracias adiós estoi ,,213,1,28,0,1,18-29
67974,USA,United States,valid1,none,MEDIUM,odd_even_low,1,0,0,0,1,4.0,3.806864130489501,-1.0,NA,Very much for you and I will call you in the hospital for the environment for you and your house to come in for an interview at the end and the address for the same price,,213,1,35,1,4,30-39
67982,USA,United States,invalid,existing,MEDIUM,mahalanobis_outlier,1,0,0,1,0,4.0,12.724248545763858,0.16609095970747995,I love you mama mama mommy love ,NA,我爱你妈妈妈妈妈妈爱,213,1,21,0,3,18-29
67996,USA,United States,valid1,none,MEDIUM,odd_even_low,1,0,0,0,1,12.0,3.8161509352380802,-1.0,NA,When his findings benefit the entire planet. ,,213,1,68,0,4,60+
68007,USA,United States,valid1,none,MEDIUM,odd_even_low,1,0,0,0,1,5.0,4.223317161311936,-1.0,NA,the Valley Hospital and the family is a great way to go about this and it would have to do in ,,213,1,40,1,4,40-49
68011,USA,United States,invalid,existing,MEDIUM,odd_even_low,1,0,0,0,1,4.0,4.775144602341239,-1.0,well,NA,出色地,213,1,NA,1,4,NA
68043,USA,United States,invalid,existing,MEDIUM,longstring_exceed,1,0,1,0,0,32.0,2.388685983958648,,Introduction ,NA,介绍,213,1,36,0,4,30-39
68044,USA,United States,invalid,existing,MEDIUM,longstring_exceed,1,0,1,0,0,57.0,2.388685983958648,,Good night and the same here for what is not,NA,晚安，这里也一样,213,1,36,1,4,30-39
68061,USA,United States,valid1,none,MEDIUM,odd_even_low,1,0,0,0,1,5.0,4.712629434248868,-1.0,Excellent good quality this survey ,NA,本次调查质量非常好,213,1,50,0,4,50-59
68064,USA,United States,valid1,none,MEDIUM,odd_even_low,1,0,0,0,1,5.0,4.7416390891553295,-1.0,Everyone because it's necessary for us to know what's going on in the world around us,NA,每个人，因为我们有必要了解周围世界正在发生的事情,213,1,45,1,3,40-49
68090,USA,United States,invalid,existing,MEDIUM,longstring_exceed,1,0,1,0,0,36.0,7.6104405687569905,,I don’t know,NA,我不知道,213,1,56,0,3,50-59
68102,USA,United States,invalid,existing,MEDIUM,longstring_exceed,1,0,1,0,0,44.0,2.8176109267049756,,I don’t know ,NA,我不知道,213,1,63,0,3,60+
68170,USA,United States,invalid,existing,MEDIUM,mahalanobis_outlier,1,0,0,1,0,16.0,11.694216824636902,-0.3721042037676254,I have no interest in science ,NA,我对科学没有兴趣,213,1,61,1,3,60+
68171,USA,United States,invalid,existing,MEDIUM,longstring_exceed,1,0,1,0,0,36.0,5.513987280254069,0.4629100498862757,we all do . it takes science to get to where we are now,NA,我们都这样做。需要科学才能达到我们现在的水平,213,1,71,1,3,60+
68187,USA,United States,invalid,existing,MEDIUM,longstring_exceed,1,0,1,0,0,57.0,2.388685983958648,,It's good,NA,很好,213,1,55,1,4,50-59
68192,USA,United States,invalid,existing,MEDIUM,longstring_exceed,1,0,1,0,0,43.0,5.294475308607133,,None ,NA,没有任何,213,1,50,1,3,50-59
68199,USA,United States,valid1,none,MEDIUM,odd_even_low,1,0,0,0,1,9.0,5.162864915075974,-0.9258200997725514,NA,I think that would depend on the scientist and getting to know them. A person is trustworthy or they're not. I would like to think that all scientists were trustworthy and I would like to think that all  people are trustworthy but scientists are just like everyone else.,,213,1,52,1,3,50-59
68259,USA,United States,valid1,none,MEDIUM,odd_even_low,1,0,0,0,1,12.0,3.3686723502106974,-1.0,NA,One who is not funded or influenced by an entity that is controlling him/her.,,213,1,79,1,1,60+
68271,USA,United States,invalid,existing,MEDIUM,longstring_exceed,1,0,1,0,0,57.0,2.388685983958648,,NA,None,,213,1,47,0,3,40-49
68338,USA,United States,valid1,none,MEDIUM,odd_even_low,1,0,0,0,1,5.0,3.8611368530355854,-1.0,NA,"Nothing, but their ideals in advancing society makes me believe they favor a specific side ",,213,1,26,1,4,18-29
68340,USA,United States,invalid,existing,MEDIUM,longstring_exceed,1,0,1,0,0,39.0,6.225194871613259,-0.5813183589761798,don't know and don't care ,NA,不知道也不关心,213,1,51,1,3,50-59
68346,USA,United States,invalid,existing,MEDIUM,longstring_exceed,1,0,1,0,0,57.0,2.388685983958648,,NA,Ok,,213,1,47,1,4,40-49
68347,USA,United States,invalid,existing,MEDIUM,longstring_exceed,1,0,1,0,0,41.0,2.388685983958648,,Good and knowledgeable,NA,善良且知识渊博,213,1,30,1,4,30-39
68363,USA,United States,valid1,none,MEDIUM,odd_even_low,1,0,0,0,1,12.0,5.879060921628866,-0.8834522085987723,The scientists of course and the people in this country we need to know why things happen the way they do and what they can do to help us as the people to help with infections to live longer to help the sick etc etc,NA,当然，科学家和这个国家的人民，我们需要知道为什么事情会这样发生，以及他们可以做些什么来帮助我们作为人民，帮助应对感染，延长寿命，帮助病人等等。,213,1,60,0,4,60+
68366,USA,United States,invalid,existing,MEDIUM,longstring_exceed,1,0,1,0,0,48.0,4.711336060090562,,NA,"i dont trust any of them 
",,213,1,18,0,3,18-29
68452,USA,United States,valid1,none,MEDIUM,odd_even_low,1,0,0,0,1,9.0,4.051184665092159,-1.0,I have no clue at all to be honest. ,NA,老实说，我根本不知道。,213,1,20,0,3,18-29
68459,USA,United States,invalid,existing,MEDIUM,longstring_exceed,1,0,1,0,0,41.0,9.178657523353886,,I think they are many things that will benefit science today. In various ways,NA,我认为它们有很多对今天的科学有益的事情。以各种方式,213,1,40,1,4,40-49
68464,USA,United States,invalid,existing,MEDIUM,longstring_exceed,1,0,1,0,0,43.0,6.22666443472852,0.2909286827258562,I don't know ,NA,我不知道,213,1,36,0,4,30-39
68505,USA,United States,valid1,none,MEDIUM,odd_even_low,1,0,0,0,1,3.0,4.546283203509339,-1.0,NA,Science is the best object ,,213,1,32,0,4,30-39
68519,USA,United States,invalid,existing,MEDIUM,longstring_exceed,1,0,1,0,0,57.0,1.7500698920553566,,NA,their willingness to admit failure,,213,1,67,0,3,60+
68527,USA,United States,invalid,existing,MEDIUM,longstring_exceed,1,0,1,0,0,52.0,2.2571495079142627,,NA,It’s trust worthy depending on what it is,,213,1,49,0,3,40-49
68587,USA,United States,invalid,existing,MEDIUM,longstring_exceed,1,0,1,0,0,57.0,2.388685983958648,,Very good ,NA,非常好,213,1,30,1,2,30-39
68588,USA,United States,invalid,existing,MEDIUM,longstring_exceed,1,0,1,0,0,57.0,2.388685983958648,,NA,Make me feel happy ,,213,1,30,1,4,30-39
68591,USA,United States,invalid,existing,MEDIUM,longstring_exceed,1,0,1,0,0,57.0,2.388685983958648,,The scientists because that is there Field ,NA,科学家们因为那是场,213,1,32,1,4,30-39
68604,USA,United States,valid1,none,MEDIUM,mahalanobis_outlier,1,0,0,1,0,4.0,11.118861644035418,-0.4629100498862757,NA,there intelligents ,,213,1,24,0,4,18-29
68612,USA,United States,invalid,existing,MEDIUM,longstring_exceed,1,0,1,0,0,53.0,2.388685983958648,,NA,Like,,213,1,NA,1,2,NA
68613,USA,United States,invalid,existing,MEDIUM,longstring_exceed,1,0,1,0,0,39.0,3.30073317840413,0.8944271909999159,Everyone ,NA,每个人,213,1,28,0,3,18-29
68617,USA,United States,invalid,existing,MEDIUM,longstring_exceed,1,0,1,0,0,33.0,2.67522596743214,,NA,Credentials ,,213,1,23,0,4,18-29
68621,USA,United States,invalid,existing,MEDIUM,longstring_exceed,1,0,1,0,0,71.0,4.711336060090562,,NA,None,,213,1,29,0,4,18-29
68660,COD,Congo DR,valid1,none,MEDIUM,mahalanobis_outlier,1,0,0,1,0,6.0,8.871779858350896,-0.806225774829855,Moi même je bénéficie de la science car ça me permet d'apprendre les matières non apprises à l'université.,NA,我本人从科学中受益，因为它使我能够学习大学里没有学过的科目。,213,1,28,1,4,18-29
68668,COD,Congo DR,valid1,none,MEDIUM,mahalanobis_outlier,1,0,0,1,0,4.0,8.872416347688851,-0.5384615384615384,NA,Par rapport à sa capacité à impacter sur la vie humaine ,,213,1,23,1,3,18-29
68696,COD,Congo DR,valid1,none,MEDIUM,mahalanobis_outlier,1,0,0,1,0,8.0,9.073159649873695,0.1386750490563073,"Le médecin, pour améliorer leur connaissance ",NA,医生，要提高自己的知识,213,1,20,0,4,18-29
68760,USA,United States,valid1,none,MEDIUM,odd_even_low,1,0,0,0,1,4.0,7.672644153018172,-0.9191450300180578,Quarantine science ,NA,检疫科学,213,1,42,1,4,40-49
68779,USA,United States,invalid,existing,MEDIUM,longstring_exceed,1,0,1,0,0,57.0,2.388685983958648,,NA,Because they give good information ,,213,1,34,1,4,30-39
68781,USA,United States,valid1,none,MEDIUM,odd_even_low,1,0,0,0,1,3.0,4.9218667498635185,-1.0,Schedule is for me tomorrow or Tuesday at work so ,NA,日程安排是我明天或周二上班，所以,213,1,35,1,4,30-39
68809,USA,United States,invalid,existing,MEDIUM,longstring_exceed,1,0,1,0,0,57.0,1.7500698920553566,,the world,NA,世界,213,1,20,0,3,18-29
68829,USA,United States,invalid,existing,MEDIUM,longstring_exceed,1,0,1,0,0,42.0,1.7500698920553566,,NA,none,,213,1,31,1,3,30-39
68833,USA,United States,valid1,none,MEDIUM,mahalanobis_outlier,1,0,0,1,0,16.0,11.166053981783692,1.0,Education is important and understanding how and why. Science is used in everyday life ,NA,教育很重要，了解如何以及为什么。科学应用于日常生活,213,1,40,0,4,40-49
68904,USA,United States,invalid,existing,MEDIUM,longstring_exceed,1,0,1,0,0,32.0,3.6661431895616525,0.0,NA,Knowing the right thing ,,213,1,40,1,3,40-49
68966,USA,United States,invalid,existing,MEDIUM,longstring_exceed,1,0,1,0,0,35.0,2.1016295135682888,,government because they sponser it,NA,政府因为他们赞助,213,1,67,0,4,60+
68990,USA,United States,invalid,existing,MEDIUM,longstring_exceed,1,0,1,0,0,57.0,2.388685983958648,,Like ,NA,喜欢,213,1,30,1,4,30-39
68995,USA,United States,invalid,existing,MEDIUM,longstring_exceed,1,0,1,0,0,57.0,2.388685983958648,,NA,Because it's so reliable ,,213,1,42,1,4,40-49
69006,USA,United States,invalid,existing,MEDIUM,longstring_exceed,1,0,1,0,0,58.0,2.293355787049893,,NA,I don’t really know ,,213,1,20,0,4,18-29
69020,USA,United States,valid1,none,MEDIUM,odd_even_low,1,0,0,0,1,4.0,4.071284688894773,-1.0,NA,it's unique and different,,213,1,34,0,4,30-39
69027,USA,United States,invalid,existing,MEDIUM,longstring_exceed,1,0,1,0,0,57.0,2.388685983958648,,"Very unique and familiar, I like to much",NA,非常独特和熟悉，我非常喜欢,213,1,36,0,4,30-39
69256,USA,United States,invalid,existing,MEDIUM,longstring_exceed,1,0,1,0,0,57.0,2.388685983958648,,NA,"Scientific idea

",,213,1,24,1,4,18-29
69341,USA,United States,invalid,existing,MEDIUM,longstring_exceed,1,0,1,0,0,53.0,2.388685983958648,,NA,I am very satisfied.,,213,1,27,1,4,18-29
69356,USA,United States,valid1,none,MEDIUM,odd_even_low,1,0,0,0,1,3.0,4.939356559412405,-1.0,NA,It is not a half day location of my stuff in about it I dey oo l I can't be there in a few minutes,,213,1,45,1,4,40-49
69371,COD,Congo DR,valid1,none,MEDIUM,odd_even_low,1,0,0,0,1,11.0,4.819789222117399,-1.0,NA,Son expérience ,,213,1,31,1,4,30-39
69466,COD,Congo DR,valid1,none,MEDIUM,odd_even_low,1,0,0,0,1,9.0,5.896418967558998,-0.9341987329938275,"C'est les personnels de santé , parcequ;ils sont obligé de connaitre tout mouvement sur les produits et leure adminstration ",NA,是卫生人员，因为他们有义务了解产品的任何动态及其管理,213,1,47,1,4,40-49
69639,URY,Uruguay,valid1,none,MEDIUM,mahalanobis_outlier,1,0,0,1,0,8.0,8.987122861937559,0.7016464154456235,"Y es un conjunto los científicos, que van de la mano Cón la política ",NA,而且是一群科学家，与政治齐头并进,213,1,53,NA,2,50-59
69732,URY,Uruguay,valid1,none,MEDIUM,attention_fail,1,1,0,0,0,8.0,4.940658674517875,0.6123724356957946,La humanidad porque sus avances permiten mejorar la calidad y expectativa de vida además de aumentar el conocimiento ,NA,人类，因为它的进步使我们除了增加知识之外还提高了质量和预期寿命,231,1,64,0,4,60+
69779,URY,Uruguay,valid1,none,MEDIUM,mahalanobis_outlier,1,0,0,1,0,5.0,9.860434462103845,0.1889822365046136,NA,Su experiencia su credibilidad el interés y compromiso sin fines de lucro,,213,1,59,NA,4,50-59
69892,CMR,Cameroon,invalid,existing,MEDIUM,longstring_exceed,1,0,1,0,0,32.0,6.9931904993933856,,NA,Please can you ask me another question That I was able to answer,,213,1,31,1,2,30-39
69910,CMR,Cameroon,invalid,existing,MEDIUM,mahalanobis_outlier,1,0,0,1,0,4.0,10.865999972438114,0.30599503068105227,NA,Ouï ,,213,1,21,NA,3,18-29
70193,CMR,Cameroon,invalid,existing,MEDIUM,mahalanobis_outlier,1,0,0,1,0,4.0,10.911574338511596,0.0,NA,Il me faut beaucoup à apprendre ,,213,1,21,1,3,18-29
70316,CMR,Cameroon,valid1,none,MEDIUM,odd_even_low,1,0,0,0,1,5.0,6.6146774536669,-0.9135002783911397,L'humanité est la principale bénéficiaire des bienfaits de la science. La science facilite la vie de l'homme et lui permet de mieux comprendre le monde ,NA,人类是科学的主要受益者。科学让生活变得更轻松，让我们更好地了解世界。,213,1,51,1,4,50-59
70347,CMR,Cameroon,valid1,none,MEDIUM,mahalanobis_outlier,1,0,0,1,0,4.0,10.450636226028871,0.13483997249264842,Plante and animals because that of plante and animals been found in work about every day?,NA,植物和动物，因为植物和动物几乎每天都在工作中被发现吗？,213,1,21,NA,3,18-29
70553,CIV,Côte d'Ivoire,valid1,none,MEDIUM,odd_even_low,1,0,0,0,1,14.0,4.508427940745662,-1.0,NA,CAR UN SCIENTIFIQUE EXPERIMENTE TOUJOURS AVANT D'AVOUE OU AFFIRMER DES PROPOS ,,213,1,32,1,4,30-39
70666,CIV,Côte d'Ivoire,valid1,none,MEDIUM,odd_even_low,1,0,0,0,1,5.0,3.796288873928295,-1.0,L’homme parce que l’environnement dans lequel nous vivons est lié à la science ,NA,人，因为我们生活的环境与科学息息相关,213,1,37,1,4,30-39
70700,CIV,Côte d'Ivoire,valid1,none,MEDIUM,mahalanobis_outlier,1,0,0,1,0,5.0,9.112847806407322,-0.24359938288234503,Bah jai pas de réponse car je sais pas qui choisis ,NA,好吧，我没有答案，因为我不知道该选择谁,213,1,21,NA,3,18-29
70749,CIV,Côte d'Ivoire,invalid,existing,MEDIUM,mahalanobis_outlier,1,0,0,1,0,10.0,9.876237502890222,-0.4381871654989361,Sa je ne sais pas ,NA,我不知道,213,1,36,NA,2,30-39
70894,CIV,Côte d'Ivoire,valid1,none,MEDIUM,mahalanobis_outlier,1,0,0,1,0,13.0,9.544296214487254,-0.12403473458920847,L’homme bénéficie plus de la science parce qu’il crée toujours grâce à à science ,NA,人类从科学中获益更多，因为他总是因科学而创造,213,1,31,1,3,30-39
70921,ZAF,South Africa,invalid,existing,MEDIUM,longstring_exceed,1,0,1,0,0,57.0,4.060631328386609,,I love science because it is what the environment I about ,NA,我热爱科学，因为它是我所关注的环境,213,1,47,1,3,40-49
71018,ZAF,South Africa,valid1,none,MEDIUM,odd_even_low,1,0,0,0,1,3.0,3.951244436621056,-1.0,NA,When they can prove that their products and finding are real. ,,213,1,38,0,3,30-39
71026,ZAF,South Africa,invalid,existing,MEDIUM,mahalanobis_outlier,1,0,0,1,0,29.0,10.952009937742321,0.6324555320336759,They are the once discovering most of the things ,NA,他们是大多数事物的一次发现者,213,1,28,0,4,18-29
71069,ZAF,South Africa,invalid,existing,MEDIUM,longstring_exceed,1,0,1,0,0,58.0,4.060631328386609,,NA,They know what they are doing and also the went to school for it,,213,1,29,0,4,18-29
71116,ZAF,South Africa,valid1,none,MEDIUM,odd_even_low,1,0,0,0,1,5.0,4.432283739841508,-1.0,"I think that people who are rich benefit the most, because they can afford new technology items, better education, health care and their opinions matters or are respected the most.",NA,我认为富人受益最多，因为他们能负担得起新技术、更好的教育、医疗保健，而且他们的意见最重要或最受尊重。,213,1,29,0,4,18-29
71123,ZAF,South Africa,valid1,none,MEDIUM,odd_even_low,1,0,0,0,1,16.0,4.634738551305616,-1.0,NA,a scientist studies and do tests and practicals to verify whether the medicine is working or not before it can be taken to the society.,,213,1,32,0,4,30-39
71142,ZAF,South Africa,invalid,existing,MEDIUM,longstring_exceed,1,0,1,0,0,39.0,5.89525365331906,,"Thus, science tends to benefit more the wealthy than the poor because research agendas are shaped in a variety of both explicit and invisible ways by incumbent groups without open debate on public values and wider societal benefits.",NA,因此，科学往往使富人比穷人受益更多，因为研究议程是由现有群体以各种显性和隐性方式制定的，而没有就公共价值观和更广泛的社会利益进行公开辩论。,213,1,29,0,3,18-29
71172,ZAF,South Africa,invalid,existing,MEDIUM,mahalanobis_outlier,1,0,0,1,0,21.0,9.106460315994429,0.0,"Almost every one
",NA,几乎每一个,213,1,52,1,4,50-59
71191,ZAF,South Africa,valid1,none,MEDIUM,mahalanobis_outlier,1,0,0,1,0,16.0,9.707259073111862,0.7040680615781949,Science are gone more advance with technology so we can have more advage to science ,NA,科学随着技术的进步而更加进步，因此我们可以对科学有更多的优势,213,1,31,1,3,30-39
71306,ZAF,South Africa,valid1,none,MEDIUM,mahalanobis_outlier,1,0,0,1,0,5.0,9.623515697140881,-0.5521576303742327,NA,They collect the data and previous and compare it to make predictive models that are 90% accurate. That's why scientists are trustworthy. ,,213,1,22,1,4,18-29
71449,ZAF,South Africa,valid1,none,MEDIUM,odd_even_low,1,0,0,0,1,8.0,5.119971021776142,-1.0,NA,research backed by others not linked and no money involved,,213,1,35,1,4,30-39
71616,ZAF,South Africa,valid1,none,MEDIUM,mahalanobis_outlier,1,0,0,1,0,12.0,9.25445429504106,-0.16374466038126667,NA,His answers,,213,1,53,0,3,50-59
71752,ZAF,South Africa,valid1,none,MEDIUM,odd_even_low,1,0,0,0,1,8.0,3.353502912699268,-1.0,NA,Adherence to scientific principles and peer review; in combination with his/her moral character and positive intention.,,213,1,65,1,4,60+
71754,ZAF,South Africa,valid1,none,MEDIUM,mahalanobis_outlier,1,0,0,1,0,7.0,9.057205278726501,-0.023032671985243936,I love science and I think it helps us to improve our lives. There is one exception. I don't believe in evolution because it is against the Bible.,NA,我热爱科学，我认为它可以帮助我们改善我们的生活。有一个例外。我不相信进化论，因为它违背圣经。,213,1,51,1,4,50-59
71768,ZAF,South Africa,invalid,existing,MEDIUM,longstring_exceed,1,0,1,0,0,48.0,4.060631328386609,,"The most important thing that benefits the most from Science,is to know our Health ,to know how the climate is going to be for today,tomorrow or the upcoming day.If you have the information about weather you are ready to prepare yourself.",NA,从科学中获益最多的最重要的事情是了解我们的健康，了解今天、明天或后天的气候如何。如果您掌握了有关天气的信息，您就可以做好准备了。,213,1,58,0,3,50-59
71796,ZAF,South Africa,valid1,none,MEDIUM,odd_even_low,1,0,0,0,1,9.0,5.664101945790206,-1.0,"If the word science means ONLY ""by testing and observation"", then I have the greatest respect for scientists. If the word science is used in todays broader sense of the word, then I have NO respect for the scientists involved.",NA,如果科学这个词仅意味着“通过测试和观察”，那么我对科学家怀有最大的尊重。如果科学这个词在今天更广泛的意义上使用，那么我对所涉及的科学家没有任何尊重。,213,1,63,1,4,60+
38552,PRT,Portugal,valid2,none,VERIFY,,0,0,0,0,0,7.0,5.538498432206212,-0.1,"a humanidade, pois a ciência descobre a cura para muitas doenças",a sua dedicação ao trabalho,人类，科学发现了许多疾病的治疗方法,213,4,48,0,4,40-49
38555,PRT,Portugal,valid2,none,VERIFY,,0,0,0,0,0,4.0,5.351140920532275,0.2626128657194451,Todos nós pois a ciência nunca beneficia só uma pessoa ,A exposição com fatos do seu trabalho ,我们所有人，因为科学永远不会只惠及一个人,213,3,50,0,3,50-59
38557,PRT,Portugal,valid2,none,VERIFY,,0,0,0,0,0,8.0,5.170459337991455,0.5521576303742327,Somos todos nós porque a ciência contribui para o desenvolvimento de tudo,A sua sabedoria ,这是我们所有人，因为科学有助于一切的发展,213,4,51,0,3,50-59
38573,PRT,Portugal,valid2,none,VERIFY,,0,0,0,0,0,4.0,7.752573192144351,-0.0944911182523068,Todos beneficiam,O seu percurso profissional e as descobertas ,每个人都受益,213,4,49,0,4,40-49
38574,PRT,Portugal,valid2,none,VERIFY,,0,0,0,0,0,10.0,4.20127631434652,0.7071067811865476,"Nós os nossos filhos, pais, todos beneficiamos com isso","Testes, eficacia",我们，我们的孩子，我们的父母，我们都从中受益,213,2,51,0,3,50-59
38591,PRT,Portugal,invalid,existing,VERIFY,,0,0,0,0,0,22.0,4.560811228760361,-0.4,Toda a humanidade.,o trabalho demonstrado,全人类。,213,3,49,0,4,40-49
38594,PRT,Portugal,valid2,none,VERIFY,,0,0,0,0,0,11.0,6.372585471563823,-0.17149858514250882,As grandes cooperatives e laboratories que ocultam a verdade para ter lucro,Não estar agregado a instituicoes publicas. ,隐瞒真相牟利的大型合作社和实验室,213,2,52,0,4,50-59
38601,PRT,Portugal,valid2,none,VERIFY,,0,0,0,0,0,14.0,6.723290829218705,,Beneficiamos todos,Mostrar experiências úteis ,我们都受益,213,4,46,0,4,40-49
38606,PRT,Portugal,invalid,existing,VERIFY,,0,0,0,0,0,17.0,4.638414324420946,-0.2,os ricos pois nunca chega aos pobres e classe media pois torna se muito cara!,Que consiga transmitir e sejam fiaveis para o ze povinho,富人因为它永远不会到达穷人和中产阶级，因为它变得非常昂贵！,213,3,48,0,4,40-49
38612,PRT,Portugal,valid2,none,VERIFY,,0,0,0,0,0,15.0,3.597334572169264,,o estado e empresas ,certificada,国家和公司,213,4,47,0,3,40-49
38617,PRT,Portugal,valid2,none,VERIFY,,0,0,0,0,0,8.0,4.36989413778013,,"Nós os seres humanos, os animais etc.  É preciso dos que todos colaborem pra termos algo novo",N faço ideia,我们人类、动物等。我们需要每个人合作才能有新的东西,213,2,52,0,3,50-59
38628,PRT,Portugal,valid2,none,VERIFY,,0,0,0,0,0,16.0,4.186266139402096,0.7071067811865476,"Quem mais beneficia com a ciência é o Estado porque sem ela, não conseguiam tomar várias decisões. Também ajuda ao desenvolvimento do mundo e ao combate da pobreza, com algumas inovações tecnológicas. O maior problema da ciência é a desinformação e a falta de mais conteúdo gratuito sobre a ciência.","Boas investigações, boas pesquisas e ser o mais transparente possível",从科学中受益最多的人是国家，因为没有科学，他们将无法做出许多决定。它还通过一些技术创新帮助世界发展和消除贫困。科学领域最大的问题是错误信息和缺乏更多关于科学的免费内容。,213,4,28,0,4,18-29
38629,PRT,Portugal,valid2,none,VERIFY,,0,0,0,0,0,12.0,4.417473920058648,0.5813183589761798,"as pessoas, para o bem publico",o resultado do trabalho dele,人民，为了公共利益,213,4,42,0,3,40-49
38640,PRT,Portugal,valid2,none,VERIFY,,0,0,0,0,0,12.0,6.490196773392512,-0.4472135954999579,Penso que são os doentes e a população em geral uma vez que os cientistas tentam encontrar vacinas e outros para as patologias e os problemas ambientais.,Se conseguir mostrar que as suas pesquisas são fiáveis.,我认为，当科学家试图寻找疫苗和其他药物来治疗病理和环境问题时，患者和普通民众是他们的目标。,213,3,47,0,4,40-49
38642,PRT,Portugal,valid2,none,VERIFY,,0,0,0,0,0,5.0,5.45948008265573,0.408248290463863,As empresas pelos progressos que lhes dão ,Ter vários estudos e vários trabalhos reconhecidos,公司为他们带来的进步,213,3,18,0,4,18-29
38643,PRT,Portugal,valid2,none,VERIFY,,0,0,0,0,0,7.0,4.279592181920083,0.7071067811865476,Todos. Contributo para melhor qualidade de vida.,dedicação e profissionalismo,全部。为更好的生活质量做出贡献。,213,4,48,1,4,40-49
38646,PRT,Portugal,valid2,none,VERIFY,,0,0,0,0,0,15.0,6.055882984145729,0.7156780854205468,"Deveríamos beneficiar todos, mas os grandes avanços na ciência ainda estão mais ao alcance de elites.
No campo militar é onde esse avanço é utilizado em primeiro lugar ",Os resultados verificados por profissionais e agências com competência para tal,"我们应该让所有人受益，但科学的巨大进步仍然更多地落在精英们的能力范围内。
这项技术首先应用在军事领域",213,2,57,0,4,50-59
38649,PRT,Portugal,valid2,none,VERIFY,,0,0,0,0,0,12.0,4.253031695254222,0.6324555320336759,As geracoes futuras porque é um trabalho contínuo de pesquisa e melhoramento das condicoes,"São  os fatos, as experiencias e as conclusões certeiras",子孙后代，因为这是一项持续研究和改善条件的工作,213,4,40,0,4,40-49
38651,PRT,Portugal,valid2,none,VERIFY,,0,0,0,0,0,3.0,3.9638292457502056,0.816496580927726,"Todos nós beneficiamos com a ciência, basta saber usa-la para as situações certas",A divulgação do seu trabalho para que outros possam dar a sua opinião,我们都受益于科学，我们只需要知道如何在正确的情况下使用它,213,2,52,1,4,50-59
38656,PRT,Portugal,valid2,none,VERIFY,,0,0,0,0,0,12.0,4.303033148113116,,Toda a gente. Porque estamos a evoluir enquanto ciência ,Os resultados ,每个人。因为我们作为一门科学正在不断发展,213,3,31,0,4,30-39
38660,PRT,Portugal,invalid,existing,VERIFY,,0,0,0,0,0,3.0,6.08636208009481,0.7592566023652966,"Industria Farmacêutica
",Industria Farmaceutica,医药行业,213,2,36,1,4,30-39
38662,PRT,Portugal,valid2,none,VERIFY,,0,0,0,0,0,6.0,5.526374398703261,0.0,todo o mundo. a ciencia permite qualidade de vida. contudo convem ser dedicado ao bem estar do que ao ganho somente monetario,tudo,每个人。科学可以提高生活质量。然而，建议致力于福祉而不仅仅是金钱收益。,213,3,30,1,4,30-39
38671,PRT,Portugal,valid2,none,VERIFY,,0,0,0,0,0,12.0,3.767803719038323,,todos. vivemos todos neste mundo,que seja para o bem de todos,全部。我们都生活在这个世界上,213,4,56,0,3,50-59
38680,PRT,Portugal,valid2,none,VERIFY,,0,0,0,0,0,13.0,4.014854957915714,0.10846522890932808,Todos beneficiamos com a ciência e as suas constantes descobertas,"A sua ética, a forma como as suas descobertas podem revolucionar o que conhecemos e como é dado a conhecer á comunidade cientifica",我们都受益于科学及其不断的发现,213,4,54,0,4,50-59
38683,PRT,Portugal,valid2,none,VERIFY,,0,0,0,0,0,5.0,4.588919071648988,0.6324555320336759,A população mundial pois a ciência permite a evolução e sobrevivência ,Estudos éticos em ambientes controlados ,世界人口因为科学允许进化和生存,213,4,22,1,4,18-29
38694,PRT,Portugal,invalid,existing,VERIFY,,0,0,0,0,0,22.0,3.974898903671713,0.4629100498862757,Acho que todos de um modo geral. Precisamos da ciência para vivermos,Quando os resultados são crediveis e de facilmente compreensão,我觉得大家一般吧。我们的生活需要科学,213,4,63,1,2,60+
38698,PRT,Portugal,valid2,none,VERIFY,,0,0,0,0,0,16.0,5.074420738094941,0.5,Toda a população mundial,Os resultados,全世界人口,213,4,42,1,4,40-49
38699,PRT,Portugal,valid2,none,VERIFY,,0,0,0,0,0,12.0,4.061822250378324,-0.6324555320336759,"Todos, desde que bem usado o conhecimento da ciência, se mal pasado... apenas alguns beneficiam e tiram vantagens desse conhecimento ou a ocultação do mesmo ","A isenção, só será confiável se não trabalhar para corporacoes com interesse em certos resultados dos estudos científicos.",每个人，只要科学知识运用得好，如果运用得不好……只有少数人受益并利用这些知识或隐藏它,213,2,51,1,3,50-59
38708,PRT,Portugal,valid2,none,VERIFY,,0,0,0,0,0,11.0,3.881530007479497,1.0,"acho que os ricos, porque tem dinheiro para investir ","o seu certificado de habilitição e claro, que as suas teorias sejam comprovadas",我认为有钱人，因为他们有钱可以投资,213,3,31,0,4,30-39
38752,PRT,Portugal,valid2,none,VERIFY,,0,0,0,0,0,4.0,5.461476389206085,0.4629100498862757,"A população em geral, os midia e até as grandes empresas. A ciência ajuda a divulgação  da população em geral.",Saber que a sua opinião e divulgação da propria ciência É TRANSMITIDA e ajuda a população a uma melhor sabedoria.,普通民众、媒体甚至大公司。科学有助于向普通大众传播信息。,213,5,57,1,3,50-59
38765,PRT,Portugal,valid2,none,VERIFY,,0,0,0,0,0,9.0,5.148135505798718,0.3321819194149599,"Todos nós beneficiamos com a ciência.
Na medida em que possibilita avanços nas mais variadas áreas ",O rigor da investigação que se propõe a fazer ,"我们都受益于科学。
因为它能够在最多样化的领域取得进步",213,4,50,0,4,50-59
38769,PRT,Portugal,valid2,none,VERIFY,,0,0,0,0,0,5.0,5.642640550862969,-0.8,"Os povos, permite o avanço, o desenvolvimento do conhecimento",Exemplos praticos que combinam com a teoria,人民，允许进步，发展知识,213,3,43,1,4,40-49
38779,PRT,Portugal,valid2,none,VERIFY,,0,0,0,0,0,5.0,5.1558281464998235,0.4629100498862757,"A sociedade. A ciência seja na sua forma de arqueologia, medicina, engenharia, etc.",Os seus pares e publicações.,社会。科学，无论是考古学、医学、工程学等形式。,213,4,39,1,4,30-39
38782,PRT,Portugal,valid2,none,VERIFY,,0,0,0,0,0,8.0,4.548240359964992,0.6324555320336759,Diversos áreas como tecnologia para ter um mundo mais evoluído ,Um profissional com credibilidade ,技术等各个领域，让世界更加进化,213,3,34,1,3,30-39
38790,PRT,Portugal,valid2,none,VERIFY,,0,0,0,0,0,2.0,8.053614143234947,-0.8040844011283461,a industria,a sua experiencia através de pesquisas feitas,到工业界,213,5,33,1,4,30-39
38792,PRT,Portugal,valid2,none,VERIFY,,0,0,0,0,0,4.0,6.975106847209649,-0.5345224838248488,Mais beneficiados pela ciência serão as empresas e quem use melhor a ferramenta das hipóteses,Saber encontrar e reconhecer as respostas concretas do mundo,公司将从科学和最善于使用假设工具的人中受益最多,213,3,45,1,4,40-49
38804,PRT,Portugal,valid2,none,VERIFY,,0,0,0,0,0,9.0,4.2925535882508,-0.6123724356957946,O ser Humano,Aquele que fundamenta a sua teoria baseado em factos,或者成为人类,213,4,37,1,4,30-39
38806,PRT,Portugal,valid2,none,VERIFY,,0,0,0,0,0,13.0,4.622330143899947,-0.15811388300841897,a população e o país beneficiam,"o que torna um cientista confiável, é forma são feitas as suas investigações para apresentarem um produto mais confiável perante um país",人民和国家受益,213,3,67,0,3,60+
38807,PRT,Portugal,valid2,none,VERIFY,,0,0,0,0,0,4.0,6.224608454500256,0.8660254037844387,Neste momento o mundo empresarial que a explora. ,"O que torna um cientista confiável, são provas dadas ao nível das sua investigação e resultados.",目前商业世界正在利用它。,213,4,33,1,4,30-39
38829,PRT,Portugal,valid2,none,VERIFY,,0,0,0,0,0,4.0,4.368722110432098,0.5,"Com a ciência toda a humanidade ficara valorizada com o seu avanço, para que seja possível existir melhor qualidade de vida",Cientista confiável trata-se de um indivíduo integro com ideias claras de uma idoneidade impar.,有了科学，全人类都将因其进步而受到重视，从而有可能拥有更好的生活质量,213,3,34,1,3,30-39
38832,PRT,Portugal,valid2,none,VERIFY,,0,0,0,0,0,6.0,5.838835322517659,0.46709936649691375,"nos, por sermos fieis humanos",a sua experiencia,我们，作为忠实的人类,213,4,27,1,3,18-29
38845,PRT,Portugal,valid2,none,VERIFY,,0,0,0,0,0,12.0,6.926763975934855,-0.13736056394868904,"Toda gente menos o cidadão comum, pois penso que existe muita desinformação a ser divulgada ","Sinceramente não consigo responder, qualquer pessoa ou posto pode ser confiável.",除了普通公民之外的每个人，因为我认为有很多错误信息正在传播,213,4,31,1,2,30-39
38867,PRT,Portugal,invalid,existing,VERIFY,,0,0,0,0,0,4.0,7.94085020783408,0.7715167498104595,Na,N,已经,213,3,18,0,4,18-29
38869,PRT,Portugal,valid2,none,VERIFY,,0,0,0,0,0,12.0,4.827226170367684,0.7745966692414834,Todos nós... Na saúde. Na alimentação ,O escrutínio a que está sujeito ,我们所有人......都健康。在食物中,213,3,46,1,3,40-49
38870,PRT,Portugal,invalid,existing,VERIFY,,0,0,0,0,0,17.0,4.149013806257152,0.8944271909999159,"Acho que é uma questão que infelizmente não é muito bem colocada, pois quem beneficia são sempre os grandes organismos. Por exemplo relativamente a poluição acho horrível e mal os carros elétricos visto as suas baterias serem mais poluentes para o nosso sistema do que os carros a combustão. É um tema que não é abordado a 100% e não dizem os prós e contras em antes de fazerem. Deveriam ter mais atenção a estas situações pois quem fica sempre prejudicado são sempre as pessoas trabalhadoras honestas",É confiável quando ele diz a verdade pelo coração e não pelo dinheiro. Quando diz os prós e os contras ,我认为不幸的是这个问题没有被很好地提出，因为受益者总是大机构。例如，关于污染，我认为电动汽车是可怕和糟糕的，因为它们的电池比内燃机汽车对我们的系统造成更大的污染。这是一个没有 100% 覆盖的话题，他们在这样做之前也没有说明利弊。在这些情况下他们应该更加注意，因为总是受到伤害的人总是诚实的劳动人民。,213,3,25,0,3,18-29
38871,PRT,Portugal,valid2,none,VERIFY,,0,0,0,0,0,5.0,5.728470729550127,-0.43301270189221935,Humanidade ,Resultados,人类,213,3,26,0,4,18-29
38872,PRT,Portugal,invalid,existing,VERIFY,,0,0,0,0,0,28.0,3.265064692916114,-0.2,O estado,Provas concretas,国家,213,3,29,1,3,18-29
38873,PRT,Portugal,invalid,existing,VERIFY,,0,0,0,0,0,19.0,3.258756348562162,,"Planeta, humanidade, etc",Credebilidade,星球、人类等等。,213,3,43,1,3,40-49
38888,PRT,Portugal,valid2,none,VERIFY,,0,0,0,0,0,3.0,6.074810450081858,-0.4763305116224668,Toda a gente beneficia porque conhecimento não prejudica muito pelo contrário. Quando estamos mais e melhor informados podemos fazer melhores decisões ,Porque segue o método científico e pode ser comprovada ,每个人都受益，因为知识并没有多大坏处，相反。当我们获得更多更好的信息时，我们可以做出更好的决策,213,4,27,1,3,18-29
38902,PRT,Portugal,invalid,existing,VERIFY,,0,0,0,0,0,24.0,5.392523398297337,,.,.,。,213,3,56,0,3,50-59
38914,PRT,Portugal,valid2,none,VERIFY,,0,0,0,0,0,7.0,4.5794299819682545,0.5,As grandes corporações ,O seu trabalho ,大公司,213,3,26,1,4,18-29
38915,PRT,Portugal,valid2,none,VERIFY,,0,0,0,0,0,13.0,6.070435513257781,0.0,o planeta e as pessoas.,aquele que consegue alertar p os perigos proximos,地球和人类。,213,2,59,1,3,50-59
38916,PRT,Portugal,invalid,existing,VERIFY,,0,0,0,0,0,26.0,2.194218033758298,,.,.,。,213,3,38,1,3,30-39
38922,PRT,Portugal,valid2,none,VERIFY,,0,0,0,0,0,12.0,5.668102621835667,-0.2626128657194451,Todos nós. No novas descobertas ,Os prêmios ,我们所有人。无新发现,213,3,50,1,2,50-59
38929,PRT,Portugal,invalid,existing,VERIFY,,0,0,0,0,0,18.0,2.97378372219298,,"A sociedade, porque a ciência está conectada com vários ramos.",As suas investigações ,社会，因为科学与多个分支相关。,213,3,25,0,4,18-29
38931,PRT,Portugal,valid2,none,VERIFY,,0,0,0,0,0,5.0,7.327766994853925,0.3692744729379982,somos todos. Porque através da ciência e da sua evolução temos melhores condições de vida,Os resultados,我们都是。因为通过科学及其进化，我们拥有更好的生活条件,213,3,46,1,3,40-49
38941,PRT,Portugal,valid2,none,VERIFY,,0,0,0,0,0,12.0,4.8816949229708015,,Os grandes grupos económicos porque tudo e negocio  ,humildade da pessoa  ,大型经济集团，因为一切都是商业,213,4,52,1,3,50-59
38944,PRT,Portugal,valid2,none,VERIFY,,0,0,0,0,0,5.0,6.093687058679239,0.3692744729379982,Todos. Porque o conhecimento espalha-se e compartilhá-lo pela comunidade. Sem isso perde o interesse e a sua verdadeira eficácia por ausência de comunicação. ,O que investiga e desenvolve projetos úteis para todos afim de resolver problemas melhorando a nossa qualidade de vida e bem estar.,全部。因为知识在整个社区中传播和分享。如果没有这一点，它就会因缺乏沟通而失去兴趣和真正的有效性。,213,2,62,0,4,60+
38948,PRT,Portugal,invalid,existing,VERIFY,,0,0,0,0,0,20.0,5.08741288988451,,Sociedade em geral ,Com uma mente aberta,社会整体,213,5,44,1,4,40-49
38955,PRT,Portugal,valid2,none,VERIFY,,0,0,0,0,0,5.0,7.855650347284214,0.2105798931586654,Tudos nos beneficiamos da ciência pois graças a ela podemos desarrollar melhor nosso dia a dia e aprender casi día coisas novas ,Un cientista confiável torna as suas teorias e os experimentos que confirman a mesma ,我们都受益于科学，因为有了它，我们可以更好地发展我们的日常生活并每天学习新事物,213,3,18,0,3,18-29
38960,PRT,Portugal,invalid,existing,VERIFY,,0,0,0,0,0,20.0,3.3913374203513933,,A população no geral.,Alguém que esteja mesmo interessado no assunto.,人口总体而言。,213,3,32,0,3,30-39
38971,PRT,Portugal,valid2,none,VERIFY,,0,0,0,0,0,9.0,4.507025047314458,,"A sociedade em geral, porque a ciência é a lógica em todas as coisas, trata-se de procurar os porquês e não de aceitar verdades idílicas ou religiosas.","Os resultados do seu estudo, confirmados por uma maioria considerável dos seus pares ",整个社会，因为科学是一切事物的逻辑，所以就是寻找原因而不是接受田园诗或宗教真理。,213,4,29,1,4,18-29
38974,PRT,Portugal,valid2,none,VERIFY,,0,0,0,0,0,16.0,5.136867418638465,1.0,"Não sei elaborar 
",Não sei elaborar ,我不知道如何详细说明,213,2,31,0,3,30-39
38977,PRT,Portugal,valid2,none,VERIFY,,0,0,0,0,0,5.0,4.151052035612268,0.6123724356957946,"As pessoas doentes, uma vez que avanços na ciência ajudam a descobrir curas por exemplo",Não faço a mínima ideia.,例如，随着科学的进步有助于发现治疗方法，病人,213,3,31,0,4,30-39
38979,PRT,Portugal,valid2,none,VERIFY,,0,0,0,0,0,6.0,5.5238655133417085,0.0,A sociedade. Por causa dos avanços transversais a todas as areas,Dados concretos sem quaisquer filiações ,社会。由于各个领域的进步,213,5,29,0,4,18-29
38987,PRT,Portugal,valid2,none,VERIFY,,0,0,0,0,0,7.0,7.924336972946559,0.28867513459481287,"As pessoas, o ganho de conhecimento favorece o nosso bem estar. ","Ser humilde, honesto e transparente ",人们，获得知识有利于我们的福祉。,213,3,25,1,3,18-29
38991,PRT,Portugal,invalid,existing,VERIFY,,0,0,0,0,0,22.0,3.6598829326362696,,Os médicos e os utentes ,Talvez a sua capacidade de descoberta ,医生和用户,213,4,34,1,3,30-39
38997,PRT,Portugal,valid2,none,VERIFY,,0,0,0,0,0,16.0,6.168300072150583,0.5477225575051661,Agradeço muito mas sou muito reservada tenho depressão major ,Para mim confiável é a forma com o expõe e com certeza a verdade ,非常感谢，但我很保守，我患有重度抑郁症,213,4,63,0,2,60+
38999,PRT,Portugal,valid2,none,VERIFY,,0,0,0,0,0,8.0,4.299574069194555,0.6123724356957946,Não ,Honestidade ,不,213,3,27,1,3,18-29
39002,PRT,Portugal,invalid,existing,VERIFY,,0,0,0,0,0,25.0,6.1723544314099446,-0.2,"Humanos, aumenta o nosso conhecimento sobre o que se passa a nossa volta ",Se as experiências que fizer forem conformadas por cientistas já conhecidos,人类，增加我们对周围发生的事情的了解,213,5,18,1,3,18-29
39004,PRT,Portugal,valid2,none,VERIFY,,0,0,0,0,0,12.0,6.706943320215407,0.6565321642986127,"com a ciência todos beneficiamos  porque podemos ter acesso a modelos/valores / técnicas/ tecnologias comprovados,... (evolução sustentada) podemos de alguma forma tentar acautelar comportamentos,... os comportamentos racionais deveriam fazer parte inclusa e acompanhar a evolução e o crescimento de alguma forma incutida pela tecnologia  (podemos e devemos no entanto precaver anormalidades/desvios daquilo que supostamente será o equilíbrio, basta olhar para o conflito(guerra) russia-ucrania.",A experiência vs resultados,有了科学，我们所有人都会受益，因为我们可以获得经过验证的模型/价值观/技巧/技术，...（持续进化）我们可以以某种方式尝试保护行为，...理性行为应该是其中的一部分，并以某种方式伴随技术灌输的进化和增长（但是，我们可以而且应该防止异常/偏离应有的平衡，看看俄罗斯-乌克兰冲突（战争）即可。,213,3,52,1,4,50-59
39025,PRT,Portugal,valid2,none,VERIFY,,0,0,0,0,0,6.0,7.1413881252462295,-0.5477225575051661,Toda a gente fica a ganhar com a ciência no entanto esta tem de ser ética e moralmente respeitada não pode servir lobbies das grandes multinacionais. ,"A sua objetividade, argumentação robusta e inviolável e garantia de total imparcialidade perante empresas, governos ou qualquer autoridade/entidade. ",每个人都从科学中受益，但科学必须受到伦理和道德的尊重，不能为大型跨国公司的游说服务。,213,4,22,1,4,18-29
39032,PRT,Portugal,invalid,existing,VERIFY,,0,0,0,0,0,5.0,8.790995204768238,0.27914526311954124,jh,kjg,杰赫,213,5,27,1,4,18-29
39042,PRT,Portugal,valid2,none,VERIFY,,0,0,0,0,0,5.0,7.665628165642556,-0.15309310892394865,As empresas que fazem os estudos que são financiados pelos governos já que lhes dão muito dinheiro,"A empresa que fornece os dados, dependendo da empresa o cientista pode ser confiável ou não",进行由政府资助的研究的公司，因为政府给了他们很多钱,213,3,19,1,3,18-29
43205,IDN,Indonesia,valid1,none,VERIFY,,0,0,0,0,0,6.0,5.987952078128681,0.727606875108999,"Diri kita sendiri, karena dengan begitu kita bisa mendapatkan wawasan ",NA,我们自己，因为这样我们可以获得洞察力,213,4,23,1,3,18-29
43221,IDN,Indonesia,valid1,none,VERIFY,,0,0,0,0,0,9.0,4.885516410728261,0.0,NA,Karena kecerdasan dan keahlian dibidang nya,,213,3,24,0,3,18-29
43229,IDN,Indonesia,valid1,none,VERIFY,,0,0,0,0,0,9.0,4.268716450125043,,NA,Dari hasil penelitiannya,,213,4,50,1,4,50-59
43244,IDN,Indonesia,valid1,none,VERIFY,,0,0,0,0,0,5.0,3.9348120332360796,-0.25,NA,Karya ilmiah ,,213,4,36,1,4,30-39
43245,IDN,Indonesia,valid1,none,VERIFY,,0,0,0,0,0,4.0,4.796493597787952,0.7938841860374447,NA,Telah mekakukan penelitian dan riset yg benar,,213,4,19,2,3,18-29
43246,IDN,Indonesia,valid1,none,VERIFY,,0,0,0,0,0,15.0,2.9688261861195198,,Kita semua karena dgn ilmu pengetahuan teknologi dapat berkembang dan kita sebagai pemakai teknologi yg diuntungkan,NA,我们都可以通过科技发展，我们作为技术的使用者将受益,213,2,43,0,4,40-49
43255,IDN,Indonesia,invalid,existing,VERIFY,,0,0,0,0,0,18.0,5.322227028225596,-0.7071067811865476,Masysrakat luas,NA,更广泛的社区,213,4,42,0,4,40-49
43256,IDN,Indonesia,invalid,existing,VERIFY,,0,0,0,0,0,29.0,4.6303298848404175,,"Kita sendiri, apabila kita belajar dan mendalami ilmu pengetahuan, yg untung adalah kita sendiri",NA,我们自己，当我们学习、加深知识时，受益者就是我们自己,213,3,22,0,3,18-29
43261,IDN,Indonesia,valid1,none,VERIFY,,0,0,0,0,0,7.0,4.207218530654649,-0.31622776601683794,"orang yang mau belajar, karena banyak manfaat dari pengetahuan ",NA,想要学习的人，因为知识有很多好处,213,4,20,1,4,18-29
43281,IDN,Indonesia,invalid,existing,VERIFY,,0,0,0,0,0,4.0,7.459618530218498,0.0,NA,Ok,,213,4,41,1,4,40-49
43293,IDN,Indonesia,valid1,none,VERIFY,,0,0,0,0,0,15.0,3.4272977749665747,,NA,Teori yang dia sampaikan bisa dibuktikan secara ilmiah,,213,3,54,0,4,50-59
43294,IDN,Indonesia,invalid,existing,VERIFY,,0,0,0,0,0,25.0,6.2384700918443405,0.0,"Manusia, karena dengan ilmu manusia dapat mendapatkan keuntungan",NA,人类，因为有了知识人类就可以获得利益,213,4,23,0,4,18-29
43307,IDN,Indonesia,valid1,none,VERIFY,,0,0,0,0,0,8.0,3.9610066263044867,1.0,"Anak anak karena mereka dalam masa pengenalan ,perkembangan dan rasa ingin tau yang tinggi sehingga bisa mudah diingat dan dipelajari",NA,孩子因为处于入门、发展和好奇心较高的时期，所以很容易记住和学习,213,3,25,0,3,18-29
43310,IDN,Indonesia,valid1,none,VERIFY,,0,0,0,0,0,4.0,6.103324245953007,-0.2970442628930023,Manusia karena bertambah pintar,NA,人类变得越来越聪明,213,3,26,1,4,18-29
43322,IDN,Indonesia,invalid,existing,VERIFY,,0,0,0,0,0,16.0,4.860102815070011,0.31622776601683794,NA,ilmuwan,,213,3,NA,0,3,NA
43326,IDN,Indonesia,invalid,existing,VERIFY,,0,0,0,0,0,22.0,2.95745165729186,,"Pihak kesehatan, media massa, pendidikan, seluruh masyarakat",NA,健康、大众媒体、教育、整个社区,213,4,21,1,3,18-29
43327,IDN,Indonesia,valid1,none,VERIFY,,0,0,0,0,0,12.0,3.7584134449858757,0.4472135954999579,"Ilmu Pengetahuan sangat penting, apalagi di era seperti saat ini yang segala macam informasi dapat dengan mudah didapat",NA,知识非常重要，尤其是在当今这样一个各种信息都可以轻易获取的时代,213,4,45,0,4,40-49
43331,IDN,Indonesia,invalid,existing,VERIFY,,0,0,0,0,0,22.0,3.841235493441282,-0.5,NA,Hasilnya nyata berguna untuk masyarakat,,213,4,40,0,4,40-49
43334,IDN,Indonesia,valid1,none,VERIFY,,0,0,0,0,0,8.0,3.509383760859474,,"Yang paling di untung kan adalah kita, dengan adanya pembekalan ilmu pengetahuan kita menjadi manusia yang punya pengetahuan yang luas.",NA,对我们最大的好处是，通过知识的提供，我们成为了知识渊博的人。,213,4,27,1,4,18-29
43337,IDN,Indonesia,invalid,existing,VERIFY,,0,0,0,0,0,23.0,4.572572940910426,0.0,NA,Hasilnya bukan teori ,,213,3,25,1,3,18-29
43340,IDN,Indonesia,valid1,none,VERIFY,,0,0,0,0,0,15.0,4.855025996582655,-0.5773502691896257,NA,Karena penelitian dan pengetahuan yang luas,,213,4,25,1,3,18-29
43341,IDN,Indonesia,valid1,none,VERIFY,,0,0,0,0,0,8.0,6.337117458415687,0.6324555320336759,NA,Penelitian nya,,213,3,25,1,3,18-29
43356,IDN,Indonesia,valid1,none,VERIFY,,0,0,0,0,0,6.0,3.8583212169595575,,NA,karyanya indepeden tidak mempolitisasi,,213,4,52,1,4,50-59
43394,IDN,Indonesia,valid1,none,VERIFY,,0,0,0,0,0,10.0,5.619372392323026,0.17149858514250882,NA,"Karyanya sesuai ilmiah, dan nyata",,213,4,25,1,3,18-29
43413,IDN,Indonesia,valid1,none,VERIFY,,0,0,0,0,0,5.0,4.518572367359999,-0.4472135954999579,NA,Dasar ilmunya,,213,3,36,0,4,30-39
43418,IDN,Indonesia,valid1,none,VERIFY,,0,0,0,0,0,6.0,4.307265587376783,0.2,NA,Ilmu yang ditempanya,,213,3,36,0,4,30-39
43429,IDN,Indonesia,valid1,none,VERIFY,,0,0,0,0,0,4.0,4.727033682933597,-0.31622776601683794,NA,karena pengetahuanya cukup tinggi dan telah tereuji,,213,4,49,0,3,40-49
43431,IDN,Indonesia,valid1,none,VERIFY,,0,0,0,0,0,10.0,3.917020602823181,0.6123724356957946,NA,selama omongannya masuk dia akal,,213,4,54,0,3,50-59
43436,IDN,Indonesia,invalid,existing,VERIFY,,0,0,0,0,0,20.0,3.0398646977714305,,NA,Temuan berdasarkan penelitian dan fakta yang ada serta telah melakukan percobaan dan telah berhasil. Hasil yang transparan tidak ada manipulasi data penelitian,,213,3,30,0,4,30-39
43438,IDN,Indonesia,invalid,existing,VERIFY,,0,0,0,0,0,29.0,3.317893902219494,,NA,Tidak tahu,,213,3,34,1,3,30-39
43451,IDN,Indonesia,invalid,existing,VERIFY,,0,0,0,0,0,13.0,5.049880633508774,,Kita,NA,我们,213,4,22,1,3,18-29
43468,IDN,Indonesia,valid1,none,VERIFY,,0,0,0,0,0,7.0,3.5430423113465452,,masyarakat berkat penemuan - penemuan yang bisa diterapkan di berbagai aspek,NA,社会得益于可以应用于各个方面的发现,213,3,50,1,4,50-59
43471,IDN,Indonesia,invalid,existing,VERIFY,,0,0,0,0,0,24.0,3.772007001080512,0.6324555320336759,"Semua mahluk hidup Karena dapat diketahui, dipahami, dimengerti tentang alam semesta",NA,所有生物因为他们能够认识、理解、了解宇宙,213,3,59,1,4,50-59
43474,IDN,Indonesia,valid1,none,VERIFY,,0,0,0,0,0,4.0,5.024614453069163,0.42008402520840293,NA,dapat dipercaya bila disertai bukti dan hasil dari penelitian yang akurat,,213,4,29,0,3,18-29
43475,IDN,Indonesia,valid1,none,VERIFY,,0,0,0,0,0,3.0,6.745045297583468,0.8,Semua masyarakat memperoleh manfaat dari ilmu pengetahuan,NA,所有社会都受益于科学,213,3,39,1,4,30-39
43487,IDN,Indonesia,valid1,none,VERIFY,,0,0,0,0,0,9.0,4.409695156769392,0.4472135954999579,manusia . karena manusia memiliki akal,NA,男人 。因为人类有理性,213,3,33,1,4,30-39
43503,IDN,Indonesia,valid1,none,VERIFY,,0,0,0,0,0,9.0,5.360960250280493,0.41522739926869984,NA,Penjelasan dari hasil penelitiannya dan bukti dari hasil yang dia pelajari. ,,213,4,44,1,4,40-49
43507,IDN,Indonesia,valid1,none,VERIFY,,0,0,0,0,0,9.0,3.6312810313391077,,Manusia karena orang di dunia ini pasti membutuhkan suatu pengetahuan.,NA,人类，因为这个世界上的人肯定需要知识。,213,4,47,1,3,40-49
43508,IDN,Indonesia,invalid,existing,VERIFY,,0,0,0,0,0,23.0,2.613373951850972,,Tidak tahu,NA,不知道,213,4,30,0,4,30-39
43509,IDN,Indonesia,valid1,none,VERIFY,,0,0,0,0,0,4.0,4.750206776030919,,NA,ilmuwan yang ketika berbicara sesuai fakta dan tidak mengada-ada,,213,3,22,0,4,18-29
43539,IDN,Indonesia,valid1,none,VERIFY,,0,0,0,0,0,11.0,3.490855036821248,0.2,manusia tentunya,NA,当然是人类,213,4,37,1,4,30-39
43550,IDN,Indonesia,invalid,existing,VERIFY,,0,0,0,0,0,22.0,2.3109846678037584,,NA,Karena dapat di mengerti,,213,4,20,0,3,18-29
43556,IDN,Indonesia,invalid,existing,VERIFY,,0,0,0,0,0,9.0,2.728589760720628,,NA,"Y
",,213,3,47,1,4,40-49
43562,IDN,Indonesia,valid1,none,VERIFY,,0,0,0,0,0,12.0,4.8397589450110745,0.8783100656536799,NA,karena ahli dibidangnya dan lebih kredibel,,213,4,32,0,4,30-39
43563,IDN,Indonesia,invalid,existing,VERIFY,,0,0,0,0,0,23.0,2.8921029958151117,1.0,NA,"Latar belakang orang tersebut, reputasi ",,213,4,34,0,4,30-39
43575,IDN,Indonesia,valid1,none,VERIFY,,0,0,0,0,0,8.0,3.6570450071882363,0.2,"Manusia karena bisa menambah wawasan pengetahuan, mengeksplorw dan mengedukasi diri sendiri dan orang lain",NA,人类可以增加知识、探索和教育自己和他人,213,4,53,0,4,50-59
43584,IDN,Indonesia,invalid,existing,VERIFY,,0,0,0,0,0,29.0,4.4345106819577325,-0.2,NA,Jujur dan bertanggung jawab,,213,3,30,2,4,30-39
43587,IDN,Indonesia,valid1,none,VERIFY,,0,0,0,0,0,6.0,3.8589675149453897,0.2,"Masyarakat
Karena sangat bermanfaat",NA,"社会
因为它非常有用",213,4,53,0,4,50-59
43607,IDN,Indonesia,valid1,none,VERIFY,,0,0,0,0,0,10.0,3.15117231219495,,masyarakat karena dapat kemudahan dari ilmu pengetahuan,NA,社会因为科学的便利,213,3,50,1,4,50-59
43622,IDN,Indonesia,valid1,none,VERIFY,,0,0,0,0,0,3.0,5.7579189219503935,,"Manusia, karena dengan adanya ilmu pengetahuan manusia bisa mengeksplor lebih dalam tentang segala hal yang ada di dunia ini",NA,人类，因为有了科学，人类可以更深入地探索这个世界上存在的一切,213,4,28,1,4,18-29
43631,IDN,Indonesia,valid1,none,VERIFY,,0,0,0,0,0,14.0,6.29442368892386,0.2,"kita semua, kare ilmu pengetahuan membuat kita bisa melakukan apapum",NA,我们所有人，因为科学允许我们做任何事,213,4,46,1,4,40-49
43634,IDN,Indonesia,invalid,existing,VERIFY,,0,0,0,0,0,31.0,3.4356646878924737,0.31622776601683794,NA,Penelitian dan penemuannya,,213,3,26,0,4,18-29
43636,IDN,Indonesia,valid1,none,VERIFY,,0,0,0,0,0,12.0,2.3283850817214415,,"yang diuntungkan penemu dan masyarakat, jika penemuan tersebut murni untum kepentingan umum",NA,如果该发现纯粹符合公共利益，则对发明人和社会有利,213,3,30,1,4,30-39
43638,IDN,Indonesia,invalid,existing,VERIFY,,0,0,0,0,0,17.0,4.974654589951876,0.0,"semua umat manusia,,dengan ilmu bisa memudahkan dan dimudahkan tp blum tentu mudah melakukannya",NA,所有人类，有了知识，事情就会变得越来越容易，但做起来却不一定容易,213,3,44,1,4,40-49
43639,IDN,Indonesia,valid1,none,VERIFY,,0,0,0,0,0,4.0,5.066964942856149,-0.25,Kita semua diuntungkan ,NA,我们都受益,213,4,34,1,4,30-39
43642,IDN,Indonesia,invalid,existing,VERIFY,,0,0,0,0,0,28.0,2.271580270962228,,"Kita sendiri, jadi lebih banyak tau mengenai banyak hal",NA,我们自己对很多事情了解得更多,213,4,36,1,4,30-39
43647,IDN,Indonesia,valid1,none,VERIFY,,0,0,0,0,0,4.0,4.268138765201287,-0.4472135954999579,NA,Kita semu diuntungkan,,213,4,34,1,4,30-39
43664,IDN,Indonesia,invalid,existing,VERIFY,,0,0,0,0,0,24.0,3.9417668468004803,0.7071067811865476,pada dasarnya kita semua diuntungkan dengan adanya ilmu pengetahuan dan penemuan penamuan terbarunya  bergantung dari sudut mana kita melihatnya dan bagaimana kita menyikapinya akan tetapi pada saat kondisi seperti ini lebaih banyak mereka menyikapinya dari segi keuntungan semata imbas dari semua hal baru dikesampingkan,NA,基本上，我们都受益于科学的存在和最新的发现，这取决于我们从哪个角度看待它以及我们如何对它做出反应，但在这样的情况下，更多的人从利润的角度对其做出反应，所有新事物的影响都被抛在了一边。,213,3,50,1,3,50-59
43665,IDN,Indonesia,valid1,none,VERIFY,,0,0,0,0,0,4.0,6.535368411551415,0.15811388300841897,yang punya pendidikan tertinggi,NA,谁的教育程度最高,213,3,20,1,3,18-29
43679,IDN,Indonesia,valid1,none,VERIFY,,0,0,0,0,0,13.0,6.511383716588836,,NA,bisa di buktikan dulu,,213,3,25,1,3,18-29
43682,IDN,Indonesia,invalid,existing,VERIFY,,0,0,0,0,0,21.0,2.739324179433576,,Semuanya ,NA,一切,213,4,25,0,3,18-29
43687,IDN,Indonesia,invalid,existing,VERIFY,,0,0,0,0,0,7.0,4.363108481606256,-0.2,ada,NA,阿达,213,3,26,1,3,18-29
43708,IDN,Indonesia,invalid,existing,VERIFY,,0,0,0,0,0,30.0,3.441994205779264,,"semua orang yg berpendidikan , menambah ilmu",NA,一切受过教育的人，增长知识,213,3,45,0,3,40-49
43711,IDN,Indonesia,valid1,none,VERIFY,,0,0,0,0,0,4.0,4.05518023941134,,Kita semua,NA,我们所有人,213,4,42,0,4,40-49
43717,IDN,Indonesia,valid1,none,VERIFY,,0,0,0,0,0,15.0,4.28433342531832,-0.4472135954999579,NA,Dengan tindakan yang baik,,213,4,25,0,3,18-29
43719,IDN,Indonesia,valid1,none,VERIFY,,0,0,0,0,0,5.0,4.652035619756185,-0.5,Kita semua ,NA,我们所有人,213,4,42,1,4,40-49
43727,IDN,Indonesia,valid1,none,VERIFY,,0,0,0,0,0,9.0,3.495975565463027,,manusia karena semakin memudahkan hidup manusia ,NA,人类，因为它使人类生活更轻松,213,4,70,0,2,60+
43730,IDN,Indonesia,valid1,none,VERIFY,,0,0,0,0,0,4.0,4.201117381711354,0.0,NA,Karena penelitian yang sudah di uji dengan baik dan sangat teliti,,213,4,35,1,4,30-39
43731,IDN,Indonesia,valid1,none,VERIFY,,0,0,0,0,0,12.0,2.7584518334570816,,NA,jika sudah ada hasil riset,,213,3,43,0,4,40-49
43733,IDN,Indonesia,invalid,existing,VERIFY,,0,0,0,0,0,22.0,2.7816391089055297,,"kita semua ,karena kita akan mengetahui lebih cepat mengenai iptek secara lebih cepat dan real time
",NA,我们所有人，因为我们将更快、更实时地了解更多科学技术,213,3,45,1,4,40-49
43734,IDN,Indonesia,invalid,existing,VERIFY,,0,0,0,0,0,10.0,3.679772179113374,0.5,Tidak ada komentar. Terima kasih.,NA,没有意见。谢谢。,213,4,28,1,4,18-29
43735,IDN,Indonesia,invalid,existing,VERIFY,,0,0,0,0,0,24.0,3.854888882582344,1.0,NA,Jujur dan sesuai,,213,3,53,0,4,50-59
43738,IDN,Indonesia,valid1,none,VERIFY,,0,0,0,0,0,12.0,6.890858959440301,0.10846522890932808,"orang yang share ilmunya, karna berbuat kebaikan",NA,分享知识、行善的人,213,3,23,1,3,18-29
43740,IDN,Indonesia,valid1,none,VERIFY,,0,0,0,0,0,3.0,3.6358106773952397,0.31622776601683794,NA,"karena seorang ilmuwan telah melakukan penelitian,sehingga apa yang d hasilkannya kemungkinan dapat dipercaya",,213,4,40,0,4,40-49
43745,IDN,Indonesia,valid1,none,VERIFY,,0,0,0,0,0,4.0,5.751632980928371,0.31622776601683794,"yang paling diuntungkan dari Ilmu Pengetahuan yaitu pengusaha, dengan ada nya llmu pengetahuan bisa menambah lahan untuk membuka usaha yang baru",NA,从科学中受益最多的人是企业家，有了知识，他们可以增加土地来开办新企业,213,3,40,0,4,40-49
43747,IDN,Indonesia,valid1,none,VERIFY,,0,0,0,0,0,8.0,4.881663571154001,0.7071067811865476,NA,ya dapat dipercaya karena penelitian nya,,213,3,35,1,3,30-39
43756,IDN,Indonesia,valid1,none,VERIFY,,0,0,0,0,0,15.0,4.078244513352929,0.34299717028501764,NA,"publikasi jurnal dan detail penelitian yang telah dilakukan, publikasi buku, podcast atau diskusi dengan public figure dengan gaya bahasa yang mudah dipahami",,213,3,29,0,4,18-29
43757,IDN,Indonesia,valid1,none,VERIFY,,0,0,0,0,0,4.0,5.780117717169288,-0.4472135954999579,manusia karena terbantukan adanya teknologi yang mutahir menjadikan manusia terbantu atas kecanggihan teknologi tersebut,NA,人类因为最新技术的帮助而使人类受益于这项技术的复杂性,213,3,28,1,4,18-29
43779,IDN,Indonesia,valid1,none,VERIFY,,0,0,0,0,0,12.0,4.1625657423221725,,Pemerintah. Karena pemerintah mempunyai kekuasaan penuh,NA,政府。因为政府拥有完全的权力,213,4,28,0,4,18-29
43786,IDN,Indonesia,valid1,none,VERIFY,,0,0,0,0,0,14.0,2.9425106866622985,,NA,Karena untuk menjadi ilmuan bukan orang sembarangan harus org org berpendidikan tinggi dan banyak pengalaman,,213,3,27,1,4,18-29
43815,IDN,Indonesia,valid1,none,VERIFY,,0,0,0,0,0,5.0,4.610777862726308,0.5,NA,Ide cemerlang nya atau hasil dr experimen yg berhasil di gunakan,,213,3,32,0,3,30-39
43820,IDN,Indonesia,valid1,none,VERIFY,,0,0,0,0,0,4.0,5.351393239514564,-0.31622776601683794,NA,karena fakta dan opini telah di buktikan secara nyata,,213,4,27,0,3,18-29
43821,IDN,Indonesia,valid1,none,VERIFY,,0,0,0,0,0,9.0,3.9621535815530695,,"Kita semua di untungkan, karena membantu kehidupan kita ke depan",NA,我们都受益，因为它对我们未来的生活有帮助,213,4,25,0,4,18-29
43828,IDN,Indonesia,valid1,none,VERIFY,,0,0,0,0,0,8.0,3.823106548255268,0.25,NA,ilmunya bermanfaat,,213,4,28,0,4,18-29
43831,IDN,Indonesia,valid1,none,VERIFY,,0,0,0,0,0,10.0,4.295247792498618,-0.25,wawasan untuk melakukan suatu hal,NA,做某事的洞察力,213,4,52,0,3,50-59
43839,IDN,Indonesia,valid1,none,VERIFY,,0,0,0,0,0,6.0,4.064905709325957,,semua orang. dengan ilmu pengetahuan kehidupan akan lebih baik,NA,每个人。有了科学，生活会更美好,213,3,28,1,4,18-29
43841,IDN,Indonesia,valid1,none,VERIFY,,0,0,0,0,0,9.0,5.0696631927380675,0.8401680504168059,manusia pemakai,NA,人类用户,213,4,28,1,4,18-29
43846,IDN,Indonesia,invalid,existing,VERIFY,,0,0,0,0,0,17.0,4.3024155273350875,,NA,"ketika bisa mengungkapkan beberapa fakta ilmiah yg ada
",,213,4,23,1,3,18-29
43851,IDN,Indonesia,valid1,none,VERIFY,,0,0,0,0,0,4.0,4.809584845201434,-0.4117647058823529,NA,Dengan karya tulisan nya dan teori serta praktek yang ia jalanin atau temukan,,213,4,23,1,3,18-29
43856,IDN,Indonesia,valid1,none,VERIFY,,0,0,0,0,0,4.0,3.978512996307826,-0.31622776601683794,NA,Memberikan penjelasan ilmiah yang mudah dipahami orang awam,,213,4,46,0,4,40-49
43858,IDN,Indonesia,valid1,none,VERIFY,,0,0,0,0,0,6.0,4.112921643338564,,semua orang karena dengan ilmu pengetahuan membuat hidup manusia lebih tertata rapi dan terstruktur,NA,每个人，因为科学使人类生活更加有序和结构化,213,3,44,1,4,40-49
43870,IDN,Indonesia,invalid,existing,VERIFY,,0,0,0,0,0,21.0,2.786240510801976,,diri sendiri karena semua benefit adalah untuk diri sendiri,NA,你自己，因为所有的好处都是为了你自己,213,4,29,0,4,18-29
43874,IDN,Indonesia,valid1,none,VERIFY,,0,0,0,0,0,6.0,3.7766272686480993,,"Orang banyak, karena ilmu pengetahuan merupakan ilmu yang dapat di nikmati oleh semua orang.",NA,很多人，因为科学是每个人都可以享受的知识。,213,4,34,1,4,30-39
43882,IDN,Indonesia,valid1,none,VERIFY,,0,0,0,0,0,5.0,5.538894972013295,-0.6324555320336759,Diri sendiri karena ilmu pengetahuan sangat penting untuk bejar ,NA,你自己，因为知识对于学习非常重要,213,4,32,0,4,30-39
43892,IDN,Indonesia,valid1,none,VERIFY,,0,0,0,0,0,3.0,5.5326480575178065,0.1856953381770519,manusia yang mampu menggunakannya,NA,能够使用它的人,213,4,53,0,4,50-59
43901,IDN,Indonesia,valid1,none,VERIFY,,0,0,0,0,0,14.0,3.274172565276167,-0.6324555320336759,"Manusia lah yang di untungkan, terutama manusia yang mampu mengubah dunia dengan ilmu pengetahuan sehingga terwujudnya peradaban manusia menjadi lebih baik demi keberlangsungan hidup di masa depan",NA,受益者是人类，特别是能够用科学改变世界的人类，让人类文明变得更加美好，以求未来的生存。,213,4,28,1,4,18-29
43903,IDN,Indonesia,valid1,none,VERIFY,,0,0,0,0,0,5.0,3.72407042569124,,semua umat manusia,NA,全人类,213,4,51,1,4,50-59
43904,IDN,Indonesia,valid1,none,VERIFY,,0,0,0,0,0,9.0,3.907853977028994,,Kita sendiri karna kita dapat mengetahui ke lanjutan hidup kita dengan ilmu pengetahuan dan tujuan hidup kita mau d arahkan ke mna,NA,我们依靠自己，因为我们可以通过知识知道我们的生活将在哪里继续，以及我们想要将我们的人生目标引导到哪里,213,4,33,0,4,30-39
43928,IDN,Indonesia,valid1,none,VERIFY,,0,0,0,0,0,9.0,3.5635435966111504,,NA,dapat dipercaya,,213,4,39,0,4,30-39
43943,IDN,Indonesia,valid1,none,VERIFY,,0,0,0,0,0,5.0,3.2083928507195876,,NA,Hasil penelitiannya dapat dipertanggungjawabkan dan sesuai data data uji,,213,3,43,1,4,40-49
43944,IDN,Indonesia,valid1,none,VERIFY,,0,0,0,0,0,10.0,3.074420290880363,,NA,implementasinya dimasyarakat,,213,4,38,1,4,30-39
43946,IDN,Indonesia,valid1,none,VERIFY,,0,0,0,0,0,5.0,3.6969918014409844,-0.4472135954999579,Penemuan yang berguna ,NA,有用的发现,213,4,37,0,4,30-39
43950,IDN,Indonesia,valid1,none,VERIFY,,0,0,0,0,0,12.0,4.74245616422568,0.04503773491110449,Rakyat jelata,NA,平民,213,4,47,1,4,40-49
43960,IDN,Indonesia,valid1,none,VERIFY,,0,0,0,0,0,4.0,6.239057139813443,0.3333333333333333,NA,sebelumnya telah ujicoba dan riset,,213,3,44,1,4,40-49
43972,IDN,Indonesia,valid1,none,VERIFY,,0,0,0,0,0,13.0,3.2126143958638544,0.31622776601683794,yang di untung kan adalah yang mengetahuai ilmu tersebut,NA,受益者是懂得知识的人,213,3,27,0,4,18-29
43973,IDN,Indonesia,valid1,none,VERIFY,,0,0,0,0,0,5.0,3.7884840012402363,-0.7071067811865476,NA,Penemuan yang berguna,,213,4,42,0,4,40-49
43979,IDN,Indonesia,valid1,none,VERIFY,,0,0,0,0,0,9.0,3.6398980373896483,,NA,"sebenarnya tidak hanya semua sudah sesuai prosedur bahwa setiap orng yg bersekolah wajib memberikan ilmunya untuk bangsa dan negara, sehingga layaknya bisa dipercaya",,213,4,50,1,4,50-59
43999,IDN,Indonesia,valid1,none,VERIFY,,0,0,0,0,0,6.0,5.444505185553398,-0.8,seluruh penduduk dunia,NA,世界上所有的人口,213,4,65,1,4,60+
44004,IDN,Indonesia,valid1,none,VERIFY,,0,0,0,0,0,10.0,3.1581693397622774,1.0,NA,lemutakhiran hasil penemuannya,,213,4,59,0,3,50-59
44010,IDN,Indonesia,invalid,existing,VERIFY,,0,0,0,0,0,17.0,2.3283850817214415,,NA,ilmuwan yang temuannya merupakan hasil dari penelitian yang benar dan logis,,213,3,57,1,4,50-59
44020,IDN,Indonesia,valid1,none,VERIFY,,0,0,0,0,0,12.0,4.952366379859421,,NA,Dipercaya jika dia membuat penemuan yang bermanfaat bagi manusia,,213,3,32,0,1,30-39
44027,IDN,Indonesia,valid1,none,VERIFY,,0,0,0,0,0,16.0,5.1087290593829335,,Semua makhluk hidup karena membantu kemudahan dalam menjalani kehidupan,NA,所有生物，因为它有助于让生活更轻松,213,4,60,1,4,60+
44045,IDN,Indonesia,valid1,none,VERIFY,,0,0,0,0,0,4.0,5.559114375647952,0.43301270189221935,masyarakat luas karena sangat penting bagi kelangsungan hidup individu lainnya,NA,整个社会，因为这对其他人的生存非常重要,213,2,56,1,4,50-59
44047,IDN,Indonesia,valid1,none,VERIFY,,0,0,0,0,0,4.0,4.481861409837796,-0.5,Umat manusia secara garis besar karena memberikan dampak yang besar dalam kehidupan,NA,整个人类因为它对生活有很大影响,213,4,32,NA,4,30-39
44054,IDN,Indonesia,valid1,none,VERIFY,,0,0,0,0,0,6.0,4.7482144221297435,,NA,Hasil penelitiannya memang terbukti,,213,4,50,1,4,50-59
44056,IDN,Indonesia,invalid,existing,VERIFY,,0,0,0,0,0,19.0,3.839513171352039,,NA,Ilmuwan yang sejati pasti dapat dipercaya,,213,3,57,1,3,50-59
44057,IDN,Indonesia,invalid,existing,VERIFY,,0,0,0,0,0,29.0,2.8499284999689567,,"mendapatkan info , ilmu, dan pengalaman baru",NA,获取新信息、知识和经验,213,3,52,1,4,50-59
44060,IDN,Indonesia,valid1,none,VERIFY,,0,0,0,0,0,8.0,4.463798635973925,0.3333333333333333,masyarakat karna wawasan kita jadi berkembang,NA,社会，因为我们的洞察力发展,213,3,56,0,4,50-59
44065,IDN,Indonesia,valid1,none,VERIFY,,0,0,0,0,0,4.0,4.932587536118697,0.2,Orang-orang yang memiliki tujuan tertentu yang mengarah pada objek tertentu,NA,有特定目标并能实现特定目标的人,213,3,32,0,4,30-39
44071,IDN,Indonesia,valid1,none,VERIFY,,0,0,0,0,0,9.0,3.0565455958640517,,orang yang memanfaatkan dengan baik ilmu pengetahuan itu,NA,充分利用这些知识的人,213,4,38,NA,4,30-39
44078,IDN,Indonesia,valid1,none,VERIFY,,0,0,0,0,0,15.0,4.15612006270975,,NA,hasil riset yang terbukti secara ilmiah,,213,3,25,0,4,18-29
44083,IDN,Indonesia,valid1,none,VERIFY,,0,0,0,0,0,7.0,5.086028056272659,-0.6123724356957946,Masyarakat  karena Menurut Anda siapa yang paling diuntungkan dari ilmu pengetahuan d,NA,社会因为你认为谁将从科学中受益最大,213,4,30,0,4,30-39
44090,IDN,Indonesia,invalid,existing,VERIFY,,0,0,0,0,0,4.0,5.8726955362822055,-0.10660035817780521,NA,Tidak ada komentar ,,213,4,35,0,3,30-39
44091,IDN,Indonesia,valid1,none,VERIFY,,0,0,0,0,0,5.0,3.7410656082421285,,"yang paling diuntungkan dari ilmu prngetahuan adalah produsen perangkat, karena mereka bisa membuat dan menjaul perangkat kepada masyarakat",NA,从知识中受益最多的是设备制造商，因为他们可以制造并向公众销售设备,213,3,40,1,3,40-49
44095,IDN,Indonesia,valid1,none,VERIFY,,0,0,0,0,0,10.0,3.389957354433135,0.25,NA,dia berkata sejujur jujurnya tentang apa yang dia lakukan,,213,3,44,1,4,40-49
44108,IDN,Indonesia,valid1,none,VERIFY,,0,0,0,0,0,12.0,4.645022748012383,,Ilmuan sendiri dan orang sekitar,NA,科学家本人和他们周围的人,213,2,30,0,3,30-39
44115,IDN,Indonesia,valid1,none,VERIFY,,0,0,0,0,0,10.0,3.206353246467014,,NA,hanya jika ilmuwan tersebut dapat memberikan bukti dan fakta secara nyata tentang apa yang mereka pelajari dan mereka teliti dan dapat bermanfaat bagi semua makhluk hidup ,,213,3,45,0,4,40-49
44128,IDN,Indonesia,valid1,none,VERIFY,,0,0,0,0,0,12.0,3.9882462661117337,0.0,"Manusia, karena dengan ilmu pengetahuan, manusia dapat memahami hal-hal di dunia kemudian dimanfaatkan untuk kehidupannya menjadi lebih baik.",NA,人类，因为有了科学，人类就可以了解世界上的事物，然后利用它们让自己的生活变得更美好。,213,3,36,1,4,30-39
44164,IDN,Indonesia,valid1,none,VERIFY,,0,0,0,0,0,8.0,3.948124262291252,1.0,Banyak orang yang akan mendapatkan manfaat dari ilmu pengetahuna tersebut.,NA,许多人将从这些知识中受益。,213,3,38,1,3,30-39
44177,IDN,Indonesia,valid1,none,VERIFY,,0,0,0,0,0,7.0,3.893489347728348,0.7071067811865476,NA,dari ilmu pengetahuan yang dia miliki dan pelajari cukup lama.  dan gelar dan prestasi yang dia miliki ,,213,4,42,1,4,40-49
44179,IDN,Indonesia,invalid,existing,VERIFY,,0,0,0,0,0,28.0,4.97914023237211,0.4472135954999579,NA,karena penemuannya yang bisa dipertanggung jawabkan ,,213,4,41,0,3,40-49
44181,IDN,Indonesia,invalid,existing,VERIFY,,0,0,0,0,0,20.0,2.6139231483307643,,NA,-,,213,3,28,0,4,18-29
44189,IDN,Indonesia,valid1,none,VERIFY,,0,0,0,0,0,15.0,3.3678773737568877,,seluruh masyarakat. Karena dapat mempermudah kehidupan ini,NA,整个社会。因为它可以让生活变得更轻松,213,4,45,0,4,40-49
44194,IDN,Indonesia,valid1,none,VERIFY,,0,0,0,0,0,15.0,3.9709527979981196,1.0,NA,dapat dibuktikan,,213,3,48,1,3,40-49
44202,IDN,Indonesia,valid1,none,VERIFY,,0,0,0,0,0,10.0,3.9229900507553466,,ilmu untuk bertahan hidup di dunia,NA,在世界上生存的知识,213,4,40,1,4,40-49
44205,IDN,Indonesia,invalid,existing,VERIFY,,0,0,0,0,0,20.0,2.4991794680221298,,NA,hasil temuannya,,213,3,41,0,4,40-49
44210,IDN,Indonesia,valid1,none,VERIFY,,0,0,0,0,0,4.0,4.445567666451665,0.25,diri sendiri karena ilmu itu penting,NA,自己，因为知识很重要,213,3,24,1,4,18-29
44216,IDN,Indonesia,valid1,none,VERIFY,,0,0,0,0,0,6.0,3.3040012962398975,,"Pemeeintah , karena untuk kepentingan bersama",NA,政府，因为它符合共同利益,213,4,40,1,3,40-49
44236,IDN,Indonesia,valid1,none,VERIFY,,0,0,0,0,0,6.0,4.74981526870676,0.7071067811865476,NA,karna karya nya yang dapat dipercaya dan sangat luarbiasa,,213,3,42,1,4,40-49
44237,IDN,Indonesia,valid1,none,VERIFY,,0,0,0,0,0,3.0,6.26320514575009,0.5423261445466404,NA,karena berdasarkan fakta yang telah dilakukan,,213,4,25,1,4,18-29
44238,IDN,Indonesia,valid1,none,VERIFY,,0,0,0,0,0,12.0,3.358573876088015,-0.4,NA,karena seorang ilmuan membuat keputusan berdasarkan ilmiah yang diuji kebenarannya sebelumnya,,213,4,23,0,4,18-29
44240,IDN,Indonesia,valid1,none,VERIFY,,0,0,0,0,0,15.0,2.18588689041434,,diri sendiri dan lingkungan karena bisa berguna dikemudian hari,NA,你自己和环境，因为它在未来可能有用,213,4,37,0,4,30-39
44244,IDN,Indonesia,invalid,existing,VERIFY,,0,0,0,0,0,4.0,3.572264151179911,0.2,NA,Bisa,,213,4,27,1,3,18-29
44248,IDN,Indonesia,valid1,none,VERIFY,,0,0,0,0,0,10.0,3.4950560076502257,1.0,seluruh masyarakat bumi karena mereka yang akan mendapatkanya dan memiliki ,NA,地球上所有的人，因为他们会得到它并拥有它,213,4,22,1,4,18-29
44251,IDN,Indonesia,valid1,none,VERIFY,,0,0,0,0,0,4.0,4.441653332379308,-0.5,"MASYARAKAT LUAS, KARENA SIAPAPUN BISA MENIKMATI HASILNYA",NA,广泛的社区，因为任何人都可以享受结果,213,4,34,1,4,30-39
44263,IDN,Indonesia,valid1,none,VERIFY,,0,0,0,0,0,5.0,4.275732337089741,0.2,NA,Bukti ilmiah,,213,4,33,1,4,30-39
44264,IDN,Indonesia,valid1,none,VERIFY,,0,0,0,0,0,16.0,2.3350143684506928,,NA,Hasil penelitian ilmuwan tersebut berdasarkan data akurat.,,213,4,47,0,4,40-49
44265,IDN,Indonesia,valid1,none,VERIFY,,0,0,0,0,0,7.0,6.639292473035513,0.0,NA,Hasil dari teorinya,,213,4,49,1,4,40-49
44267,IDN,Indonesia,valid1,none,VERIFY,,0,0,0,0,0,5.0,4.7225422372753405,-0.3333333333333333,Yang diuntungkan dari ilmu pengetahuan adalah usahawan dan pemakai kreatif,NA,从科学中受益的是企业家和创意用户,213,3,NA,1,4,NA
